SURVEY	FILE	DATA FORMAT	SORTING CODE	MEASUREMENT SYSTEM	SEGY REVISION	FIXED LENGTH TRACE	NUM TRACES	TRACE IDENTIFICATION	TRACE NS	TRACE DT	SPLIT	size_mb
b-01-75-at	A-124_migr.segy	1	4	2	0	0	725	1	1751	4000	Train	5.0779
b-01-75-at	A-130_migr.segy	1	4	2	0	0	1101	1	1751	4000	Train	7.711404
b-01-75-at	A-131_migr.segy	1	4	2	0	0	1528	1	1751	4000	Train	10.702112
b-01-75-at	A-135_migr.segy	1	4	2	0	0	1530	1	1751	4000	Train	10.71612
b-01-75-at	A-143A_migr.segy	1	4	2	0	0	1057	1	1751	4000	Train	7.403228
b-01-75-at	A-145_migr.segy	1	4	2	0	0	397	1	1751	4000	Train	2.780588
b-01-75-at	A-148_migr.segy	1	4	2	0	0	2867	1	1751	4000	Train	20.080468
b-01-75-at	A-148B_migr.segy	1	4	2	0	0	618	1	1751	4000	Train	4.328472
b-01-75-at	A-150_migr.segy	1	4	2	0	0	3086	1	1751	4000	Train	21.614344
b-01-75-at	A-152_migr.segy	1	4	2	0	0	2710	1	1751	4000	Train	18.98084
b-01-75-at	A-157B_migr.segy	1	4	1	256	1	408	1	2151	4000	Train	3.510432
b-01-75-at	A-161A_migr.segy	1	4	2	0	0	383	1	2151	4000	Train	3.295332
b-01-75-at	A-166_migr.segy	1	4	2	0	0	4009	1	1751	4000	Train	28.079036
b-01-75-at	A-167_migr.segy	1	4	2	0	0	836	1	1751	4000	Train	5.855344
b-01-75-at	A-168_migr.segy	1	4	2	0	0	1104	1	1751	4000	Train	7.732416
b-01-75-at	A-170A_migr.segy	1	4	2	0	0	551	1	1751	4000	Train	3.859204
b-01-75-at	A-174D.segy	1	4	2	0	0	1437	1	2251	4000	Train	12.938748
b-01-75-at	A-177_migr.segy	1	4	2	0	0	1343	1	1751	4000	Train	9.406372
b-01-75-at	A-181_migr.segy	1	4	2	0	0	635	1	1726	4000	Train	4.38404
b-01-75-at	A-183_migr.segy	1	4	2	0	0	833	1	1751	4000	Train	5.834332
b-01-75-at	A-187_migr.segy	1	4	2	0	0	834	1	1726	4000	Train	5.757936
b-01-75-at	A-197A_migr.segy	1	4	2	0	0	213	1	2001	4000	Train	1.704852
b-01-75-at	A-201_migr.segy	1	4	2	0	0	884	1	1751	4000	Train	6.191536
b-01-75-at	A-201A_migr.segy	1	4	2	0	0	724	1	1976	4000	Train	5.722496
b-01-75-at	A-209_migr.segy	1	4	2	0	0	1559	1	2151	4000	Train	13.413636
b-01-75-at	A-213A_migr.segy	1	4	2	0	0	1022	1	1726	4000	Train	7.055888
b-01-75-at	A-221A_migr.segy	1	4	2	0	0	376	1	2001	4000	Train	3.009504
b-01-75-at	A-243_migr.segy	1	4	2	0	0	1180	1	1751	4000	Train	8.26472
b-01-75-at	A-243A_migr.segy	1	4	2	0	0	1242	1	2001	4000	Train	9.940968
b-01-75-at	A-247_migr.segy	1	4	2	0	0	741	1	1751	4000	Train	5.189964
b-01-75-at	A-251_migr.segy	1	4	2	0	0	833	1	1751	4000	Train	5.834332
b-01-80-at	56-004_migr.segy	1	4	1	256	1	848	1	1501	4000	Train	5.091392
b-01-80-at	56-025_migr.segy	1	4	1	256	1	1158	1	1501	4000	Train	6.952632
b-01-80-at	56-026_migr.segy	1	4	1	256	1	693	1	1501	4000	Train	4.160772
b-01-80-at	56-027_migr.segy	1	4	1	256	1	1193	1	1501	4000	Train	7.162772
b-01-80-at	56-028_migr.segy	1	4	1	256	1	854	1	1501	4000	Train	5.127416
b-01-80-at	56-033_1_migr.segy	1	4	1	256	1	1268	1	2001	4000	Train	10.149072
b-01-80-at	56-035A_migr.segy	1	4	1	256	1	1254	1	1501	4000	Train	7.529016
b-01-80-at	56-037_migr.segy	1	4	1	256	1	2849	1	1751	4000	Train	19.954396
b-01-80-at	56-042_migr.segy	1	4	1	256	1	1398	1	2001	4000	Train	11.189592
b-01-80-at	56-046_migr.segy	1	4	1	256	1	598	1	2001	4000	Train	4.786392
b-01-80-at	56-047_1_migr.segy	1	4	1	256	1	1686	1	2001	4000	Train	13.494744
b-01-80-at	56-047_2_migr.segy	1	4	1	256	1	698	1	2001	4000	Train	5.586792
b-01-80-at	56-051_migr.segy	1	4	1	256	1	833	1	1501	4000	Train	5.001332
b-01-80-at	56-052_migr.segy	1	4	1	256	1	603	1	2001	4000	Train	4.826412
b-01-80-at	56-060_migr.segy	1	4	1	256	1	598	1	2001	4000	Train	4.786392
b-01-80-at	56-068_migr.segy	1	4	1	256	1	702	1	2001	4000	Train	5.618808
b-01-80-at	56-069_migr.segy	1	4	1	256	1	446	1	2001	4000	Train	3.569784
b-01-80-at	56-070_migr.segy	1	4	1	256	1	703	1	2001	4000	Train	5.626812
b-01-80-at	56-072_migr.segy	1	4	1	256	1	698	1	2001	4000	Train	5.586792
b-01-80-at	56-082_1_migr.segy	1	4	1	256	1	534	1	2001	4000	Train	4.274136
b-01-80-at	56-086_migr.segy	1	4	2	0	0	713	1	2001	4000	Train	5.706852
b-01-80-at	56-099_migr.segy	1	4	1	256	1	618	1	2001	4000	Train	4.946472
b-01-80-at	56-104_migr.segy	1	4	1	256	1	808	1	2001	4000	Train	6.467232
b-01-80-at	56-114_migr.segy	1	4	1	256	1	993	1	2001	4000	Train	7.947972
b-01-80-at	56-116_migr.segy	1	4	1	256	1	988	1	2001	4000	Train	7.907952
b-01-80-at	56-120_migr.segy	1	4	1	256	1	998	1	2001	4000	Train	7.987992
b-01-80-at	56-122_1_migr.segy	1	4	1	256	1	1633	1	2001	4000	Train	13.070532
b-01-80-at	56-126_migr.segy	1	4	1	256	1	1008	1	2001	4000	Train	8.068032
b-01-80-at	56-138A_migr.segy	1	4	1	256	1	323	1	1501	4000	Train	1.939292
b-01-80-at	56-148_migr.segy	1	4	1	256	1	500	1	1501	4000	Train	3.002
b-01-80-at	56-150_migr.segy	1	4	1	256	1	446	1	1501	4000	Train	2.677784
b-01-80-at	56-154_migr.segy	1	4	1	256	1	450	1	1501	4000	Train	2.7018
b-01-80-at	56-160_migr.segy	1	4	1	256	1	678	1	2001	4000	Train	5.426712
b-01-80-at	56-174_migr.segy	1	4	1	256	1	903	1	2001	4000	Train	7.227612
b-01-80-at	56-176_migr.segy	1	4	1	256	1	953	1	2001	4000	Train	7.627812
b-01-80-at	56-184_2_migr.segy	1	4	1	256	1	218	1	2001	4000	Train	1.744872
b-01-80-at	56-192_migr.segy	1	4	1	256	1	1203	1	2001	4000	Train	9.628812
b-01-80-at	56-196_migr.segy	1	4	1	256	1	1203	1	2001	4000	Train	9.628812
b-01-80-at	56-200_migr.segy	1	4	1	256	1	1213	1	2001	4000	Train	9.708852
b-01-80-at	56-202_migr.segy	1	4	1	256	1	1408	1	2001	4000	Train	11.269632
b-01-80-at	56-214_2_migr.segy	1	4	1	256	1	1048	1	2001	4000	Train	8.388192
b-01-80-at	56-216_1_migr.segy	1	4	1	256	1	1095	1	2001	4000	Train	8.76438
b-01-80-at	56-216_2_migr.segy	1	4	1	256	1	297	1	2001	4000	Train	2.377188
b-01-80-at	56-220_migr.segy	1	4	1	256	1	1228	1	2001	4000	Train	9.828912
b-01-81-at	PP81-119_migr.segy	1	4	1	256	1	1401	1	2226	4000	Train	12.474504
b-01-81-at	PP81-161C_migr.segy	1	4	1	256	1	1041	1	1976	4000	Train	8.228064
b-01-81-at	PP81-163B_migr.segy	1	4	1	256	1	1247	1	1976	4000	Train	9.856288
b-01-81-at	PP81-163C_migr.segy	1	4	1	256	1	836	1	1976	4000	Train	6.607744
b-01-81-at	PP81-165A_migr.segy	1	4	1	256	1	571	1	1976	4000	Train	4.513184
b-01-81-at	PP81-166_migr.segy	1	4	1	256	1	2441	1	1976	4000	Train	19.293664
b-01-81-at	PP81-167_migr.segy	1	4	1	256	1	2377	1	1976	4000	Train	18.787808
b-01-81-at	PP81-172_migr.segy	1	4	1	256	1	1416	1	1976	4000	Train	11.192064
b-01-81-at	PP81-176_migr.segy	1	4	1	256	1	1986	1	1976	4000	Train	15.697344
b-01-81-at	PP81-177B_migr.segy	1	4	1	256	1	896	1	1976	4000	Train	7.081984
b-01-81-at	PP81-178B_migr.segy	1	4	1	256	1	372	1	1976	4000	Train	2.940288
b-01-81-at	PP81-180_migr.segy	1	4	1	256	1	1554	1	1976	4000	Train	12.282816
b-01-81-at	PP81-206A_migr.segy	1	4	1	256	1	931	1	1976	4000	Train	7.358624
b-01-81-at	PP81-210B_migr.segy	1	4	1	256	1	1786	1	2226	4000	Train	15.902544
b-01-81-at	PP81-219A_migr.segy	1	4	1	256	1	1226	1	1976	4000	Train	9.690304
b-01-81-at	PP81-227_migr.segy	1	4	1	256	1	2446	1	1976	4000	Train	19.333184
b-01-81-at	PP81-227D_migr.segy	1	4	1	256	1	1861	1	1976	4000	Train	14.709344
b-01-81-at	PP81-228C_migr.segy	1	4	1	256	1	2079	1	1976	4000	Train	16.432416
b-01-81-at	PP81-228D_migr.segy	1	4	1	256	1	2148	1	1976	4000	Train	16.977792
b-01-81-at	PP81-232_migr.segy	1	4	1	256	1	2366	1	2226	4000	Train	21.066864
b-01-81-at	PP81-232A_migr.segy	1	4	1	256	1	496	1	2226	4000	Train	4.416384
b-01-81-at	PP81-283A_migr.segy	1	4	1	256	1	566	1	1976	4000	Train	4.473664
b-01-81-at	PP81-314_migr.segy	1	4	1	256	1	2224	1	1976	4000	Train	17.578496
b-01-81-at	PP81-324A_migr.segy	1	4	1	256	1	1778	1	1976	4000	Train	14.053312
b-01-81-at	PP81-334_migr.segy	1	4	1	256	1	1606	1	2226	4000	Train	14.299824
b-01-82-at	BH82-57_migr.segy	1	4	1	256	1	8894	1	1751	4000	Train	62.293576
b-01-82-at	BH82-60_migr.segy	1	4	1	256	1	3738	1	1751	4000	Train	26.180952
b-01-82-at	BH82-62_migr.segy	1	4	1	256	1	3496	1	1751	4000	Train	24.485984
b-01-82-at	BH82-63_migr.segy	1	4	1	256	1	3328	1	1751	4000	Train	23.309312
b-01-82-at	BH82-64_migr.segy	1	4	1	256	1	3070	1	1751	4000	Train	21.50228
b-01-82-at	BH82-66_migr.segy	1	4	1	256	1	13092	1	1751	4000	Train	91.696368
b-01-82-at	BH82-71_migr.segy	1	4	1	256	1	4628	1	1751	4000	Train	32.414512
b-01-82-at	BH82-78_migr.segy	1	4	1	256	1	1548	1	1751	4000	Train	10.842192
b-01-82-at	BH82-82_migr.segy	1	4	1	256	1	1775	1	1501	4000	Train	10.6571
b-01-83-at	83MG-01_migr.segy	1	4	1	256	1	2084	1	1501	4000	Train	12.512336
b-01-83-at	83MG-02_migr.segy	1	4	1	256	1	2375	1	1501	4000	Train	14.2595
b-01-83-at	83MG-03_migr.segy	1	4	1	256	1	760	1	1501	4000	Train	4.56304
b-01-83-at	83MG-03-1_migr.segy	1	4	1	256	1	1940	1	1501	4000	Train	11.64776
b-01-83-at	83MG-04_migr.segy	1	4	1	256	1	2466	1	1501	4000	Train	14.805864
b-01-83-at	83MG-05_migr.segy	1	4	1	256	1	2466	1	1501	4000	Train	14.805864
b-01-83-at	83MG-06_migr.segy	1	4	1	256	1	2605	1	1476	4000	Train	15.37992
b-01-83-at	83MG-07_migr.segy	1	4	1	256	1	2469	1	1501	4000	Train	14.823876
b-01-83-at	83MG-08_migr.segy	1	4	1	256	1	2547	1	1501	4000	Train	15.292188
b-01-83-at	83MG-09_migr.segy	1	4	1	256	1	1892	1	1476	4000	Train	11.170368
b-01-83-at	83MG-10_migr.segy	1	4	1	256	1	1498	1	1501	4000	Train	8.993992
b-01-83-at	83MG-11_migr.segy	1	4	1	256	1	1596	1	1501	4000	Train	9.582384
b-01-83-at	83MG-12_migr.segy	1	4	1	256	1	1882	1	1501	4000	Train	11.299528
b-01-83-at	83MG-13_migr.segy	1	4	1	256	1	1889	1	1501	4000	Train	11.341556
b-01-83-at	83MG-14_migr.segy	1	4	1	256	1	1894	1	1501	4000	Train	11.371576
b-01-83-at	83MG-15_migr.segy	1	4	1	256	1	1627	1	1501	4000	Train	9.768508
b-01-83-at	83MG-15-1_migr.segy	1	4	1	256	1	802	1	1501	4000	Train	4.815208
b-01-83-at	83MG-16_migr.segy	1	4	1	256	1	2269	1	1501	4000	Train	13.623076
b-01-83-at	83MG-17_migr.segy	1	4	1	256	1	2260	1	1476	4000	Train	13.34304
b-01-83-at	83MG-18_migr.segy	1	4	1	256	1	1218	1	1501	4000	Train	7.312872
b-01-83-at	83MG-18-1_migr.segy	1	4	1	256	1	519	1	1501	4000	Train	3.116076
b-01-83-at	83MG-19_migr.segy	1	4	1	256	1	1422	1	1501	4000	Train	8.537688
b-01-83-at	83MG-20_migr.segy	1	4	1	256	1	1334	1	1501	4000	Train	8.009336
b-01-83-at	83MG-21_migr.segy	1	4	1	256	1	1867	1	1501	4000	Train	11.209468
b-01-83-at	83MG-22_migr.segy	1	4	1	256	1	944	1	1501	4000	Train	5.667776
b-01-84-at	JGM-100E_migr.segy	1	4	2	0	0	412	1	1726	4000	Train	2.844448
b-01-84-at	JGM-102E_migr.segy	1	4	2	0	0	729	1	1476	4000	Train	4.304016
b-01-84-at	JGM-104EA_migr.segy	1	4	1	256	1	837	1	1476	4000	Train	4.941648
b-01-84-at	JGM-106E_migr.segy	1	4	2	0	0	833	1	1476	4000	Train	4.918032
b-01-84-at	JGM-110_migr.segy	1	4	2	0	0	421	1	1476	4000	Train	2.485584
b-01-84-at	JGM-110E_migr.segy	1	4	1	256	1	1973	1	1476	4000	Train	11.648592
b-01-84-at	JGM-114A_migr.segy	1	4	2	0	0	1206	1	1476	4000	Train	7.120224
b-01-84-at	JGM-128_migr.segy	1	4	1	256	1	1955	1	1501	4000	Train	11.73782
b-01-84-at	JGM-128F_migr.segy	1	4	1	256	1	684	1	1501	4000, 2000	Train	4.106736
b-01-84-at	JGM-132F_migr.segy	1	4	2	0	0	2665	1	1501	4000	Train	16.00066
b-01-84-at	JGM-132FA_migr.segy	1	4	1	256	1	424	1	1501	4000	Train	2.545696
b-01-84-at	JGM-132FB_migr.segy	1	4	2	0	0	1964	1	1501	4000	Train	11.791856
b-01-84-at	JGM-208_migr.segy	1	4	2	0	0	1040	1	1501	4000	Train	6.24416
b-01-84-at	JGM-214_migr.segy	1	4	1	256	1	1680	1	1476	4000	Train	9.91872
b-01-84-at	JGM-221FA_migr.segy	1	4	1	256	1	840	1	1501	4000	Train	5.04336
b-01-84-at	JGM-223F_migr.segy	1	4	1	256	1	1912	1	1501	4000	Train	11.479648
b-01-84-at	JGM-224A_migr.segy	1	4	2	0	0	539	1	1501	4000	Train	3.236156
b-01-84-at	JGM-224FA_migr.segy	1	4	1	256	1	600	1	1501	4000	Train	3.6024
b-01-84-at	JGM-226F_migr.segy	1	4	1	256	1	2162	1	1501	4000	Train	12.980648
b-01-84-at	JGM-228A_migr.segy	1	4	2	0	0	1740	1	1476	4000	Train	10.27296
b-01-84-at	JGM-228F_migr.segy	1	4	1	256	1	1311	1	1501	4000	Train	7.871244
b-01-84-at	JGM-228FA_migr.segy	1	4	1	256	1	827	1	1501	4000	Train	4.965308
b-01-84-at	JGM-229F_migr.segy	1	4	1	256	1	478	1	1501	4000	Train	2.869912
b-01-84-at	JGM-231F_migr.segy	1	4	1	256	1	756	1	1501	4000	Train	4.539024
b-01-84-at	JGM-231FA_migr.segy	1	4	1	256	1	1572	1	1501	4000	Train	9.438288
b-01-84-at	JGM-232_migr.segy	1	4	2	0	0	2158	1	1476	4000	Train	12.740832
b-01-84-at	JGM-232F_migr.segy	1	4	2	0	0	1987	1	1501	4000	Train	11.929948
b-01-84-at	JGM-233_migr.segy	1	4	2	0	0	2448	1	1476	4000	Train	14.452992
b-01-84-at	JGM-233F_migr.segy	1	4	1	256	1	2058	1	1501	4000	Train	12.356232
b-01-84-at	JGM-235_migr.segy	1	4	2	0	0	857	1	1476	4000	Train	5.059728
b-01-84-at	JGM-238_migr.segy	1	4	1	256	1	1393	1	1476	4000	Train	8.224272
b-01-84-at	JGM-239_migr.segy	1	4	1	256	1	896	1	1476	4000	Train	5.289984
b-01-84-at	JGM-239A_migr.segy	1	4	2	0	0	1597	1	1476	4000	Train	9.428688
b-01-84-at	JGM-240_migr.segy	1	4	2	0	0	1757	1	1476	4000	Train	10.373328
b-01-84-at	JGM-241_migr.segy	1	4	1	256	1	1362	1	1476	4000	Train	8.041248
b-01-84-at	JGM-241A_migr.segy	1	4	2	0	0	377	1	1751	4000	Train	2.640508
b-01-84-at	JGM-243_migr.segy	1	4	1	256	1	1060	1	1476	4000	Train	6.25824
b-01-84-at	JGM-243A_migr.segy	1	4	2	0	0	1040	1	1726	4000	Train	7.18016
b-01-84-at	JGM-244A_migr.segy	1	4	1	256	1	1488	1	1751	4000	Train	10.421952
b-01-88-at	88-16-A_migr.segy	1	4	1	256	1	885	1	2001	4000	Train	7.08354
b-01-88-at	88-16-A-1_migr.segy	1	4	1	256	1	2955	1	2001	4000	Train	23.65182
b-01-88-at	88-16-B_migr.segy	1	4	1	256	1	3229	1	2001	4000	Train	25.844916
b-01-88-at	88-16-B-1_migr.segy	1	4	1	256	1	271	1	2001	4000	Train	2.169084
b-01-88-at	88-16-B-2_migr.segy	1	4	1	256	1	516	1	2001	4000	Train	4.130064
b-01-88-at	88-16-C-W_migr.segy	1	4	1	256	1	1113	1	2001	4000	Train	8.908452
b-01-88-at	88-16-C-W-1_migr.segy	1	4	1	256	1	221	1	2001	4000	Train	1.768884
b-01-88-at	88-16-C-W-2_migr.segy	1	4	1	256	1	400	1	2001	4000	Train	3.2016
b-01-88-at	88-16-H_migr.segy	1	4	1	256	1	766	1	2001	4000	Train	6.131064
b-01-88-at	88-16-H-1_migr.segy	1	4	1	256	1	351	1	2001	4000	Train	2.809404
b-01-88-at	88-16-H-2_migr.segy	1	4	1	256	1	563	1	2001	4000	Train	4.506252
b-01-88-at	88-16-I_migr.segy	1	4	1	256	1	427	1	2001	4000	Train	3.417708
b-01-88-at	88-16-I-1_migr.segy	1	4	1	256	1	291	1	2001	4000	Train	2.329164
b-01-88-at	88-16-I-2_migr.segy	1	4	1	256	1	996	1	2001	4000	Train	7.971984
b-01-88-at	88-16-J_migr.segy	1	4	1	256	1	1455	1	2001	4000	Train	11.64582
b-01-88-at	88-16-J-1_migr.segy	1	4	1	256	1	416	1	2001	4000	Train	3.329664
b-01-88-at	88-16-K_migr.segy	1	4	1	256	1	1761	1	2001	4000	Train	14.095044
b-01-88-at	88-16-L_migr.segy	1	4	1	256	1	1740	1	2001	4000	Train	13.92696
b-01-88-at	88-16-M_migr.segy	1	4	1	256	1	1175	1	2001	4000	Train	9.4047
b-01-88-at	88-16-M-1_migr.segy	1	4	1	256	1	581	1	2001	4000	Train	4.650324
b-02-77-at	BP-103B_migr.segy	1	4	1	256	1	289	1	1751	4000	Train	2.024156
b-02-77-at	BP-103E_migr.segy	1	4	1	0	0	621	1	1751	4000	Train	4.349484
b-02-77-at	BP-105_migr.segy	1	4	1	256	1	1881	1	2501	4000	Train	18.817524
b-02-77-at	BP-108A_migr.segy	1	4	1	0	0	1100	1	2501	4000	Train	11.0044
b-02-77-at	BP-109_migr.segy	1	4	1	256	1	1862	1	1751	4000	Train	13.041448
b-02-77-at	BP-109B_migr.segy	1	4	1	256	1	993	1	1751	4000	Train	6.954972
b-02-77-at	BP-110B_migr.segy	1	4	1	0	0	1209	1	2501	4000	Train	12.094836
b-02-77-at	BP-111_migr.segy	1	4	1	0	0	1889	1	2751	4000	Train	20.786556
b-02-77-at	BP-111A_migr.segy	1	4	1	0	0	1975	1	2076	4000	Train	16.4004
b-02-77-at	BP-118A_migr.segy	1	4	1	256	1	1200	1	1751	4000	Train	8.4048
b-02-77-at	BP-120_migr.segy	1	4	1	0	0	469	1	1751	4000	Train	3.284876
b-02-77-at	BP-122A_migr.segy	1	4	1	256	1	559	1	1751	4000	Train	3.915236
b-02-77-at	BP-124_migr.segy	1	4	1	0	0	456	1	1751	4000	Train	3.193824
b-02-77-at	BP-124A_migr.segy	1	4	1	0	0	1984	1	1751	4000	Train	13.895936
b-02-77-at	BP-126A_migr.segy	1	4	1	0	0	2651	1	2001	4000	Train	21.218604
b-02-77-at	BP-130_migr.segy	1	4	1	0	0	3287	1	1751	4000	Train	23.022148
b-02-77-at	BP-132A_migr.segy	1	4	1	256	1	177	1	1751	4000	Train	1.239708
b-02-77-at	BP-132B_migr.segy	1	4	1	256	1	219	1	1751	4000	Train	1.533876
b-02-77-at	BP-136B_migr.segy	1	4	1	256	1	859	1	1751	4000	Train	6.016436
b-02-77-at	BP-142E-2_migr.segy	1	4	1	0	0	995	1	2001	4000	Train	7.96398
b-02-77-at	BP-142E-4_migr.segy	1	4	1	256	1	995	1	3001	4000	Train	11.94398
b-02-79-at	TP79-028_migr.segy	1	4	1	256	1	1130	1	1851	4000	Train	8.36652
b-02-79-at	TP79-031_migr.segy	1	4	1	256	1	951	1	1851	4000	Train	7.041204
b-02-79-at	TP79-034_migr.segy	1	4	1	256	1	846	1	1851	4000	Train	6.263784
b-02-79-at	TP79-036_migr.segy	1	4	1	256	1	1216	1	1851	4000	Train	9.003264
b-02-79-at	TP79-041_migr.segy	1	4	1	256	1	1610	1	1851	4000	Train	11.92044
b-02-79-at	TP79-057_migr.segy	1	4	1	256	1	3021	1	1851	4000	Train	22.367484
b-02-79-at	TP79-067_migr.segy	1	4	1	256	1	766	1	1851	4000	Train	5.671464
b-02-79-at	TP79-068_migr.segy	1	4	1	256	1	884	1	1851	4000	Train	6.545136
b-02-79-at	TP79-091_migr.segy	1	4	1	256	1	1020	1	1851	4000	Train	7.55208
b-02-79-at	TP79-092_migr.segy	1	4	1	256	1	1023	1	1851	4000	Train	7.574292
b-02-79-at	TP79-093_migr.segy	1	4	1	256	1	1381	1	1851	4000	Train	10.224924
b-02-79-at	TP79-096_migr.segy	1	4	1	256	1	444	1	1851	4000	Train	3.287376
b-02-79-at	TP79-096A_migr.segy	1	4	1	256	1	1287	1	1851	4000	Train	9.528948
b-02-79-at	TP79-118_migr.segy	1	4	1	256	1	2418	1	1851	4000	Train	17.902872
b-02-79-at	TP79-119_migr.segy	1	4	1	256	1	2753	1	1851	4000	Train	20.383212
b-02-79-at	TP79-122_migr.segy	1	4	1	256	1	1066	1	1851	4000	Train	7.892664
b-02-79-at	TP79-123_migr.segy	1	4	1	256	1	1046	1	1851	4000	Train	7.744584
b-02-79-at	TP79-124_migr.segy	1	4	1	256	1	1159	1	1851	4000	Train	8.581236
b-02-79-at	TP79-126_migr.segy	1	4	1	256	1	1540	1	1851	4000	Train	11.40216
b-02-79-at	TP79-128_migr.segy	1	4	1	256	1	725	1	1951	4000	Train	5.6579
b-02-79-at	TP79-129_migr.segy	1	4	1	256	1	1092	1	1851	4000	Train	8.085168
b-02-79-at	TP79-130_migr.segy	1	4	1	256	1	946	1	1851	4000	Train	7.004184
b-02-79-at	TP79-132_migr.segy	1	4	1	256	1	1075	1	1851	4000	Train	7.9593
b-02-79-at	TP79-133_migr.segy	1	4	1	256	1	1300	1	1851	4000	Train	9.6252
b-02-79-at	TP79-134_migr.segy	1	4	1	256	1	537	1	1851	4000	Train	3.975948
b-02-79-at	TP79-135_migr.segy	1	4	1	256	1	625	1	1851	4000	Train	4.6275
b-02-79-at	TP79-136_migr.segy	1	4	1	256	1	777	1	1851	4000	Train	5.752908
b-02-79-at	TP79-137_migr.segy	1	4	1	256	1	2145	1	1751	4000	Train	15.02358
b-02-79-at	TP79-138_migr.segy	1	4	1	256	1	711	1	1851	4000	Train	5.264244
b-02-79-at	TP79-140_migr.segy	1	4	1	256	1	584	1	1851	4000	Train	4.323936
b-02-79-at	TP79-142_migr.segy	1	4	1	256	1	1205	1	1851	4000	Train	8.92182
b-02-79-at	TP79-143_migr.segy	1	4	1	256	1	501	1	1851	4000	Train	3.709404
b-02-79-at	TP79-144_migr.segy	1	4	1	256	1	1395	1	1851	4000	Train	10.32858
b-02-79-at	TP79-161_migr.segy	1	4	1	256	1	781	1	1851	4000	Train	5.782524
b-02-79-at	TP79-163_migr.segy	1	4	1	256	1	356	1	1851	4000	Train	2.635824
b-02-79-at	TP79-163A_migr.segy	1	4	1	256	1	404	1	1851	4000	Train	2.991216
b-02-80-at	SA1002_migr.segy	1	4	1	256	1	146	1	1726	4000	Train	1.007984
b-02-80-at	SA1005A_migr.segy	1	4	1	256	1	278	1	1476	4000	Train	1.641312
b-02-80-at	SA1008_migr.segy	1	4	1	256	1	393	1	1951	4000	Train	3.066972
b-02-80-at	SA1011A_migr.segy	1	4	1	256	1	1282	1	1976	4000	Train	10.132928
b-02-80-at	SA1015_migr.segy	1	4	1	256	1	2545	1	1726	4000	Train	17.57068
b-02-80-at	SA1017_migr.segy	1	4	1	256	1	3385	1	1976	4000	Train	26.75504
b-02-80-at	SA1022_migr.segy	1	4	1	0	0	910	1	1951	4000	Train	7.10164
b-02-80-at	SA1023_migr.segy	1	4	1	256	1	1569	1	2151	4000	Train	13.499676
b-02-80-at	SA1026_migr.segy	1	4	1	0	0	440	1	1951	4000	Train	3.43376
b-02-80-at	SA1028_migr.segy	1	4	1	256	1	973	1	2151	4000	Train	8.371692
b-02-80-at	SA1029_migr.segy	1	4	1	256	1	957	1	1726	4000	Train	6.607128
b-02-80-at	SA1029A_migr.segy	1	4	1	0	0	496	1	1726	4000	Train	3.424384
b-02-80-at	SA1039A_migr.segy	1	4	1	0	0	944	1	1726	4000	Train	6.517376
b-02-80-at	SA1042_migr.segy	1	4	1	256	1	497	1	1951	4000	Train	3.878588
b-02-80-at	SA1048_migr.segy	1	4	1	256	1	488	1	1951	4000	Train	3.808352
b-02-80-at	SA1058_migr.segy	1	4	1	256	1	521	1	1951	4000	Train	4.065884
b-02-80-at	SA1060_migr.segy	1	4	1	256	1	523	1	1951	4000	Train	4.081492
b-02-80-at	SA1064_migr.segy	1	4	1	256	1	521	1	1951	4000	Train	4.065884
b-02-80-at	SA1066_migr.segy	1	4	1	256	1	520	1	1951	4000	Train	4.05808
b-02-80-at	SA1076_migr.segy	1	4	1	256	1	421	1	1976	4000	Train	3.327584
b-02-80-at	SA1080_migr.segy	1	4	1	256	1	1798	1	2151	4000	Train	15.469992
b-02-80-at	SA1086A_migr.segy	1	4	1	256	1	187	1	2151	4000	Train	1.608948
b-02-80-at	SA1088_migr.segy	1	4	1	256	1	668	1	2151	4000	Train	5.747472
b-02-80-at	SA1090_migr.segy	1	4	1	256	1	648	1	2151	4000	Train	5.575392
b-02-80-at	SA1120_migr.segy	1	4	1	256	1	1203	1	2151	4000	Train	10.350612
b-02-80-at	SA1126_migr.segy	1	4	1	256	1	219	1	1476	4000	Train	1.292976
b-02-80-at	SA1128_migr.segy	1	4	1	256	1	415	1	1476	4000	Train	2.45016
b-02-80-at	SA1130_migr.segy	1	4	1	0	0	318	1	1476	4000	Train	1.877472
b-02-80-at	SA1132_migr.segy	1	4	1	256	1	419	1	1476	4000	Train	2.473776
b-02-80-at	SA1152_migr.segy	1	4	1	256	1	2642	1	2501	4000	Train	26.430568
b-02-80-at	SA1154_migr.segy	1	4	1	256	1	442	1	1976	4000	Train	3.493568
b-02-80-at	SA1162_migr.segy	1	4	1	256	1	685	1	1726	4000	Train	4.72924
b-02-80-at	SA1172_migr.segy	1	4	1	256	1	2758	1	2376	4000	Train	26.212032
b-02-80-at	SA1190_migr.segy	1	4	1	256	1	2830	1	2451	4000	Train	27.74532
b-02-80-at	SA1192_migr.segy	1	4	1	256	1	741	1	2151	4000	Train	6.375564
b-02-80-at	SA1198_migr.segy	1	4	1	0	0	897	1	1976	4000	Train	7.089888
b-02-80-at	SA1206_migr.segy	1	4	1	256	1	900	1	1726	4000	Train	6.2136
b-02-80-at	SA1222_migr.segy	1	4	1	256	1	742	1	1976	4000	Train	5.864768
b-02-80-at	SA1234_migr.segy	1	4	1	256	1	553	1	1726	4000	Train	3.817912
b-02-80-at	SA1268A_migr.segy	1	4	1	256	1	704	1	1476	4000	Train	4.156416
b-02-81-ar	hw81-05_MIG.sgy	1	4	2	256	1	1690	1	1251	4000	Train	8.45676
b-02-81-ar	hw81-06_MIG.sgy	1	4	2	256	1	912	1	1251	4000	Train	4.563648
b-02-81-ar	hw81-07_MIG.sgy	1	4	2	256	1	547	1	1251	4000	Train	2.737188
b-02-81-ar	hw81-08_MIG.sgy	1	4	2	256	1	1145	1	1251	4000	Train	5.72958
b-02-81-ar	hw81-09_MIG.sgy	1	1	2	0	0	2678	1	1251	4000	Train	13.400712
b-02-81-ar	hw81-10_MIG.sgy	1	4	2	256	1	1177	1	1251	4000	Train	5.889708
b-02-81-ar	hw81-11_MIG.sgy	1	1	2	0	0	976	1	1251	4000	Train	4.883904
b-02-81-ar	hw81-12_MIG.sgy	1	4	2	256	1	307	1	1251	4000	Train	1.536228
b-02-81-ar	hw81-16_MIG.sgy	1	4	2	256	1	668	1	1251	4000	Train	3.342672
b-02-81-ar	hw81-17_MIG.sgy	1	4	2	256	1	1567	1	1251	4000	Train	7.841268
b-02-81-ar	hw81-18_MIG.sgy	1	4	2	256	1	514	1	1251	4000	Train	2.572056
b-02-81-ar	hw81-20_MIG.sgy	1	4	2	256	1	531	1	1251	4000	Train	2.657124
b-02-81-ar	hw81-22_MIG.sgy	1	4	2	256	1	717	1	1251	4000	Train	3.587868
b-02-81-ar	hw81-24_MIG.sgy	1	4	2	256	1	383	1	1251	4000	Train	1.916532
b-02-81-ar	hw81-26_MIG.sgy	1	4	2	256	1	204	1	1251	4000	Train	1.020816
b-02-81-ar	hw81-28_MIG.sgy	1	4	2	256	1	439	1	1251	4000	Train	2.196756
b-02-81-ar	hw81-30_MIG.sgy	1	4	2	256	1	268	1	1251	4000	Train	1.341072
b-02-81-ar	hw81-32_MIG.sgy	1	4	2	256	1	171	1	1251	4000	Train	0.855684
b-02-81-ar	hw81-34_MIG.sgy	1	4	2	256	1	298	1	1251	4000	Train	1.491192
b-02-82-at	PR82-012-D.segy	1	4	1	256	1	559	1	2001	4000	Train	4.474236
b-02-82-at	PR82-015-D.segy	1	4	1	256	1	1471	1	2001	4000	Train	11.773884
b-02-82-at	PR82-016A-D.segy	1	4	1	256	1	368	1	2001	4000	Train	2.945472
b-02-82-at	PR82-029_migr.segy	1	4	1	0	0	888	1	2001	4000	Train	7.107552
b-02-82-at	PR82-065-2_migr.segy	1	4	1	256	1	1898	1	2001	4000	Train	15.191592
b-02-82-at	PR82-086B_migr.segy	1	4	1	256	1	1009	1	2001	4000	Train	8.076036
b-02-82-at	PR82-090B-D.segy	1	4	1	256	1	1013	1	2001	4000	Train	8.108052
b-02-82-at	PR82-094_migr.segy	1	4	1	256	1	778	1	2001	4000	Train	6.227112
b-02-82-at	PR82-095_migr.segy	1	4	1	256	1	708	1	2001	4000	Train	5.666832
b-02-82-at	PR82-102A-D.segy	1	4	1	256	1	498	1	2001	4000	Train	3.985992
b-02-82-at	PR82-105-D.segy	1	4	1	256	1	845	1	2001	4000	Train	6.76338
b-02-82-at	PR82-143-D.segy	1	4	1	256	1	998	1	2001	4000	Train	7.987992
b-02-82-at	PR82-144A_migr.segy	1	4	1	256	1	698	1	2001	4000	Train	5.586792
b-02-82-at	PR82-147_migr.segy	1	4	1	256	1	993	1	2001	4000	Train	7.947972
b-02-82-at	PR82-156A_migr.segy	1	4	1	256	1	428	1	2001	4000	Train	3.425712
b-02-82-at	PR82-160_migr.segy	1	4	1	256	1	697	1	2001	4000	Train	5.578788
b-02-82-at	PR82-183_migr.segy	1	4	1	256	1	1286	1	2001	4000	Train	10.293144
b-02-82-at	PR82-196_migr.segy	1	4	1	256	1	1318	1	2001	4000	Train	10.549272
b-02-82-at	PR82-X227C_migr.segy	1	4	1	0	0	1468	1	2001	4000	Train	11.749872
b-02-82-at	PR82-X237_migr.segy	1	4	1	256	1	1973	1	2251	4000	Train	17.764892
b-02-82-at	PR82-X263A_migr.segy	1	4	1	256	1	953	1	2251	4000	Train	8.580812
b-02-84-at	LYD84-031A_migr.segy	1	4	1	256	1	797	1	1501	4000	Train	4.785188
b-02-84-at	MUN84-003_migr.segy	1	4	1	256	1	448	1	1501	4000	Train	2.689792
b-02-84-at	MUN84-003A_migr.segy	1	4	1	256	1	678	1	1501	4000	Train	4.070712
b-02-84-at	MUN84-004_migr.segy	1	4	1	256	1	802	1	1501	4000	Train	4.815208
b-02-84-at	MUN84-005_migr.segy	1	4	1	256	1	851	1	1501	4000	Train	5.109404
b-02-84-at	MUN84-006_migr.segy	1	4	1	256	1	817	1	1501	4000	Train	4.905268
b-02-84-at	MUN84-007_migr.segy	1	4	1	256	1	855	1	1501	4000	Train	5.13342
b-02-84-at	MUN84-008_migr.segy	1	4	1	256	1	664	1	1501	4000	Train	3.986656
b-02-84-at	MUN84-008A_migr.segy	1	4	1	256	1	376	1	1501	4000	Train	2.257504
b-02-84-at	MUN84-009_migr.segy	1	4	1	256	1	859	1	1501	4000	Train	5.157436
b-02-84-at	MUN84-010_migr.segy	1	4	1	256	1	432	1	1501	4000	Train	2.593728
b-02-84-at	MUN84-010A_migr.segy	1	4	1	256	1	485	1	1501	4000	Train	2.91194
b-02-84-at	MUN84-011_migr.segy	1	4	1	256	1	632	1	1501	4000	Train	3.794528
b-02-84-at	MUN84-011A_migr.segy	1	4	1	256	1	401	1	1501	4000	Train	2.407604
b-02-84-at	MUN84-012_migr.segy	1	4	1	256	1	811	1	1501	4000	Train	4.869244
b-02-84-at	MUN84-013_migr.segy	1	4	1	256	1	867	1	1501	4000	Train	5.205468
b-02-84-at	YSB-84-053_migr.segy	1	4	1	256	1	637	1	1501	4000	Train	3.824548
b-02-84-at	YSB84-002_migr.segy	1	4	1	256	1	1140	1	1501	4000	Train	6.84456
b-02-84-at	YSB84-002A_migr.segy	1	4	1	256	1	1872	1	1501	4000	Train	11.239488
b-02-84-at	YSB84-004_migr.segy	1	4	1	256	1	2295	1	1501	4000	Train	13.77918
b-02-84-at	YSB84-004A_migr.segy	1	4	1	256	1	847	1	1501	4000	Train	5.085388
b-02-84-at	YSB84-008_migr.segy	1	4	1	256	1	734	1	1501	4000	Train	4.406936
b-02-84-at	YSB84-008A_migr.segy	1	4	1	256	1	695	1	1501	4000	Train	4.17278
b-02-84-at	YSB84-008B_migr.segy	1	4	1	256	1	730	1	1501	4000	Train	4.38292
b-02-84-at	YSB84-008C_migr.segy	1	4	1	256	1	615	1	1501	4000	Train	3.69246
b-02-84-at	YSB84-008D_migr.segy	1	4	1	256	1	450	1	1501	4000	Train	2.7018
b-02-84-at	YSB84-010_migr.segy	1	4	1	256	1	1221	1	1501	4000	Train	7.330884
b-02-84-at	YSB84-027_migr.segy	1	4	1	256	1	881	1	1501	4000	Train	5.289524
b-02-84-at	YSB84-031_migr.segy	1	4	1	256	1	1370	1	1501	4000	Train	8.22548
b-02-84-at	YSB84-041_migr.segy	1	4	1	256	1	1593	1	1501	4000	Train	9.564372
b-02-84-at	YSB84-045_migr.segy	1	4	1	256	1	1335	1	1501	4000	Train	8.01534
b-02-84-at	YSB84-051_migr.segy	1	4	1	256	1	1349	1	1501	4000	Train	8.099396
b-02-84-at	YSB84-053A_migr.segy	1	4	1	256	1	852	1	1501	4000	Train	5.115408
b-03-75-at	D-100_migr.segy	1	4	1	256	1	1231	1	1701	4000	Train	8.375724
b-03-75-at	D-107_migr.segy	1	4	1	256	1	1865	1	1726	4000	Train	12.87596
b-03-75-at	D-116_migr.segy	1	4	1	256	1	1333	1	1726	4000	Train	9.203032
b-03-75-at	D-123B_migr.segy	1	4	1	256	1	1171	1	1726	4000	Train	8.084584
b-03-75-at	D-136_migr.segy	1	4	1	256	1	1673	1	1726	4000	Train	11.550392
b-03-75-at	D-137B_migr.segy	1	4	1	256	1	517	1	1726	4000	Train	3.569368
b-03-75-at	D-139A_migr.segy	1	4	1	256	1	820	1	1726	4000	Train	5.66128
b-03-75-at	D-140C_migr.segy	1	4	1	256	1	909	1	1726	4000	Train	6.275736
b-03-75-at	D-141-1_migr.segy	1	4	1	256	1	445	1	1726	4000	Train	3.07228
b-03-75-at	D-147A_migr.segy	1	4	1	256	1	1373	1	1726	4000	Train	9.479192
b-03-75-at	D-152A_migr.segy	1	4	1	256	1	1346	1	1726	4000	Train	9.292784
b-03-75-at	D-161_migr.segy	1	4	1	256	1	429	1	1726	4000	Train	2.961816
b-03-75-at	D-161A-1_migr.segy	1	4	1	256	1	1484	1	1726	4000	Train	10.245536
b-03-75-at	D-163_migr.segy	1	4	1	256	1	1069	1	1726	4000	Train	7.380376
b-03-75-at	D-164-2D_migr.segy	1	4	1	256	1	635	1	1726	4000	Train	4.38404
b-03-75-at	D-168-2R1_migr.segy	1	4	1	256	1	679	1	1726	4000	Train	4.687816
b-03-75-at	D-171_migr.segy	1	4	1	256	1	1193	1	1726	4000	Train	8.236472
b-03-75-at	D-172-2A_migr.segy	1	4	1	256	1	2411	1	1726	4000	Train	16.645544
b-03-75-at	D-174-2_migr.segy	1	4	1	256	1	1166	1	1726	4000	Train	8.050064
b-03-75-at	D-174-2A_migr.segy	1	4	1	256	1	895	1	1726	4000	Train	6.17908
b-03-75-at	D-174-2B_migr.segy	1	4	1	256	1	1125	1	1726	4000	Train	7.767
b-03-75-at	D-176A-2_migr.segy	1	4	1	256	1	1941	1	1726	4000	Train	13.400664
b-03-75-at	D-182_migr.segy	1	4	2	0	0	3637	1	1726	4000	Train	25.109848
b-03-75-at	D-186-2_migr.segy	1	4	2	0	0	199	1	1726	4000	Train	1.373896
b-03-75-at	D-192A_migr.segy	1	4	2	0	0	2184	1	1726	4000	Train	15.078336
b-03-75-at	D-192B_migr.segy	1	4	2	0	0	418	1	1726	4000	Train	2.885872
b-03-75-at	D-196A_migr.segy	1	4	2	0	0	959	1	1726	4000	Train	6.620936
b-03-75-at	D-210_migr.segy	1	4	2	0	0	679	1	1726	4000	Train	4.687816
b-03-75-at	DE-103_migr.segy	1	4	1	256	1	1751	1	1751	4000	Train	12.264004
b-03-75-at	DE-114_migr.segy	1	4	1	256	1	924	1	1751	4000	Train	6.471696
b-03-75-at	DE-121_migr.segy	1	4	1	256	1	2134	1	1751	4000	Train	14.946536
b-03-75-at	DE-125_migr.segy	1	4	1	256	1	1656	1	1751	4000	Train	11.598624
b-03-75-at	DE-132R1_migr.segy	1	4	1	256	1	383	1	1751	4000	Train	2.682532
b-03-75-at	DE-134B_migr.segy	1	4	1	256	1	817	1	1751	4000	Train	5.722268
b-03-75-at	DE-140A_migr.segy	1	4	1	256	1	252	1	1751	4000	Train	1.765008
b-03-75-at	SX-106_migr.segy	1	4	1	256	1	1328	1	2151	4000	Train	11.426112
b-03-75-at	SX-108_migr.segy	1	4	1	0	0	551	1	1851	4000	Train	4.079604
b-03-80-ar	HW80-02	1	4	2	256	1	230	1	1551	4000	Train	1.42692
b-03-80-ar	HW80-05AA	1	4	2	256	1	683	1	1551	4000	Train	4.237332
b-03-80-ar	HW80-05AB	1	4	2	256	1	529	1	1551	4000	Train	3.281916
b-03-80-ar	HW80-07BA	1	4	2	256	1	471	1	1551	4000	Train	2.922084
b-03-80-ar	HW80-07BB	1	4	2	256	1	676	1	1551	4000	Train	4.193904
b-03-80-ar	HW80-07CA	1	4	2	256	1	664	1	1551	4000	Train	4.119456
b-03-80-ar	HW80-07CB	1	4	2	256	1	476	1	1551	4000	Train	2.953104
b-03-80-ar	HW80-12	1	4	2	256	1	223	1	1551	4000	Train	1.383492
b-03-80-ar	HW80-13B	1	4	2	256	1	382	1	1551	4000	Train	2.369928
b-03-80-ar	HW80-13CA	1	4	2	256	1	483	1	1551	4000	Train	2.996532
b-03-80-ar	HW80-13CB	1	4	2	256	1	125	1	1551	4000	Train	0.7755
b-03-80-ar	HW80-16A	1	4	2	256	1	439	1	1551	4000	Train	2.723556
b-03-80-ar	HW80-16B	1	4	2	256	1	615	1	1551	4000	Train	3.81546
b-03-81-at	PR81-028_migr.segy	1	4	1	256	1	982	1	2001	4000	Train	7.859928
b-03-81-at	PR81-044a_migr.segy	1	4	2	0	0	1148	1	2001	4000	Train	9.188592
b-03-81-at	PR81-073_migr.segy	1	4	1	256	1	649	1	2001	4000	Train	5.194596
b-03-81-at	PR81-093_migr.segy	1	4	1	256	1	598	1	2001	4000	Train	4.786392
b-03-81-at	PR81-107_migr.segy	1	4	1	256	1	343	1	2001	4000	Train	2.745372
b-03-81-at	PR81-127a_migr.segy	1	4	2	0	0	592	1	2001	4000	Train	4.738368
b-03-81-at	PR81-137_migr.segy	1	4	2	0	0	1668	1	2001	4000	Train	13.350672
b-03-81-at	PR81-139_migr.segy	1	4	2	0	0	1018	1	2001	4000	Train	8.148072
b-03-81-at	PR81-139B_migr.segy	1	4	1	256	1	478	1	2001	4000	Train	3.825912
b-03-81-at	PR81-143_migr.segy	1	4	1	256	1	1376	1	2001	4000	Train	11.013504
b-03-81-at	PR81-173A_migr.segy	1	4	1	256	1	723	1	2001	4000	Train	5.786892
b-03-81-at	PR81-179_migr.segy	1	4	1	256	1	243	1	2001	4000	Train	1.944972
b-03-81-at	PR81-203_migr.segy	1	4	1	256	1	1048	1	2001	4000	Train	8.388192
b-03-81-at	PR81-207_migr.segy	1	4	1	256	1	1053	1	2001	4000	Train	8.428212
b-03-81-at	PR81-213_migr.segy	1	4	1	256	1	1053	1	2001	4000	Train	8.428212
b-03-81-at	PR81-221_migr.segy	1	4	1	256	1	423	1	2001	4000	Train	3.385692
b-03-81-at	PR81-269_migr.segy	1	4	2	0	0	730	1	2001	4000	Train	5.84292
b-03-81-at	PR81-279_migr.segy	1	4	1	256	1	888	1	2001	4000	Train	7.107552
b-03-81-at	PR81-321a_migr.segy	1	4	2	0	0	582	1	2001	4000	Train	4.658328
b-03-81-at	PR81-333a_migr.segy	1	4	2	0	0	898	1	2001	4000	Train	7.187592
b-03-81-at	PR81-341_migr.segy	1	4	2	0	0	448	1	2001	4000	Train	3.585792
b-03-82-at	19490_migr.segy	1	4	1	256	1	1362	1	2476	4000	Train	13.489248
b-03-82-at	19491_migr.segy	1	4	1	256	1	1545	1	2476	4000	Train	15.30168
b-03-82-at	19513_migr.segy	1	4	1	256	1	2737	1	2251	4000	Train	24.643948
b-03-82-at	19514_migr.segy	1	4	1	256	1	1331	1	2251	4000	Train	11.984324
b-03-82-at	19520_migr.segy	1	4	1	256	1	1183	1	2101	4000	Train	9.941932
b-03-82-at	19521_migr.segy	1	4	1	256	1	376	1	2176	4000	Train	3.272704
b-03-82-at	19749_migr.segy	1	4	1	256	1	726	1	2176	4000	Train	6.319104
b-03-82-at	19750_migr.segy	1	4	1	256	1	802	1	2101	4000	Train	6.740008
b-03-82-at	19751_migr.segy	1	4	1	256	1	861	1	2176	4000	Train	7.494144
b-03-82-at	29520_migr.segy	1	4	1	256	1	357	1	2476	4000	Train	3.535728
b-04-80-at	TP80-213_migr.segy	1	4	1	256	1	2076	1	1976	4000	Train	16.408704
b-04-80-at	TP80-225_migr.segy	1	4	1	256	1	650	1	1976	4000	Train	5.1376
b-04-80-at	TP80-225A_migr.segy	1	4	1	256	1	1866	1	1976	4000	Train	14.748864
b-04-80-at	TP80-228_migr.segy	1	4	1	256	1	1850	1	1976	4000	Train	14.6224
b-04-80-at	TP80-231_migr.segy	1	4	1	256	1	2481	1	1976	4000	Train	19.609824
b-04-80-at	TP80-232_migr.segy	1	4	1	256	1	2086	1	1976	4000	Train	16.487744
b-04-80-at	TP80-233_migr.segy	1	4	1	256	1	1446	1	1976	4000	Train	11.429184
b-04-80-at	TP80-234_migr.segy	1	4	1	256	1	1071	1	1976	4000	Train	8.465184
b-04-80-at	TP80-237_migr.segy	1	4	1	256	1	429	1	1976	4000	Train	3.390816
b-04-80-at	TP80-240_migr.segy	1	4	1	256	1	1950	1	1976	4000	Train	15.4128
b-04-80-at	TP80-241A_migr.segy	1	4	1	256	1	766	1	1976	4000	Train	6.054464
b-04-80-at	TP80-243_migr.segy	1	4	1	256	1	2046	1	1976	4000	Train	16.171584
b-04-80-at	TP80-244_migr.segy	1	4	1	256	1	1716	1	1976	4000	Train	13.563264
b-04-80-at	TP80-271_migr.segy	1	4	1	256	1	1311	1	1976	4000	Train	10.362144
b-04-80-at	TP80-276_migr.segy	1	4	1	256	1	1186	1	1976	4000	Train	9.374144
b-04-80-at	TP80-281_migr.segy	1	4	1	256	1	716	1	1976	4000	Train	5.659264
b-04-80-at	TP80-282_migr.segy	1	4	1	256	1	1096	1	1976	4000	Train	8.662784
b-04-80-at	TP80-295_migr.segy	1	4	1	256	1	1833	1	1976	4000	Train	14.488032
b-04-80-at	TP80-299_migr.segy	1	4	1	256	1	2260	1	1976	4000	Train	17.86304
b-04-80-at	TP80-299A_migr.segy	1	4	1	256	1	1591	1	1976	4000	Train	12.575264
b-04-80-at	TP80-300_migr.segy	1	4	1	256	1	3601	1	1976	4000	Train	28.462304
b-04-80-at	TP80-302_migr.segy	1	4	1	256	1	1446	1	1226	4000	Train	7.091184
b-04-80-at	TP80-370_migr.segy	1	4	1	256	1	666	1	1976	4000	Train	5.264064
b-04-80-at	TP80-371_migr.segy	1	4	1	256	1	701	1	1976	4000	Train	5.540704
b-04-80-at	TP80-378_migr.segy	1	4	1	256	1	551	1	1976	4000	Train	4.355104
b-04-80-at	TP80-379_migr.segy	1	4	1	256	1	806	1	1976	4000	Train	6.370624
b-04-80-at	TP80-384_migr.segy	1	4	1	256	1	831	1	1976	4000	Train	6.568224
b-04-81-at	81PMA01_migr.segy	1	4	1	256	1	550	1	1701	4000	Train	3.7422
b-04-81-at	81PMA01A_migr.segy	1	4	1	256	1	1344	1	1701	4000	Train	9.144576
b-04-81-at	81PMA01B_migr.segy	1	4	1	256	1	915	1	1676	4000	Train	6.13416
b-04-81-at	81PMA06_migr.segy	1	4	1	256	1	538	1	1676	4000	Train	3.606752
b-04-81-at	81PMA08_migr.segy	1	4	1	256	1	678	1	1676	4000	Train	4.545312
b-04-82-at	17988_migr.segy	1	4	2	0	0	4741	1	1501	4000	Train	28.464964
b-04-82-at	17990_migr.segy	1	4	2	0	0	1587	1	1426	4000	Train	9.052248
b-04-82-at	17993_migr.segy	1	4	2	0	0	3192	1	1651	4000	Train	21.079968
b-04-82-at	18019_migr.segy	1	4	2	0	0	2661	1	1726	4000	Train	18.371544
b-04-82-at	18067_migr.segy	1	4	2	0	0	2802	1	2251	4000	Train	25.229208
b-04-82-at	18078_migr.segy	1	4	2	0	0	1870	1	2251	4000	Train	16.83748
b-04-82-at	18162_migr.segy	1	4	2	0	0	715	1	1601	4000	Train	4.57886
b-04-82-at	18239_migr.segy	1	4	2	0	0	529	1	1001	4000	Train	2.118116
b-04-83-at	NA83-010_migr.segy	1	4	1	256	1	810	1	1701	4000	Train	5.51124
b-04-83-at	NA83-012_migr.segy	1	4	1	256	1	1018	1	1701	4000	Train	6.926472
b-04-83-at	NA83-013_migr.segy	1	4	1	256	1	655	1	1701	4000	Train	4.45662
b-04-83-at	NA83-016_migr.segy	1	4	1	256	1	1363	1	1701	4000	Train	9.273852
b-04-83-at	NA83-017A_migr.segy	1	4	1	256	1	634	1	1701	4000	Train	4.313736
b-04-83-at	NA83-019A_migr.segy	1	4	1	256	1	912	1	1701	4000	Train	6.205248
b-04-83-at	NA83-019A-1_migr.segy	1	4	1	256	1	1070	1	1701	4000	Train	7.28028
b-04-83-at	NA83-020_migr.segy	1	4	1	256	1	1015	1	1701	4000	Train	6.90606
b-04-83-at	NA83-031_migr.segy	1	4	1	256	1	615	1	1701	4000	Train	4.18446
b-04-83-at	NA83-031B_migr.segy	1	4	1	256	1	441	1	1701	4000	Train	3.000564
b-04-83-at	NA83-035_migr.segy	1	4	1	256	1	2130	1	1701	4000	Train	14.49252
b-04-83-at	NA83-041_migr.segy	1	4	1	256	1	1710	1	1701	4000	Train	11.63484
b-04-83-at	NA83-041A_migr.segy	1	4	1	256	1	885	1	1701	4000	Train	6.02154
b-04-83-at	NA83-046_migr.segy	1	4	1	256	1	589	1	1701	4000	Train	4.007556
b-04-83-at	NA83-046A_migr.segy	1	4	1	256	1	331	1	1701	4000	Train	2.252124
b-04-83-at	NA83-047_migr.segy	1	4	1	256	1	2267	1	1701	4000	Train	15.424668
b-04-83-at	NA83-047A_migr.segy	1	4	1	256	1	1843	1	1701	4000	Train	12.539772
b-04-83-at	NA83-048_migr.segy	1	4	1	256	1	2165	1	1701	4000	Train	14.73066
b-04-83-at	NA83-202_migr.segy	1	4	1	256	1	1080	1	1701	4000	Train	7.34832
b-04-83-at	NA83-204_migr.segy	1	4	1	256	1	1135	1	1701	4000	Train	7.72254
b-04-83-at	NA83-205_migr.segy	1	4	1	256	1	353	1	1701	4000	Train	2.401812
b-04-83-at	NA83-205B_migr.segy	1	4	1	256	1	771	1	1701	4000	Train	5.245884
b-04-83-at	NA83-205D_migr.segy	1	4	1	256	1	1326	1	1701	4000	Train	9.022104
b-04-83-at	NA83-206_migr.segy	1	4	1	256	1	1102	1	1701	4000	Train	7.498008
b-04-83-at	NA83-207_migr.segy	1	4	1	256	1	1615	1	1701	4000	Train	10.98846
b-04-83-at	NA83-207A_migr.segy	1	4	1	256	1	481	1	1701	4000	Train	3.272724
b-04-83-at	NA83-207C_migr.segy	1	4	1	256	1	421	1	1701	4000	Train	2.864484
b-04-83-at	NA83-208_migr.segy	1	4	1	256	1	1115	1	1701	4000	Train	7.58646
b-04-83-at	NA83-209_migr.segy	1	4	1	256	1	1255	1	1701	4000	Train	8.53902
b-04-83-at	NA83-211A_migr.segy	1	4	1	256	1	1012	1	1701	4000	Train	6.885648
b-04-83-at	NA83-211B_migr.segy	1	4	1	256	1	1793	1	1701	4000	Train	12.199572
b-04-83-at	NA83-212_migr.segy	1	4	1	256	1	1045	1	1701	4000	Train	7.11018
b-04-83-at	NA83-213A_migr.segy	1	4	1	256	1	329	1	1701	4000	Train	2.238516
b-04-83-at	NA83-213B_migr.segy	1	4	1	256	1	410	1	1701	4000	Train	2.78964
b-04-83-at	NA83-214_migr.segy	1	4	1	256	1	965	1	1701	4000	Train	6.56586
b-04-83-at	NA83-216_migr.segy	1	4	1	256	1	680	1	1701	4000	Train	4.62672
b-04-83-at	NA83-218_migr.segy	1	4	1	256	1	980	1	1701	4000	Train	6.66792
b-04-83-at	NA83-220_migr.segy	1	4	1	256	1	970	1	1701	4000	Train	6.59988
b-04-83-at	NA83-224_migr.segy	1	4	1	256	1	965	1	1701	4000	Train	6.56586
b-04-83-at	NA83-226_migr.segy	1	4	1	256	1	871	1	1701	4000	Train	5.926284
b-04-83-at	NA83-228_migr.segy	1	4	1	256	1	1004	1	1701	4000	Train	6.831216
b-04-83-at	NA83-230_migr.segy	1	4	1	256	1	850	1	1701	4000	Train	5.7834
b-04-83-at	NA83-234_migr.segy	1	4	1	256	1	650	1	1701	4000	Train	4.4226
b-04-83-at	NA83-236_migr.segy	1	4	1	256	1	944	1	1701	4000	Train	6.422976
b-05-81-at	BH81-08_migr.segy	1	4	1	256	1	2232	1	1751	4000	Train	15.632928
b-05-81-at	BH81-10_migr.segy	1	4	1	256	1	2886	1	1751	4000	Train	20.213544
b-05-81-at	BH81-11_migr.segy	1	4	1	256	1	4264	1	1751	4000	Train	29.865056
b-05-81-at	BH81-12_migr.segy	1	4	1	0	0	1398	1	1751	4000	Train	9.791592
b-05-81-at	BH81-13A_migr.segy	1	4	1	0	0	934	1	1501	4000	Train	5.607736
b-05-81-at	BH81-13D_migr.segy	1	4	1	256	1	9312	1	1751	4000	Train	65.221248
b-05-81-at	BH81-22A_migr.segy	1	4	1	256	1	6612	1	1751	4000	Train	46.310448
b-05-81-at	BH81-25_migr.segy	1	4	1	256	1	3214	1	1751	4000	Train	22.510856
b-05-81-at	BH81-30_migr.segy	1	4	1	256	1	912	1	1501	4000	Train	5.475648
b-05-81-at	BH81-34A_migr.segy	1	4	1	256	1	6784	1	1751	4000	Train	47.515136
b-05-81-at	BH81-38_migr.segy	1	4	1	0	0	730	1	1751	4000	Train	5.11292
b-05-81-at	BH81-AA_migr.segy	1	4	1	0	0	2312	1	1501	4000	Train	13.881248
b-05-81-at	BH81-BA_migr.segy	1	4	1	0	0	1992	1	1751	4000	Train	13.951968
b-05-83-at	MMA-147-1_migr.segy	1	4	1	256	1	590	1	2251	4000	Train	5.31236
b-05-83-at	MMA-152_migr.segy	1	4	1	256	1	714	1	2251	4000	Train	6.428856
b-05-83-at	MNA-201_migr.segy	1	4	1	256	1	2880	1	2251	4000	Train	25.93152
b-05-83-at	MNA-202_migr.segy	1	4	1	256	1	2855	1	1501	4000	Train	17.14142
b-05-83-at	MNA-204_migr.segy	1	4	1	256	1	2639	1	1501	4000	Train	15.844556
b-05-83-at	MNA-223_migr.segy	1	4	1	256	1	1856	1	1501	4000	Train	11.143424
b-05-83-at	MSA-266_migr.segy	1	4	1	256	1	847	1	2251	4000	Train	7.626388
b-05-83-at	MSA-301-1_migr.segy	1	4	1	256	1	3550	1	2226	4000	Train	31.6092
b-05-83-at	MSA-301-2_migr.segy	1	4	1	256	1	2821	1	2251	4000	Train	25.400284
b-05-83-at	MSA-327_migr.segy	1	4	1	256	1	3385	1	2251	4000	Train	30.47854
b-05-83-at	MSA-328_migr.segy	1	4	1	256	1	3112	1	2251	4000	Train	28.020448
b-05-83-at	MSA-329_migr.segy	1	4	1	256	1	2905	1	2251	4000	Train	26.15662
b-05-83-at	MSA-330_migr.segy	1	4	1	256	1	2976	1	2251	4000	Train	26.795904
b-06-76-at	LMB-07_migr.segy	1	4	1	256	1	3331	1	1651	4000	Train	21.997924
b-06-76-at	LMB-10_migr.segy	1	4	1	256	1	1694	1	1476	4000	Train	10.001376
b-06-76-at	LMB-10-1_migr.segy	1	4	1	256	1	3234	1	1501	4000	Train	19.416936
b-06-76-at	LMB-10-2_migr.segy	1	4	1	256	1	744	1	1651	4000	Train	4.913376
b-06-76-at	LMG-187_migr.segy	1	4	1	256	1	1051	1	1476	4000	Train	6.205104
b-06-76-at	LMG-43_migr.segy	1	4	1	256	1	767	1	1626	4000	Train	4.988568
b-06-76-at	LMG-61_migr.segy	1	4	1	256	1	2221	1	1626	4000	Train	14.445384
b-06-76-at	LMG-62_migr.segy	1	4	1	256	1	2847	1	1626	4000	Train	18.516888
b-06-76-at	LMG-63_migr.segy	1	4	1	256	1	1676	1	1626	4000	Train	10.900704
b-06-76-at	LMG-63-1_migr.segy	1	4	1	256	1	562	1	1626	4000	Train	3.655248
b-06-76-at	LMG-63-2_migr.segy	1	4	1	256	1	402	1	1626	4000	Train	2.614608
b-06-76-at	LMG-80_migr.segy	1	4	1	256	1	920	1	1626	4000	Train	5.98368
b-06-76-at	LMG-81_migr.segy	1	4	1	256	1	1232	1	1626	4000	Train	8.012928
b-06-76-at	LMG-89_migr.segy	1	4	1	256	1	1415	1	1626	4000	Train	9.20316
b-06-76-at	MMB-18_migr.segy	1	4	1	256	1	789	1	1701	4000	Train	5.368356
b-06-76-at	MMB-23_migr.segy	1	4	1	256	1	588	1	1701	4000	Train	4.000752
b-06-76-at	MMB-31_migr.segy	1	4	1	256	1	850	1	1701	4000	Train	5.7834
b-06-76-at	MMB-32_migr.segy	1	4	1	256	1	480	1	1701	4000	Train	3.26592
b-06-76-at	MMB-37_migr.segy	1	4	1	256	1	449	1	1476	4000	Train	2.650896
b-06-76-at	MMB-46_migr.segy	1	4	1	256	1	631	1	1476	4000	Train	3.725424
b-06-76-at	MMG-01_migr.segy	1	4	1	256	1	454	1	1476	4000	Train	2.680416
b-06-76-at	MMG-02_migr.segy	1	4	1	256	1	312	1	1476	4000	Train	1.842048
b-06-76-at	MMG-03_migr.segy	1	4	1	256	1	312	1	1476	4000	Train	1.842048
b-06-76-at	MMG-04_migr.segy	1	4	1	256	1	351	1	1476	4000	Train	2.072304
b-06-76-at	MMG-05_migr.segy	1	4	1	256	1	384	1	1476	4000	Train	2.267136
b-06-76-at	MMG-09_migr.segy	1	4	1	256	1	324	1	1476	4000	Train	1.912896
b-06-76-at	MMG-10_migr.segy	1	4	1	256	1	350	1	1476	4000	Train	2.0664
b-06-76-at	MMG-11_migr.segy	1	4	1	256	1	363	1	1476	4000	Train	2.143152
b-06-76-at	MMG-12_migr.segy	1	4	1	256	1	377	1	1476	4000	Train	2.225808
b-06-76-at	MMG-13_migr.segy	1	4	1	256	1	356	1	1476	4000	Train	2.101824
b-06-76-at	MMG-14_migr.segy	1	4	1	256	1	353	1	1476	4000	Train	2.084112
b-06-76-at	MMG-15_migr.segy	1	4	1	256	1	519	1	1476	4000	Train	3.064176
b-06-76-at	MMG-16_migr.segy	1	4	1	256	1	540	1	1476	4000	Train	3.18816
b-06-76-at	MMG-18_migr.segy	1	4	1	256	1	1516	1	1476	4000	Train	8.950464
b-06-76-at	MMG-22_migr.segy	1	4	1	256	1	1839	1	1476	4000	Train	10.857456
b-06-76-at	MMG-69_migr.segy	1	4	1	256	1	574	1	1476	4000	Train	3.388896
b-06-79-at	D-100_migr.segy	1	4	1	256	1	1767	1	1251	4000	Train	8.842068
b-06-79-at	D-102_migr.segy	1	4	1	256	1	2234	1	1251	4000	Train	11.178936
b-06-82-at	SA02X_migr.segy	1	4	1	256	1	3057	1	1926	4000	Train	23.551128
b-06-82-at	SA14X_migr.segy	1	4	1	256	1	2493	1	1926	4000	Train	19.206072
b-06-82-at	SA15X_migr.segy	1	4	1	256	1	1188	1	1951	4000	Train	9.271152
b-06-82-at	SA16X_migr.segy	1	4	1	256	1	2509	1	1926	4000	Train	19.329336
b-06-82-at	SA19X_migr.segy	1	4	1	256	1	1136	1	1926	4000	Train	8.751744
b-06-82-at	SA8207A_migr.segy	1	4	2	0	0	2990	1	1926	4000	Train	23.03496
b-06-82-at	SA8212_migr.segy	1	4	2	0	0	1592	1	1926	4000	Train	12.264768
b-06-82-at	SA8220_migr.segy	1	4	2	0	0	1662	1	1926	4000	Train	12.804048
b-06-82-at	SA8226_migr.segy	1	4	2	0	0	1706	1	1926	4000	Train	13.143024
b-06-82-at	SA8228_migr.segy	1	4	2	0	0	1719	1	1926	4000	Train	13.243176
b-06-82-at	SA8244_migr.segy	1	4	1	256	1	1836	1	1926	4000	Train	14.144544
b-06-82-at	SA8254_migr.segy	1	4	1	256	1	2615	1	1901	4000	Train	19.88446
b-06-82-at	SA8260_migr.segy	1	4	2	0	0	2729	1	1926	4000	Train	21.024216
b-06-82-at	SA8264_migr.segy	1	4	2	0	0	2777	1	1926	4000	Train	21.394008
b-06-82-at	SA8266_migr.segy	1	4	1	256	1	2789	1	1926	4000	Train	21.486456
b-06-82-at	SA8268_migr.segy	1	4	2	0	0	2350	1	1901	4000	Train	17.8694
b-06-82-at	SA8270_migr.segy	1	4	1	256	1	547	1	1926	4000	Train	4.214088
b-06-82-at	SA8278_migr.segy	1	4	2	0	0	3576	1	1926	4000	Train	27.549504
b-07-76-at	A388-A-11854_migr.segy	1	4	1	256	1	3274	1	1726	4000	Train	22.603696
b-07-76-at	A388-A-11859_migr.segy	1	4	1	256	1	1025	1	1751	4000	Train	7.1791
b-07-78-ak	WB-700_772168.sgy	1	0	2	0	0	906	1	1525	4000	Train	5.5266
b-07-78-ak	WB-702_772168.sgy	1	0	2	0	0	836	1	1500	4000	Train	5.016
b-07-78-ak	WB-703_772168.sgy	1	0	2	0	0	2211	1	1525	4000	Train	13.4871
b-07-78-ak	WB-705_772168.sgy	1	0	2	0	0	1196	1	1500	4000	Train	7.176
b-07-78-ak	WB-717_772168.sgy	1	0	2	0	0	452	1	1250	4000	Train	2.26
b-07-78-ak	WB-719_772168.sgy	1	0	2	0	0	684	1	1525	4000	Train	4.1724
b-07-78-ak	WB-721_981334.sgy	1	0	2	0	0	1032	1	1250	4000	Train	5.16
b-07-78-ak	WB-723_981334.sgy	1	0	2	0	0	278	1	1250	4000	Train	1.39
b-07-78-ak	WB-725_981334-1.sgy	1	0	2	0	0	1888	1	1525	4000	Train	11.5168
b-07-78-ak	WB-729_981334.sgy	1	0	2	0	0	848	1	1525	4000	Train	5.1728
b-07-78-ak	WB-739_782124.sgy	1	0	2	0	0	1816	1	1500	4000	Train	10.896
b-07-78-ak	WB-740_981334.sgy	1	0	2	0	0	604	1	1525	4000	Train	3.6844
b-07-78-ak	WB-741_782124.sgy	1	0	2	0	0	818	1	1500	4000	Train	4.908
b-07-78-ak	WB-742_981334.sgy	1	0	2	0	0	616	1	1525	4000	Train	3.7576
b-07-78-ak	WB-743_782124.sgy	1	0	2	0	0	2476	1	1450	4000	Train	14.3608
b-07-78-ak	WB-744_981334.sgy	1	0	2	0	0	166	1	1500	4000	Train	0.996
b-07-78-ak	WB-746A_910555.sgy	1	0	2	0	0	1130	1	1525	4000	Train	6.893
b-07-78-ak	WB-747_782124.sgy	1	0	2	0	0	2884	1	1500	4000	Train	17.304
b-07-78-ak	WB-751_782124.sgy	1	0	2	0	0	1633	1	1500	4000	Train	9.798
b-07-78-ak	WB-756_910555.sgy	1	0	2	0	0	285	1	1500	4000	Train	1.71
b-07-78-ak	WB-760_910555.sgy	1	0	2	0	0	856	1	1525	4000	Train	5.2216
b-07-78-ak	WB-764_910555.sgy	1	0	2	0	0	968	1	1450	4000	Train	5.6144
b-07-78-ak	WB-766_910555.sgy	1	0	2	0	0	966	1	1525	4000	Train	5.8926
b-07-78-ak	WB-786_910555-1.sgy	1	0	2	0	0	326	1	1500	4000	Train	1.956
b-07-78-ak	WB-790_724121.sgy	1	0	2	0	0	516	1	1525	4000	Train	3.1476
b-07-78-ak	WB-792_741419-1.sgy	1	0	2	0	0	258	1	1250	4000	Train	1.29
b-07-78-ak	WB-800_724121.sgy	1	0	2	0	0	381	1	1250	4000	Train	1.905
b-07-78-ak	WB-812_910353.sgy	1	0	2	0	0	431	1	1500	4000	Train	2.586
b-07-78-ak	WB-818_724121-1.sgy	1	0	2	0	0	216	1	1250	4000	Train	1.08
b-07-78-ak	WB-818_724121-2.sgy	1	0	2	0	0	264	1	1250	4000	Train	1.32
b-07-78-ak	WB-818_724121.sgy	1	0	2	0	0	220	1	1250	4000	Train	1.1
b-07-78-ak	WB-822_910353.sgy	1	0	2	0	0	907	1	1525	4000	Train	5.5327
b-07-78-ak	WB-824_910353.sgy	1	0	2	0	0	863	1	1500	4000	Train	5.178
b-07-78-ak	WB-826_910353.sgy	1	0	2	0	0	536	1	1525	4000	Train	3.2696
b-07-78-ak	WB-832_910353-1.sgy	1	0	2	0	0	630	1	1500	4000	Train	3.78
b-07-78-ak	WB-834_910353.sgy	1	0	2	0	0	650	1	1500	4000	Train	3.9
b-07-78-ak	WB-836_910353.sgy	1	0	2	0	0	729	1	1500	4000	Train	4.374
b-07-78-ak	WB-838_910353.sgy	1	0	2	0	0	772	1	1500	4000	Train	4.632
b-07-78-ak	WB-840_910353.sgy	1	0	2	0	0	207	1	1525	4000	Train	1.2627
b-07-78-ak	WB-842_910353.sgy	1	0	2	0	0	923	1	1500	4000	Train	5.538
b-07-78-ak	WB-850_978374.sgy	1	0	2	0	0	712	1	1500	4000	Train	4.272
b-07-78-ak	WB-856_978374.sgy	1	0	2	0	0	673	1	1500	4000	Train	4.038
b-07-78-ak	WB-874_978374.sgy	1	0	2	0	0	928	1	1500	4000	Train	5.568
b-07-78-ak	WB-880_978374.sgy	1	0	2	0	0	981	1	1525	4000	Train	5.9841
b-07-78-ak	WB-901_1_952885-1.sgy	1	0	2	0	0	494	1	1250	4000	Train	2.47
b-07-78-ak	WB-901_1_952885.sgy	1	0	2	0	0	206	1	1250	4000	Train	1.03
b-07-78-ak	WB-903_703052-1.sgy	1	0	2	0	0	830	1	1500	4000	Train	4.98
b-07-78-ak	WB-903_703052-2.sgy	1	0	2	0	0	586	1	1500	4000	Train	3.516
b-07-78-ak	WB-903_703052-3.sgy	1	0	2	0	0	896	1	1500	4000	Train	5.376
b-07-78-ak	WB-907_952885-3.sgy	1	0	2	0	0	1042	1	1250	4000	Train	5.21
b-07-78-ak	WB-907_952885.sgy	1	0	2	0	0	402	1	1250	4000	Train	2.01
b-07-78-ak	WB-911_952885.sgy	1	0	2	0	0	488	1	1250	4000	Train	2.44
b-07-78-ak	WB-914_952885.sgy	1	0	2	0	0	264	1	1250	4000	Train	1.32
b-07-78-ak	WB-915_703052-1.sgy	1	0	2	0	0	506	1	1275	4000	Train	2.5806
b-07-78-ak	WB-916_952885-1.sgy	1	0	2	0	0	560	1	1250	4000	Train	2.8
b-07-78-ak	WB-919_975951-1.sgy	1	0	2	0	0	1902	1	1525	4000	Train	11.6022
b-07-78-ak	WB-923_1_952885.sgy	1	0	2	0	0	666	1	1225	4000	Train	3.2634
b-07-78-ak	WB-926_952885.sgy	1	0	2	0	0	314	1	1250	4000	Train	1.57
b-07-78-ak	WB-927_952885-1.sgy	1	0	2	0	0	212	1	1250	4000	Train	1.06
b-07-78-ak	WB-927_952885.sgy	1	0	2	0	0	719	1	1250	4000	Train	3.595
b-07-78-ak	WB-928_952885.sgy	1	0	2	0	0	438	1	1250	4000	Train	2.19
b-07-78-ak	WB-929_952885.sgy	1	0	2	0	0	812	1	1250	4000	Train	4.06
b-07-78-ak	WB-930_952885.sgy	1	0	2	0	0	378	1	1250	4000	Train	1.89
b-07-78-ak	WB-933_978374.sgy	1	0	2	0	0	577	1	1500	4000	Train	3.462
b-07-78-ak	WB-935_703052.sgy	1	0	2	0	0	1300	1	1500	4000	Train	7.8
b-07-78-ak	WB-937_952885.sgy	1	0	2	0	0	395	1	1250	4000	Train	1.975
b-07-78-ak	WB-939_749985.sgy	1	0	2	0	0	338	1	1250	4000	Train	1.69
b-07-81-at	CSA81-1_migr.segy	1	4	1	256	1	1962	1	1851	4000	Train	14.526648
b-07-81-at	CSA81-10_migr.segy	1	4	1	256	1	1226	1	1876	4000	Train	9.199904
b-07-81-at	CSA81-11_migr.segy	1	4	1	256	1	1430	1	1701	4000	Train	9.72972
b-07-81-at	CSA81-12A_migr.segy	1	4	1	256	1	1102	1	1451	4000	Train	6.396008
b-07-81-at	CSA81-12B_migr.segy	1	4	1	256	1	1222	1	1451	4000	Train	7.092488
b-07-81-at	CSA81-2_migr.segy	1	4	1	256	1	1682	1	1851	4000	Train	12.453528
b-07-81-at	CSA81-3_migr.segy	1	4	1	256	1	1716	1	1851	4000	Train	12.705264
b-07-81-at	CSA81-4_migr.segy	1	4	1	256	1	1754	1	1851	4000	Train	12.986616
b-07-81-at	CSA81-5_migr.segy	1	4	1	256	1	1780	1	1851	4000	Train	13.17912
b-07-81-at	CSA81-6_migr.segy	1	4	1	256	1	1812	1	1851	4000	Train	13.416048
b-07-81-at	CSA81-7_migr.segy	1	4	1	256	1	1430	1	1851	4000	Train	10.58772
b-07-81-at	CSA81-8_migr.segy	1	4	1	256	1	1538	1	1851	4000	Train	11.387352
b-07-81-at	CSA81-9_migr.segy	1	4	1	256	1	1230	1	1851	4000	Train	9.10692
b-07-83-at	COMM-A_migr.segy	1	4	1	256	1	1660	1	1751	4000	Train	11.62664
b-07-83-at	COMM-B_migr.segy	1	4	1	256	1	1260	1	1751	4000	Train	8.82504
b-07-83-at	COMM-C_migr.segy	1	4	1	256	1	1884	1	1751	4000	Train	13.195536
b-07-83-at	COMM-D_migr.segy	1	4	1	256	1	2330	1	1751	4000	Train	16.31932
b-07-83-at	COMM-E_migr.segy	1	4	1	256	1	1352	1	1751	4000	Train	9.469408
b-07-83-at	COMM-F_migr.segy	1	4	1	256	1	1410	1	1751	4000	Train	9.87564
b-07-83-at	COMM-G_migr.segy	1	4	1	256	1	1240	1	1751	4000	Train	8.68496
b-07-83-at	COMM-H_migr.segy	1	4	1	256	1	1250	1	1751	4000	Train	8.755
b-07-83-at	COMM-I_migr.segy	1	4	1	256	1	1530	1	1751	4000	Train	10.71612
b-07-83-at	COMM-J_migr.segy	1	4	1	256	1	1600	1	1751	4000	Train	11.2064
b-07-83-at	COMM-K_migr.segy	1	4	1	256	1	1410	1	1751	4000	Train	9.87564
b-07-83-at	COMM-L_migr.segy	1	4	1	256	1	1410	1	1751	4000	Train	9.87564
b-07-83-at	COMM-M_migr.segy	1	4	1	256	1	1800	1	1751	4000	Train	12.6072
b-07-83-at	COMM-N_migr.segy	1	4	1	256	1	982	1	1751	4000	Train	6.877928
b-08-75-at	GB75-12_migr.segy	1	4	1	256	1	1049	1	1501	4000	Train	6.298196
b-08-75-at	GB75-12A_migr.segy	1	4	1	256	1	915	1	1501	4000	Train	5.49366
b-08-75-at	GB75-14_migr.segy	1	4	1	256	1	1049	1	1501	4000	Train	6.298196
b-08-75-at	GB75-14A_migr.segy	1	4	1	256	1	1002	1	1501	4000	Train	6.016008
b-08-75-at	GB75-14B_migr.segy	1	4	1	256	1	302	1	1501	4000	Train	1.813208
b-08-75-at	GB75-15_migr.segy	1	4	1	256	1	1049	1	1501	4000	Train	6.298196
b-08-75-at	GB75-15A_migr.segy	1	4	1	256	1	849	1	1501	4000	Train	5.097396
b-08-75-at	GB75-15B_migr.segy	1	4	1	256	1	649	1	1501	4000	Train	3.896596
b-08-75-at	GB75-16_migr.segy	1	4	1	256	1	1049	1	1501	4000	Train	6.298196
b-08-75-at	GB75-16A_migr.segy	1	4	1	256	1	1463	1	1501	4000	Train	8.783852
b-08-75-at	GB75-19_migr.segy	1	4	1	256	1	1049	1	1501	4000	Train	6.298196
b-08-75-at	GB75-19A_migr.segy	1	4	1	256	1	906	1	1501	4000	Train	5.439624
b-08-75-at	GB75-19B_migr.segy	1	4	1	256	1	671	1	1501	4000	Train	4.028684
b-08-75-at	GB75-20_migr.segy	1	4	1	256	1	1049	1	1501	4000	Train	6.298196
b-08-75-at	GB75-20A_migr.segy	1	4	1	256	1	1002	1	1501	4000	Train	6.016008
b-08-75-at	GB75-20B_migr.segy	1	4	1	256	1	735	1	1501	4000	Train	4.41294
b-08-75-at	GB75-22_migr.segy	1	4	1	256	1	481	1	1501	4000	Train	2.887924
b-08-75-at	GB75-23_migr.segy	1	4	1	256	1	880	1	1501	4000	Train	5.28352
b-08-75-at	GB75-28_migr.segy	1	4	1	256	1	1002	1	1501	4000	Train	6.016008
b-08-75-at	GB75-30_migr.segy	1	4	1	256	1	1049	1	1501	4000	Train	6.298196
b-08-75-at	GB75-30A_migr.segy	1	4	1	256	1	417	1	1501	4000	Train	2.503668
b-08-75-at	GB75-31_migr.segy	1	4	1	256	1	632	1	1501	4000	Train	3.794528
b-08-75-at	GB75-33_migr.segy	1	4	1	256	1	1049	1	1501	4000	Train	6.298196
b-08-75-at	GB75-33A_migr.segy	1	4	1	256	1	1002	1	1501	4000	Train	6.016008
b-08-75-at	GB75-33B_migr.segy	1	4	1	256	1	319	1	1501	4000	Train	1.915276
b-08-75-at	GB75-34_migr.segy	1	4	1	256	1	1049	1	1501	4000	Train	6.298196
b-08-75-at	GB75-34A_migr.segy	1	4	1	256	1	1002	1	1501	4000	Train	6.016008
b-08-75-at	GB75-34B_migr.segy	1	4	1	256	1	1002	1	1501	4000	Train	6.016008
b-08-75-at	GB75-34C_migr.segy	1	4	1	256	1	700	1	1501	4000	Train	4.2028
b-08-75-at	GB75-35_migr.segy	1	4	1	256	1	1025	1	1501	4000	Train	6.1541
b-08-75-at	GB75-42_migr.segy	1	4	1	256	1	1002	1	1501	4000	Train	6.016008
b-08-75-at	GB75-42A_migr.segy	1	4	1	256	1	1002	1	1501	4000	Train	6.016008
b-08-75-at	GB75-43_migr.segy	1	4	1	256	1	424	1	1501	4000	Train	2.545696
b-08-75-at	GB75-45_migr.segy	1	4	1	256	1	1049	1	1501	4000	Train	6.298196
b-08-75-at	GB75-45A_migr.segy	1	4	1	256	1	1099	1	1501	4000	Train	6.598396
b-08-75-at	GB75-46_migr.segy	1	4	1	256	1	1049	1	1501	4000	Train	6.298196
b-08-75-at	GB75-46A_migr.segy	1	4	1	256	1	586	1	1501	4000	Train	3.518344
b-08-75-at	GB75-47_migr.segy	1	4	1	256	1	1049	1	1501	4000	Train	6.298196
b-08-75-at	GB75-47A_migr.segy	1	4	1	256	1	1034	1	1501	4000	Train	6.208136
b-08-75-at	GB75-75_migr.segy	1	4	1	256	1	1049	1	1501	4000	Train	6.298196
b-08-75-at	GB75-75A_migr.segy	1	4	1	256	1	145	1	1501	4000	Train	0.87058
b-08-75-at	GB75-79_migr.segy	1	4	1	256	1	1061	1	1501	4000	Train	6.370244
b-08-75-at	GB75-83_migr.segy	1	4	1	256	1	247	1	1501	4000	Train	1.482988
b-08-75-at	GB75-83A_migr.segy	1	4	1	256	1	774	1	1501	4000	Train	4.647096
b-08-78-at	78-03_migr.segy	1	4	1	256	1	393	1	1501	4000	Train	2.359572
b-08-78-at	78-05_migr.segy	1	4	1	256	1	395	1	1751	4000	Train	2.76658
b-08-78-at	78-07_migr.segy	1	4	1	256	1	839	1	1751	4000	Train	5.876356
b-08-78-at	78-10_migr.segy	1	4	1	256	1	973	1	1501	4000	Train	5.841892
b-08-78-at	78-13_migr.segy	1	4	1	256	1	827	1	1751	4000	Train	5.792308
b-08-78-at	78-14_migr.segy	1	4	1	256	1	962	1	1751	4000	Train	6.737848
b-08-78-at	78-16_migr.segy	1	4	1	256	1	532	1	1751	4000	Train	3.726128
b-08-78-at	78-17_migr.segy	1	4	1	256	1	535	1	1751	4000	Train	3.74714
b-08-78-at	78-20_migr.segy	1	4	1	256	1	535	1	1751	4000	Train	3.74714
b-08-78-at	78-25_migr.segy	1	4	1	256	1	392	1	1501	4000	Train	2.353568
b-08-78-at	78-266_migr.segy	1	4	1	256	1	540	1	1501	4000	Train	3.24216
b-08-78-at	78-272_migr.segy	1	4	1	256	1	535	1	1751	4000	Train	3.74714
b-08-78-at	78-28_migr.segy	1	4	1	256	1	395	1	1501	4000	Train	2.37158
b-08-78-at	78-30_migr.segy	1	4	1	256	1	395	1	1751	4000	Train	2.76658
b-08-78-at	78-31_1_migr.segy	1	4	1	256	1	543	1	1751	4000	Train	3.803172
b-08-78-at	78-343_migr.segy	1	4	1	256	1	393	1	1501	4000	Train	2.359572
b-08-78-at	78-349_migr.segy	1	4	1	256	1	392	1	1501	4000	Train	2.353568
b-08-78-at	78-35_migr.segy	1	4	1	256	1	534	1	1751	4000	Train	3.740136
b-08-78-at	78-351_migr.segy	1	4	1	256	1	398	1	1501	4000	Train	2.389592
b-08-78-at	78-359_migr.segy	1	4	1	256	1	231	1	1501	4000	Train	1.386924
b-08-78-at	78-36_migr.segy	1	4	1	256	1	678	1	1751	4000	Train	4.748712
b-08-78-at	78-37_migr.segy	1	4	1	256	1	822	1	1751	4000	Train	5.757288
b-08-78-at	78-371_migr.segy	1	4	1	256	1	678	1	1501	4000	Train	4.070712
b-08-78-at	78-377_migr.segy	1	4	1	256	1	692	1	1501	4000	Train	4.154768
b-08-78-at	78-379_migr.segy	1	4	1	256	1	679	1	1501	4000	Train	4.076716
b-08-78-at	78-38_migr.segy	1	4	1	256	1	573	1	1751	4000	Train	4.013292
b-08-78-at	78-387_migr.segy	1	4	1	256	1	532	1	1501	4000	Train	3.194128
b-08-78-at	78-39_migr.segy	1	4	1	256	1	678	1	1751	4000	Train	4.748712
b-08-78-at	78-44_migr.segy	1	4	1	256	1	682	1	1751	4000	Train	4.776728
b-08-78-at	78-46_migr.segy	1	4	1	256	1	689	1	1751	4000	Train	4.825756
b-08-78-at	78-49_migr.segy	1	4	1	256	1	679	1	1751	4000	Train	4.755716
b-08-78-at	78-51_migr.segy	1	4	1	256	1	432	1	1751	4000	Train	3.025728
b-08-78-at	78-54_migr.segy	1	4	1	256	1	533	1	1751	4000	Train	3.733132
b-08-78-at	78-62_migr.segy	1	4	1	256	1	393	1	1751	4000	Train	2.752572
b-08-78-at	78-63_migr.segy	1	4	1	256	1	673	1	1501	4000	Train	4.040692
b-08-78-at	78-69_migr.segy	1	4	1	256	1	962	1	1501	4000	Train	5.775848
b-08-78-at	78-70_migr.segy	1	4	1	256	1	240	1	1501	4000	Train	1.44096
b-08-78-at	78-73_migr.segy	1	4	1	256	1	393	1	1501	4000	Train	2.359572
b-08-78-at	78-74_migr.segy	1	4	1	256	1	676	1	1751	4000	Train	4.734704
b-08-78-at	78-76_migr.segy	1	4	1	256	1	532	1	1501	4000	Train	3.194128
b-08-78-at	78-78_migr.segy	1	4	1	256	1	534	1	1501	4000	Train	3.206136
b-08-78-at	NPR78-06_migr.segy	1	4	1	256	1	1057	1	1501	4000	Train	6.346228
b-08-78-at	NPR78-11_migr.segy	1	4	1	256	1	2568	1	1501	4000	Train	15.418272
b-08-78-at	NPR78-12_migr.segy	1	4	1	256	1	1058	1	1501	4000	Train	6.352232
b-08-78-at	NPR78-14_migr.segy	1	4	1	256	1	1048	1	1501	4000	Train	6.292192
b-08-78-at	NPR78-16_migr.segy	1	4	1	256	1	1048	1	1501	4000	Train	6.292192
b-08-78-at	NPR78-23_1_migr.segy	1	4	2	0	0	1302	1	1751	4000	Train	9.119208
b-08-78-at	NPR78-26_migr.segy	1	4	1	256	1	1307	1	1501	4000	Train	7.847228
b-08-78-at	NPR78-32_migr.segy	1	4	1	256	1	1168	1	1501	4000	Train	7.012672
b-08-78-at	NPR78-44_migr.segy	1	4	1	256	1	1468	1	1501	4000	Train	8.813872
b-08-78-at	XPR78-134_migr.segy	1	4	1	256	1	2988	1	1501	4000	Train	17.939952
b-08-78-at	XPR78-138_1_migr.segy	1	4	1	256	1	1398	1	1501	4000	Train	8.393592
b-08-78-at	XPR78-138_migr.segy	1	4	1	256	1	1698	1	1501	4000	Train	10.194792
b-08-78-at	XPR78-140_migr.segy	1	4	1	256	1	1522	1	1501	4000	Train	9.138088
b-08-78-at	XPR78-165_migr.segy	1	4	1	256	1	1088	1	1501	4000	Train	6.532352
b-08-78-at	XPR78-187_migr.segy	1	4	1	256	1	958	1	1501	4000	Train	5.751832
b-08-78-at	XPR78-189_migr.segy	1	4	1	256	1	968	1	1501	4000	Train	5.811872
b-08-78-at	XPR78-191_migr.segy	1	4	1	256	1	938	1	1501	4000	Train	5.631752
b-08-78-at	XPR78-207_migr.segy	1	4	1	256	1	923	1	1501	4000	Train	5.541692
b-08-83-at	BC-02_migr.segy	1	4	1	256	1	1060	1	1751	4000	Train	7.42424
b-08-83-at	BC-03_migr.segy	1	4	1	256	1	1148	1	1751	4000	Train	8.040592
b-08-83-at	BC-05_migr.segy	1	4	1	256	1	1650	1	1751	4000	Train	11.5566
b-08-83-at	BC-06_migr.segy	1	4	1	256	1	1410	1	1751	4000	Train	9.87564
b-08-83-at	BC-07_migr.segy	1	4	1	256	1	1410	1	1751	4000	Train	9.87564
b-08-83-at	BC-08_migr.segy	1	4	1	256	1	1410	1	1751	4000	Train	9.87564
b-08-83-at	BC-09_migr.segy	1	4	1	256	1	1670	1	1751	4000	Train	11.69668
b-08-83-at	BC-10_migr.segy	1	4	1	256	1	1230	1	1751	4000	Train	8.61492
b-08-83-at	BC-13_migr.segy	1	4	1	256	1	1210	1	1751	4000	Train	8.47484
b-08-83-at	BC-14_migr.segy	1	4	1	256	1	1600	1	1751	4000	Train	11.2064
b-08-83-at	BC-18_migr.segy	1	4	1	256	1	1630	1	1751	4000	Train	11.41652
b-08-83-at	BC-19_migr.segy	1	4	1	256	1	1210	1	1751	4000	Train	8.47484
b-08-83-at	BC-20_migr.segy	1	4	1	256	1	1230	1	1751	4000	Train	8.61492
b-08-83-at	BC-26_migr.segy	1	4	1	256	1	1540	1	1751	4000	Train	10.78616
b-08-83-at	BC-44_migr.segy	1	4	1	256	1	1790	1	1751	4000	Train	12.53716
b-09-75-at	GE-75-07A_migr.segy	1	4	1	256	1	542	1	1501	4000	Train	3.254168
b-09-75-at	GE-75-08_migr.segy	1	4	1	256	1	470	1	1501	4000	Train	2.82188
b-09-75-at	GE-75-100B_migr.segy	1	4	1	256	1	710	1	1501	4000	Train	4.26284
b-09-75-at	GE-75-101A_migr.segy	1	4	1	256	1	1049	1	1501	4000	Train	6.298196
b-09-75-at	GE-75-103_migr.segy	1	4	1	256	1	752	1	1501	4000	Train	4.515008
b-09-75-at	GE-75-103A_migr.segy	1	4	1	256	1	1049	1	1501	4000	Train	6.298196
b-09-75-at	GE-75-110_migr.segy	1	4	1	256	1	1049	1	1501	4000	Train	6.298196
b-09-75-at	GE-75-110A_migr.segy	1	4	1	256	1	734	1	1501	4000	Train	4.406936
b-09-75-at	GE-75-112B_migr.segy	1	4	1	256	1	627	1	1501	4000	Train	3.764508
b-09-75-at	GE-75-114_migr.segy	1	4	1	256	1	460	1	1501	4000	Train	2.76184
b-09-75-at	GE-75-114C_migr.segy	1	4	1	256	1	636	1	1501	4000	Train	3.818544
b-09-75-at	GE-75-116B_migr.segy	1	4	1	256	1	1049	1	1501	4000	Train	6.298196
b-09-75-at	GE-75-12_migr.segy	1	4	1	256	1	476	1	1501	4000	Train	2.857904
b-09-75-at	GE-75-12A_migr.segy	1	4	1	256	1	1049	1	1501	4000	Train	6.298196
b-09-75-at	GE-75-13_migr.segy	1	4	1	256	1	542	1	1501	4000	Train	3.254168
b-09-75-at	GE-75-14A_migr.segy	1	4	1	256	1	470	1	1501	4000	Train	2.82188
b-09-75-at	GE-75-15A_migr.segy	1	4	1	256	1	542	1	1501	4000	Train	3.254168
b-09-75-at	GE-75-16A_migr.segy	1	4	1	256	1	1049	1	1501	4000	Train	6.298196
b-09-75-at	GE-75-17A_migr.segy	1	4	1	256	1	1049	1	1501	4000	Train	6.298196
b-09-75-at	GE-75-18A_migr.segy	1	4	1	256	1	470	1	1501	4000	Train	2.82188
b-09-75-at	GE-75-22A_migr.segy	1	4	1	256	1	468	1	1501	4000	Train	2.809872
b-09-75-at	GE-75-23_migr.segy	1	4	1	256	1	1049	1	1501	4000	Train	6.298196
b-09-75-at	GE-75-25_migr.segy	1	4	1	256	1	536	1	1501	4000	Train	3.218144
b-09-75-at	GE-75-25A_migr.segy	1	4	1	256	1	1049	1	1501	4000	Train	6.298196
b-09-75-at	GE-75-26_migr.segy	1	4	1	256	1	1049	1	1501	4000	Train	6.298196
b-09-75-at	GE-75-26A_migr.segy	1	4	1	256	1	470	1	1501	4000	Train	2.82188
b-09-75-at	GE-75-27_migr.segy	1	4	1	256	1	1049	1	1501	4000	Train	6.298196
b-09-75-at	GE-75-29A_migr.segy	1	4	1	256	1	1049	1	1501	4000	Train	6.298196
b-09-75-at	GE-75-30_migr.segy	1	4	1	256	1	1049	1	1501	4000	Train	6.298196
b-09-75-at	GE-75-32_migr.segy	1	4	1	256	1	470	1	1501	4000	Train	2.82188
b-09-75-at	GE-75-34_migr.segy	1	4	1	256	1	1049	1	1501	4000	Train	6.298196
b-09-75-at	GE-75-36_migr.segy	1	4	1	256	1	470	1	1501	4000	Train	2.82188
b-09-75-at	GE-75-36A_migr.segy	1	4	1	256	1	1049	1	1501	4000	Train	6.298196
b-09-75-at	GE-75-37A_migr.segy	1	4	1	256	1	536	1	1501	4000	Train	3.218144
b-09-75-at	GE-75-38_migr.segy	1	4	1	256	1	1049	1	1501	4000	Train	6.298196
b-09-75-at	GE-75-38A_migr.segy	1	4	1	256	1	470	1	1501	4000	Train	2.82188
b-09-75-at	GE-75-40A_migr.segy	1	4	1	256	1	470	1	1501	4000	Train	2.82188
b-09-75-at	GE-75-43_migr.segy	1	4	1	256	1	536	1	1501	4000	Train	3.218144
b-09-75-at	GE-75-46A_migr.segy	1	4	1	256	1	1049	1	1501	4000	Train	6.298196
b-09-75-at	GE-75-48A_migr.segy	1	4	1	256	1	1049	1	1501	4000	Train	6.298196
b-09-75-at	GE-75-51_migr.segy	1	4	1	256	1	965	1	1501	4000	Train	5.79386
b-09-75-at	GE-75-53_migr.segy	1	4	1	256	1	959	1	1501	4000	Train	5.757836
b-09-75-at	GE-75-60_migr.segy	1	4	1	256	1	1169	1	1501	4000	Train	7.018676
b-09-75-at	GE-75-66_migr.segy	1	4	1	256	1	1175	1	1501	4000	Train	7.0547
b-09-75-at	GE-75-67_migr.segy	1	4	1	256	1	383	1	1501	4000	Train	2.299532
b-09-75-at	GE-75-73_migr.segy	1	4	1	256	1	1049	1	1501	4000	Train	6.298196
b-09-75-at	GE-75-74_migr.segy	1	4	1	256	1	1049	1	1501	4000	Train	6.298196
b-09-75-at	GE-75-75A_migr.segy	1	4	1	256	1	1049	1	1501	4000	Train	6.298196
b-09-75-at	GE-75-77_migr.segy	1	4	1	256	1	1049	1	1501	4000	Train	6.298196
b-09-75-at	GE-75-77A_migr.segy	1	4	1	256	1	1273	1	1501	4000	Train	7.643092
b-09-75-at	GE-75-79A_migr.segy	1	4	1	256	1	974	1	1501	4000	Train	5.847896
b-09-75-at	GE-75-80_migr.segy	1	4	1	256	1	1049	1	1501	4000	Train	6.298196
b-09-75-at	GE-75-80A_migr.segy	1	4	1	256	1	1106	1	1501	4000	Train	6.640424
b-09-75-at	GE-75-81A_migr.segy	1	4	1	256	1	1049	1	1501	4000	Train	6.298196
b-09-75-at	GE-75-84A_migr.segy	1	4	1	256	1	1008	1	1501	4000	Train	6.052032
b-09-75-at	GE-75-86_migr.segy	1	4	1	256	1	1037	1	1501	4000	Train	6.226148
b-09-75-at	GE-75-90_migr.segy	1	4	1	256	1	1049	1	1501	4000	Train	6.298196
b-09-75-at	GE-75-92_migr.segy	1	4	1	256	1	1127	1	1501	4000	Train	6.766508
b-09-75-at	GE-75-97A_migr.segy	1	4	1	256	1	1002	1	1501	4000	Train	6.016008
b-09-81-at	81-201_migr.segy	1	4	1	256	1	349	1	1926	4000	Train	2.688696
b-09-81-at	81-205_migr.segy	1	4	1	256	1	419	1	1676	4000	Train	2.808976
b-09-81-at	81-210_migr.segy	1	4	1	256	1	365	1	1426	4000	Train	2.08196
b-09-81-at	81-211_migr.segy	1	4	1	256	1	415	1	1676	4000	Train	2.78216
b-09-81-at	81-212_migr.segy	1	4	1	256	1	397	1	1426	4000	Train	2.264488
b-09-81-at	81-213_migr.segy	1	4	1	256	1	491	1	1901	4000	Train	3.733564
b-09-81-at	81-214_migr.segy	1	4	1	256	1	781	1	1676	4000	Train	5.235824
b-09-81-at	81-215_migr.segy	1	4	1	256	1	475	1	1426	4000	Train	2.7094
b-09-81-at	81-216_migr.segy	1	4	1	256	1	752	1	1676	4000	Train	5.041408
b-09-81-at	81-221_migr.segy	1	4	1	256	1	569	1	1901	4000	Train	4.326676
b-09-81-at	81-223_migr.segy	1	4	1	256	1	553	1	1876	4000	Train	4.149712
b-09-81-at	81-224A_migr.segy	1	4	1	256	1	1141	1	1676	4000	Train	7.649264
b-09-81-at	81-229_migr.segy	1	4	1	256	1	997	1	1976	4000	Train	7.880288
b-09-81-at	81-230_migr.segy	1	4	1	256	1	245	1	1726	4000	Train	1.69148
b-09-81-at	81-236_migr.segy	1	4	1	256	1	343	1	1426	4000	Train	1.956472
b-09-81-at	81-238_migr.segy	1	4	1	256	1	343	1	1451	4000	Train	1.990772
b-09-81-at	81-239_migr.segy	1	4	1	256	1	709	1	1926	4000	Train	5.462136
b-09-81-at	81-255_migr.segy	1	4	1	256	1	689	1	1926	4000	Train	5.308056
b-09-81-at	81-257_migr.segy	1	4	1	256	1	317	1	1726	4000	Train	2.188568
b-09-81-at	81-263_migr.segy	1	4	1	256	1	737	1	1901	4000	Train	5.604148
b-09-81-at	81-267_migr.segy	1	4	1	256	1	727	1	1976	4000	Train	5.746208
b-09-81-at	81-271_migr.segy	1	4	1	256	1	652	1	1926	4000	Train	5.023008
b-09-81-at	81-275_migr.segy	1	4	1	256	1	619	1	1926	4000	Train	4.768776
b-09-81-at	81-279_migr.segy	1	4	1	256	1	611	1	1901	4000	Train	4.646044
b-09-81-at	81-283_migr.segy	1	4	1	256	1	684	1	1901	4000	Train	5.201136
b-09-81-at	81-299_migr.segy	1	4	1	256	1	973	1	1926	4000	Train	7.495992
b-09-81-at	81-303_migr.segy	1	4	1	256	1	955	1	1926	4000	Train	7.35732
b-09-81-at	81-307_migr.segy	1	4	1	256	1	957	1	1926	4000	Train	7.372728
b-09-81-at	81-317_migr.segy	1	4	1	256	1	475	1	1901	4000	Train	3.6119
b-09-81-at	81-331_migr.segy	1	4	1	256	1	683	1	1626	4000	Train	4.442232
b-09-81-at	81-333_migr.segy	1	4	1	256	1	598	1	1901	4000	Train	4.547192
b-09-81-at	81-339_migr.segy	1	4	1	256	1	689	1	1926	4000	Train	5.308056
b-09-81-at	81-345_migr.segy	1	4	1	256	1	295	1	1676	4000	Train	1.97768
b-09-81-at	81-347_migr.segy	1	4	1	256	1	723	1	1926	4000	Train	5.569992
b-09-81-at	81-349_migr.segy	1	4	1	256	1	729	1	1901	4000	Train	5.543316
b-09-81-at	81-351_migr.segy	1	4	1	256	1	738	1	1876	4000	Train	5.537952
b-09-81-at	81-361_migr.segy	1	4	1	256	1	733	1	1901	4000	Train	5.573732
b-09-81-at	81-363_migr.segy	1	4	1	256	1	667	1	1876	4000	Train	5.005168
b-09-81-at	81-375_migr.segy	1	4	1	256	1	259	1	1676	4000	Train	1.736336
b-09-81-at	81-377_migr.segy	1	4	1	256	1	229	1	1676	4000	Train	1.535216
b-09-81-at	81-377A_migr.segy	1	4	1	256	1	610	1	1676	4000	Train	4.08944
b-09-81-at	81-379_migr.segy	1	4	1	256	1	735	1	1876	4000	Train	5.51544
b-09-81-at	81-385_migr.segy	1	4	1	256	1	593	1	1676	4000	Train	3.975472
b-09-81-at	81-387_migr.segy	1	4	1	256	1	627	1	1676	4000	Train	4.203408
b-09-81-at	81-391_migr.segy	1	4	1	256	1	609	1	1901	4000	Train	4.630836
b-09-81-at	81-397_migr.segy	1	4	1	256	1	333	1	1426	4000	Train	1.899432
b-09-81-at	81-405_migr.segy	1	4	1	256	1	556	1	1676	4000	Train	3.727424
b-09-81-at	81-407_migr.segy	1	4	1	256	1	561	1	1676	4000	Train	3.760944
b-09-81-at	81-409_migr.segy	1	4	1	256	1	557	1	1401	4000	Train	3.121428
b-09-81-at	81-411_migr.segy	1	4	1	256	1	547	1	1676	4000	Train	3.667088
b-09-81-at	81-417_migr.segy	1	4	1	256	1	509	1	1676	4000	Train	3.412336
b-09-81-at	81-419_migr.segy	1	4	1	256	1	283	1	1676	4000	Train	1.897232
b-09-81-at	81-419-1_migr.segy	1	4	1	256	1	202	1	1926	4000	Train	1.556208
b-09-81-at	81-429_migr.segy	1	4	1	256	1	493	1	1676	4000	Train	3.305072
b-09-81-at	81-433_migr.segy	1	4	1	256	1	477	1	1426	4000	Train	2.720808
b-09-81-at	81-435_migr.segy	1	4	1	256	1	470	1	1426	4000	Train	2.68088
b-09-81-at	MA-220_migr.segy	1	4	1	256	1	723	1	1701	4000	Train	4.919292
b-09-81-at	MA-226_migr.segy	1	4	1	256	1	685	1	1701	4000	Train	4.66074
b-09-81-at	MA-235_migr.segy	1	4	1	256	1	1219	1	2101	4000	Train	10.244476
b-09-81-at	MA-251_migr.segy	1	4	1	256	1	415	1	1951	4000	Train	3.23866
b-09-81-at	MA-251A_migr.segy	1	4	1	256	1	221	1	2126	4000	Train	1.879384
b-09-81-at	MA-255_migr.segy	1	4	1	256	1	653	1	2126	4000	Train	5.553112
b-09-81-at	MA-289_migr.segy	1	4	1	256	1	404	1	1976	4000	Train	3.193216
b-09-81-at	MA-309_migr.segy	1	4	1	256	1	395	1	1976	4000	Train	3.12208
b-09-81-at	MA-323_migr.segy	1	4	1	256	1	815	1	1951	4000	Train	6.36026
b-09-81-at	MA-325_migr.segy	1	4	1	256	1	243	1	1451	4000	Train	1.410372
b-09-81-at	MA-335_migr.segy	1	4	1	256	1	1250	1	2101	4000	Train	10.505
b-09-81-at	MA-401_migr.segy	1	4	1	256	1	408	1	1701	4000	Train	2.776032
b-09-81-at	MA-423_migr.segy	1	4	1	256	1	494	1	1701	4000	Train	3.361176
b-09-81-at	MA-431_migr.segy	1	4	1	256	1	451	1	1951	4000	Train	3.519604
b-09-81-at	MA-447_migr.segy	1	4	1	256	1	397	1	1701	4000	Train	2.701188
b-09-81-at	MA-451_migr.segy	1	4	1	256	1	433	1	1701	4000	Train	2.946132
b-09-81-at	MA-453_migr.segy	1	4	1	256	1	427	1	1951	4000	Train	3.332308
b-10-80-at	80PMA-01_migr.segy	1	4	1	256	1	1846	1	2326	4000	Train	17.175184
b-10-80-at	80PMA-03_migr.segy	1	4	1	256	1	1368	1	1651	4000	Train	9.034272
b-10-80-at	80PMA-04B_migr.segy	1	4	1	256	1	1904	1	2076	4000	Train	15.810816
b-10-80-at	80PMA-06_migr.segy	1	4	1	256	1	2399	1	2301	4000	Train	22.080396
b-10-80-at	80PMA-06B_migr.segy	1	4	1	256	1	1282	1	2051	4000	Train	10.517528
b-10-80-at	80PMA-06C_migr.segy	1	4	1	256	1	838	1	2276	4000	Train	7.629152
b-10-80-at	80PMA-06D_migr.segy	1	4	1	256	1	1942	1	2451	4000	Train	19.039368
b-10-80-at	80PMA-07_migr.segy	1	4	1	256	1	1855	1	2451	4000	Train	18.18642
b-10-80-at	80PMA-08_migr.segy	1	4	1	256	1	1227	1	1651	4000	Train	8.103108
b-10-80-at	80PMA-08A_migr.segy	1	4	1	256	1	801	1	1676	4000	Train	5.369904
b-10-80-at	80PMA-08B_migr.segy	1	4	1	256	1	1288	1	2276	4000	Train	11.725952
b-10-80-at	80PMA-12_migr.segy	1	4	1	256	1	2634	1	2451	4000	Train	25.823736
b-10-80-at	80PMA-13_migr.segy	1	4	1	256	1	1165	1	2451	4000	Train	11.42166
b-10-80-at	80PMA-21_migr.segy	1	4	1	256	1	2905	1	2451	4000	Train	28.48062
b-10-80-at	80PMA-27_migr.segy	1	4	1	256	1	782	1	2451	4000	Train	7.666728
b-10-80-at	80PMA-29_migr.segy	1	4	1	256	1	1773	1	2451	4000	Train	17.382492
b-10-81-at	388-AN-16693_migr.segy	1	4	1	256	1	967	1	2251	4000	Train	8.706868
b-10-81-at	388-AN-16700_migr.segy	1	4	1	256	1	766	1	2251	4000	Train	6.897064
b-10-81-at	388-AN-16709_migr.segy	1	4	1	256	1	1397	1	2251	4000	Train	12.578588
b-10-81-at	388-AN-16739_migr.segy	1	4	1	256	1	1767	1	2251	4000	Train	15.910068
b-10-81-at	388-AN-16746_migr.segy	1	4	1	256	1	1525	1	2326	4000	Train	14.1886
b-10-81-at	388-AN-16748_migr.segy	1	4	1	256	1	1578	1	2476	4000	Train	15.628512
b-10-81-at	388-AN-16751_migr.segy	1	4	1	256	1	1741	1	2251	4000	Train	15.675964
b-10-81-at	388-AN-16755_migr.segy	1	4	1	256	1	1253	1	1001	4000	Train	5.017012
b-10-81-at	388-AN-16758_migr.segy	1	4	1	256	1	1623	1	2401	4000	Train	15.587292
b-10-81-at	388-AN-16760_migr.segy	1	4	1	256	1	1577	1	2401	4000	Train	15.145508
b-10-81-at	388-AN-16768_migr.segy	1	4	1	256	1	1715	1	2251	4000	Train	15.44186
b-10-81-at	388-AN-16769_migr.segy	1	4	1	256	1	933	1	1726	4000	Train	6.441432
b-10-81-at	388-AN-16772_migr.segy	1	4	1	256	1	3560	1	2251	4000	Train	32.05424
b-10-81-at	388-AN-16773_migr.segy	1	4	1	256	1	2677	1	2251	4000	Train	24.103708
b-10-81-at	388-AN-16809_migr.segy	1	4	1	256	1	899	1	2026	4000	Train	7.285496
b-10-81-at	388-AN-16810_migr.segy	1	4	1	256	1	1915	1	2326	4000	Train	17.81716
b-10-82-at	G82-101_migr.segy	1	0	2	0	0	1746	1	2501	4000	Train	17.466984
b-10-82-at	G82-155_migr.segy	1	0	2	0	0	1634	1	2501	4000	Train	16.346536
b-10-82-at	G82-179_migr.segy	1	0	2	0	0	2558	1	2501	4000	Train	25.590232
b-10-82-at	G82-23AE_migr.segy	1	0	2	0	0	638	1	2501	4000	Train	6.382552
b-10-82-at	G82-39_migr.segy	1	0	2	0	0	1932	1	2501	4000	Train	19.327728
b-10-82-at	G82-6_migr.segy	1	0	2	0	0	2538	1	2501	4000	Train	25.390152
b-11-77-at	MA-100_migr.segy	1	4	1	256	1	3226	1	1751	4000	Train	22.594904
b-11-77-at	MA-101A-_migr.segy	1	4	1	256	1	715	1	2001	4000	Train	5.72286
b-11-77-at	MA-104_migr.segy	1	4	1	256	1	631	1	1751	4000	Train	4.419524
b-11-77-at	MA-104B_migr.segy	1	4	1	256	1	254	1	1751	4000	Train	1.779016
b-11-77-at	MA-107_migr.segy	1	4	1	256	1	1171	1	2001	4000	Train	9.372684
b-11-77-at	MA-108A_migr.segy	1	4	1	256	1	397	1	1751	4000	Train	2.780588
b-11-77-at	MA-108C_migr.segy	1	4	1	256	1	3968	1	2001	4000	Train	31.759872
b-11-77-at	MA-110A_migr.segy	1	4	1	256	1	335	1	2001	4000	Train	2.68134
b-11-77-at	MA-112_migr.segy	1	4	1	256	1	2523	1	2001	4000	Train	20.194092
b-11-77-at	MA-112B_migr.segy	1	4	1	256	1	3967	1	2001	4000	Train	31.751868
b-11-77-at	MA-120_migr.segy	1	4	1	256	1	931	1	1751	4000	Train	6.520724
b-11-77-at	MA-122_migr.segy	1	4	1	256	1	951	1	2001	4000	Train	7.611804
b-11-77-at	MA-124A_migr.segy	1	4	1	256	1	171	1	2001	4000	Train	1.368684
b-11-77-at	MA-133_migr.segy	1	4	1	256	1	1020	1	2001	4000	Train	8.16408
b-11-77-at	MA-135_migr.segy	1	4	1	256	1	1574	1	2001	4000	Train	12.598296
b-11-77-at	MA-151_migr.segy	1	4	1	256	1	903	1	2001	4000	Train	7.227612
b-11-77-at	MA-155_migr.segy	1	4	1	256	1	1051	1	2001	4000	Train	8.412204
b-11-77-at	MA-165_migr.segy	1	4	1	256	1	967	1	2001	4000	Train	7.739868
b-11-77-at	MA-175_migr.segy	1	4	1	256	1	1191	1	2001	4000	Train	9.532764
b-11-77-at	MA-177_migr.segy	1	4	1	256	1	767	1	2001	4000	Train	6.139068
b-11-77-at	MA-179_migr.segy	1	4	1	256	1	1231	1	2001	4000	Train	9.852924
b-11-77-at	MA-191_migr.segy	1	4	1	256	1	1215	1	2001	4000	Train	9.72486
b-11-78-at	EK78-68_migr.segy	1	4	1	256	1	1580	1	1951	4000	Train	12.33032
b-11-78-at	EK78-69_migr.segy	1	4	1	256	1	1687	1	1876	4000	Train	12.659248
b-11-78-at	EK78-69A_migr.segy	1	4	1	256	1	1630	1	1876	4000	Train	12.23152
b-11-82-at	82-157_migr.segy	1	4	1	256	1	560	1	1701	4000	Train	3.81024
b-11-82-at	82-159_migr.segy	1	4	1	256	1	666	1	1701	4000	Train	4.531464
b-11-82-at	82-173_migr.segy	1	4	1	256	1	581	1	1701	4000	Train	3.953124
b-11-82-at	82-177_migr.segy	1	4	1	256	1	437	1	1701	4000	Train	2.973348
b-11-82-at	82-181_migr.segy	1	4	1	256	1	468	1	1701	4000	Train	3.184272
b-11-82-at	M82-02_migr.segy	1	4	1	256	1	534	1	1701	4000	Train	3.633336
b-11-82-at	M82-02A_migr.segy	1	4	1	256	1	1250	1	1701	4000	Train	8.505
b-11-82-at	M82-06_migr.segy	1	4	1	256	1	1747	1	1701	4000	Train	11.886588
b-11-82-at	M82-06A_migr.segy	1	4	1	256	1	365	1	1701	4000	Train	2.48346
b-11-82-at	M82-21_migr.segy	1	4	1	256	1	525	1	1701	4000	Train	3.5721
b-11-82-at	M82-25_migr.segy	1	4	1	256	1	1210	1	1701	4000	Train	8.23284
b-11-82-at	M82-35_migr.segy	1	4	1	256	1	2688	1	1701	4000	Train	18.289152
b-11-82-at	MAR82-02B_migr.segy	1	4	1	256	1	155	1	1701	4000	Train	1.05462
b-11-82-at	MAR82-112_migr.segy	1	4	1	256	1	1643	1	1701	4000	Train	11.178972
b-11-82-at	MAR82-118_migr.segy	1	4	1	256	1	1405	1	1701	4000	Train	9.55962
b-11-82-at	MAR82-120_migr.segy	1	4	1	256	1	1596	1	1701	4000	Train	10.859184
b-11-82-at	MAR82-121_migr.segy	1	4	1	256	1	410	1	1701	4000	Train	2.78964
b-11-82-at	MAR82-122_migr.segy	1	4	1	256	1	1548	1	1701	4000	Train	10.532592
b-11-82-at	MAR82-123_migr.segy	1	4	1	256	1	415	1	1701	4000	Train	2.82366
b-11-82-at	MAR82-124_migr.segy	1	4	1	256	1	1599	1	1701	4000	Train	10.879596
b-11-82-at	MAR82-125_migr.segy	1	4	1	256	1	423	1	1701	4000	Train	2.878092
b-11-82-at	MAR82-126_migr.segy	1	4	1	256	1	1553	1	1701	4000	Train	10.566612
b-11-82-at	MAR82-127_migr.segy	1	4	1	256	1	420	1	1701	4000	Train	2.85768
b-11-82-at	MAR82-128_migr.segy	1	4	1	256	1	1426	1	1701	4000	Train	9.702504
b-11-82-at	MAR82-129_migr.segy	1	4	1	256	1	474	1	1701	4000	Train	3.225096
b-11-82-at	MAR82-130_migr.segy	1	4	1	256	1	958	1	1701	4000	Train	6.518232
b-11-82-at	MAR82-131_migr.segy	1	4	1	256	1	582	1	1701	4000	Train	3.959928
b-11-82-at	MAR82-132_migr.segy	1	4	1	256	1	640	1	1701	4000	Train	4.35456
b-11-82-at	MAR82-133_migr.segy	1	4	1	256	1	535	1	1701	4000	Train	3.64014
b-11-82-at	MAR82-134_migr.segy	1	4	1	256	1	140	1	1701	4000	Train	0.95256
b-11-82-at	MAR82-135_migr.segy	1	4	1	256	1	592	1	1701	4000	Train	4.027968
b-11-82-at	MAR82-137_migr.segy	1	4	1	256	1	585	1	1701	4000	Train	3.98034
b-11-82-at	MAR82-139_migr.segy	1	4	1	256	1	585	1	1701	4000	Train	3.98034
b-11-82-at	MAR82-141_migr.segy	1	4	1	256	1	528	1	1701	4000	Train	3.592512
b-11-82-at	MAR82-143_migr.segy	1	4	1	256	1	530	1	1701	4000	Train	3.60612
b-11-82-at	MAR82-145_migr.segy	1	4	1	256	1	583	1	1701	4000	Train	3.966732
b-11-82-at	MAR82-147_migr.segy	1	4	1	256	1	510	1	1701	4000	Train	3.47004
b-11-82-at	MAR82-149_migr.segy	1	4	1	256	1	588	1	1701	4000	Train	4.000752
b-11-82-at	MAR82-151_migr.segy	1	4	1	256	1	654	1	1701	4000	Train	4.449816
b-11-82-at	MAR82-153_migr.segy	1	4	1	256	1	669	1	1701	4000	Train	4.551876
b-11-82-at	MAR82-155_migr.segy	1	4	1	256	1	583	1	1701	4000	Train	3.966732
b-11-82-at	MAR82-161_migr.segy	1	4	1	256	1	668	1	1701	4000	Train	4.545072
b-11-82-at	MAR82-163_migr.segy	1	4	1	256	1	662	1	1701	4000	Train	4.504248
b-11-82-at	MAR82-165_migr.segy	1	4	1	256	1	672	1	1701	4000	Train	4.572288
b-11-82-at	MAR82-167_migr.segy	1	4	1	256	1	650	1	1701	4000	Train	4.4226
b-11-82-at	MAR82-169_migr.segy	1	4	1	256	1	680	1	1701	4000	Train	4.62672
b-11-82-at	MAR82-17_migr.segy	1	4	1	256	1	1675	1	1701	4000	Train	11.3967
b-11-82-at	MAR82-171_migr.segy	1	4	1	256	1	631	1	1701	4000	Train	4.293324
b-11-82-at	MAR82-171X_migr.segy	1	4	1	256	1	450	1	1701	4000	Train	3.0618
b-11-82-at	MAR82-173X_migr.segy	1	4	1	256	1	280	1	1701	4000	Train	1.90512
b-11-82-at	MAR82-175_migr.segy	1	4	1	256	1	508	1	1701	4000	Train	3.456432
b-11-82-at	MAR82-175X_migr.segy	1	4	1	256	1	268	1	1701	4000	Train	1.823472
b-11-82-at	MAR82-177X_migr.segy	1	4	1	256	1	204	1	1701	4000	Train	1.388016
b-11-82-at	MAR82-179_migr.segy	1	4	1	256	1	473	1	1701	4000	Train	3.218292
b-11-82-at	MAR82-179X_migr.segy	1	4	1	256	1	383	1	1701	4000	Train	2.605932
b-11-82-at	MAR82-181X_migr.segy	1	4	1	256	1	450	1	1701	4000	Train	3.0618
b-11-82-at	MAR82-33_migr.segy	1	4	1	256	1	1606	1	1701	4000	Train	10.927224
b-11-88-at	88-22-AA_migr.segy	1	4	1	256	1	1737	1	2001	4000	Train	13.902948
b-11-88-at	88-22-C_migr.segy	1	4	1	256	1	1609	1	2001	4000	Train	12.878436
b-11-88-at	88-22-CC_migr.segy	1	4	1	256	1	670	1	2001	4000	Train	5.36268
b-11-88-at	88-22-CC-1_migr.segy	1	4	1	256	1	1023	1	2001	4000	Train	8.188092
b-11-88-at	88-22-DD_migr.segy	1	4	1	256	1	915	1	2001	4000	Train	7.32366
b-11-88-at	88-22-DD-1_migr.segy	1	4	1	256	1	772	1	2001	4000	Train	6.179088
b-11-88-at	88-22-G_migr.segy	1	4	1	256	1	1668	1	2001	4000	Train	13.350672
b-11-88-at	88-22-K_migr.segy	1	4	1	256	1	1034	1	2001	4000	Train	8.276136
b-11-88-at	88-22-M_migr.segy	1	4	1	256	1	822	1	2001	4000	Train	6.579288
b-11-88-at	88-22-O_migr.segy	1	4	1	256	1	871	1	2001	4000	Train	6.971484
b-11-88-at	88-22-Q_migr.segy	1	4	1	256	1	788	1	2001	4000	Train	6.307152
b-11-88-at	88-22-T_migr.segy	1	4	1	256	1	1021	1	2001	4000	Train	8.172084
b-11-88-at	88-22-V_migr.segy	1	4	1	256	1	305	1	2001	4000	Train	2.44122
b-11-88-at	88-22-V-1_migr.segy	1	4	1	256	1	504	1	2001	4000	Train	4.034016
b-11-88-at	88-22-X_migr.segy	1	4	1	256	1	1623	1	2001	4000	Train	12.990492
b-11-88-at	88-22-Z_migr.segy	1	4	1	256	1	1141	1	2001	4000	Train	9.132564
b-12-77-at	125_migr.segy	1	4	1	256	1	603	1	1726	4000	Train	4.163112
b-12-77-at	126_migr.segy	1	4	1	256	1	603	1	1726	4000	Train	4.163112
b-12-77-at	127_migr.segy	1	4	1	256	1	599	1	1726	4000	Train	4.135496
b-12-77-at	128_migr.segy	1	4	1	256	1	553	1	1726	4000	Train	3.817912
b-12-77-at	129_migr.segy	1	4	1	256	1	599	1	1726	4000	Train	4.135496
b-12-77-at	130_migr.segy	1	4	1	256	1	316	1	1726	4000	Train	2.181664
b-12-77-at	130A_migr.segy	1	4	1	256	1	402	1	1726	4000	Train	2.775408
b-12-77-at	131_migr.segy	1	4	1	256	1	655	1	1726	4000	Train	4.52212
b-12-77-at	131A_migr.segy	1	4	1	256	1	913	1	1726	4000	Train	6.303352
b-12-77-at	132_migr.segy	1	4	1	256	1	3997	1	1726	4000	Train	27.595288
b-12-77-at	132A_migr.segy	1	4	1	256	1	795	1	1726	4000	Train	5.48868
b-12-77-at	133_migr.segy	1	4	1	256	1	1447	1	1726	4000	Train	9.990088
b-13-76-at	TX-1_migr.segy	1	4	1	256	1	1725	1	1701	4000	Train	11.7369
b-13-76-at	TX-1A_migr.segy	1	4	1	256	1	1875	1	1701	4000	Train	12.7575
b-13-76-at	TX-1B_migr.segy	1	4	1	256	1	1670	1	1701	4000	Train	11.36268
b-13-76-at	TX-1C_migr.segy	1	4	1	256	1	1440	1	1701	4000	Train	9.79776
b-13-76-at	TX-1D_migr.segy	1	4	1	256	1	1028	1	1701	4000	Train	6.994512
b-13-78-at	CPR78-1_migr.segy	1	4	1	256	1	848	1	1751	4000	Train	5.939392
b-13-78-at	CPR78-10_migr.segy	1	4	1	256	1	461	1	1751	4000	Train	3.228844
b-13-78-at	CPR78-2_migr.segy	1	4	1	256	1	657	1	1751	4000	Train	4.601628
b-13-78-at	CPR78-3_migr.segy	1	4	1	256	1	552	1	1751	4000	Train	3.866208
b-13-78-at	CPR78-4_migr.segy	1	4	1	256	1	982	1	1751	4000	Train	6.877928
b-13-78-at	CPR78-5_migr.segy	1	4	1	256	1	532	1	1751	4000	Train	3.726128
b-13-78-at	CPR78-6_migr.segy	1	4	1	256	1	406	1	1751	4000	Train	2.843624
b-13-78-at	CPR78-7_migr.segy	1	4	1	256	1	513	1	1751	4000	Train	3.593052
b-13-78-at	CPR78-8_migr.segy	1	4	1	256	1	457	1	1751	4000	Train	3.200828
b-13-78-at	CPR78-9_migr.segy	1	4	1	256	1	527	1	1751	4000	Train	3.691108
b-15-77-ak	B-27A__500838.sgy	1	0	2	0	0	624	1	1501	4000	Train	3.746496
b-15-77-ak	B-35__500838.sgy	1	0	2	0	0	548	1	1501	4000	Train	3.290192
b-15-77-ak	SP77-003__500270.sgy	1	0	2	0	0	3234	1	1501	4000	Train	19.416936
b-15-77-ak	SP77-005C_1__500240.sgy	1	0	2	0	0	590	1	1501	4000	Train	3.54236
b-15-77-ak	SP77-008__SP-12.sgy	1	0	2	0	0	2587	1	1501	4000	Train	15.532348
b-15-77-ak	SP77-009__500305.sgy	1	0	2	0	0	4146	1	1501	4000	Train	24.892584
b-15-77-ak	SP77-013__500307.sgy	1	0	2	0	0	2216	1	1501	4000	Train	13.304864
b-15-77-ak	SP77-020__TC22150.sgy	1	0	2	0	0	4230	1	1501	4000	Train	25.39692
b-15-77-ak	SP77-029__500004.sgy	1	0	2	0	0	1609	1	1501	4000	Train	9.660436
b-15-77-ak	SP77-061__SP-10.sgy	1	0	2	0	0	2986	1	1501	4000	Train	17.927944
b-15-79-at	PRI-01_migr.segy	1	4	1	256	1	1900	1	1701	4000	Train	12.9276
b-15-79-at	PRI-02_migr.segy	1	4	1	256	1	1845	1	1701	4000	Train	12.55338
b-15-79-at	PRI-05_migr.segy	1	4	1	256	1	2396	1	1976	4000	Train	18.937984
b-15-79-at	PRI-08_migr.segy	1	4	1	256	1	2767	1	1701	4000	Train	18.826668
b-15-79-at	PRI-20_migr.segy	1	4	1	256	1	1198	1	1701	4000	Train	8.151192
b-15-87-ar	P87-15_Lwb-2559-MIG_Tape1121300_File106.sgy	1	1	2	0	0	4003	1	1475	4000	Train	23.6177
b-15-87-ar	P87-15_Lwb-2563-MIG_Tape1121300_File108.sgy	1	1	2	0	0	3752	1	1475	4000	Train	22.1368
b-15-87-ar	P87-15_Lwb-2565-MIG_Tape1121300_File109.sgy	1	1	2	0	0	3914	1	1475	4000	Train	23.0926
b-15-87-ar	P87-15_Lwb-2567-MIG_Tape1121300_File110.sgy	1	1	2	0	0	6122	1	1475	4000	Train	36.1198
b-15-87-ar	P87-15_Lwb-2569-MIG_Tape1121300_File111.sgy	1	1	2	0	0	7137	1	1475	4000	Train	42.1083
b-15-87-ar	P87-15_Lwb-2573-MIG_Tape1121300_File113.sgy	1	1	2	0	0	4236	1	1475	4000	Train	24.9924
b-15-87-ar	P87-15_Lwb-2589-MIG_Tape1121300_File114.sgy	1	1	2	0	0	2172	1	1475	4000	Train	12.8148
b-15-87-ar	P87-15_LWB-2595-MIG_Tape1121300_File116.sgy	1	1	2	0	0	1800	1	1475	4000	Train	10.62
b-15-87-ar	P87-15_Lwb-2742-MIG_Tape1121300_File118.sgy	1	1	2	0	0	4250	1	1475	4000	Train	25.075
b-15-87-ar	P87-15_Lwb-2750-MIG_Tape1121300_File122.sgy	1	1	2	0	0	1440	1	1475	4000	Train	8.496
b-15-87-ar	P87-15_LWB-2754-MIG_Tape1121297_File20.sgy	1	1	2	0	0	3506	1	1750	4000	Train	24.542
b-15-87-ar	P87-15_Lwb-2754-MIG_Tape1121300_File124.sgy	1	1	2	0	0	808	1	1475	4000	Train	4.7672
b-15-87-ar	P87-15_Lwb-2756-MIG_Tape1121300_File125.sgy	1	1	2	0	0	3989	1	1475	4000	Train	23.5351
b-15-87-ar	P87-15_Lwb-2760-MIG_Tape1121300_File126.sgy	1	1	2	0	0	3430	1	1475	4000	Train	20.237
b-16-76-at	MA-001-2_migr.segy	1	4	1	256	1	667	1	1726	4000	Train	4.604968
b-16-76-at	MA-003-3_migr.segy	1	4	2	0	0	1017	1	1751	4000	Train	7.123068
b-16-76-at	MA-003-6_migr.segy	1	4	2	0	0	689	1	1751	4000	Train	4.825756
b-16-76-at	MA-005-5_migr.segy	1	4	2	0	0	755	1	1726	4000	Train	5.21252
b-16-76-at	MA-006_migr.segy	1	4	1	0	0	1633	1	1751	4000	Train	11.437532
b-16-76-at	MA-007-1_migr.segy	1	4	1	0	0	2117	1	1751	4000	Train	14.827468
b-16-76-at	MA-007-2_migr.segy	1	4	1	0	0	1397	1	1751	4000	Train	9.784588
b-16-76-at	MA-009-1_migr.segy	1	4	2	0	0	1629	1	2001	4000	Train	13.038516
b-16-76-at	MA-009-2_migr.segy	1	4	1	0	0	533	1	2001	4000	Train	4.266132
b-16-76-at	MA-009-4_migr.segy	1	4	1	0	0	814	1	1751	4000	Train	5.701256
b-16-76-at	MA-009-5_migr.segy	1	4	1	0	0	2317	1	2001	4000	Train	18.545268
b-16-76-at	MA-009-6_migr.segy	1	4	2	0	0	1147	1	2076	4000	Train	9.524688
b-16-76-at	MA-010_migr.segy	1	4	1	0	0	977	1	1751	4000	Train	6.842908
b-16-76-at	MA-011-2A_migr.segy	1	4	1	0	0	1147	1	2076	4000	Train	9.524688
b-16-76-at	MA-012_migr.segy	1	4	2	0	0	2533	1	2076	4000	Train	21.034032
b-16-76-at	MA-016_migr.segy	1	4	2	0	0	2517	1	2501	4000	Train	25.180068
b-16-76-at	MA-026_migr.segy	1	4	1	0	0	1291	1	1751	4000	Train	9.042164
b-16-76-at	MA-028_migr.segy	1	4	1	0	0	1473	1	2076	4000	Train	12.231792
b-16-76-at	MA-030_migr.segy	1	4	2	0	0	1275	1	1751	4000	Train	8.9301
b-16-76-at	MA-034_migr.segy	1	4	1	0	0	1299	1	1751	4000	Train	9.098196
b-16-76-at	MA-038_migr.segy	1	4	2	0	0	1467	1	2076	4000	Train	12.181968
b-16-76-at	MA-054_migr.segy	1	4	2	0	0	1163	1	1751	4000	Train	8.145652
b-16-76-at	MA-056_migr.segy	1	4	2	0	0	1549	1	2076	4000	Train	12.862896
b-16-76-at	MA-058_migr.segy	1	4	2	0	0	1039	1	1751	4000	Train	7.277156
b-16-76-at	MA-060_migr.segy	1	4	2	0	0	1941	1	2076	4000	Train	16.118064
b-16-76-at	MA-064_migr.segy	1	4	2	0	0	1379	1	2076	4000	Train	11.451216
b-16-76-at	MA-064A_migr.segy	1	4	2	0	0	527	1	2501	4000	Train	5.272108
b-16-76-at	MA-066_migr.segy	1	4	2	0	0	861	1	2001	4000	Train	6.891444
b-16-76-at	MA-074_migr.segy	1	4	2	0	0	1641	1	2076	4000	Train	13.626864
b-16-77-at	77-101_migr.segy	1	4	1	256	1	1007	1	1501	4000	Train	6.046028
b-16-77-at	77-103_migr.segy	1	4	1	256	1	1007	1	1751	4000	Train	7.053028
b-16-77-at	77-105_migr.segy	1	4	1	256	1	1007	1	1751	4000	Train	7.053028
b-16-77-at	77-107_migr.segy	1	4	1	256	1	817	1	1751	4000	Train	5.722268
b-16-77-at	77-109_migr.segy	1	4	1	256	1	818	1	1751	4000	Train	5.729272
b-16-77-at	77-125_migr.segy	1	4	1	256	1	693	1	1751	4000	Train	4.853772
b-16-77-at	77-127_migr.segy	1	4	1	256	1	622	1	1751	4000	Train	4.356488
b-16-77-at	77-129_migr.segy	1	4	1	256	1	619	1	1501	4000	Train	3.716476
b-16-77-at	77-131_migr.segy	1	4	1	256	1	1007	1	1751	4000	Train	7.053028
b-16-77-at	77-133_migr.segy	1	4	1	256	1	818	1	1501	4000	Train	4.911272
b-16-77-at	77-135_migr.segy	1	4	1	256	1	817	1	1676	4000	Train	5.477168
b-16-77-at	77-138_migr.segy	1	4	1	256	1	613	1	1751	4000	Train	4.293452
b-16-77-at	77-138A_migr.segy	1	4	1	256	1	542	1	1751	4000	Train	3.796168
b-16-77-at	77-140_migr.segy	1	4	1	256	1	418	1	1751	4000	Train	2.927672
b-16-77-at	77-142_migr.segy	1	4	1	256	1	1008	1	1751	4000	Train	7.060032
b-16-77-at	77-144_migr.segy	1	4	1	256	1	482	1	1751	4000	Train	3.375928
b-16-77-at	77-144A_migr.segy	1	4	1	256	1	1223	1	1751	4000	Train	8.565892
b-16-77-at	77-146_migr.segy	1	4	1	256	1	1007	1	1751	4000	Train	7.053028
b-16-77-at	77-148_migr.segy	1	4	1	256	1	507	1	1751	4000	Train	3.551028
b-16-77-at	77-148A_migr.segy	1	4	1	256	1	602	1	1751	4000	Train	4.216408
b-16-77-at	77-150_migr.segy	1	4	1	256	1	1198	1	1751	4000	Train	8.390792
b-16-77-at	77-99_migr.segy	1	4	1	256	1	508	1	1751	4000	Train	3.558032
b-16-77-at	77-99A_migr.segy	1	4	1	256	1	993	1	1751	4000	Train	6.954972
b-17-77-at	77-01_migr.segy	1	4	1	256	1	367	1	1501	4000	Train	2.203468
b-17-77-at	77-02_migr.segy	1	4	1	256	1	558	1	1501	4000	Train	3.350232
b-17-77-at	77-03_migr.segy	1	4	1	256	1	368	1	1501	4000	Train	2.209472
b-17-77-at	77-04_migr.segy	1	4	1	256	1	558	1	1501	4000	Train	3.350232
b-17-77-at	77-05_migr.segy	1	4	1	256	1	393	1	1501	4000	Train	2.359572
b-17-77-at	77-06_migr.segy	1	4	1	256	1	593	1	1501	4000	Train	3.560372
b-17-77-at	77-07_migr.segy	1	4	1	256	1	558	1	1501	4000	Train	3.350232
b-17-77-at	77-08_migr.segy	1	4	1	256	1	753	1	1501	4000	Train	4.521012
b-17-77-at	77-09_migr.segy	1	4	1	256	1	557	1	1501	4000	Train	3.344228
b-17-77-at	77-10_migr.segy	1	4	1	256	1	745	1	1501	4000	Train	4.47298
b-17-77-at	77-11_migr.segy	1	4	1	256	1	558	1	1501	4000	Train	3.350232
b-17-77-at	77-12_migr.segy	1	4	1	256	1	753	1	1501	4000	Train	4.521012
b-17-77-at	77-13_migr.segy	1	4	1	256	1	558	1	1501	4000	Train	3.350232
b-17-77-at	77-14_migr.segy	1	4	1	256	1	753	1	1501	4000	Train	4.521012
b-17-77-at	77-15_migr.segy	1	4	1	256	1	556	1	1501	4000	Train	3.338224
b-17-77-at	77-17_migr.segy	1	4	1	256	1	557	1	1501	4000	Train	3.344228
b-17-77-at	77-19_migr.segy	1	4	1	256	1	558	1	1501	4000	Train	3.350232
b-23-81-ar	wb-504a-m-1.sgy	1	4	2	0	0	917	1, 2	1489	4000	Train	5.461652
b-23-81-ar	wb-506-m-3.sgy	1	4	2	256	1	765	1	1451	4000	Train	4.44006
b-23-81-ar	wb-510a-m-3.sgy	1	4	2	0	0	1317	1, 2	1489	4000	Train	7.844052
b-23-81-ar	wb-512-m-3.sgy	1	1	1	0	0	1109	1	1488	4000	Train	6.600768
b-23-81-ar	wb-514-m-1.sgy	1	1	2	0	0	113	1	1475	4000	Train	0.6667
b-23-81-ar	wb-514-m-p1.sgy	1	1	2	0	0	56	1	1475	4000	Train	0.3304
b-23-81-ar	wb-514a-m.sgy	1	1	2	0	0	2513	1	1488	4000	Train	14.957376
b-23-81-ar	wb-520-m.sgy	1	1	1	0	0	1087	1	1475	4000	Train	6.4133
b-23-81-ar	wb-525A-m.sgy	1	1	1	0	0	1748	1	1475	4000	Train	10.3132
b-23-81-ar	wb-526-m-1.sgy	1	1	1	0	0	1360	1	1475	4000	Train	8.024
b-23-81-ar	wb-526-m-2.sgy	1	1	1	0	0	123	1	1475	4000	Train	0.7257
b-23-81-ar	wb-527-m-2.sgy	1	1	1	0	0	7230	1	1488	4000	Train	43.03296
b-23-81-ar	wb-527-m-7.sgy	1	1	1	0	0	418	1	1475	4000	Train	2.4662
b-23-81-ar	wb-528-m-1.sgy	1	1	1	0	0	2651	1	1488	4000	Train	15.778752
b-23-81-ar	wb-528-m-2.sgy	1	1	1	0	0	1229	1	1475	4000	Train	7.2511
b-23-81-ar	wb-532-m-4.sgy	1	1	1	0	0	1583	1	1488	4000	Train	9.422016
b-23-81-ar	wb-532c-m.sgy	1	1	2	0	0	1582	1	1488	4000	Train	9.416064
b-23-81-ar	wb-533-m-1.sgy	1	1	2	0	0	2221	1	1475	4000	Train	13.1039
b-23-81-ar	wb-538-m-1.sgy	1	1	1	0	0	2371	1	1488	4000	Train	14.112192
b-23-81-ar	wb-541-m-2.sgy	1	1	1	0	0	1129	1	1488	4000	Train	6.719808
b-23-81-ar	wb-541-m-3.sgy	1	1	1	0	0	8103	1	1488	4000	Train	48.229056
b-23-81-ar	wb-542-m-1.sgy	1	1	1	0	0	1448	1	1475	4000	Train	8.5432
b-23-81-ar	wb-570-m.sgy	1	1	1	0	0	2005	1	1488	4000	Train	11.93376
b-23-81-ar	wb-608-m.sgy	1	1	1	0	0	4091	1	1488	4000	Train	24.349632
b-23-81-ar	wb-612-m-2.sgy	1	1	1	0	0	2711	1	1488	4000	Train	16.135872
b-23-81-ar	wcb-653_agc_mig.sgy	1	4	2	256	1	264	1	1450	4000	Train	1.5312
b-23-81-ar	wcb-672_agc_mig.sgy	1	4	2	256	1	305	1	1450	4000	Train	1.769
b-23-81-ar	wcb-684_agc_mig.sgy	1	4	2	256	1	194	1	1450	4000	Train	1.1252
b-23-81-ar	wcb-690_agc_mig.sgy	1	4	2	256	1	228	1	1450	4000	Train	1.3224
b-25-77-ak	WB-007__758597.sgy	1	0	2	0	0	208	1	1475	4000	Train	1.2272
b-25-77-ak	WB-011_1_729198.sgy	1	0	2	0	0	1857	1	1475	4000	Train	10.9563
b-25-77-ak	WB-013_729198-1.sgy	1	0	2	0	0	4403	1	1475	4000	Train	25.9777
b-25-77-ak	WB-015A_729144.sgy	1	0	2	0	0	1485	1	1475	4000	Train	8.7615
b-25-77-ak	WB-019__758597.sgy	1	0	2	0	0	1958	1	1475	4000	Train	11.5522
b-25-77-ak	WB-021__758597-1.sgy	1	0	2	0	0	118	1	1475	4000	Train	0.6962
b-25-77-ak	WB-026_729144.sgy	1	0	2	0	0	1989	1	1475	4000	Train	11.7351
b-25-77-ak	WB-027__758597.sgy	1	0	2	0	0	1616	1	1475	4000	Train	9.5344
b-25-77-ak	WB-029__758597.sgy	1	0	2	0	0	1157	1	1475	4000	Train	6.8263
b-25-77-ak	WB-033__758597.sgy	1	0	2	0	0	544	1	1475	4000	Train	3.2096
b-25-77-ak	WB-034_729144.sgy	1	0	2	0	0	1548	1	1475	4000	Train	9.1332
b-25-77-ak	WB-036_729144.sgy	1	0	2	0	0	1556	1	1475	4000	Train	9.1804
b-25-77-ak	WB-038_729126.sgy	1	0	2	0	0	1563	1	1475	4000	Train	9.2217
b-25-77-ak	WB-038A__758597.sgy	1	0	2	0	0	516	1	1475	4000	Train	3.0444
b-25-77-ak	WB-042A__758597.sgy	1	0	2	0	0	204	1	1475	4000	Train	1.2036
b-25-77-ak	WB-044A__758597.sgy	1	0	2	0	0	140	1	1475	4000	Train	0.826
b-25-77-ak	WB-046_729126.sgy	1	0	2	0	0	1038	1	1475	4000	Train	6.1242
b-25-77-ak	WB-048_729126.sgy	1	0	2	0	0	1697	1	1475	4000	Train	10.0123
b-25-77-ak	WB-052_729126.sgy	1	0	2	0	0	1214	1	1475	4000	Train	7.1626
b-25-77-ak	WB-056_729126.sgy	1	0	2	0	0	1305	1	1475	4000	Train	7.6995
b-25-77-ak	WB-066_728931.sgy	1	0	2	0	0	1308	1	1475	4000	Train	7.7172
b-25-77-ak	WB-074_728931.sgy	1	0	2	0	0	1456	1	1475	4000	Train	8.5904
b-25-77-ak	WB-076A__758597.sgy	1	0	2	0	0	210	1	1475	4000	Train	1.239
b-25-77-ak	WB-084_728931.sgy	1	0	2	0	0	1563	1	1475	4000	Train	9.2217
b-25-77-ak	WB-086_728931.sgy	1	0	2	0	0	1563	1	1475	4000	Train	9.2217
b-25-77-ak	WB-104_784523.sgy	1	0	2	0	0	1815	1	1475	4000	Train	10.7085
b-25-77-ak	WB-106_784523.sgy	1	0	2	0	0	1596	1	1475	4000	Train	9.4164
b-25-77-ak	WB-110_784523.sgy	1	0	2	0	0	1488	1	1475	4000	Train	8.7792
b-25-77-ak	WB-122__758597.sgy	1	0	2	0	0	250	1	1475	4000	Train	1.475
b-25-77-ak	WB-124__758597.sgy	1	0	2	0	0	282	1	1475	4000	Train	1.6638
b-25-77-ak	WB-130__758597.sgy	1	0	2	0	0	428	1	1475	4000	Train	2.5252
b-25-77-ak	WB-144_725517.sgy	1	0	2	0	0	1970	1	1475	4000	Train	11.623
b-25-77-ak	WB-146_725517.sgy	1	0	2	0	0	1503	1	1475	4000	Train	8.8677
b-25-77-ak	WB-164_725517.sgy	1	0	2	0	0	1243	1	1475	4000	Train	7.3337
b-25-77-ak	WB-170_725544.sgy	1	0	2	0	0	1233	1	1475	4000	Train	7.2747
b-25-77-ak	WB-176_725544.sgy	1	0	2	0	0	300	1	1475	4000	Train	1.77
b-25-77-ak	WB-206__766398.sgy	1	0	2	0	0	458	1	1475	4000	Train	2.7022
b-25-77-ak	WB-208__766398.sgy	1	0	2	0	0	390	1	1475	4000	Train	2.301
b-25-77-ak	WB-210__766398.sgy	1	0	2	0	0	604	1	1475	4000	Train	3.5636
b-25-77-ak	WB-213__766398.sgy	1	0	2	0	0	193	1	1475	4000	Train	1.1387
b-25-77-ak	WB-216__766398.sgy	1	0	2	0	0	478	1	1475	4000	Train	2.8202
b-25-77-ak	WB-217__766398.sgy	1	0	2	0	0	462	1	1475	4000	Train	2.7258
b-25-77-ak	WB-218__766398.sgy	1	0	2	0	0	370	1	1475	4000	Train	2.183
b-25-77-ak	WB-220__766398.sgy	1	0	2	0	0	378	1	1475	4000	Train	2.2302
b-25-77-ak	WB-500_725544.sgy	1	0	2	0	0	3423	1	1475	4000	Train	20.1957
b-28-75-at	BP-1_migr.segy	1	4	1	0	0	1051	1	1751	4000	Train	7.361204
b-28-75-at	BP-10_migr.segy	1	4	1	256	1	3188	1	2001	4000	Train	25.516752
b-28-75-at	BP-10B_migr.segy	1	4	1	0	0	2157	1	2076	4000	Train	17.911728
b-28-75-at	BP-11_migr.segy	1	4	1	256	1	1425	1	1751	4000	Train	9.9807
b-28-75-at	BP-110B_stk_revised.segy	1	4	1	256	1	1209	1	2501	4000	Train	12.094836
b-28-75-at	BP-11A_migr.segy	1	4	1	256	1	2831	1	1751	4000	Train	19.828324
b-28-75-at	BP-11C_migr.segy	1	4	1	0	0	546	1	1751	4000	Train	3.824184
b-28-75-at	BP-12A_migr.segy	1	4	1	0	0	2285	1	1751	4000	Train	16.00414
b-28-75-at	BP-14R_migr.segy	1	4	1	256	1	516	1	2001	4000	Train	4.130064
b-28-75-at	BP-1A_migr.segy	1	4	1	256	1	2377	1	1751	4000	Train	16.648508
b-28-75-at	BP-1C_migr.segy	1	4	1	0	0	2232	1	1751	4000	Train	15.632928
b-28-75-at	BP-24d.segy	1	4	1	256	1	773	1	3001	4000	Train	9.279092
b-28-75-at	BP-2A_migr.segy	1	4	1	0	0	553	1	2001	4000	Train	4.426212
b-28-75-at	BP-2B_migr.segy	1	4	1	0	0	861	1	2001	4000	Train	6.891444
b-28-75-at	BP-3B_migr.segy	1	4	1	0	0	1146	1	1976	4000	Train	9.057984
b-28-75-at	BP-3C_migr.segy	1	4	1	0	0	1915	1	1751	4000	Train	13.41266
b-28-75-at	BP-4_migr.segy	1	4	1	0	0	626	1	1751	4000	Train	4.384504
b-28-75-at	BP-4C_migr.segy	1	4	1	0	0	2561	1	2001	4000	Train	20.498244
b-28-75-at	BP-4D_migr.segy	1	4	1	0	0	720	1	2051	4000	Train	5.90688
b-28-75-at	BP-6A_migr.segy	1	4	1	0	0	2147	1	1751	4000	Train	15.037588
b-28-75-at	BP-6C_migr.segy	1	4	1	0	0	1346	1	2026	4000	Train	10.907984
b-28-75-at	BP-8_migr.segy	1	4	1	0	0	2799	1	1751	4000	Train	19.604196
b-28-75-at	BP-8B_migr.segy	1	4	1	0	0	2333	1	1751	4000	Train	16.340332
b-28-75-at	BP-8D_migr.segy	1	4	1	0	0	791	1	2001	4000	Train	6.331164
b-28-75-at	BP-8d.segy	1	4	1	256	1	791	1	3001	4000	Train	9.495164
b-29-76-at	MME-086_migr.segy	1	4	1	256	1	878	1	1501	4000	Train	5.271512
b-29-76-at	MME-089_migr.segy	1	4	1	0	0	639	1	1501	4000	Train	3.836556
b-29-76-at	MME-091_migr.segy	1	4	1	256	1	689	1	1501	4000	Train	4.136756
b-29-76-at	MME-093_migr.segy	1	4	1	256	1	655	1	1501	4000	Train	3.93262
b-29-76-at	MME-094_migr.segy	1	4	1	256	1	516	1	1501	4000	Train	3.098064
b-29-76-at	MME-099_migr.segy	1	4	1	256	1	1097	1	1501	4000	Train	6.586388
b-29-76-at	MME-100_migr.segy	1	4	1	256	1	897	1	1501	4000	Train	5.385588
b-29-76-at	MME-101_migr.segy	1	4	1	256	1	1269	1	1501	4000	Train	7.619076
b-29-76-at	NME-12_migr.segy	1	4	1	256	1	352	1	1126	4000	Train	1.585408
b-29-76-at	NME-13A_migr.segy	1	4	1	256	1	305	1	1126	4000	Train	1.37372
b-29-76-at	NME-14_migr.segy	1	4	1	256	1	325	1	1126	4000	Train	1.4638
b-29-76-at	NME-15_migr.segy	1	4	1	256	1	469	1	1501	4000	Train	2.815876
b-29-76-at	NME-16_migr.segy	1	4	1	256	1	433	1	1501	4000	Train	2.599732
b-29-76-at	NME-28_migr.segy	1	4	1	256	1	355	1	1501	4000	Train	2.13142
b-29-76-at	NME-29_migr.segy	1	4	1	256	1	315	1	1476	4000	Train	1.85976
b-29-76-at	NME-30_migr.segy	1	4	1	256	1	449	1	1501	4000	Train	2.695796
b-29-76-at	NME-32_migr.segy	1	4	1	256	1	420	1	1501	4000	Train	2.52168
b-29-76-at	NME-33_migr.segy	1	4	1	256	1	411	1	1501	4000	Train	2.467644
b-29-76-at	NME-34_migr.segy	1	4	1	256	1	685	1	1501	4000	Train	4.11274
b-29-76-at	NME-36_migr.segy	1	4	1	256	1	546	1	1501	4000	Train	3.278184
b-29-76-at	NME-37_migr.segy	1	4	1	256	1	636	1	1501	4000	Train	3.818544
b-29-76-at	NME-38_migr.segy	1	4	1	256	1	499	1	1501	4000	Train	2.995996
b-29-76-at	NME-43_migr.segy	1	4	1	256	1	841	1	1501	4000	Train	5.049364
b-29-76-at	NME-45_migr.segy	1	4	1	256	1	463	1	1501	4000	Train	2.779852
b-29-76-at	NME-46_migr.segy	1	4	1	256	1	321	1	1501	4000	Train	1.927284
b-29-76-at	NME-47_migr.segy	1	4	1	256	1	405	1	1501	4000	Train	2.43162
b-29-76-at	NME-48_migr.segy	1	4	1	256	1	321	1	1501	4000	Train	1.927284
b-29-76-at	NME-49_migr.segy	1	4	1	256	1	295	1	1501	4000	Train	1.77118
b-29-76-at	NME-50_migr.segy	1	4	1	256	1	393	1	1501	4000	Train	2.359572
b-29-76-at	NME-51_migr.segy	1	4	1	256	1	412	1	1501	4000	Train	2.473648
b-29-76-at	NME-53_migr.segy	1	4	1	256	1	913	1	1501	4000	Train	5.481652
b-29-76-at	NME-54_migr.segy	1	4	1	256	1	527	1	1501	4000	Train	3.164108
b-29-76-at	NME-55_migr.segy	1	4	1	256	1	951	1	1501	4000	Train	5.709804
b-29-76-at	NME-56_migr.segy	1	4	1	256	1	401	1	1501	4000	Train	2.407604
b-29-76-at	NME-57_migr.segy	1	4	1	256	1	358	1	1501	4000	Train	2.149432
b-29-76-at	NME-58_migr.segy	1	4	1	256	1	642	1	1501	4000	Train	3.854568
b-29-76-at	NME-59_migr.segy	1	4	1	256	1	709	1	1501	4000	Train	4.256836
b-29-76-at	NME-60_migr.segy	1	4	1	256	1	412	1	1501	4000	Train	2.473648
b-29-76-at	NME-61_migr.segy	1	4	1	256	1	517	1	1501	4000	Train	3.104068
b-29-76-at	NME-63_migr.segy	1	4	1	256	1	755	1	1501	4000	Train	4.53302
b-29-76-at	NME-64_migr.segy	1	4	1	256	1	455	1	1501	4000	Train	2.73182
b-29-76-at	NME-65_migr.segy	1	4	1	256	1	366	1	1501	4000	Train	2.197464
b-29-76-at	NME-83_migr.segy	1	4	1	256	1	483	1	1501	4000	Train	2.899932
b-29-76-at	NME-83A_migr.segy	1	4	1	256	1	1039	1	1501	4000	Train	6.238156
b-29-76-at	NME-84_migr.segy	1	4	1	256	1	793	1	1501	4000	Train	4.761172
b-30-82-ar	P82-30_Lsp82-05-MIG_Tape1121446_File4.sgy	1	1	2	0	0	1330	1	2000	4000	Train	10.64
b-30-82-ar	P82-30_Lsp82-05a-MIG_Tape1121446_File5.sgy	1	1	2	0	0	6881	1	2000	4000	Train	55.048
b-30-82-ar	P82-30_Lsp82-109-MIG_Tape1121446_File10.sgy	1	1	2	0	0	5414	1	2000	4000	Train	43.312
b-30-82-ar	P82-30_Lsp82-111-MIG_Tape1121446_File11.sgy	1	1	2	0	0	2146	1	2000	4000	Train	17.168
b-30-82-ar	P82-30_Lsp82-20-MIG_Tape1121446_File6.sgy	1	1	2	0	0	4520	1	2000	4000	Train	36.16
b-30-82-ar	P82-30_Lsp82-22-MIG_Tape1121446_File7.sgy	1	1	2	0	0	2506	1	2000	4000	Train	20.048
b-30-82-ar	P82-30_Lsp82-26-MIG_Tape1121446_File8.sgy	1	1	2	0	0	3096	1	2000	4000	Train	24.768
b-30-82-ar	P82-30_Lsp82-28-MIG_Tape1121446_File9.sgy	1	1	2	0	0	4344	1	2000	4000	Train	34.752
b-32-84-ar	SP84-08__500599.sgy	1	0	2	0	0	5364	1	1926	4000	Train	41.324256
b-32-84-ar	SP84-10__500604.sgy	1	0	2	0	0	4642	1	1926	4000	Train	35.761968
b-32-84-ar	SP84-21__500605.sgy	1	0	2	0	0	3122	1	1926	4000	Train	24.051888
b-32-84-ar	SP84-22__500605.sgy	1	0	2	0	0	1800	1	1926	4000	Train	13.8672
b-32-84-ar	SP84-24__500608.sgy	1	0	2	0	0	3814	1	1926	4000	Train	29.383056
b-32-84-ar	SP84-25A__500608.sgy	1	0	2	0	0	1916	1	1926	4000	Train	14.760864
b-32-84-ar	SP84-29A__500610.sgy	1	0	2	0	0	5028	1	1926	4000	Train	38.735712
b-32-84-ar	SP84-29B__500612.sgy	1	0	2	0	0	3112	1	1926	4000	Train	23.974848
b-32-84-ar	SP84-30__500613.sgy	1	0	2	0	0	706	1	1926	4000	Train	5.439024
b-32-84-ar	SP84-31__500612.sgy	1	0	2	0	0	3846	1	1926	4000	Train	29.629584
b-32-84-ar	SP84-41__500613.sgy	1	0	2	0	0	5700	1	1926	4000	Train	43.9128
b-33-77-ak	HW78-002__65701M.sgy	1	0	2	0	0	296	1	1251	4000	Train	1.481184
b-33-77-ak	HW78-004__65701M.sgy	1	0	2	0	0	327	1	1251	4000	Train	1.636308
b-33-77-ak	HW78-006__65701M.sgy	1	0	2	0	0	212	1	1251	4000	Train	1.060848
b-33-77-ak	HW78-008__65701M.sgy	1	0	2	0	0	183	1	1251	4000	Train	0.915732
b-33-77-ak	HW78-009__65701M.sgy	1	0	2	0	0	1544	1	1251	4000	Train	7.726176
b-33-77-ak	HW78-009A__65701M.sgy	1	0	2	0	0	1469	1	1251	4000	Train	7.350876
b-33-77-ak	HW78-009S1__65701M.sgy	1	0	2	0	0	702	1	1251	4000	Train	3.512808
b-33-77-ak	HW78-009S2__65701M.sgy	1	0	2	0	0	1567	1	1251	4000	Train	7.841268
b-33-77-ak	HW78-010__65701M.sgy	1	0	2	0	0	136	1	1251	4000	Train	0.680544
b-33-77-ak	HW78-011__65701M.sgy	1	0	2	0	0	622	1	1251	4000	Train	3.112488
b-33-77-ak	HW78-012__65701M.sgy	1	0	2	0	0	122	1	1251	4000	Train	0.610488
b-33-77-ak	HW78-012A__65701M.sgy	1	0	2	0	0	132	1	1251	4000	Train	0.660528
b-33-77-ak	HW78-013__65701M.sgy	1	0	2	0	0	1196	1	1251	4000	Train	5.984784
b-33-77-ak	HW78-014__65701M.sgy	1	0	2	0	0	144	1	1251	4000	Train	0.720576
b-33-77-ak	HW78-015__65701M.sgy	1	0	2	0	0	1008	1	1251	4000	Train	5.044032
b-33-77-ak	HW78-016__65701M.sgy	1	0	2	0	0	134	1	1251	4000	Train	0.670536
b-33-77-ak	HW78-018__65701M.sgy	1	0	2	0	0	150	1	1251	4000	Train	0.7506
b-33-77-ak	HW78-020__65701M.sgy	1	0	2	0	0	206	1	1251	4000	Train	1.030824
b-33-77-ak	HW78-022__65701M.sgy	1	0	2	0	0	152	1	1251	4000	Train	0.760608
b-33-77-ak	HW78-024__65701M.sgy	1	0	2	0	0	170	1	1251	4000	Train	0.85068
b-33-77-ak	HW78-026__65701M.sgy	1	0	2	0	0	250	1	1251	4000	Train	1.251
b-33-77-ak	HW78-028__65701M.sgy	1	0	2	0	0	440	1	1251	4000	Train	2.20176
b-33-77-ak	HW78-030__65701M.sgy	1	0	2	0	0	274	1	1251	4000	Train	1.371096
b-33-77-ak	HW78-032__65701M.sgy	1	0	2	0	0	243	1	1251	4000	Train	1.215972
b-33-77-ak	HW78-040__65701M.sgy	1	0	2	0	0	506	1	1251	4000	Train	2.532024
b-33-77-ak	HW78-044__65701M.sgy	1	0	2	0	0	508	1	1251	4000	Train	2.542032
b-33-77-ak	HW78-048__65701M.sgy	1	0	2	0	0	552	1	1251	4000	Train	2.762208
b-33-77-ak	HW78-052__65701M.sgy	1	0	2	0	0	512	1	1251	4000	Train	2.562048
b-59-82-ar	wb-1013-mig.sgy	1	1	1	0	0	871	1	1475	4000	Train	5.1389
b-59-82-ar	wb-1017-mig.sgy	1	1	1	0	0	2881	1	1475	4000	Train	16.9979
b-59-82-ar	wb-1060-mig.sgy	1	1	1	0	0	2359	1	1500	4000	Train	14.154
b-59-82-ar	wb-1111-mig.sgy	1	1	1	0	0	5875	1	1500	4000	Train	35.25
b-59-82-ar	wb-1132-mig.sgy	1	1	1	0	0	1715	1	1500	4000	Train	10.29
b-59-82-ar	wb-1156-mig.sgy	1	1	1	0	0	3929	1	1500	4000	Train	23.574
b-59-82-ar	wb-1164-mig.sgy	1	1	1	0	0	1346	1	1450	4000	Train	7.8068
b-59-82-ar	wb-1174-2-mig.sgy	1	1	2	0	0	1756	1	1475	4000	Train	10.3604
b-59-82-ar	wb-1174y_mig.sgy	1	4	2	256	1	337	1	1450	4000	Train	1.9546
b-59-82-ar	wb-1204-2-mig.sgy	1	1	2	0	0	534	1	1500	4000	Train	3.204
b-59-82-ar	wb-1205-1_mig.sgy	1	4	2	256	1	1977	1	1450	4000	Train	11.4666
b-59-82-ar	wb-1207-1-mig.sgy	1	1	2	0	0	5414	1	1450	4000	Train	31.4012
b-59-82-ar	wb-1209-1-mig.sgy	1	1	2	0	0	2637	1	1950	4000	Train	20.5686
b-59-82-ar	wb-1209-2-mig.sgy	1	1	2	0	0	3781	1	1950	4000	Train	29.4918
b-59-82-ar	wb-1210-mig.sgy	1	1	2	0	0	87	1	1400	4000	Train	0.4872
b-59-82-ar	wb-1215-2-mig.sgy	1	1	2	0	0	7840	1	1450	4000	Train	45.472
b-59-82-ar	wb-1224y_mig.sgy	1	4	2	256	1	810	1	1450	4000	Train	4.698
b-59-82-ar	wb-1234y-1-mig.sgy	1	1	2	0	0	220	1	1450	4000	Train	1.276
b-59-82-ar	wb-1236-mig.sgy	1	1	2	0	0	1744	1	1475	4000	Train	10.2896
b-59-82-ar	wb-1242-mig.sgy	1	1	2	0	0	1876	1	1475	4000	Train	11.0684
b-59-82-ar	wb-1244y_mig.sgy	1	4	2	256	1	281	1	1450	4000	Train	1.6298
b-59-82-ar	wb-1250-mig.sgy	1	1	1	0	0	889	1	1500	4000	Train	5.334
b-60-82-ar	wcs-200-m.sgy	1	1	2	0	0	766	1	1525	4000	Train	4.6726
b-60-82-ar	wcs-227-m2.sgy	5	4	2	256	1	9859	1	1550	4000	Train	61.1258
b-60-82-ar	wcs-233-m.sgy	5	4	2	256	1	2680	1	1550	4000	Train	16.616
b-60-82-ar	wcs-237-m.sgy	5	4	2	256	1	2631	1	1550	4000	Train	16.3122
b-60-82-ar	wcs-239-m.sgy	5	4	2	256	1	2716	1	1550	4000	Train	16.8392
b-60-82-ar	wcs-241-m1.sgy	5	4	2	256	1	2753	1	1550	4000	Train	17.0686
b-60-82-ar	wcs-243-m.sgy	5	4	2	256	1	2798	1	1550	4000	Train	17.3476
b-60-82-ar	wcs-247-m2.sgy	5	4	2	256	1	2176	1	1550	4000	Train	13.4912
b-60-82-ar	wcs-249-m2.sgy	5	4	2	256	1	1846	1	1550	4000	Train	11.4452
b-60-82-ar	wcs-251-m1.sgy	5	4	2	256	1	3892	1	1550	4000	Train	24.1304
b-60-82-ar	wcs-258-m1.sgy	5	4	2	256	1	4013	1	1550	4000	Train	24.8806
h-14-79-sc	4004.mig.sgy	1	1	2	0	0	950	1, 202	1500	4000	Train	5.7
h-14-79-sc	4008B.mig.sgy	1	1	2	0	0	1450	1, 202	1500	4000	Train	8.7
h-14-79-sc	4009.mig.sgy	1	1	2	0	0	1550	1, 202	1500	4000	Train	9.3
h-14-79-sc	4011.mig.sgy	1	1	2	0	0	1550	1	1500	4000	Train	9.3
h-14-79-sc	4012.mig.sgy	1	1	2	0	0	1450	1, 202	1500	4000	Train	8.7
h-14-79-sc	4013.mig.sgy	1	1	2	0	0	3750	1, 202	1500	4000	Train	22.5
h-14-79-sc	4015.mig.sgy	1	1	2	0	0	1300	1, 202	1500	4000	Train	7.8
h-14-79-sc	4016.mig.sgy	1	1	2	0	0	1650	1, 202	1500	4000	Train	9.9
h-14-79-sc	4018.mig.sgy	1	1	2	0	0	350	1, 202	1500	4000	Train	2.1
h-14-79-sc	4018A.mig.sgy	1	1	2	0	0	1350	1, 202	1500	4000	Train	8.1
h-14-79-sc	4020.mig.sgy	1	1	2	0	0	1250	1, 202	1500	4000	Train	7.5
h-14-79-sc	4021.mig.sgy	1	1	2	0	0	800	1, 202	1500	4000	Train	4.8
h-14-79-sc	4023.mig.sgy	1	1	2	0	0	2050	1, 202	1500	4000	Train	12.3
h-14-79-sc	4024.mig.sgy	1	1	2	0	0	1350	1, 202	1500	4000	Train	8.1
h-14-79-sc	4027.mig.sgy	1	1	2	0	0	2100	1, 202	1500	4000	Train	12.6
h-14-79-sc	4028.mig.sgy	1	1	2	0	0	850	1, 202	1500	4000	Train	5.1
h-14-79-sc	4030.mig.sgy	1	1	2	0	0	800	1, 202	1500	4000	Train	4.8
h-14-79-sc	4032.mig.sgy	1	1	2	0	0	850	1, 202	1500	4000	Train	5.1
h-14-79-sc	4034A.mig.sgy	1	1	2	0	0	800	1, 202	1500	4000	Train	4.8
h-14-79-sc	4036.mig.sgy	1	1	2	0	0	800	1, 202	1500	4000	Train	4.8
h-14-79-sc	4037.mig.sgy	1	1	2	0	0	3150	1, 202	1500	4000	Train	18.9
h-14-79-sc	4038.mig.sgy	1	1	2	0	0	950	1, 202	1500	4000	Train	5.7
h-14-79-sc	4040.mig.sgy	1	1	2	0	0	1150	1, 202	1500	4000	Train	6.9
h-14-79-sc	4041.mig.sgy	1	1	2	0	0	900	1, 202	1500	4000	Train	5.4
h-14-79-sc	4045.mig.sgy	1	1	2	0	0	1100	1, 202	1500	4000	Train	6.6
h-14-79-sc	4055.mig.sgy	1	1	2	0	0	1700	1, 202	1500	4000	Train	10.2
h-14-79-sc	4057.mig.sgy	1	1	2	0	0	1050	1, 202	1500	4000	Train	6.3
h-14-79-sc	4059.mig.sgy	1	1	2	0	0	1450	1, 202	1500	4000	Train	8.7
h-14-79-sc	4063.mig.sgy	1	1	2	0	0	1300	1, 202	1500	4000	Train	7.8
h-14-79-sc	4067.mig.sgy	1	1	2	0	0	1550	1, 202	1500	4000	Train	9.3
h-14-79-sc	4072A.mig.sgy	1	1	2	0	0	1950	1, 202	1500	4000	Train	11.7
h-14-79-sc	4072B.mig.sgy	1	1	2	0	0	650	1, 202	1500	4000	Train	3.9
h-14-79-sc	4091.mig.sgy	1	1	2	0	0	950	1, 202	1500	4000	Train	5.7
h-14-79-sc	4095.mig.sgy	1	1	2	0	0	1600	1, 202	1500	4000	Train	9.6
h-14-79-sc	4110.mig.sgy	1	1	2	0	0	2050	1, 202	1500	4000	Train	12.3
h-17-79-sc	4325__7-12129.1.sgy	1	1	2	0	0	6200	1, 202	2000	4000	Train	49.6
h-17-79-sc	4384__7-12119.1.sgy	1	1	2	0	0	2950	1, 202	2000	4000	Train	23.6
h-17-79-sc	4398__7-12134.1.sgy	1	1	2	0	0	3850	1, 202	2000	4000	Train	30.8
h-17-79-sc	4408__7-12136.1.sgy	1	1	2	0	0	3750	1, 202	2000	4000	Train	30
h-17-79-sc	4412__7-12111.1.sgy	1	1	2	0	0	2100	1	2000	4000	Train	16.8
h-17-79-sc	4501__7-12109.1.sgy	1	1	2	0	0	1550	1, 202	2000	4000	Train	12.4
h-17-79-sc	4505__7-12103.1.sgy	1	1	2	0	0	3200	1, 202	2000	4000	Train	25.6
h-17-79-sc	4507__7-12104.1.sgy	1	1	2	0	0	3950	1, 202	2000	4000	Train	31.6
h-18-79-sc	4361A.mig.sgy	1	1	2	0	0	5100	1, 202	2000	4000	Train	40.8
h-18-79-sc	4513.mig.sgy	1	1	2	0	0	5300	1, 202	2000	4000	Train	42.4
h-18-79-sc	4532.mig.sgy	1	1	2	0	0	2000	1, 202	2000	4000	Train	16
h-18-79-sc	4548.mig.sgy	1	1	2	0	0	4200	1, 202	2000	4000	Train	33.6
h-18-79-sc	4550.mig.sgy	1	1	2	0	0	3200	1, 202	2000	4000	Train	25.6
h-18-79-sc	4592.mig.sgy	1	1	2	0	0	650	1, 202	2000	4000	Train	5.2
h-18-79-sc	4635A.mig.sgy	1	1	2	0	0	3850	1, 202	2000	4000	Train	30.8
j-1-88-sc	l100mig.sgy	1	4	0	0	0	726	1	1482	4000	Train	4.303728
j-1-88-sc	l101mig.sgy	1	4	0	0	0	740	1	1482	4000	Train	4.38672
j-1-88-sc	l102mig.sgy	1	4	0	0	0	864	1	1482	4000	Train	5.121792
j-1-88-sc	l103mig.sgy	1	4	0	0	0	942	1	1482	4000	Train	5.584176
j-1-88-sc	l104mig.sgy	1	4	0	0	0	852	1	1482	4000	Train	5.050656
j-1-88-sc	l105mig.sgy	1	4	0	0	0	1034	1	1482	4000	Train	6.129552
j-1-88-sc	l106mig.sgy	1	4	0	0	0	2058	1	1482	4000	Train	12.199824
j-1-88-sc	l107mig.sgy	1	4	0	0	0	1542	1	1482	4000	Train	9.140976
j-1-88-sc	l108mig.sgy	1	4	0	0	0	1522	1	1482	4000	Train	9.022416
j-1-88-sc	l109mig.sgy	1	4	0	0	0	1316	1	1482	4000	Train	7.801248
j-1-88-sc	l110mig.sgy	1	4	0	0	0	1140	1	1482	4000	Train	6.75792
j-1-88-sc	l111mig.sgy	1	4	0	0	0	2322	1	1482	4000	Train	13.764816
j-1-88-sc	l112mig.sgy	1	4	0	0	0	1502	1	1482	4000	Train	8.903856
j-1-88-sc	l113mig.sgy	1	4	0	0	0	1556	1	1482	4000	Train	9.223968
j-1-88-sc	l114mig.sgy	1	4	0	0	0	2168	1	1482	4000	Train	12.851904
j-1-88-sc	l200mig.sgy	1	4	0	0	0	868	1	1482	4000	Train	5.145504
j-1-88-sc	l201mig.sgy	1	4	0	0	0	1438	1	1482	4000	Train	8.524464
j-1-88-sc	l202mig.sgy	1	4	0	0	0	912	1	1482	4000	Train	5.406336
j-1-88-sc	l203mig.sgy	1	4	0	0	0	1720	1	1482	4000	Train	10.19616
j-1-88-sc	l204mig.sgy	1	4	0	0	0	1758	1	1482	4000	Train	10.421424
j-1-88-sc	l205mig.sgy	1	4	0	0	0	1618	1	1482	4000	Train	9.591504
j-1-88-sc	l206mig.sgy	1	4	0	0	0	2172	1	1482	4000	Train	12.875616
j-1-88-sc	l207mig.sgy	1	4	0	0	0	1002	1	1482	4000	Train	5.939856
j-1-88-sc	l208mig.sgy	1	4	0	0	0	2034	1	1482	4000	Train	12.057552
j-1-88-sc	l209mig.sgy	1	4	0	0	0	1584	1	1482	4000	Train	9.389952
l-09-11-ga-mcs	MGL1109_02D_mig.segy	1	2	1	256	0	3193	1	3750	4000	Train	47.895
l-09-11-ga-mcs	MGL1109_OBS2B_mig.segy	1	2	1	256	0	14385	1	3750	4000	Train	215.775
l-11-11-bs-mcs	MGL1111_04_mig.segy	1	2	1	256	0	12635	1	4000	4000	Test	202.16
l-11-11-bs-mcs	MGL1111_05T_mig.segy	1	2	1	256	0	3011	1	4000	4000	Test	48.176
l-11-11-bs-mcs	MGL1111_12T_mig.segy	1	2	1	256	0	3563	1	4000	4000	Test	57.008
l-12-82-wg	205wg82mig.sgy	1	0	1	0	0	1077	1	4000	4000	Train	17.232
l-12-82-wg	217wg82-Prestack-Depth-Migration-May-2018.sgy	1	2	2	256	1	2924	1	4501	4000	Train	52.643696
w-1-70-sc	W-002__54037.sgy	1	0	2	0	0	1219	1	1500	4000	Train	7.314
w-1-70-sc	W-008__47628.sgy	1	0	2	0	0	1620	1	1500	4000	Train	9.72
w-1-79-cb	1__48456.sgy	1	1	2	0	0	975	1	1675	4000	Validation	6.5325
w-1-79-cb	2__24294.sgy	1	1	2	0	0	1032	1	1675	4000	Validation	6.9144
w-1-79-cb	3__60183.sgy	1	1	2	0	0	1219	1	1675	4000	Validation	8.1673
w-1-79-cb	4__35729.sgy	1	1	2	0	0	1214	1	1675	4000	Validation	8.1338
w-1-79-cb	5__24326.sgy	1	1	2	0	0	1147	1	1675	4000	Validation	7.6849
w-1-79-cb	6__39708.sgy	1	1	2	0	0	1222	1	1675	4000	Validation	8.1874
w-1-79-cb	7__47061.sgy	1	1	2	0	0	927	1	1675	4000	Validation	6.2109
w-1-79-cb	8__39518.sgy	1	1	2	0	0	879	1	1675	4000	Validation	5.8893
w-1-79-cb	a__48079.sgy	1	1	2	0	0	1355	1	1675	4000	Validation	9.0785
w-1-79-cb	b__35151.sgy	1	1	2	0	0	3015	1	1675	4000	Validation	20.2005
w-1-79-cb	c__49085.sgy	1	1	2	0	0	1230	1	1675	4000	Validation	8.241
w-1-79-cb	d__11491.sgy	1	1	2	0	0	3281	1	1675	4000	Validation	21.9827
w-10-78-sc	W-301__344637.sgy	1	0	2	0	0	3558	1	1488	4000	Train	21.177216
w-10-78-sc	W-303__489556.sgy	1	0	2	0	0	3472	1	1488	4000	Train	20.665344
w-10-78-sc	W-305__389059.sgy	1	0	2	0	0	5813	1	1488	4000	Train	34.598976
w-10-78-sc	W-307__283231.sgy	1	0	2	0	0	6729	1	1488	4000	Train	40.051008
w-10-78-sc	W-309__369015.sgy	1	0	2	0	0	4400	1	1488	4000	Train	26.1888
w-10-78-sc	W-309__435112.sgy	1	0	2	0	0	2030	1	1488	4000	Train	12.08256
w-10-78-sc	W-311__344079.sgy	1	0	2	0	0	6173	1	1488	4000	Train	36.741696
w-10-78-sc	W-313__434059.sgy	1	0	2	0	0	2882	1	1488	4000	Train	17.153664
w-10-78-sc	W-313__461315.sgy	1	0	2	0	0	3434	1	1488	4000	Train	20.439168
w-10-79-bs	BB-002_470363.sgy	1	0	2	0	0	20918	1	1475	4000	Test	123.4162
w-10-79-bs	BB-004_394576.sgy	1	0	2	0	0	9299	1	1475	4000	Test	54.8641
w-10-79-bs	BB-005_659992.sgy	1	0	2	0	0	14726	1	1475	4000	Test	86.8834
w-10-79-bs	BB-006_444185.sgy	1	0	2	0	0	4040	1	1475	4000	Test	23.836
w-12-79-eg	FW-001_933233.sgy	1	0	2	0	0	1807	1	1500	4000	Train	10.842
w-12-79-eg	FW-003_933233.sgy	1	0	2	0	0	2075	1	1500	4000	Train	12.45
w-12-79-eg	FW-005_933233.sgy	1	0	2	0	0	1367	1	1500	4000	Train	8.202
w-12-79-eg	FW-021_730574.sgy	1	0	2	0	0	3539	1	1500	4000	Train	21.234
w-12-79-eg	FW-024_729719-1.sgy	1	0	2	0	0	1853	1	1500	4000	Train	11.118
w-12-79-eg	FW-025_729719.sgy	1	0	2	0	0	4237	1	1500	4000	Train	25.422
w-12-79-eg	FW-034_726762.sgy	1	0	2	0	0	3031	1	1500	4000	Train	18.186
w-12-79-eg	FW-037_726762.sgy	1	0	2	0	0	9565	1	1500	4000	Train	57.39
w-12-79-eg	FW-041_775864.sgy	1	0	2	0	0	9581	1	1500	4000	Train	57.486
w-12-79-eg	FW-042_775864.sgy	1	0	2	0	0	3009	1	1500	4000	Train	18.054
w-12-79-eg	FW-058_901356.sgy	1	0	2	0	0	1787	1	1500	4000	Train	10.722
w-12-79-eg	FW-064_900853.sgy	1	0	2	0	0	3643	1	1500	4000	Train	21.858
w-12-79-eg	FW-066_900853.sgy	1	0	2	0	0	4615	1	1500	4000	Train	27.69
w-13-77-sc	WD-001__321334.sgy	1	0	2	0	0	190	1	1475	4000	Train	1.121
w-13-77-sc	WD-002__239011.sgy	1	0	2	0	0	229	1	1500	4000	Train	1.374
w-13-77-sc	WD-003__242397.sgy	1	0	2	0	0	2288	1	1500	4000	Train	13.728
w-13-77-sc	WD-004__592983.sgy	1	0	2	0	0	220	1	1500	4000	Train	1.32
w-13-77-sc	WD-005__562422.sgy	1	0	2	0	0	2224	1	1500	4000	Train	13.344
w-13-77-sc	WD-006__505313.sgy	1	0	2	0	0	332	1	1475	4000	Train	1.9588
w-13-77-sc	WD-007__242761.sgy	1	0	2	0	0	2107	1	1475	4000	Train	12.4313
w-13-77-sc	WD-008__543153.sgy	1	0	2	0	0	585	1	1500	4000	Train	3.51
w-13-77-sc	WD-009__597306.sgy	1	0	2	0	0	2372	1	1450	4000	Train	13.7576
w-13-77-sc	WD-010__534179.sgy	1	0	2	0	0	561	1	1500	4000	Train	3.366
w-13-77-sc	WD-011__242411.sgy	1	0	2	0	0	2302	1	1475	4000	Train	13.5818
w-13-77-sc	WD-012__565881.sgy	1	0	2	0	0	830	1	1475	4000	Train	4.897
w-13-77-sc	WD-013__242831.sgy	1	0	2	0	0	1441	1	1475	4000	Train	8.5019
w-13-77-sc	WD-014__222622.sgy	1	0	2	0	0	976	1	1475	4000	Train	5.7584
w-13-77-sc	WD-015__305145.sgy	1	0	2	0	0	1504	1	1475	4000	Train	8.8736
w-13-77-sc	WD-016__422059.sgy	1	0	2	0	0	995	1	1475	4000	Train	5.8705
w-13-77-sc	WD-017__233833.sgy	1	0	2	0	0	1510	1	1475	4000	Train	8.909
w-13-77-sc	WD-018__546201.sgy	1	0	2	0	0	1080	1	1475	4000	Train	6.372
w-13-77-sc	WD-019__230419.sgy	1	0	2	0	0	1406	1	1500	4000	Train	8.436
w-13-77-sc	WD-020__311908.sgy	1	0	2	0	0	1213	1	1475	4000	Train	7.1567
w-13-77-sc	WD-021__568602.sgy	1	0	2	0	0	1351	1	1475	4000	Train	7.9709
w-13-77-sc	WD-022__518520.sgy	1	0	2	0	0	934	1	1500	4000	Train	5.604
w-13-77-sc	WD-023__240941.sgy	1	0	2	0	0	1042	1	1475	4000	Train	6.1478
w-13-77-sc	WD-024__241580.sgy	1	0	2	0	0	841	1	1475	4000	Train	4.9619
w-13-77-sc	WD-025__238620.sgy	1	0	2	0	0	1129	1	1475	4000	Train	6.6611
w-13-77-sc	WD-026__503843.sgy	1	0	2	0	0	922	1	1475	4000	Train	5.4398
w-13-77-sc	WD-027__541340.sgy	1	0	2	0	0	1012	1	1475	4000	Train	5.9708
w-13-77-sc	WD-028__572857.sgy	1	0	2	0	0	598	1	1475	4000	Train	3.5282
w-13-77-sc	WD-029__230615.sgy	1	0	2	0	0	1195	1	1475	4000	Train	7.0505
w-13-77-sc	WD-030__586943.sgy	1	0	2	0	0	744	1	1475	4000	Train	4.3896
w-13-77-sc	WD-031__561256.sgy	1	0	2	0	0	1243	1	1475	4000	Train	7.3337
w-13-77-sc	WD-032__594983.sgy	1	0	2	0	0	739	1	1475	4000	Train	4.3601
w-13-77-sc	WD-033__565561.sgy	1	0	2	0	0	1287	1	1475	4000	Train	7.5933
w-13-77-sc	WD-034__241538.sgy	1	0	2	0	0	645	1	1475	4000	Train	3.8055
w-13-77-sc	WD-036__238473.sgy	1	0	2	0	0	766	1	1475	4000	Train	4.5194
w-13-77-sc	WD-038__241019.sgy	1	0	2	0	0	780	1	1475	4000	Train	4.602
w-13-77-sc	WD-040__242424.sgy	1	0	2	0	0	820	1	1475	4000	Train	4.838
w-13-77-sc	WD-042__239977.sgy	1	0	2	0	0	924	1	1475	4000	Train	5.4516
w-13-77-sc	WD-044__512066.sgy	1	0	2	0	0	940	1	1475	4000	Train	5.546
w-13-77-sc	WD-046__230069.sgy	1	0	2	0	0	1078	1	1475	4000	Train	6.3602
w-13-77-sc	WD-048__409515.sgy	1	0	2	0	0	1053	1	1475	4000	Train	6.2127
w-13-77-sc	WD-050__233786.sgy	1	0	2	0	0	1159	1	1475	4000	Train	6.8381
w-13-77-sc	WD-052__243111.sgy	1	0	2	0	0	1050	1	1475	4000	Train	6.195
w-13-77-sc	WD-054__242097.sgy	1	0	2	0	0	1132	1	1475	4000	Train	6.6788
w-13-77-sc	WD-056__326424.sgy	1	0	2	0	0	1031	1	1450	4000	Train	5.9798
w-13-77-sc	WD-058__307669.sgy	1	0	2	0	0	1042	1	1475	4000	Train	6.1478
w-13-77-sc	WD-060__565833.sgy	1	0	2	0	0	995	1	1475	4000	Train	5.8705
w-13-79-ar	WB-300_903350-1.sgy	1	0	2	0	0	282	1	1475	4000	Train	1.6638
w-13-79-ar	WB-300_903350-2.sgy	1	0	2	0	0	914	1	1475	4000	Train	5.3926
w-13-79-ar	WB-300_903350.sgy	1	0	2	0	0	152	1	1475	4000	Train	0.8968
w-13-79-ar	WB-302_903350-1.sgy	1	0	2	0	0	394	1	1475	4000	Train	2.3246
w-13-79-ar	WB-302_903350-2.sgy	1	0	2	0	0	366	1	1475	4000	Train	2.1594
w-13-79-ar	WB-302_903350.sgy	1	0	2	0	0	694	1	1475	4000	Train	4.0946
w-13-79-ar	WB-304_903350.sgy	1	0	2	0	0	1173	1	1475	4000	Train	6.9207
w-13-79-ar	WB-305_903350.sgy	1	0	2	0	0	1188	1	1475	4000	Train	7.0092
w-13-79-ar	WB-306_1_903350.sgy	1	0	2	0	0	342	1	1475	4000	Train	2.0178
w-13-79-ar	WB-306_903350.sgy	1	0	2	0	0	572	1	1475	4000	Train	3.3748
w-13-79-ar	WB-307_903350.sgy	1	0	2	0	0	1220	1	1475	4000	Train	7.198
w-13-79-ar	WB-308_901871-1.sgy	1	0	2	0	0	226	1	1475	4000	Train	1.3334
w-13-79-ar	WB-308_901871-2.sgy	1	0	2	0	0	470	1	1475	4000	Train	2.773
w-13-79-ar	WB-308_901871.sgy	1	0	2	0	0	448	1	1475	4000	Train	2.6432
w-13-79-ar	WB-309_901871.sgy	1	0	2	0	0	1496	1	1475	4000	Train	8.8264
w-13-79-ar	WB-310_901871.sgy	1	0	2	0	0	830	1	1475	4000	Train	4.897
w-13-79-ar	WB-311_901871-1.sgy	1	0	2	0	0	214	1	1475	4000	Train	1.2626
w-13-79-ar	WB-311_901871-2.sgy	1	0	2	0	0	1484	1	1475	4000	Train	8.7556
w-13-79-ar	WB-311_901871.sgy	1	0	2	0	0	436	1	1475	4000	Train	2.5724
w-13-79-ar	WB-312_901871.sgy	1	0	2	0	0	772	1	1475	4000	Train	4.5548
w-13-79-ar	WB-314_901871-1.sgy	1	0	2	0	0	626	1	1475	4000	Train	3.6934
w-13-79-ar	WB-314_901871.sgy	1	0	2	0	0	176	1	1475	4000	Train	1.0384
w-13-79-ar	WB-316_901871.sgy	1	0	2	0	0	452	1	1475	4000	Train	2.6668
w-13-79-ar	WB-318_901871-1.sgy	1	0	2	0	0	216	1	1475	4000	Train	1.2744
w-13-79-ar	WB-318_901871.sgy	1	0	2	0	0	514	1	1475	4000	Train	3.0326
w-13-79-ar	WB-320_901871.sgy	1	0	2	0	0	728	1	1475	4000	Train	4.2952
w-13-79-ar	WB-322_901871.sgy	1	0	2	0	0	708	1	1475	4000	Train	4.1772
w-13-79-ar	WB-324_1_901871.sgy	1	0	2	0	0	719	1	1475	4000	Train	4.2421
w-13-79-ar	WB-326_901871.sgy	1	0	2	0	0	988	1	1475	4000	Train	5.8292
w-13-79-ar	WB-328_1_901871.sgy	1	0	2	0	0	526	1	1475	4000	Train	3.1034
w-13-79-ar	WB-328_901871.sgy	1	0	2	0	0	754	1	1475	4000	Train	4.4486
w-14-76-sf	WSF-001__597067.sgy	1	0	2	0	0	874	1	1475	4000	Validation	5.1566
w-14-76-sf	WSF-003__549254.sgy	1	0	2	0	0	1108	1	1500	4000	Validation	6.648
w-14-76-sf	WSF-005__245466.sgy	1	0	2	0	0	1799	1	1475	4000	Validation	10.6141
w-14-76-sf	WSF-007__243936.sgy	1	0	2	0	0	1546	1	1450	4000	Validation	8.9668
w-14-76-sf	WSF-009__522292.sgy	1	0	2	0	0	586	1	1500	4000	Validation	3.516
w-14-76-sf	WSF-009__532134.sgy	1	0	2	0	0	3382	1	1475	4000	Validation	19.9538
w-14-76-sf	WSF-017__311891.sgy	1	0	2	0	0	2134	1	1500	4000	Validation	12.804
w-14-76-sf	WSF-017_1__502042.sgy	1	0	2	0	0	520	1	1500	4000	Validation	3.12
w-14-76-sf	WSF-018__569684.sgy	1	0	2	0	0	517	1	1475	4000	Validation	3.0503
w-14-76-sf	WSF-019__512750.sgy	1	0	2	0	0	1693	1	1475	4000	Validation	9.9887
w-14-76-sf	WSF-020__237941.sgy	1	0	2	0	0	460	1	1475	4000	Validation	2.714
w-14-76-sf	WSF-021__219422.sgy	1	0	2	0	0	1898	1	1475	4000	Validation	11.1982
w-14-76-sf	WSF-022__597252.sgy	1	0	2	0	0	557	1	1450	4000	Validation	3.2306
w-14-76-sf	WSF-024__405924.sgy	1	0	2	0	0	721	1	1475	4000	Validation	4.2539
w-14-76-sf	WSF-025__243903.sgy	1	0	2	0	0	1481	1	1475	4000	Validation	8.7379
w-14-76-sf	WSF-026__230392.sgy	1	0	2	0	0	678	1	1500	4000	Validation	4.068
w-14-76-sf	WSF-030__233205.sgy	1	0	2	0	0	596	1	1475	4000	Validation	3.5164
w-14-76-sf	WSF-032__532558.sgy	1	0	2	0	0	646	1	1425	4000	Validation	3.6822
w-14-76-sf	WSF-040__243897.sgy	1	0	2	0	0	824	1	1475	4000	Validation	4.8616
w-14-76-sf	WSF-042__549657.sgy	1	0	2	0	0	906	1	1475	4000	Validation	5.3454
w-14-76-sf	WSF-044__599381.sgy	1	0	2	0	0	717	1	1475	4000	Validation	4.2303
w-14-76-sf	WSF-046__243905.sgy	1	0	2	0	0	1070	1	1475	4000	Validation	6.313
w-14-76-sf	WSF-058__245412.sgy	1	0	2	0	0	1420	1	1475	4000	Validation	8.378
w-14-76-sf	WSF-060__243948.sgy	1	0	2	0	0	1372	1	1475	4000	Validation	8.0948
w-14-76-sf	WSF-064__241006.sgy	1	0	2	0	0	1309	1	1475	4000	Validation	7.7231
w-14-76-sf	WSF-068__222755.sgy	1	0	2	0	0	1297	1	1475	4000	Validation	7.6523
w-14-76-sf	WSF-070__238562.sgy	1	0	2	0	0	1438	1	1475	4000	Validation	8.4842
w-14-76-sf	WSF-072__242282.sgy	1	0	2	0	0	1387	1	1475	4000	Validation	8.1833
w-14-76-sf	WSF-074__592218.sgy	1	0	2	0	0	1360	1	1475	4000	Validation	8.024
w-14-76-sf	WSF-076__245752.sgy	1	0	2	0	0	1364	1	1475	4000	Validation	8.0476
w-14-76-sf	WSF-078__518187.sgy	1	0	2	0	0	1210	1	1475	4000	Validation	7.139
w-14-76-sf	WSF-080__240577.sgy	1	0	2	0	0	1234	1	1475	4000	Validation	7.2806
w-14-76-sf	WSF-082__235465.sgy	1	0	2	0	0	766	1	1475	4000	Validation	4.5194
w-14-76-sf	WSF-082_1__594039.sgy	1	0	2	0	0	250	1	1475	4000	Validation	1.475
w-14-76-sf	WSF-084_1__569672.sgy	1	0	2	0	0	289	1	1475	4000	Validation	1.7051
w-14-76-sf	WSF-088__235567.sgy	1	0	2	0	0	1132	1	1475	4000	Validation	6.6788
w-14-76-sf	WSF-092__528652.sgy	1	0	2	0	0	880	1	1475	4000	Validation	5.192
w-14-76-sf	WSF-096__511664.sgy	1	0	2	0	0	1267	1	1475	4000	Validation	7.4753
w-14-76-sf	WSF-102__588796.sgy	1	0	2	0	0	1669	1	1475	4000	Validation	9.8471
w-14-76-sf	WSF-104__235224.sgy	1	0	2	0	0	1555	1	1475	4000	Validation	9.1745
w-14-76-sf	WSF-106__235268.sgy	1	0	2	0	0	1642	1	1475	4000	Validation	9.6878
w-14-76-sf	WSF-108__246224.sgy	1	0	2	0	0	1429	1	1475	4000	Validation	8.4311
w-14-76-sf	WSF-110__538918.sgy	1	0	2	0	0	1621	1	1475	4000	Validation	9.5639
w-14-76-sf	WSF-110_1__535155.sgy	1	0	2	0	0	475	1	1475	4000	Validation	2.8025
w-14-79-wg	1001_726235-1.sgy	1	0	2	0	0	2478	1	1475	4000	Train	14.6202
w-14-79-wg	1002_726235.sgy	1	0	2	0	0	3786	1	1475	4000	Train	22.3374
w-14-79-wg	1004_726235.sgy	1	0	2	0	0	9750	1	1475	4000	Train	57.525
w-14-79-wg	WSS-002_925786.sgy	1	0	2	0	0	1628	1	1500	4000	Train	9.768
w-14-79-wg	WSS-003_925786.sgy	1	0	2	0	0	5745	1	1525	4000	Train	35.0445
w-14-79-wg	WSS-005_925786-1.sgy	1	0	2	0	0	2032	1	1525	4000	Train	12.3952
w-14-79-wg	WSS-005_925786.sgy	1	0	2	0	0	3758	1	1525	4000	Train	22.9238
w-14-79-wg	WSS-006_925786.sgy	1	0	2	0	0	1567	1	1500	4000	Train	9.402
w-14-79-wg	WSS-034_925786.sgy	1	0	2	0	0	1955	1	1500	4000	Train	11.73
w-14-79-wg	WSS-038_925786.sgy	1	0	2	0	0	1959	1	1500	4000	Train	11.754
w-14-79-wg	WSS-042_925786.sgy	1	0	2	0	0	1906	1	1525	4000	Train	11.6266
w-14-79-wg	WSS-046_925786.sgy	1	0	2	0	0	1732	1	1500	4000	Train	10.392
w-14-79-wg	WSS-050_925786.sgy	1	0	2	0	0	2024	1	1500	4000	Train	12.144
w-14-79-wg	WSS-054_936234.sgy	1	0	2	0	0	1769	1	1500	4000	Train	10.614
w-14-79-wg	WSS-058_936234.sgy	1	0	2	0	0	2092	1	1525	4000	Train	12.7612
w-14-79-wg	WSS-062_936234.sgy	1	0	2	0	0	1586	1	1500	4000	Train	9.516
w-14-79-wg	WSS-066_936234.sgy	1	0	2	0	0	1360	1	1525	4000	Train	8.296
w-14-79-wg	WSS-070_936234.sgy	1	0	2	0	0	1228	1	1500	4000	Train	7.368
w-14-79-wg	WSS-074_936234.sgy	1	0	2	0	0	1493	1	1450	4000	Train	8.6594
w-16-76-sf	WSF-201__458583.sgy	1	0	2	0	0	1348	1	1488	4000	Validation	8.023296
w-16-76-sf	WSF-202__338429.sgy	1	0	2	0	0	1105	1	1488	4000	Validation	6.57696
w-16-76-sf	WSF-202__449268.sgy	1	0	2	0	0	277	1	1488	4000	Validation	1.648704
w-16-76-sf	WSF-203__399553.sgy	1	0	2	0	0	1458	1	1488	4000	Validation	8.678016
w-16-76-sf	WSF-204__348716.sgy	1	0	2	0	0	187	1	1488	4000	Validation	1.113024
w-16-76-sf	WSF-205__345184.sgy	1	0	2	0	0	1608	1	1488	4000	Validation	9.570816
w-16-76-sf	WSF-206__477495.sgy	1	0	2	0	0	1055	1	1488	4000	Validation	6.27936
w-16-76-sf	WSF-207__385494.sgy	1	0	2	0	0	1798	1	1488	4000	Validation	10.701696
w-16-76-sf	WSF-209__262639.sgy	1	0	2	0	0	1660	1	1488	4000	Validation	9.88032
w-16-76-sf	WSF-211__477016.sgy	1	0	2	0	0	1569	1	1488	4000	Validation	9.338688
w-16-76-sf	WSF-213__438272.sgy	1	0	2	0	0	1824	1	1488	4000	Validation	10.856448
w-16-76-sf	WSF-217__477748.sgy	1	0	2	0	0	1651	1	1488	4000	Validation	9.826752
w-16-76-sf	WSF-219__360422.sgy	1	0	2	0	0	2572	1	1488	4000	Validation	15.308544
w-16-76-sf	WSF-221__477962.sgy	1	0	2	0	0	1174	1	1488	4000	Validation	6.987648
w-16-76-sf	WSF-221_1__453385.sgy	1	0	2	0	0	423	1	1488	4000	Validation	2.517696
w-16-77-bs	WNS-037A_454796.sgy	1	0	2	0	0	1459	1	1000	4000	Test	5.836
w-17-79-nc	WM-005__294445.sgy	1	0	2	0	0	2286	1	1488	4000	Validation	13.606272
w-17-79-nc	WM-005__467256.sgy	1	0	2	0	0	3077	1	1488	4000	Validation	18.314304
w-17-79-nc	WM-006__474684.sgy	1	0	2	0	0	2221	1	1500	4000	Validation	13.326
w-17-79-nc	WM-007__344096.sgy	1	0	2	0	0	8036	1	1488	4000	Validation	47.830272
w-17-79-nc	WM-008__332567.sgy	1	0	2	0	0	2054	1	1488	4000	Validation	12.225408
w-17-79-nc	WM-011__464071.sgy	1	0	2	0	0	5870	1	1488	4000	Validation	34.93824
w-17-79-nc	WM-014__472752.sgy	1	0	2	0	0	1960	1	1488	4000	Validation	11.66592
w-17-79-nc	WM-016__438770.sgy	1	0	2	0	0	1913	1	1488	4000	Validation	11.386176
w-17-79-nc	WM-022__357989.sgy	1	0	2	0	0	1637	1	1500	4000	Validation	9.822
w-17-79-nc	WM-024__444908.sgy	1	0	2	0	0	1480	1	1488	4000	Validation	8.80896
w-17-79-nc	WM-026__340312.sgy	1	0	2	0	0	1382	1	1750	4000	Validation	9.674
w-17-79-nc	WM-028__454131.sgy	1	0	2	0	0	1114	1	1488	4000	Validation	6.630528
w-17-79-nc	WM-030__344596.sgy	1	0	2	0	0	1779	1	1500	4000	Validation	10.674
w-17-79-nc	WM-040__470484.sgy	1	0	2	0	0	1448	1	1750	4000	Validation	10.136
w-17-79-nc	WM-042__409106.sgy	1	0	2	0	0	1397	1	1488	4000	Validation	8.314944
w-17-79-nc	WM-044__334941.sgy	1	0	2	0	0	1754	1	1750	4000	Validation	12.278
w-17-79-nc	WM-046__473061.sgy	1	0	2	0	0	1741	1	1488	4000	Validation	10.362432
w-17-79-nc	WM-050__458537.sgy	1	0	2	0	0	1736	1	1750	4000	Validation	12.152
w-17-79-nc	WM-058__447096.sgy	1	0	2	0	0	1582	1	1488	4000	Validation	9.416064
w-17-79-nc	WM-062__444099.sgy	1	0	2	0	0	1444	1	1488	4000	Validation	8.594688
w-17-79-nc	WM-064__449367.sgy	1	0	2	0	0	1606	1	1500	4000	Validation	9.636
w-17-79-nc	WM-066__461119.sgy	1	0	2	0	0	1718	1	1500	4000	Validation	10.308
w-18-75-np	WR-003__582540.sgy	1	0	2	0	0	5821	1	1500	4000	Test	34.926
w-18-75-np	WR-003_1__252703.sgy	1	0	2	0	0	508	1	1500	4000	Test	3.048
w-18-75-np	WR-003_2__243458.sgy	1	0	2	0	0	2884	1	1500	4000	Test	17.304
w-18-75-np	WR-042__524735.sgy	1	0	2	0	0	1765	1	1500	4000	Test	10.59
w-18-75-np	WR-044__585619.sgy	1	0	2	0	0	2501	1	1500	4000	Test	15.006
w-18-75-np	WR-046__247779.sgy	1	0	2	0	0	1740	1	1750	4000	Test	12.18
w-18-75-np	WR-048_1__241291.sgy	1	0	2	0	0	604	1	1500	4000	Test	3.624
w-18-75-np	WR-052__251161.sgy	1	0	2	0	0	1988	1	1500	4000	Test	11.928
w-2-70-sc	WS70-009_1__7651.sgy	1	0	2	0	0	1684	1	1500	4000	Train	10.104
w-2-70-sc	WS70-013_1__30097.sgy	1	0	2	0	0	1058	1	1500	4000	Train	6.348
w-2-70-sc	WS70-013_2__31175.sgy	1	0	2	0	0	792	1	1475	4000	Train	4.6728
w-2-70-sc	WS70-017_1__43653.sgy	1	0	2	0	0	1896	1	1500	4000	Train	11.376
w-2-70-sc	WS70-021_1__59890.sgy	1	0	2	0	0	960	1	1500	4000	Train	5.76
w-2-70-sc	WS70-036_1__75856.sgy	1	0	2	0	0	824	1	1500	4000	Train	4.944
w-2-70-sc	WS70-038_1__9896.sgy	1	0	2	0	0	458	1	1500	4000	Train	2.748
w-2-70-sc	WS70-038_2__27256.sgy	1	0	2	0	0	456	1	1500	4000	Train	2.736
w-2-70-sc	WS70-040_1__45526.sgy	1	0	2	0	0	634	1	1475	4000	Train	3.7406
w-2-70-sc	WS70-040_2__1383.sgy	1	0	2	0	0	372	1	1500	4000	Train	2.232
w-2-70-sc	WS70-042_1__50860.sgy	1	0	2	0	0	516	1	1500	4000	Train	3.096
w-2-70-sc	WS70-042_2__38757.sgy	1	0	2	0	0	538	1	1475	4000	Train	3.1742
w-2-70-sc	WS70-044_1__13093.sgy	1	0	2	0	0	924	1	1500	4000	Train	5.544
w-2-70-sc	WS70-046_1__15701.sgy	1	0	2	0	0	1032	1	1500	4000	Train	6.192
w-2-70-sc	WS70-048_1__55124.sgy	1	0	2	0	0	192	1	1475	4000	Train	1.1328
w-2-70-sc	WS70-048_2__98045.sgy	1	0	2	0	0	200	1	1475	4000	Train	1.18
w-2-70-sc	WS70-048_3__39655.sgy	1	0	2	0	0	692	1	1500	4000	Train	4.152
w-2-70-sc	WS70-050__69321.sgy	1	0	2	0	0	1296	1	1500	4000	Train	7.776
w-2-70-sc	WS70-052__46436.sgy	1	0	2	0	0	1324	1	1500	4000	Train	7.944
w-2-70-sc	WS70-054__41314.sgy	1	0	2	0	0	540	1	1475	4000	Train	3.186
w-2-70-sc	WS70-054_1__35789.sgy	1	0	2	0	0	758	1	1500	4000	Train	4.548
w-2-70-sc	WS70-056__77291.sgy	1	0	2	0	0	1178	1	1500	4000	Train	7.068
w-2-70-sc	WS70-058__56145.sgy	1	0	2	0	0	649	1	1500	4000	Train	3.894
w-2-70-sc	WS70-058_1__60299.sgy	1	0	2	0	0	554	1	1500	4000	Train	3.324
w-2-70-sc	WS70-060__31625.sgy	1	0	2	0	0	1080	1	1500	4000	Train	6.48
w-2-70-sc	WS70-062__25723.sgy	1	0	2	0	0	364	1	1500	4000	Train	2.184
w-2-70-sc	WS70-062_1__24812.sgy	1	0	2	0	0	668	1	1500	4000	Train	4.008
w-2-75-wg	ALC-002.sgy	1	4	1	0	0	1386	1	1500	4000	Train	8.316
w-2-75-wg	ALC-003_1.sgy	1	4	1	0	0	723	1	1500	4000	Train	4.338
w-2-75-wg	ALC-003_2.sgy	1	4	1	0	0	454	1	1500	4000	Train	2.724
w-2-75-wg	ALC-003.sgy	1	4	1	0	0	2371	1	1500	4000	Train	14.226
w-2-75-wg	ALC-004_1.sgy	1	4	1	0	0	820	1	1500	4000	Train	4.92
w-2-75-wg	ALC-005_1.sgy	1	4	1	0	0	3140	1	1500	4000	Train	18.84
w-2-75-wg	ALC-005.sgy	1	4	1	0	0	1039	1	1500	4000	Train	6.234
w-2-75-wg	ALC-008_1.sgy	1	4	1	0	0	2184	1	1500	4000	Train	13.104
w-2-75-wg	ALC-009.sgy	1	4	1	0	0	4184	1	1500	4000	Train	25.104
w-2-75-wg	ALC-010_1.sgy	1	4	1	0	0	4232	1	1500	4000	Train	25.392
w-2-75-wg	ALC-010_2.sgy	1	4	1	0	0	640	1	1500	4000	Train	3.84
w-2-75-wg	ALC-010.sgy	1	4	1	0	0	199	1	1500	4000	Train	1.194
w-2-75-wg	ALC-011_1.sgy	1	4	1	0	0	287	1	1500	4000	Train	1.722
w-2-75-wg	ALC-011_2.sgy	1	4	1	0	0	648	1	1500	4000	Train	3.888
w-2-75-wg	ALC-011.sgy	1	4	1	0	0	884	1	1500	4000	Train	5.304
w-2-75-wg	ALC-012_2.sgy	1	4	1	0	0	2748	1	1500	4000	Train	16.488
w-2-75-wg	ALC-012.sgy	1	4	1	0	0	504	1	1500	4000	Train	3.024
w-2-75-wg	ALC-014_1.sgy	1	4	1	0	0	705	1	1500	4000	Train	4.23
w-2-75-wg	ALC-014_3.sgy	1	4	1	0	0	453	1	1500	4000	Train	2.718
w-2-75-wg	ALC-014.sgy	1	4	1	0	0	3395	1	1500	4000	Train	20.37
w-2-75-wg	ALC-015_1.sgy	1	4	1	0	0	540	1	1500	4000	Train	3.24
w-2-75-wg	ALC-015.sgy	1	4	1	0	0	4091	1	1500	4000	Train	24.546
w-2-75-wg	ALC-016.sgy	1	4	1	0	0	5786	1	1500	4000	Train	34.716
w-2-75-wg	ALC-018_1.sgy	1	4	1	0	0	520	1	1500	4000	Train	3.12
w-2-75-wg	ALC-018_2.sgy	1	4	1	0	0	4444	1	1500	4000	Train	26.664
w-2-75-wg	ALC-019_1.sgy	1	4	1	0	0	755	1	1500	4000	Train	4.53
w-2-75-wg	ALC-019.sgy	1	4	1	0	0	2780	1	1500	4000	Train	16.68
w-2-75-wg	ALC-020_1.sgy	1	4	1	0	0	364	1	1500	4000	Train	2.184
w-20-79-ar	WB-402_750701-1.sgy	1	0	2	0	0	463	1	1475	4000	Train	2.7317
w-20-79-ar	WB-402_750701.sgy	1	0	2	0	0	358	1	1475	4000	Train	2.1122
w-20-79-ar	WB-404_750701.sgy	1	0	2	0	0	508	1	1475	4000	Train	2.9972
w-20-79-ar	WB-406_750701-1.sgy	1	0	2	0	0	333	1	1475	4000	Train	1.9647
w-20-79-ar	WB-406_750701-2.sgy	1	0	2	0	0	110	1	1475	4000	Train	0.649
w-20-79-ar	WB-406_750701.sgy	1	0	2	0	0	102	1	1475	4000	Train	0.6018
w-20-79-ar	WB-407_975951.sgy	1	0	2	0	0	965	1	1475	4000	Train	5.6935
w-20-79-ar	WB-408_750701.sgy	1	0	2	0	0	343	1	1475	4000	Train	2.0237
w-20-79-ar	WB-412_750701.sgy	1	0	2	0	0	788	1	1475	4000	Train	4.6492
w-20-79-ar	WB-413_750701.sgy	1	0	2	0	0	1848	1	1475	4000	Train	10.9032
w-20-79-ar	WB-417_975951.sgy	1	0	2	0	0	1028	1	1475	4000	Train	6.0652
w-20-79-ar	WB-421_749985.sgy	1	0	2	0	0	637	1	1475	4000	Train	3.7583
w-20-79-ar	WB-423_749985-1.sgy	1	0	2	0	0	4361	1	1475	4000	Train	25.7299
w-20-79-ar	WB-423_749985.sgy	1	0	2	0	0	1301	1	1475	4000	Train	7.6759
w-21-80-bs	WNS-304_718978.sgy	1	0	2	0	0	972	1	1475	4000	Test	5.7348
w-21-80-bs	WNS-310_716634.sgy	1	0	2	0	0	2560	1	1475	4000	Test	15.104
w-21-80-bs	WNS-311_720391.sgy	1	0	2	0	0	2126	1	1475	4000	Test	12.5434
w-21-80-bs	WNS-312_711489.sgy	1	0	2	0	0	575	1	1475	4000	Test	3.3925
w-21-80-bs	WNS-312_744544.sgy	1	0	2	0	0	6991	1	1500	4000	Test	41.946
w-21-80-bs	WNS-314_756742.sgy	1	0	2	0	0	3826	1	1475	4000	Test	22.5734
w-21-80-bs	WNS-316_750368.sgy	1	0	2	0	0	5294	1	1475	4000	Test	31.2346
w-21-80-bs	WNS-316_753843.sgy	1	0	2	0	0	2902	1	1475	4000	Test	17.1218
w-21-80-bs	WNS-317_732824.sgy	1	0	2	0	0	3963	1	1475	4000	Test	23.3817
w-21-80-bs	WNS-320_727033.sgy	1	0	2	0	0	1434	1	1475	4000	Test	8.4606
w-21-80-bs	WNS-322_756313.sgy	1	0	2	0	0	1776	1	1475	4000	Test	10.4784
w-21-80-bs	WNS-324_706624.sgy	1	0	2	0	0	3397	1	1475	4000	Test	20.0423
w-21-80-bs	WNS-324_753564.sgy	1	0	2	0	0	2295	1	1475	4000	Test	13.5405
w-21-80-bs	WNS-328_719637.sgy	1	0	2	0	0	1400	1	1475	4000	Test	8.26
w-21-80-bs	WNS-331_726475.sgy	1	0	2	0	0	2660	1	1475	4000	Test	15.694
w-21-80-bs	WNS-335_718537.sgy	1	0	2	0	0	1374	1	1475	4000	Test	8.1066
w-21-80-bs	WNS-337_717235.sgy	1	0	2	0	0	2492	1	1475	4000	Test	14.7028
w-21-80-bs	WNS-339_718715.sgy	1	0	2	0	0	2481	1	1475	4000	Test	14.6379
w-21-80-bs	WNS-341_720816.sgy	1	0	2	0	0	2461	1	1475	4000	Test	14.5199
w-22-79-np	h_2000__.sgy	1	1	2	0	0	738	1	1463	4000	Validation	4.318776
w-22-79-np	h_2012__.sgy	1	1	2	0	0	1232	1	1463	4000	Validation	7.209664
w-22-79-np	h_2015__.sgy	1	1	2	0	0	1218	1	1463	4000	Validation	7.127736
w-22-79-np	h_2017__.sgy	1	1	2	0	0	983	1	1430	4000	Validation	5.62276
w-22-79-np	h_2019__.sgy	1	1	2	0	0	2612	1	1463	4000	Validation	15.285424
w-22-79-np	h_2019_2.sgy	1	1	2	0	0	1108	1	1463	4000	Validation	6.484016
w-22-79-np	h_2022__.sgy	1	1	2	0	0	1608	1	1463	4000	Validation	9.410016
w-22-79-np	h_2032__.sgy	1	1	2	0	0	1708	1	1463	4000	Validation	9.995216
w-22-79-np	h_2037__.sgy	1	1	2	0	0	2118	1	1463	4000	Validation	12.394536
w-22-79-np	h_2046__.sgy	1	1	2	0	0	1253	1	1463	4000	Validation	7.332556
w-22-79-np	h_2048__.sgy	1	1	2	0	0	1243	1	1463	4000	Validation	7.274036
w-22-79-np	h_2066__.sgy	1	1	2	0	0	2048	1	1438	4000	Validation	11.780096
w-22-79-np	h_2068_2.sgy	1	1	2	0	0	2283	1	1463	4000	Validation	13.360116
w-22-79-np	h_2076__.sgy	1	1	2	0	0	783	1	1463	4000	Validation	4.582116
w-22-79-np	h_2096__.sgy	1	1	2	0	0	1443	1	1463	4000	Validation	8.444436
w-22-79-np	h_2100_2.sgy	1	1	2	0	0	1258	1	1463	4000	Validation	7.361816
w-22-79-np	h_2102__.sgy	1	1	2	0	0	1437	1	1463	4000	Validation	8.409324
w-22-79-np	h_2104__.sgy	1	1	2	0	0	983	1	1463	4000	Validation	5.752516
w-22-79-np	h_2110__.sgy	1	1	2	0	0	877	1	1463	4000	Validation	5.132204
w-22-79-np	h_2112a_.sgy	1	1	2	0	0	1647	1	1463	4000	Validation	9.638244
w-22-79-np	h_2124__.sgy	1	1	2	0	0	2731	1	1463	4000	Validation	15.981812
w-22-79-np	h_2126__.sgy	1	1	2	0	0	2331	1	1438	4000	Validation	13.407912
w-22-79-np	h_2134__.sgy	1	1	2	0	0	1898	1	1463	4000	Validation	11.107096
w-22-79-np	h_2140__.sgy	1	1	2	0	0	2597	1	1463	4000	Validation	15.197644
w-22-79-np	h_2146__.sgy	1	1	2	0	0	2304	1	1463	4000	Validation	13.483008
w-22-79-np	h_2148__.sgy	1	1	2	0	0	2632	1	1375	4000	Validation	14.476
w-22-79-np	h_2166__.sgy	1	1	2	0	0	1758	1	1463	4000	Validation	10.287816
w-22-79-np	h_2168__.sgy	1	1	2	0	0	1661	1	1463	4000	Validation	9.720172
w-22-79-np	h_2174__.sgy	1	1	2	0	0	1528	1	1463	4000	Validation	8.941856
w-22-79-np	h_2202__.sgy	1	1	2	0	0	1336	1	1463	4000	Validation	7.818272
w-22-79-np	h_2214__.sgy	1	1	2	0	0	2000	1	1463	4000	Validation	11.704
w-23-81-sc	WC81-403__24334.sgy	1	0	2	0	0	2099	1	1500	4000	Train	12.594
w-23-81-sc	WC81-405_1__34835.sgy	1	0	2	0	0	1207	1	1500	4000	Train	7.242
w-23-81-sc	WC81-405_1__41080.sgy	1	0	2	0	0	433	1	1500	4000	Train	2.598
w-23-81-sc	WC81-407__14490.sgy	1	0	2	0	0	3067	1	1500	4000	Train	18.402
w-23-81-sc	WC81-409__41015.sgy	1	0	2	0	0	1679	1	1500	4000	Train	10.074
w-23-81-sc	WC81-409__8331.sgy	1	0	2	0	0	419	1	1500	4000	Train	2.514
w-23-81-sc	WC81-413__23125.sgy	1	0	2	0	0	503	1	1500	4000	Train	3.018
w-23-81-sc	WC81-420__15965.sgy	1	0	2	0	0	2495	1	1500	4000	Train	14.97
w-23-81-sc	WC81-420__40008.sgy	1	0	2	0	0	1217	1	1500	4000	Train	7.302
w-23-81-sc	WC81-424__44115.sgy	1	0	2	0	0	2427	1	1500	4000	Train	14.562
w-23-81-sc	WC81-503__41696.sgy	1	0	2	0	0	1154	1	1500	4000	Train	6.924
w-23-81-sc	WC81-601__41626.sgy	1	0	2	0	0	1618	1	1500	4000	Train	9.708
w-23-81-sc	WC81-602__10989.sgy	1	0	2	0	0	2836	1	1525	4000	Train	17.2996
w-23-81-sc	WC81-602__48034.sgy	1	0	2	0	0	780	1	1500	4000	Train	4.68
w-23-81-sc	WC81-603__1389.sgy	1	0	2	0	0	1690	1	1500	4000	Train	10.14
w-23-81-sc	WC81-604__39340.sgy	1	0	2	0	0	1092	1	1500	4000	Train	6.552
w-23-81-sc	WC81-605__40543.sgy	1	0	2	0	0	1680	1	1500	4000	Train	10.08
w-23-81-sc	WC81-608__1454.sgy	1	0	2	0	0	2608	1	1500	4000	Train	15.648
w-23-81-sc	WC81-609__6105.sgy	1	0	2	0	0	1660	1	1500	4000	Train	9.96
w-23-81-sc	WC81-610__28835.sgy	1	0	2	0	0	2920	1	1500	4000	Train	17.52
w-23-81-sc	WC81-611__29791.sgy	1	0	2	0	0	940	1	1500	4000	Train	5.64
w-23-81-sc	WC81-613__7619.sgy	1	0	2	0	0	930	1	1500	4000	Train	5.58
w-23-81-sc	WC81-614__13917.sgy	1	0	2	0	0	518	1	1500	4000	Train	3.108
w-23-81-sc	WC81-614__21638.sgy	1	0	2	0	0	1232	1	1500	4000	Train	7.392
w-23-81-sc	WC81-616__7073.sgy	1	0	2	0	0	958	1	1500	4000	Train	5.748
w-23-81-sc	WC81-617__22771.sgy	1	0	2	0	0	1160	1	1500	4000	Train	6.96
w-23-81-sc	WC81-618__10801.sgy	1	0	2	0	0	1166	1	1500	4000	Train	6.996
w-23-81-sc	WC81-619__23311.sgy	1	0	2	0	0	1090	1	1500	4000	Train	6.54
w-23-81-sc	WC81-620__13418.sgy	1	0	2	0	0	723	1	1500	4000	Train	4.338
w-23-81-sc	WC81-624__29653.sgy	1	0	2	0	0	928	1	1500	4000	Train	5.568
w-23-81-sc	WC81-627__42140.sgy	1	0	2	0	0	1800	1	1500	4000	Train	10.8
w-23-81-sc	WC81-631__7600.sgy	1	0	2	0	0	1380	1	1500	4000	Train	8.28
w-23-81-sc	WC81-632__17297.sgy	1	0	2	0	0	680	1	1500	4000	Train	4.08
w-23-81-sc	WC81-633__29056.sgy	1	0	2	0	0	879	1	1500	4000	Train	5.274
w-23-81-sc	WC81-634__6948.sgy	1	0	2	0	0	1492	1	1500	4000	Train	8.952
w-23-81-sc	WC81-634_1__27867.sgy	1	0	2	0	0	550	1	1500	4000	Train	3.3
w-25-80-ar	WB-502D_789092.sgy	1	0	2	0	0	496	1	1475	4000	Train	2.9264
w-25-80-ar	WB-504D_789092.sgy	1	0	2	0	0	290	1	1475	4000	Train	1.711
w-25-80-ar	WB-506D_789092.sgy	1	0	2	0	0	250	1	1475	4000	Train	1.475
w-25-80-ar	WB-508D_789092.sgy	1	0	2	0	0	250	1	1475	4000	Train	1.475
w-25-80-ar	WB-510D_789092.sgy	1	0	2	0	0	460	1	1475	4000	Train	2.714
w-25-80-ar	WB-512D_789092.sgy	1	0	2	0	0	242	1	1475	4000	Train	1.4278
w-25-80-ar	WB-514D_789092.sgy	1	0	2	0	0	452	1	1475	4000	Train	2.6668
w-25-80-ar	WB-515D_916053.sgy	1	0	2	0	0	6483	1	1475	4000	Train	38.2497
w-25-80-ar	WB-516D_916053.sgy	1	0	2	0	0	414	1	1475	4000	Train	2.4426
w-25-80-ar	WB-517D_916053.sgy	1	0	2	0	0	4411	1	1475	4000	Train	26.0249
w-25-80-ar	WB-518D_916053.sgy	1	0	2	0	0	594	1	1475	4000	Train	3.5046
w-25-80-ar	WB-519D_916053.sgy	1	0	2	0	0	4138	1	1475	4000	Train	24.4142
w-25-80-ar	WB-519D_982080.sgy	1	0	2	0	0	1506	1	1475	4000	Train	8.8854
w-25-80-ar	WB-520D_916053.sgy	1	0	2	0	0	712	1	1475	4000	Train	4.2008
w-25-80-ar	WB-522D_916053.sgy	1	0	2	0	0	654	1	1475	4000	Train	3.8586
w-25-80-ar	WB-523D_916053.sgy	1	0	2	0	0	1246	1	1475	4000	Train	7.3514
w-25-80-ar	WB-524D_916053.sgy	1	0	2	0	0	683	1	1475	4000	Train	4.0297
w-25-80-ar	WB-525D_916053.sgy	1	0	2	0	0	1410	1	1475	4000	Train	8.319
w-25-80-ar	WB-526D_916053.sgy	1	0	2	0	0	807	1	1475	4000	Train	4.7613
w-25-80-ar	WB-528D_916053.sgy	1	0	2	0	0	1191	1	1475	4000	Train	7.0269
w-25-80-ar	WB-530D_916053.sgy	1	0	2	0	0	860	1	1475	4000	Train	5.074
w-25-80-ar	WB-530D_982080.sgy	1	0	2	0	0	452	1	1475	4000	Train	2.6668
w-25-80-ar	WB-532D_916053.sgy	1	0	2	0	0	1226	1	1475	4000	Train	7.2334
w-25-80-ar	WB-534D_916053.sgy	1	0	2	0	0	880	1	1475	4000	Train	5.192
w-25-80-ar	WB-536D_916053.sgy	1	0	2	0	0	654	1	1475	4000	Train	3.8586
w-25-80-ar	WB-538D_916053.sgy	1	0	2	0	0	714	1	1475	4000	Train	4.2126
w-25-80-ar	WB-540D_916053.sgy	1	0	2	0	0	830	1	1475	4000	Train	4.897
w-25-80-ar	WB-542D_916053.sgy	1	0	2	0	0	804	1	1475	4000	Train	4.7436
w-25-80-ar	WB-544D_916053.sgy	1	0	2	0	0	408	1	1475	4000	Train	2.4072
w-25-80-ar	WB-546D_916053.sgy	1	0	2	0	0	436	1	1475	4000	Train	2.5724
w-25-80-ar	WB-548D_916053.sgy	1	0	2	0	0	536	1	1475	4000	Train	3.1624
w-25-80-ar	WB-550D_916053.sgy	1	0	2	0	0	412	1	1475	4000	Train	2.4308
w-25-80-ar	WB-552D_916053.sgy	1	0	2	0	0	536	1	1475	4000	Train	3.1624
w-25-80-ar	WB-554D_916053.sgy	1	0	2	0	0	416	1	1475	4000	Train	2.4544
w-25-80-ar	WB-556D_916053.sgy	1	0	2	0	0	354	1	1475	4000	Train	2.0886
w-25-80-ar	WB-560D_916053.sgy	1	0	2	0	0	604	1	1475	4000	Train	3.5636
w-25-80-ar	WB-562D_916053.sgy	1	0	2	0	0	600	1	1475	4000	Train	3.54
w-26-80-wg	WSS-102_746916-1.sgy	1	0	2	0	0	1560	1	1475	4000	Train	9.204
w-26-80-wg	WSS-105_731308.sgy	1	0	2	0	0	1334	1	1475	4000	Train	7.8706
w-26-80-wg	WSS-105_746916-1.sgy	1	0	2	0	0	2342	1	1475	4000	Train	13.8178
w-26-80-wg	WSS-106_731308-1.sgy	1	0	2	0	0	1450	1	1475	4000	Train	8.555
w-26-80-wg	WSS-106_731308.sgy	1	0	2	0	0	2144	1	1475	4000	Train	12.6496
w-26-80-wg	WSS-108_731308-1.sgy	1	0	2	0	0	1582	1	1475	4000	Train	9.3338
w-26-80-wg	WSS-111_761363-1.sgy	1	0	2	0	0	1496	1	1475	4000	Train	8.8264
w-26-80-wg	WSS-111_761363.sgy	1	0	2	0	0	4488	1	1475	4000	Train	26.4792
w-26-80-wg	WSS-113A_761363-1.sgy	1	0	2	0	0	1086	1	1475	4000	Train	6.4074
w-26-80-wg	WSS-113A_761363-2.sgy	1	0	2	0	0	2508	1	1475	4000	Train	14.7972
w-26-80-wg	WSS-116_761363-1.sgy	1	0	2	0	0	1990	1	1475	4000	Train	11.741
w-26-80-wg	WSS-124A_920102.sgy	1	0	2	0	0	652	1	1475	4000	Train	3.8468
w-26-80-wg	WSS-130_792512-1.sgy	1	0	2	0	0	1292	1	1475	4000	Train	7.6228
w-26-80-wg	WSS-130_792512.sgy	1	0	2	0	0	2264	1	1475	4000	Train	13.3576
w-26-80-wg	WSS-134_792512.sgy	1	0	2	0	0	3512	1	1475	4000	Train	20.7208
w-26-80-wg	WSS-136_792512.sgy	1	0	2	0	0	3814	1	1475	4000	Train	22.5026
w-26-80-wg	WSS-138_792512.sgy	1	0	2	0	0	2138	1	1475	4000	Train	12.6142
w-26-80-wg	WSS-140_792512.sgy	1	0	2	0	0	3362	1	1475	4000	Train	19.8358
w-26-80-wg	WSS-148_792512.sgy	1	0	2	0	0	3210	1	1475	4000	Train	18.939
w-26-80-wg	WSS-156_925153.sgy	1	0	2	0	0	2932	1	1475	4000	Train	17.2988
w-26-80-wg	WSS-162_925153.sgy	1	0	2	0	0	2398	1	1475	4000	Train	14.1482
w-26-80-wg	WSS-168_925153.sgy	1	0	2	0	0	3078	1	1475	4000	Train	18.1602
w-26-80-wo	WO-001X__20835.sgy	1	1	2	0	0	5386	1	1250	4000	Test	26.93
w-26-80-wo	WO-001X_1__13211.sgy	1	1	2	0	0	4983	1	1250	4000	Test	24.915
w-26-80-wo	WO-002X__8424.sgy	1	1	2	0	0	2164	1	1250	4000	Test	10.82
w-26-80-wo	WO-003X__7839.sgy	1	1	2	0	0	1242	1	1250	4000	Test	6.21
w-26-80-wo	WO-004X__8569.sgy	1	1	2	0	0	4379	1	1250	4000	Test	21.895
w-26-80-wo	WO-005X__12703.sgy	1	1	2	0	0	2082	1	1250	4000	Test	10.41
w-27-81-cs	WCS-106_612577-1.sgy	1	0	2	0	0	11435	1	1750	4000	Train	80.045
w-27-81-cs	WCS-110_613618-2.sgy	1	0	2	0	0	6409	1	1475	4000	Train	37.8131
w-27-81-cs	WCS-110_613618-4.sgy	1	0	2	0	0	1374	1	1535	4000	Train	8.43636
w-27-81-cs	WCS-110_613618-5.sgy	1	0	2	0	0	488	1	1535	4000	Train	2.99632
w-27-81-cs	WCS-112_767169-1.sgy	1	0	2	0	0	393	1	1525	4000	Train	2.3973
w-27-81-cs	WCS-116_613618.sgy	1	0	2	0	0	10497	1	1500	4000	Train	62.982
w-27-81-cs	WCS-118_614836-2.sgy	1	0	2	0	0	3873	1	1525	4000	Train	23.6253
w-27-81-cs	WCS-131_744283.sgy	1	0	2	0	0	3301	1	2025	4000	Train	26.7381
w-27-81-cs	WCS-132_744283.sgy	1	0	2	0	0	3251	1	1525	4000	Train	19.8311
w-27-81-cs	WCS-133_744283.sgy	1	0	2	0	0	561	1	1775	4000	Train	3.9831
w-27-81-cs	WCS-144_744336-1.sgy	1	0	2	0	0	2579	1	1525	4000	Train	15.7319
w-27-81-cs	WCS-165_744336.sgy	1	0	2	0	0	2930	1	1525	4000	Train	17.873
w-29-80-wo	wo-01_~1.sgy	1	1	2	0	0	8342	1	1500	4000	Test	50.052
w-29-80-wo	wo-02_~1.sgy	1	1	2	0	0	3446	1	1775	4000	Test	24.4666
w-29-80-wo	wo-03_~1.sgy	1	1	2	0	0	816	1	1525	4000	Test	4.9776
w-29-80-wo	wo-14_~1.sgy	1	1	2	0	0	5516	1	1525	4000	Test	33.6476
w-29-80-wo	wo-18_~1.sgy	1	1	2	0	0	4598	1	1500	4000	Test	27.588
w-29-80-wo	wo-26_~1.sgy	1	1	2	0	0	5702	1	1525	4000	Test	34.7822
w-29-80-wo	wo-36_~2.sgy	1	1	2	0	0	1062	1	1500	4000	Test	6.372
w-29-80-wo	wo-38_~1.sgy	1	1	2	0	0	1534	1	1525	4000	Test	9.3574
w-29-80-wo	wo-40_~1.sgy	1	1	2	0	0	4784	1	1525	4000	Test	29.1824
w-29-80-wo	wo-58_~1.sgy	1	1	2	0	0	3710	1	1500	4000	Test	22.26
w-29-80-wo	woa190~1.sgy	1	1	2	0	0	9748	1	1525	4000	Test	59.4628
w-3-75-sc	W74-126__228976.sgy	1	0	2	0	0	661	1	1487	4000	Train	3.931628
w-3-75-sc	W74-128__595381.sgy	1	0	2	0	0	718	1	1487	4000	Train	4.270664
w-3-75-sc	W74-401__422768.sgy	1	0	2	0	0	379	1	1487	4000	Train	2.254292
w-3-75-sc	W74-402__552601.sgy	1	0	2	0	0	796	1	1487	4000	Train	4.734608
w-3-75-sc	W74-403__571175.sgy	1	0	2	0	0	1585	1	1487	4000	Train	9.42758
w-3-75-sc	W74-405__596470.sgy	1	0	2	0	0	1225	1	1487	4000	Train	7.2863
w-3-75-sc	W74-406__555830.sgy	1	0	2	0	0	655	1	1487	4000	Train	3.89594
w-3-75-sc	W74-407__596298.sgy	1	0	2	0	0	787	1	1487	4000	Train	4.681076
w-3-75-sc	W74-409__597853.sgy	1	0	2	0	0	995	1	1487	4000	Train	5.91826
w-3-75-sc	W74-410__403980.sgy	1	0	2	0	0	865	1	1487	4000	Train	5.14502
w-3-75-sc	W74-411__595994.sgy	1	0	2	0	0	366	1	1487	4000	Train	2.176968
w-3-75-sc	W74-414__594662.sgy	1	0	2	0	0	1144	1	1487	4000	Train	6.804512
w-3-75-sc	W74-416__594078.sgy	1	0	2	0	0	1820	1	1487	4000	Train	10.82536
w-3-75-sc	W74-417__207129.sgy	1	0	2	0	0	1972	1	1487	4000	Train	11.729456
w-3-75-sc	W74-422__550952.sgy	1	0	2	0	0	2244	1	1487	4000	Train	13.347312
w-3-75-sc	W74-428__305973.sgy	1	0	2	0	0	1352	1	1487	4000	Train	8.041696
w-3-75-sc	W74-430__596889.sgy	1	0	2	0	0	640	1	1487	4000	Train	3.80672
w-3-75-sc	W74-433__565482.sgy	1	0	2	0	0	1327	1	1487	4000	Train	7.892996
w-3-75-sc	W74-434__595992.sgy	1	0	2	0	0	649	1	1487	4000	Train	3.860252
w-3-75-sc	W74-438__542114.sgy	1	0	2	0	0	1432	1	1487	4000	Train	8.517536
w-3-75-sc	W74-448__596066.sgy	1	0	2	0	0	652	1	1487	4000	Train	3.878096
w-3-75-sc	W74-450__596822.sgy	1	0	2	0	0	1726	1	1487	4000	Train	10.266248
w-3-75-sc	W74-452__596299.sgy	1	0	2	0	0	616	1	1487	4000	Train	3.663968
w-3-75-sc	W74-488__406059.sgy	1	0	2	0	0	638	1	1487	4000	Train	3.794824
w-3-75-sc	W74-490__595757.sgy	1	0	2	0	0	1429	1	1487	4000	Train	8.499692
w-3-75-sc	W75-108__596302.sgy	1	0	2	0	0	988	1	1487	4000	Train	5.876624
w-3-75-sc	W75-110__572264.sgy	1	0	2	0	0	941	1	1487	4000	Train	5.597068
w-3-75-sc	W75-118__596303.sgy	1	0	2	0	0	1375	1	1487	4000	Train	8.1785
w-3-75-sc	W75-120__584765.sgy	1	0	2	0	0	2354	1	1487	4000	Train	14.001592
w-3-75-sc	W75-124__597841.sgy	1	0	2	0	0	406	1	1487	4000	Train	2.414888
w-3-75-sc	W75-419__544193.sgy	1	0	2	0	0	1666	1	1487	4000	Train	9.909368
w-3-75-sc	W75-425__319258.sgy	1	0	2	0	0	1872	1	1487	4000	Train	11.134656
w-3-75-sc	W75-439__597849.sgy	1	0	2	0	0	1297	1	1487	4000	Train	7.714556
w-3-75-sc	W75-443__55779.sgy	1	0	2	0	0	954	1	1540	4000	Train	5.87664
w-3-75-sc	W75-449__45327.sgy	1	0	2	0	0	1306	1	1540	4000	Train	8.04496
w-3-75-sc	W75-451__576416.sgy	1	0	2	0	0	484	1	1487	4000	Train	2.878832
w-3-75-sc	W75-454__597041.sgy	1	0	2	0	0	1288	1	1487	4000	Train	7.661024
w-3-75-sc	W75-455__517256.sgy	1	0	2	0	0	1491	1	1387	4000	Train	8.272068
w-3-75-sc	W75-456__591830.sgy	1	0	2	0	0	636	1	1487	4000	Train	3.782928
w-3-75-sc	W75-458__594013.sgy	1	0	2	0	0	1078	1	1487	4000	Train	6.411944
w-3-75-sc	W75-460__595924.sgy	1	0	2	0	0	568	1	1487	4000	Train	3.378464
w-3-75-sc	W75-462__311659.sgy	1	0	2	0	0	571	1	1487	4000	Train	3.396308
w-3-75-sc	W75-472__216098.sgy	1	0	2	0	0	1183	1	1487	4000	Train	7.036484
w-3-75-sc	W75-474__415701.sgy	1	0	2	0	0	574	1	1487	4000	Train	3.414152
w-3-75-sc	W75-480__596304.sgy	1	0	2	0	0	1606	1	1487	4000	Train	9.552488
w-3-75-sc	W75-484__595864.sgy	1	0	2	0	0	754	1	1487	4000	Train	4.484792
w-3-75-sc	W75-496__597059.sgy	1	0	2	0	0	625	1	1487	4000	Train	3.7175
w-3-79-cb	13E__612732.1.sgy	1	1	2	0	0	615	1	1425	4000	Validation	3.5055
w-3-79-cb	14E__601556.1.sgy	1	1	2	0	0	495	1	1425	4000	Validation	2.8215
w-3-79-cb	22E__604719.1.sgy	1	1	2	0	0	615	1	1425	4000	Validation	3.5055
w-3-79-cb	23E__435867.1.sgy	1	1	2	0	0	459	1	1425	4000	Validation	2.6163
w-3-79-cb	24E__455956.1.sgy	1	1	2	0	0	403	1	1425	4000	Validation	2.2971
w-3-79-cb	42__647442.1.sgy	1	1	2	0	0	571	1	1425	4000	Validation	3.2547
w-3-79-cb	43__465867.1.sgy	1	1	2	0	0	552	1	1425	4000	Validation	3.1464
w-3-79-cb	44__483874.1.sgy	1	1	2	0	0	615	1	1425	4000	Validation	3.5055
w-3-79-cb	45__387840.1.sgy	1	1	2	0	0	467	1	1425	4000	Validation	2.6619
w-3-79-cb	46__476033.1.sgy	1	1	2	0	0	744	1	1425	4000	Validation	4.2408
w-3-79-cb	48__438357.1.sgy	1	1	2	0	0	1144	1	1425	4000	Validation	6.5208
w-3-79-cb	49__337389.1.sgy	1	1	2	0	0	1609	1	1425	4000	Validation	9.1713
w-3-79-cb	50__436196.1.sgy	1	1	2	0	0	1843	1	1425	4000	Validation	10.5051
w-3-79-cb	51__445748.1.sgy	1	1	2	0	0	2151	1	1425	4000	Validation	12.2607
w-3-79-cb	51__53138.1.sgy	1	1	2	0	0	2151	1	1450	4000	Validation	12.4758
w-3-79-cb	52__492741.1.sgy	1	1	2	0	0	1930	1	1425	4000	Validation	11.001
w-3-79-cb	53__458863.1.sgy	1	1	2	0	0	1310	1	1425	4000	Validation	7.467
w-3-79-cb	54__478415.1.sgy	1	1	2	0	0	1019	1	1425	4000	Validation	5.8083
w-3-79-cb	55__465330.1.sgy	1	1	2	0	0	991	1	1425	4000	Validation	5.6487
w-3-79-cb	56__367750.1.sgy	1	1	2	0	0	760	1	1425	4000	Validation	4.332
w-3-79-cb	60__392023.1.sgy	1	1	2	0	0	1435	1	1425	4000	Validation	8.1795
w-3-79-cb	61__612412.1.sgy	1	1	2	0	0	400	1	1425	4000	Validation	2.28
w-3-79-cb	62__604192.1.sgy	1	1	2	0	0	2847	1	1425	4000	Validation	16.2279
w-3-79-cb	63__479385.1.sgy	1	1	2	0	0	2447	1	1425	4000	Validation	13.9479
w-3-79-cb	64__457174.1.sgy	1	1	2	0	0	2215	1	1425	4000	Validation	12.6255
w-3-79-cb	65__595278.1.sgy	1	1	2	0	0	1661	1	1425	4000	Validation	9.4677
w-3-79-cb	66__610953.1.sgy	1	1	2	0	0	1306	1	1425	4000	Validation	7.4442
w-3-79-cb	67__295161.1.sgy	1	1	2	0	0	978	1	1425	4000	Validation	5.5746
w-3-79-cb	68__474130.1.sgy	1	1	2	0	0	331	1	1425	4000	Validation	1.8867
w-30-81-cs	WHB-001_102802.sgy	1	0	2	0	0	2658	1	1463	4000	Train	15.554616
w-30-81-cs	WHB-001_113153.sgy	1	0	2	0	0	3232	1	1463	4000	Train	18.913664
w-30-81-cs	WHB-005_102003.sgy	1	0	2	0	0	251	1	1463	4000	Train	1.468852
w-30-81-cs	WHB-005_111654.sgy	1	0	2	0	0	3257	1	1463	4000	Train	19.059964
w-30-81-cs	WHB-005_130911.sgy	1	0	2	0	0	6384	1	1488	4000	Train	37.997568
w-30-81-cs	WHB-014_146007.sgy	1	0	2	0	0	3896	1	1463	4000	Train	22.799392
w-30-81-cs	WHB-018_135173.sgy	1	0	2	0	0	4785	1	1463	4000	Train	28.00182
w-30-81-cs	WHB-024_145503.sgy	1	0	2	0	0	7818	1	1463	4000	Train	45.750936
w-30-81-cs	WHB-026_104586.sgy	1	0	2	0	0	2120	1	1463	4000	Train	12.40624
w-30-81-cs	WHB-026_105166.sgy	1	0	2	0	0	390	1	1463	4000	Train	2.28228
w-30-81-cs	WHB-028_106870.sgy	1	0	2	0	0	5954	1	1463	4000	Train	34.842808
w-30-81-cs	WHB-028_109681.sgy	1	0	2	0	0	2614	1	1463	4000	Train	15.297128
w-30-81-cs	WHB-032_137690.sgy	1	0	2	0	0	8026	1	1463	4000	Train	46.968152
w-30-81-sc	WC80-104__776971.sgy	1	0	2	0	0	888	1	1725	4000	Train	6.1272
w-30-81-sc	WC80-106__731310.sgy	1	0	2	0	0	863	1	1750	4000	Train	6.041
w-30-81-sc	WC80-108__801714.sgy	1	0	2	0	0	886	1	1750	4000	Train	6.202
w-30-81-sc	WC80-114_1__782035.sgy	1	0	2	0	0	541	1	1475	4000	Train	3.1919
w-30-81-sc	WC80-117__742321.sgy	1	0	2	0	0	2044	1	1725	4000	Train	14.1036
w-30-81-sc	WC80-122__804198.sgy	1	0	2	0	0	895	1	1725	4000	Train	6.1755
w-30-81-sc	WC80-123__775157.sgy	1	0	2	0	0	2042	1	1475	4000	Train	12.0478
w-30-81-sc	WC80-126__722820.sgy	1	0	2	0	0	514	1	1725	4000	Train	3.5466
w-30-81-sc	WC80-132_1__806502.sgy	1	0	2	0	0	399	1	1500	4000	Train	2.394
w-30-81-sc	WC80-133__3953.sgy	1	0	2	0	0	433	1	1450	4000	Train	2.5114
w-30-81-sc	WC80-135__9036.sgy	1	0	2	0	0	563	1	1450	4000	Train	3.2654
w-30-81-sc	WC80-137__10771.sgy	1	0	2	0	0	563	1	1450	4000	Train	3.2654
w-30-81-sc	WC80-144__762083.sgy	1	0	2	0	0	523	1	1725	4000	Train	3.6087
w-30-81-sc	WC80-149__10097.sgy	1	0	2	0	0	798	1	1450	4000	Train	4.6284
w-30-81-sc	WC80-150_1__782014.sgy	1	0	2	0	0	195	1	1475	4000	Train	1.1505
w-30-81-sc	WC80-153__10115.sgy	1	0	2	0	0	622	1	1450	4000	Train	3.6076
w-30-81-sc	WC80-158__787820.sgy	1	0	2	0	0	662	1	1475	4000	Train	3.9058
w-30-81-sc	WC80-160__5002.sgy	1	0	2	0	0	352	1	1450	4000	Train	2.0416
w-30-81-sc	WC80-170__10249.sgy	1	0	2	0	0	569	1	1450	4000	Train	3.3002
w-30-81-sc	WC80-180__11524.sgy	1	0	2	0	0	767	1	1450	4000	Train	4.4486
w-30-81-sc	WC80-181__7706.sgy	1	0	2	0	0	452	1	1688	4000	Train	3.051904
w-30-81-sc	WC80-187__792928.sgy	1	0	2	0	0	1794	1	1475	4000	Train	10.5846
w-30-81-sc	WC80-189__771264.sgy	1	0	2	0	0	1862	1	1475	4000	Train	10.9858
w-30-81-sc	WC80-192__9647.sgy	1	0	2	0	0	850	1	1688	4000	Train	5.7392
w-30-81-sc	WC80-196_1__15237.sgy	1	0	2	0	0	375	1	1688	4000	Train	2.532
w-30-81-sc	WC80-209__772490.sgy	1	0	2	0	0	1508	1	1475	4000	Train	8.8972
w-30-81-sc	WC80-213__804495.sgy	1	0	2	0	0	1111	1	1475	4000	Train	6.5549
w-30-81-sc	WC80-217__771022.sgy	1	0	2	0	0	1565	1	1475	4000	Train	9.2335
w-30-81-sc	WC80-224__792205.sgy	1	0	2	0	0	601	1	1725	4000	Train	4.1469
w-30-81-sc	WC80-234__703592.sgy	1	0	2	0	0	778	1	1475	4000	Train	4.5902
w-30-81-sc	WC80-248__757257.sgy	1	0	2	0	0	1212	1	1475	4000	Train	7.1508
w-30-81-sc	WC80-252__707573.sgy	1	0	2	0	0	1258	1	1475	4000	Train	7.4222
w-30-81-sc	WC80-262__798085.sgy	1	0	2	0	0	1268	1	1475	4000	Train	7.4812
w-30-81-sc	WC80-266__715351.sgy	1	0	2	0	0	1118	1	1500	4000	Train	6.708
w-30-81-sc	WC80-282__703019.sgy	1	0	2	0	0	428	1	1475	4000	Train	2.5252
w-30-81-sc	WC80-284__795833.sgy	1	0	2	0	0	491	1	1475	4000	Train	2.8969
w-30-81-sc	WC80-286__776704.sgy	1	0	2	0	0	561	1	1475	4000	Train	3.3099
w-30-81-sc	WC80-290__771727.sgy	1	0	2	0	0	688	1	1475	4000	Train	4.0592
w-30-81-sc	WC80-292__707195.sgy	1	0	2	0	0	757	1	1475	4000	Train	4.4663
w-30-81-sc	WC80-312__763048.sgy	1	0	2	0	0	851	1	1475	4000	Train	5.0209
w-30-81-sc	WC80-323__786972.sgy	1	0	2	0	0	1370	1	1475	4000	Train	8.083
w-30-81-sc	WC80-328__786535.sgy	1	0	2	0	0	1454	1	1475	4000	Train	8.5786
w-30-81-sc	WC80-337__763104.sgy	1	0	2	0	0	2105	1	1475	4000	Train	12.4195
w-30-81-sc	WC80-342__725525.sgy	1	0	2	0	0	1530	1	1500	4000	Train	9.18
w-30-81-sc	WC80-343__713212.sgy	1	0	2	0	0	1456	1	1500	4000	Train	8.736
w-30-81-sc	WC80-346__789413.sgy	1	0	2	0	0	1493	1	1475	4000	Train	8.8087
w-30-81-sc	WC80-355__799995.sgy	1	0	2	0	0	916	1	1500	4000	Train	5.496
w-30-81-sc	WC80-357__724370.sgy	1	0	2	0	0	978	1	1500	4000	Train	5.868
w-30-81-sc	WC80-359__768946.sgy	1	0	2	0	0	952	1	1475	4000	Train	5.6168
w-30-81-sc	WC80-365__745528.sgy	1	0	2	0	0	1082	1	1500	4000	Train	6.492
w-30-81-sc	WC80-367__745341.sgy	1	0	2	0	0	915	1	1475	4000	Train	5.3985
w-30-81-sc	WC80-371__785909.sgy	1	0	2	0	0	804	1	1500	4000	Train	4.824
w-31-81-bs	WSGB-301_8283.sgy	1	0	2	0	0	2006	1	1475	4000	Test	11.8354
w-31-81-bs	WSGB-302_1_91100.sgy	1	0	2	0	0	684	1	1475	4000	Test	4.0356
w-31-81-bs	WSGB-308_23615.sgy	1	0	2	0	0	3210	1	1475	4000	Test	18.939
w-31-81-bs	WSGB-309_45731.sgy	1	0	2	0	0	2820	1	1475	4000	Test	16.638
w-31-81-bs	WSGB-312_806281.sgy	1	0	2	0	0	3574	1	1475	4000	Test	21.0866
w-31-81-bs	WSGB-318_794377.sgy	1	0	2	0	0	1000	1	1475	4000	Test	5.9
w-31-81-bs	WSGB-320_76883.sgy	1	0	2	0	0	5770	1	1475	4000	Test	34.043
w-31-81-bs	WSGB-328_780475.sgy	1	0	2	0	0	5126	1	1500	4000	Test	30.756
w-31-81-bs	WSGB-330_804845.sgy	1	0	2	0	0	5890	1	1500	4000	Test	35.34
w-31-81-bs	WSGB-332_43752.sgy	1	0	2	0	0	4529	1	1500	4000	Test	27.174
w-31-81-bs	WSGB-333_47252.sgy	1	0	2	0	0	850	1	1500	4000	Test	5.1
w-31-81-bs	WSGB-336_66916.sgy	1	0	2	0	0	6250	1	1500	4000	Test	37.5
w-31-81-bs	WSGB-338_82817.sgy	1	0	2	0	0	6240	1	1500	4000	Test	37.44
w-31-81-bs	WSGB-341_793188.sgy	1	0	2	0	0	2578	1	1500	4000	Test	15.468
w-31-81-sc	WSD81-701__27778.sgy	1	0	2	0	0	990	1	1500	4000	Train	5.94
w-31-81-sc	WSD81-703__46606.sgy	1	0	2	0	0	3920	1	1500	4000	Train	23.52
w-31-81-sc	WSD81-707_1__18875.sgy	1	0	2	0	0	1520	1	1500	4000	Train	9.12
w-31-81-sc	WSD81-717_1__31659.sgy	1	0	2	0	0	4351	1	1525	4000	Train	26.5411
w-31-81-sc	WSD81-718__24861.sgy	1	0	2	0	0	2870	1	1475	4000	Train	16.933
w-31-81-sc	WSD81-719__22445.sgy	1	0	2	0	0	5420	1	1500	4000	Train	32.52
w-31-81-sc	WSD81-721__47876.sgy	1	0	2	0	0	9889	1	1525	4000	Train	60.3229
w-31-81-sc	WSD81-723__20538.sgy	1	0	2	0	0	5839	1	1500	4000	Train	35.034
w-31-81-sc	WSD81-724__20016.sgy	1	0	2	0	0	2144	1	1500	4000	Train	12.864
w-31-81-sc	WSD81-730__48786.sgy	1	0	2	0	0	1130	1	1500	4000	Train	6.78
w-31-81-sc	WSD81-730_1__33367.sgy	1	0	2	0	0	2200	1	1500	4000	Train	13.2
w-31-81-sc	WSD81-734__9336.sgy	1	0	2	0	0	2719	1	1500	4000	Train	16.314
w-31-81-sc	WSD81-736__8863.sgy	1	0	2	0	0	651	1	1500	4000	Train	3.906
w-31-81-sc	WSD81-742__19147.sgy	1	0	2	0	0	2700	1	1500	4000	Train	16.2
w-31-81-sc	WSD81-752__23506.sgy	1	0	2	0	0	1982	1	1500	4000	Train	11.892
w-31-81-sc	WSD81-762__37747.sgy	1	0	2	0	0	1520	1	1500	4000	Train	9.12
w-32-82-cc	W82-403__131191.sgy	1	0	2	0	0	4620	1	1475	4000	Train	27.258
w-32-82-cc	W82-425_1__134503.sgy	1	0	2	0	0	5560	1	1475	4000	Train	32.804
w-32-82-cc	W82-427__150428.sgy	1	0	2	0	0	6153	1	1475	4000	Train	36.3027
w-32-82-cc	W82-433__124125.sgy	1	0	2	0	0	6920	1	1475	4000	Train	40.828
w-32-82-cc	W82-434__107013.sgy	1	0	2	0	0	4494	1	1475	4000	Train	26.5146
w-32-82-cc	W82-439__120610.sgy	1	0	2	0	0	5230	1	1475	4000	Train	30.857
w-32-82-cc	W82-440__121183.sgy	1	0	2	0	0	4870	1	1475	4000	Train	28.733
w-32-82-cc	W82-448__151168.sgy	1	0	2	0	0	4512	1	1475	4000	Train	26.6208
w-32-82-cc	W82-450__142708.sgy	1	0	2	0	0	4626	1	1475	4000	Train	27.2934
w-32-82-cc	W82-472_1__116639.sgy	1	0	2	0	0	2200	1	1500	4000	Train	13.2
w-32-82-cc	W82-510__120393.sgy	1	0	2	0	0	1990	1	1475	4000	Train	11.741
w-33-81-ar	WCB-651_580439.sgy	1	0	2	0	0	336	1	1450	4000	Train	1.9488
w-33-81-ar	WCB-653_580439.sgy	1	0	2	0	0	1290	1	1450	4000	Train	7.482
w-33-81-ar	WCB-657_580439.sgy	1	0	2	0	0	820	1	1450	4000	Train	4.756
w-33-81-ar	WCB-659_580439.sgy	1	0	2	0	0	1362	1	1450	4000	Train	7.8996
w-33-81-ar	WCB-661_580439.sgy	1	0	2	0	0	1412	1	1450	4000	Train	8.1896
w-33-81-ar	WCB-662_580439.sgy	1	0	2	0	0	584	1	1450	4000	Train	3.3872
w-33-81-ar	WCB-663_580439.sgy	1	0	2	0	0	1248	1	1450	4000	Train	7.2384
w-33-81-ar	WCB-672_580439.sgy	1	0	2	0	0	518	1	1450	4000	Train	3.0044
w-33-81-ar	WCB-678_580439.sgy	1	0	2	0	0	442	1	1450	4000	Train	2.5636
w-33-81-ar	WCB-680_580439.sgy	1	0	2	0	0	486	1	1450	4000	Train	2.8188
w-33-81-ar	WCB-682_580439.sgy	1	0	2	0	0	516	1	1450	4000	Train	2.9928
w-33-81-ar	WCB-684_580439.sgy	1	0	2	0	0	462	1	1450	4000	Train	2.6796
w-33-81-ar	WCB-686_580439.sgy	1	0	2	0	0	474	1	1450	4000	Train	2.7492
w-33-81-ar	WCB-688_580439.sgy	1	0	2	0	0	456	1	1450	4000	Train	2.6448
w-33-81-ar	WCB-690_580439.sgy	1	0	2	0	0	476	1	1450	4000	Train	2.7608
w-33-82-sc	WC82-100__148418.sgy	1	0	2	0	0	5320	1	1450	4000	Train	30.856
w-33-82-sc	WC82-101__148422.sgy	1	0	2	0	0	3570	1	1450	4000	Train	20.706
w-33-82-sc	WC82-108__139065.sgy	1	0	2	0	0	6710	1	1450	4000	Train	38.918
w-33-82-sc	WC82-111__144993.sgy	1	0	2	0	0	3030	1	1450	4000	Train	17.574
w-33-82-sc	WC82-112__125901.sgy	1	0	2	0	0	3048	1	1450	4000	Train	17.6784
w-33-82-sc	WC82-122__126709.sgy	1	0	2	0	0	3070	1	1450	4000	Train	17.806
w-33-82-sc	WC82-127__107460.sgy	1	0	2	0	0	3020	1	1450	4000	Train	17.516
w-33-82-sc	WC82-137__150097.sgy	1	0	2	0	0	2662	1	1450	4000	Train	15.4396
w-33-82-sc	WC82-138__113537.sgy	1	0	2	0	0	3038	1	1450	4000	Train	17.6204
w-33-82-sc	WC82-139__122626.sgy	1	0	2	0	0	3070	1	1450	4000	Train	17.806
w-33-82-sc	WC82-140__129598.sgy	1	0	2	0	0	2920	1	1450	4000	Train	16.936
w-33-82-sc	WC82-143__134164.sgy	1	0	2	0	0	2050	1	1450	4000	Train	11.89
w-33-82-sc	WC82-144__123363.sgy	1	0	2	0	0	2248	1	1450	4000	Train	13.0384
w-33-82-sc	WC82-156__119169.sgy	1	0	2	0	0	1450	1	1450	4000	Train	8.41
w-33-82-sc	WC82-170__122109.sgy	1	0	2	0	0	1712	1	1450	4000	Train	9.9296
w-33-82-sc	WC82-178__123832.sgy	1	0	2	0	0	1716	1	1450	4000	Train	9.9528
w-33-82-sc	WC82-180__150226.sgy	1	0	2	0	0	1470	1	1450	4000	Train	8.526
w-33-82-sc	WC82-182__147810.sgy	1	0	2	0	0	1190	1	1450	4000	Train	6.902
w-34-82-aa	WSA-206_116163.sgy	1	0	2	0	0	2566	1	1725	4000	Train	17.7054
w-34-82-aa	WSA-208_10102.sgy	1	0	2	0	0	2466	1	1725	4000	Train	17.0154
w-34-82-aa	WSA-210_86793.sgy	1	0	2	0	0	2270	1	1725	4000	Train	15.663
w-34-82-aa	WSA-218_101621.sgy	1	0	2	0	0	6770	1	1975	4000	Train	53.483
w-34-82-aa	WSA-222_15059.sgy	1	0	2	0	0	1046	1	1725	4000	Train	7.2174
w-34-82-mb	WS82-602_1__47956.sgy	1	0	2	0	0	2682	1	1775	4000	Validation	19.0422
w-34-82-mb	WS82-604__935.sgy	1	0	2	0	0	870	1	1775	4000	Validation	6.177
w-34-82-mb	WS82-612__39524.sgy	1	0	2	0	0	638	1	1525	4000	Validation	3.8918
w-34-82-mb	WS82-613__17146.sgy	1	0	2	0	0	4518	1	1800	4000	Validation	32.5296
w-34-82-mb	WS82-615__29959.sgy	1	0	2	0	0	4550	1	2050	4000	Validation	37.31
w-34-82-mb	WS82-616_1__39700.sgy	1	0	2	0	0	1270	1	1525	4000	Validation	7.747
w-34-82-mb	WS82-620__48353.sgy	1	0	2	0	0	4540	1	1800	4000	Validation	32.688
w-34-82-mb	WS82-621__26245.sgy	1	0	2	0	0	464	1	1775	4000	Validation	3.2944
w-34-82-mb	WS82-623__48411.sgy	1	0	2	0	0	1730	1	1525	4000	Validation	10.553
w-34-82-mb	WS82-624__22884.sgy	1	0	2	0	0	1810	1	1775	4000	Validation	12.851
w-34-82-mb	WS82-627__39525.sgy	1	0	2	0	0	3280	1	1775	4000	Validation	23.288
w-34-82-mb	WS82-632__42045.sgy	1	0	2	0	0	2956	1	1750	4000	Validation	20.692
w-34-82-mb	WS82-633__7487.sgy	1	0	2	0	0	3270	1	1750	4000	Validation	22.89
w-34-82-mb	WS82-640__42639.sgy	1	0	2	0	0	3040	1	2025	4000	Validation	24.624
w-34-82-mb	WS82-643__7438.sgy	1	0	2	0	0	3316	1	1800	4000	Validation	23.8752
w-34-82-mb	WS82-646__15257.sgy	1	0	2	0	0	2890	1	1775	4000	Validation	20.519
w-35-82-nc	WNC82-001__134520.sgy	1	0	2	0	0	1920	1	1750	4000	Validation	13.44
w-35-82-nc	WNC82-007__129746.sgy	1	0	2	0	0	3050	1	1750	4000	Validation	21.35
w-35-82-nc	WNC82-008__143515.sgy	1	0	2	0	0	2170	1	1750	4000	Validation	15.19
w-35-82-nc	WNC82-009__150902.sgy	1	0	2	0	0	2620	1	1750	4000	Validation	18.34
w-35-82-nc	WNC82-021__125078.sgy	1	0	2	0	0	5606	1	1775	4000	Validation	39.8026
w-35-82-nc	WNC82-040__143590.sgy	1	0	2	0	0	1964	1	1750	4000	Validation	13.748
w-35-82-nc	WNC82-100__105664.sgy	1	0	2	0	0	2792	1	1450	4000	Validation	16.1936
w-35-82-nc	WNC82-109_1__75706.sgy	1	0	2	0	0	1844	1	1450	4000	Validation	10.6952
w-35-82-nc	WNC82-110__28777.sgy	1	0	2	0	0	3248	1	1450	4000	Validation	18.8384
w-35-82-nc	WNC82-113_2__47137.sgy	1	0	2	0	0	1112	1	1700	4000	Validation	7.5616
w-35-82-nc	WNC82-116__23725.sgy	1	0	2	0	0	3498	1	1450	4000	Validation	20.2884
w-35-82-nc	WNC82-124__7100.sgy	1	0	2	0	0	3210	1	1700	4000	Validation	21.828
w-35-82-nc	WNC82-126__45927.sgy	1	0	2	0	0	3254	1	1700	4000	Validation	22.1272
w-35-82-nc	WNC82-150__96043.sgy	1	0	2	0	0	2564	1	1450	4000	Validation	14.8712
w-35-82-nc	WNC82-152_1__49275.sgy	1	0	2	0	0	882	1	1450	4000	Validation	5.1156
w-35-82-nc	WNC82-176__37595.sgy	1	0	2	0	0	3518	1	1450	4000	Validation	20.4044
w-35-82-nc	WNC82-303__58806.sgy	1	0	2	0	0	1458	1	1475	4000	Validation	8.6022
w-35-82-nc	WNC82-304__62550.sgy	1	0	2	0	0	2396	1	1475	4000	Validation	14.1364
w-36-83-sc	WSC83-004__150918.sgy	1	0	2	0	0	4560	1	1775	4000	Train	32.376
w-36-83-sc	WSC83-008__121435.sgy	1	0	2	0	0	7050	1	2025	4000	Train	57.105
w-36-83-sc	WSC83-042__119582.sgy	1	0	2	0	0	2740	1	2000	4000	Train	21.92
w-36-83-sc	WSC83-051__138336.sgy	1	0	2	0	0	1460	1	1750	4000	Train	10.22
w-36-83-sc	WSC83-058__120636.sgy	1	0	2	0	0	2820	1	2000	4000	Train	22.56
w-36-83-sc	WSC83-063__102141.sgy	1	0	2	0	0	9160	1	1775	4000	Train	65.036
w-36-83-sc	WSC83-074__117588.sgy	1	0	2	0	0	2400	1	2000	4000	Train	19.2
w-36-83-sc	WSC83-084__146651.sgy	1	0	2	0	0	1090	1	2000	4000	Train	8.72
w-36-83-sc	WSC83-092__107697.sgy	1	0	2	0	0	1460	1	2000	4000	Train	11.68
w-36-83-sc	WSC83-120__110650.sgy	1	0	2	0	0	2518	1	2000	4000	Train	20.144
w-36-83-sc	WSC83-124__122981.sgy	1	0	2	0	0	2450	1	2000	4000	Train	19.6
w-36-83-sc	WSC83-138__133280.sgy	1	0	2	0	0	1880	1	2000	4000	Train	15.04
w-37-84-sc	WC84-147__138186.sgy	1	0	2	0	0	578	1	1475	4000	Train	3.4102
w-37-84-sc	WC84-151__145641.sgy	1	0	2	0	0	2580	1	1475	4000	Train	15.222
w-37-84-sc	WC84-167__156001.sgy	1	0	2	0	0	256	1	1475	4000	Train	1.5104
w-37-84-sc	WC84-180__145412.sgy	1	0	2	0	0	1320	1	1475	4000	Train	7.788
w-37-84-sc	WC84-186__108220.sgy	1	0	2	0	0	1460	1	1475	4000	Train	8.614
w-37-84-sc	WC84-194__104831.sgy	1	0	2	0	0	1800	1	1475	4000	Train	10.62
w-37-84-sc	WC84-198__145804.sgy	1	0	2	0	0	1820	1	1475	4000	Train	10.738
w-37-84-sc	WC84-199__116875.sgy	1	0	2	0	0	4408	1	1475	4000	Train	26.0072
w-37-84-sc	WC84-202__130128.sgy	1	0	2	0	0	1780	1	1475	4000	Train	10.502
w-37-84-sc	WC84-209__155740.sgy	1	0	2	0	0	1020	1	1475	4000	Train	6.018
w-37-84-sc	WC84-214__130050.sgy	1	0	2	0	0	2210	1	1475	4000	Train	13.039
w-37-84-sc	WC84-230__125238.sgy	1	0	2	0	0	2220	1	1475	4000	Train	13.098
w-37-84-sc	WC84-238__104551.sgy	1	0	2	0	0	2820	1	1475	4000	Train	16.638
w-37-84-sc	WC84-242__112085.sgy	1	0	2	0	0	2920	1	1475	4000	Train	17.228
w-37-84-sc	WC84-244__112372.sgy	1	0	2	0	0	2900	1	1475	4000	Train	17.11
w-37-84-sc	WC84-286__108678.sgy	1	0	2	0	0	2268	1	1475	4000	Train	13.3812
w-37-84-sc	WC84-308__116100.sgy	1	0	2	0	0	658	1	1475	4000	Train	3.8822
w-37-84-sc	WC84-310__149812.sgy	1	0	2	0	0	3320	1	1475	4000	Train	19.588
w-37-84-sc	WC84-316__146270.sgy	1	0	2	0	0	3277	1	1475	4000	Train	19.3343
w-37-84-sc	WC84-320__128058.sgy	1	0	2	0	0	3420	1	1475	4000	Train	20.178
w-37-84-sc	WC84-354_3__153272.sgy	1	0	2	0	0	906	1	1425	4000	Train	5.1642
w-37-84-sc	WC84-364__108304.sgy	1	0	2	0	0	2792	1	1475	4000	Train	16.4728
w-37-84-sc	WC84-368__117536.sgy	1	0	2	0	0	1876	1	1475	4000	Train	11.0684
w-37-84-sc	WC84-376__112822.sgy	1	0	2	0	0	1516	1	1475	4000	Train	8.9444
w-37-84-sc	WC84-378__138278.sgy	1	0	2	0	0	1052	1	1475	4000	Train	6.2068
w-38-83-sc	W83-001__138270.1.sgy	1	1	2	0	0	4874	1	1525	4000	Train	29.7314
w-38-83-sc	W83-001A__138869.1.sgy	1	1	2	0	0	5842	1	1525	4000	Train	35.6362
w-39-85-wo	WO-4009__29069.sgy	1	0	2	0	0	6924	1	1500	4000	Test	41.544
w-39-85-wo	WO-4019__3939.sgy	1	0	2	0	0	4152	1	1500	4000	Test	24.912
w-39-85-wo	WO-4021__36503.sgy	1	0	2	0	0	1716	1	1500	4000	Test	10.296
w-39-85-wo	WO-4038__19970.sgy	1	0	2	0	0	4370	1	1500	4000	Test	26.22
w-39-85-wo	WO-4044__30638.sgy	1	0	2	0	0	3850	1	1500	4000	Test	23.1
w-39-85-wo	WO-4048__53920.sgy	1	0	2	0	0	2270	1	1500	4000	Test	13.62
w-39-85-wo	WO-4058__33671.sgy	1	0	2	0	0	5059	1	1500	4000	Test	30.354
w-39-85-wo	WO-4076_1__40067.sgy	1	0	2	0	0	792	1	1550	4000	Test	4.9104
w-39-85-wo	WO-4080__8708.sgy	1	0	2	0	0	4219	1	1500	4000	Test	25.314
w-39-85-wo	WO-4090__10613.sgy	1	0	2	0	0	4609	1	1500	4000	Test	27.654
w-39-85-wo	WO-4098__17436.sgy	1	0	2	0	0	4620	1	1500	4000	Test	27.72
w-39-85-wo	WO-4120__52945.sgy	1	0	2	0	0	2448	1	1500	4000	Test	14.688
w-39-85-wo	WO-4124__12767.sgy	1	0	2	0	0	2268	1	1500	4000	Test	13.608
w-39-85-wo	WO-4134__5677.sgy	1	0	2	0	0	2290	1	1500	4000	Test	13.74
w-39-85-wo	WO-4222_1__4137.sgy	1	0	2	0	0	240	1	1500	4000	Test	1.44
w-4-74-sc	W74-001__120947.sgy	1	0	2	0	0	3172	1	1525	4000	Train	19.3492
w-4-74-sc	W74-001__760220.sgy	1	0	2	0	0	3149	1	1469	4000	Train	18.503524
w-4-74-sc	W74-005__118452.sgy	1	0	2	0	0	1015	1	1475	4000	Train	5.9885
w-4-74-sc	W74-082__749048.sgy	1	0	2	0	0	2224	1	1469	4000	Train	13.068224
w-4-74-sc	W74-088__57389.sgy	1	0	2	0	0	2386	1	1475	4000	Train	14.0774
w-4-77-sa	77-11__57007.1.sgy	1	1	2	0	0	12186	1	1501	4000	Test	73.164744
w-4-77-sa	77-18E__57014.1.sgy	1	1	2	0	0	7818	1	1501	4000	Test	46.939272
w-4-77-sa	77-23D__57100.1.sgy	1	1	2	0	0	6560	1	1751	4000	Test	45.94624
w-4-77-sa	77-28A__57091.1.sgy	1	1	2	0	0	13422	1	1501	4000	Test	80.585688
w-4-77-sa	77-28B__57079.1.sgy	1	1	2	0	0	6126	1	1926	4000	Test	47.194704
w-4-82-nc	2-102B__500175.1.sgy	1	1	2	0	0	1624	1	1501	4000	Validation	9.750496
w-4-82-nc	2-112__500072.1.sgy	1	1	2	0	0	996	1	1501	4000	Validation	5.979984
w-4-82-nc	2-118__500132.1.sgy	1	1	2	0	0	1660	1	1501	4000	Validation	9.96664
w-4-82-nc	2-120__500327.1.sgy	1	1	2	0	0	4560	1	1501	4000	Validation	27.37824
w-4-82-nc	2-134__500652.1.sgy	1	1	2	0	0	3240	1	1501	4000	Validation	19.45296
w-4-82-nc	2-148__501369.1.sgy	1	1	2	0	0	3104	1	1501	4000	Validation	18.636416
w-4-82-nc	2-180__500379.1.sgy	1	1	2	0	0	1462	1	1501	4000	Validation	8.777848
w-4-82-nc	2-188__500301.1.sgy	1	1	2	0	0	1360	1	1501	4000	Validation	8.16544
w-4-82-nc	2-212__501134.1.sgy	1	1	2	0	0	1480	1	1501	4000	Validation	8.88592
w-4-82-nc	2-250__500337.1.sgy	1	1	2	0	0	2212	1	1501	4000	Validation	13.280848
w-4-82-nc	2-258A__500337.1.sgy	1	1	2	0	0	958	1	1501	4000	Validation	5.751832
w-4-82-nc	2-262__500337.1.sgy	1	1	2	0	0	1364	1	1501	4000	Validation	8.189456
w-4-82-nc	2-31__500777.1.sgy	1	1	2	0	0	5508	1	1501	4000	Validation	33.070032
w-4-82-nc	2-44__500099.1.sgy	1	1	2	0	0	1764	1	1501	4000	Validation	10.591056
w-4-82-nc	2-54__660421.1.sgy	1	1	2	0	0	1414	1	1501	4000	Validation	8.489656
w-4-82-nc	2-56__500167.1.sgy	1	1	2	0	0	1334	1	1501	4000	Validation	8.009336
w-4-82-nc	2-5A__661553.1.sgy	1	1	2	0	0	1892	1	1501	4000	Validation	11.359568
w-4-82-nc	2-5B__500397.1.sgy	1	1	2	0	0	2738	1	1501	4000	Validation	16.438952
w-4-82-nc	2-61__500167.1.sgy	1	1	2	0	0	3398	1	1501	4000	Validation	20.401592
w-4-82-nc	2-68__661589.1.sgy	1	1	2	0	0	1594	1	1501	4000	Validation	9.570376
w-4-82-nc	2-75__500037.1.sgy	1	1	2	0	0	2336	1	1501	4000	Validation	14.025344
w-4-82-nc	2-80A__500261.1.sgy	1	1	2	0	0	2012	1	1501	4000	Validation	12.080048
w-4-82-nc	2-92__500261.1.sgy	1	1	2	0	0	1358	1	1501	4000	Validation	8.153432
w-4-82-nc	2-94__500261.1.sgy	1	1	2	0	0	1008	1	1501	4000	Validation	6.052032
w-40-80-ak	80-02.sgy	1	0	1	0	0	1495	1	1251	4000	Train	7.48098
w-40-80-ak	80-02C.sgy	1	0	1	0	0	591	1	1251	4000	Train	2.957364
w-40-80-ak	80-02N.sgy	1	0	1	0	0	431	1	1251	4000	Train	2.156724
w-40-80-ak	80-02S.sgy	1	0	1	0	0	640	1	1251	4000	Train	3.20256
w-40-80-ak	80-03.sgy	1	0	1	0	0	520	1	1001	4000	Train	2.08208
w-40-80-ak	80-03C.sgy	1	0	1	0	0	860	1	1251	4000	Train	4.30344
w-40-80-ak	80-03S.sgy	1	0	1	0	0	1672	1	1251	4000	Train	8.366688
w-40-80-ak	80-04.sgy	1	0	1	0	0	924	1	1001	4000	Train	3.699696
w-40-80-ak	80-05.sgy	1	0	1	0	0	1421	1	1251	4000	Train	7.110684
w-40-80-ak	80-05S.sgy	1	0	1	0	0	1204	1	1251	4000	Train	6.024816
w-40-80-ak	80-06.sgy	1	0	1	0	0	2375	1	1251	4000	Train	11.8845
w-40-80-ak	80-07E.sgy	1	0	1	0	0	1732	1	1251	4000	Train	8.666928
w-40-80-ak	80-07W.sgy	1	0	1	0	0	1388	1	1251	4000	Train	6.945552
w-40-80-ak	80-09.sgy	1	0	1	0	0	1364	1	1251	4000	Train	6.825456
w-40-80-ak	80-10.sgy	1	0	1	0	0	2956	1	1251	4000	Train	14.791824
w-40-80-ak	EP-21.sgy	1	4	1	0	0	2916	1	1251	4000	Train	14.591664
w-40-80-ak	EP-22.sgy	1	4	1	0	0	3154	1	1201	4000	Train	15.151816
w-40-80-ak	EP-23.sgy	1	4	1	0	0	1661	1	1251	4000	Train	8.311644
w-40-80-ak	EP-23EXT.sgy	1	4	1	0	0	1275	1	1251	4000	Train	6.3801
w-40-80-ak	EP-24.sgy	1	4	1	0	0	2793	1	1251	4000	Train	13.976172
w-40-80-ak	EP-25.sgy	1	4	1	0	0	3521	1	1251	4000	Train	17.619084
w-40-80-ak	EP-26.sgy	1	4	1	0	0	529	1	1251	4000	Train	2.647116
w-40-80-ak	EP-27C.sgy	1	0	1	0	0	292	1	1251	4000	Train	1.461168
w-40-80-ak	EP-27N.sgy	1	0	1	0	0	264	1	1251	4000	Train	1.321056
w-40-80-ak	EP-27S.sgy	1	0	1	0	0	928	1	1251	4000	Train	4.643712
w-40-80-ak	EP-28.sgy	1	0	1	0	0	2585	1	1251	4000	Train	12.93534
w-40-80-ak	EP-29.sgy	1	0	1	0	0	2320	1	1251	4000	Train	11.60928
w-40-80-ak	EP-30.sgy	1	0	1	0	0	2624	1	1251	4000	Train	13.130496
w-40-85-sc	WC85-101_708297.sgy	1	0	2	0	0	3242	1	1475	4000	Train	19.1278
w-40-85-sc	WC85-107_702209.sgy	1	0	2	0	0	2990	1	1475	4000	Train	17.641
w-40-85-sc	WC85-114_719967.sgy	1	0	2	0	0	1748	1	1475	4000	Train	10.3132
w-40-85-sc	WC85-117_708519.sgy	1	0	2	0	0	1020	1	1475	4000	Train	6.018
w-40-85-sc	WC85-120_708402.sgy	1	0	2	0	0	2754	1	1475	4000	Train	16.2486
w-40-85-sc	WC85-122_709821.sgy	1	0	2	0	0	2850	1	1475	4000	Train	16.815
w-40-85-sc	WC85-124_702208.sgy	1	0	2	0	0	2720	1	1475	4000	Train	16.048
w-40-85-sc	WC85-131_705985.sgy	1	0	2	0	0	700	1	1475	4000	Train	4.13
w-40-85-sc	WC85-138_702329.sgy	1	0	2	0	0	873	1	1475	4000	Train	5.1507
w-40-85-sc	WC85-141_702301.sgy	1	0	2	0	0	1680	1	1475	4000	Train	9.912
w-40-85-sc	WC85-143_702367.sgy	1	0	2	0	0	1506	1	1475	4000	Train	8.8854
w-40-85-sc	WC85-144_702230.sgy	1	0	2	0	0	854	1	1475	4000	Train	5.0386
w-40-85-sc	WC85-146_705721.sgy	1	0	2	0	0	1020	1	1475	4000	Train	6.018
w-40-85-sc	WC85-148_705804.sgy	1	0	2	0	0	1480	1	1475	4000	Train	8.732
w-40-85-sc	WC85-155_705488.sgy	1	0	2	0	0	532	1	1475	4000	Train	3.1388
w-40-85-sc	WC85-155A_703833.sgy	1	0	2	0	0	3414	1	1475	4000	Train	20.1426
w-40-85-sc	WC85-156_706335.sgy	1	0	2	0	0	660	1	1475	4000	Train	3.894
w-40-85-sc	WC85-163A_705707.sgy	1	0	2	0	0	4062	1	1475	4000	Train	23.9658
w-40-85-sc	WC85-172_706376.sgy	1	0	2	0	0	860	1	1475	4000	Train	5.074
w-40-85-sc	WC85-173A_705249.sgy	1	0	2	0	0	692	1	1475	4000	Train	4.0828
w-40-85-sc	WC85-177A_705546.sgy	1	0	2	0	0	4022	1	1475	4000	Train	23.7298
w-40-85-sc	WC85-178_701964.sgy	1	0	2	0	0	630	1	1475	4000	Train	3.717
w-40-85-sc	WC85-178A_705599.sgy	1	0	2	0	0	600	1	1475	4000	Train	3.54
w-40-85-sc	WC85-179_705579.sgy	1	0	2	0	0	3262	1	1475	4000	Train	19.2458
w-40-85-sc	WC85-184_706546.sgy	1	0	2	0	0	550	1	1475	4000	Train	3.245
w-40-85-sc	WC85-187_705628.sgy	1	0	2	0	0	2482	1	1475	4000	Train	14.6438
w-40-85-sc	WC85-188_702008.sgy	1	0	2	0	0	700	1	1475	4000	Train	4.13
w-40-85-sc	WC85-189_706324.sgy	1	0	2	0	0	1074	1	1475	4000	Train	6.3366
w-40-85-sc	WC85-189A_702038.sgy	1	0	2	0	0	1620	1	1475	4000	Train	9.558
w-40-85-sc	WC85-190_705582.sgy	1	0	2	0	0	612	1	1475	4000	Train	3.6108
w-5-75-sc	W-084A__766064.sgy	1	0	2	0	0	2098	1	1462	4000	Train	12.269104
w-5-75-sc	W-088A__764498.sgy	1	0	2	0	0	2518	1	1462	4000	Train	14.725264
w-5-82-sc	3-032__500648.sgy	1	0	2	0	0	3126	1	1501	4000	Train	18.768504
w-5-82-sc	3-076__501956.sgy	1	0	2	0	0	8632	1	1751	4000	Train	60.458528
w-5-82-sc	3-089__501297.sgy	1	0	2	0	0	2776	1	1501	4000	Train	16.667104
w-5-82-sc	3-092__501089.sgy	1	0	2	0	0	5066	1	1501	4000	Train	30.416264
w-5-82-sc	3-098A__500394.sgy	1	0	2	0	0	3792	1	1501	4000	Train	22.767168
w-5-82-sc	3-202__500326.sgy	1	0	2	0	0	5046	1	1501	4000	Train	30.296184
w-5-82-sc	3-218__500951.sgy	1	0	2	0	0	5210	1	1501	4000	Train	31.28084
w-5-82-sc	3-231__500933.sgy	1	0	2	0	0	2074	1	1501	4000	Train	12.452296
w-5-82-sc	3-235__501036.sgy	1	0	2	0	0	1974	1	1501	4000	Train	11.851896
w-5-82-sc	3-304A__500008.sgy	1	0	2	0	0	4992	1	1501	4000	Train	29.971968
w-5-82-sc	3-308__500396.sgy	1	0	2	0	0	602	1	1501	4000	Train	3.614408
w-5-82-sc	3-319__500966.sgy	1	0	2	0	0	734	1	1501	4000	Train	4.406936
w-5-82-sc	3-319A__500966.sgy	1	0	2	0	0	3972	1	1501	4000	Train	23.847888
w-5-82-sc	3-335__500923.sgy	1	0	2	0	0	890	1	1501	4000	Train	5.34356
w-50-70-cs	CH70-001__500666.sgy	1	1	2	0	0	3179	1	1251	4000	Train	15.907716
w-50-70-cs	CH70-002__500659.sgy	1	1	2	0	0	1264	1	1251	4000	Train	6.325056
w-50-70-cs	CH70-003__500999.sgy	1	1	2	0	0	2740	1	1251	4000	Train	13.71096
w-50-70-cs	CH70-004__500956.sgy	1	1	2	0	0	3185	1	1251	4000	Train	15.93774
w-50-70-cs	CH70-005__500919.sgy	1	1	2	0	0	2866	1	1251	4000	Train	14.341464
w-50-70-cs	CH70-006__500143.sgy	1	1	2	0	0	2813	1	1251	4000	Train	14.076252
w-50-70-cs	CH70-006A__500479.sgy	1	1	2	0	0	743	1	1251	4000	Train	3.717972
w-50-70-cs	CH70-007__500921.sgy	1	1	2	0	0	1479	1	1251	4000	Train	7.400916
w-50-70-cs	CH70-007_1__500963.sgy	1	1	2	0	0	1584	1	1251	4000	Train	7.926336
w-50-70-cs	CH70-008__500632.sgy	1	1	2	0	0	1807	1	1251	4000	Train	9.042228
w-50-70-cs	CH70-009__500404.sgy	1	1	2	0	0	1529	1	1251	4000	Train	7.651116
w-50-70-cs	CH70-011__500952.sgy	1	1	2	0	0	843	1	1251	4000	Train	4.218372
w-50-70-cs	CH70-013__500997.sgy	1	1	2	0	0	502	1	1251	4000	Train	2.512008
w-50-70-cs	CH70-016__500983.sgy	1	1	2	0	0	1651	1	1251	4000	Train	8.261604
w-50-70-cs	CH70-017__500980.sgy	1	1	2	0	0	1794	1	1251	4000	Train	8.977176
w-50-70-cs	CH70-018__500976.sgy	1	1	2	0	0	3081	1	1251	4000	Train	15.417324
w-50-70-cs	CH70-019__500985.sgy	1	1	2	0	0	2569	1	1251	4000	Train	12.855276
w-50-70-cs	CH70-020__500474.sgy	1	1	2	0	0	2513	1	1251	4000	Train	12.575052
w-6-75-nc	W75-501__211454.sgy	1	1	2	0	0	3108	1	1512	4000	Validation	18.797184
w-6-75-nc	W75-503__567895.sgy	1	1	2	0	0	1381	1	1500	4000	Validation	8.286
w-6-75-nc	W75-504__312104.sgy	1	1	2	0	0	1906	1	1502	4000	Validation	11.451248
w-6-75-nc	W75-505__315806.sgy	1	1	2	0	0	3703	1	1502	4000	Validation	22.247624
w-6-75-nc	W75-507__591399.sgy	1	1	2	0	0	2206	1	1487	4000	Validation	13.121288
w-6-75-nc	W75-508__429497.sgy	1	1	2	0	0	2132	1	1762	4000	Validation	15.026336
w-6-75-nc	W75-509__226575.sgy	1	1	2	0	0	3392	1	1502	4000	Validation	20.379136
w-6-75-nc	W75-510__513716.sgy	1	1	2	0	0	1435	1	1475	4000	Validation	8.4665
w-6-75-nc	W75-511__231915.sgy	1	1	2	0	0	2552	1	1502	4000	Validation	15.332416
w-6-75-nc	W75-514__563878.sgy	1	1	2	0	0	1567	1	1502	4000	Validation	9.414536
w-6-75-nc	W75-516__585710.sgy	1	1	2	0	0	1870	1	1502	4000	Validation	11.23496
w-6-75-nc	W75-520__598494.sgy	1	1	2	0	0	2187	1	1502	4000	Validation	13.139496
w-6-75-nc	W75-526__120482.sgy	1	1	2	0	0	1414	1	1502	4000	Validation	8.495312
w-6-75-nc	W75-528__560547.sgy	1	1	2	0	0	1849	1	1502	4000	Validation	11.108792
w-6-75-nc	W75-532__235546.sgy	1	1	2	0	0	2809	1	1752	4000	Validation	19.685472
w-6-75-nc	W75-534__598720.sgy	1	1	2	0	0	1819	1	1502	4000	Validation	10.928552
w-6-75-nc	W75-536__232974.sgy	1	1	2	0	0	2065	1	1507	4000	Validation	12.44782
w-6-75-nc	W75-538__225761.sgy	1	1	2	0	0	1778	1	1507	4000	Validation	10.717784
w-6-75-nc	W75-542_1__232971.sgy	1	1	2	0	0	824	1	1507	4000	Validation	4.967072
w-6-75-nc	W75-544__230894.sgy	1	1	2	0	0	1856	1	1507	4000	Validation	11.187968
w-6-75-nc	W75-546__591131.sgy	1	1	2	0	0	1609	1	1487	4000	Validation	9.570332
w-6-75-nc	W75-546__599854.sgy	1	1	2	0	0	421	1	1487	4000	Validation	2.504108
w-6-75-nc	W75-548__412299.sgy	1	1	2	0	0	1530	1	1487	4000	Validation	9.10044
w-6-75-nc	W75-550__220109.sgy	1	1	2	0	0	1490	1	1487	4000	Validation	8.86252
w-6-75-nc	W75-552__124816.sgy	1	1	2	0	0	1436	1	1487	4000	Validation	8.541328
w-6-75-nc	W75-554__593889.sgy	1	1	2	0	0	128	1	1500	4000	Validation	0.768
w-6-75-nc	W75-554_1__527976.sgy	1	1	2	0	0	1112	1	1487	4000	Validation	6.614176
w-6-78-bs	NB-004_578483.sgy	1	0	2	0	0	3624	1	1500	4000	Test	21.744
w-6-78-bs	NB-008_366772.sgy	1	0	2	0	0	767	1	1500	4000	Test	4.602
w-6-78-bs	NB-010_1_328554.sgy	1	0	2	0	0	4465	1	1500	4000	Test	26.79
w-6-78-bs	NB-010_437802.sgy	1	0	2	0	0	1163	1	1500	4000	Test	6.978
w-6-78-bs	NB-012_2_350447.sgy	1	0	2	0	0	3523	1	1500	4000	Test	21.138
w-6-78-bs	NB-019_361032.sgy	1	0	2	0	0	4557	1	1500	4000	Test	27.342
w-6-78-bs	NB-023_370571.sgy	1	0	2	0	0	1105	1	1500	4000	Test	6.63
w-6-78-bs	NB-030_2_477065.sgy	1	0	2	0	0	1487	1	1500	4000	Test	8.922
w-6-78-bs	NB-031_466706.sgy	1	0	2	0	0	2013	1	1500	4000	Test	12.078
w-6-78-bs	NB-032_2_550533.sgy	1	0	2	0	0	1487	1	1500	4000	Test	8.922
w-6-78-bs	NB-033_434354.sgy	1	0	2	0	0	2543	1	1500	4000	Test	15.258
w-6-78-bs	NB-034_1_350331.sgy	1	0	2	0	0	2463	1	1750	4000	Test	17.241
w-6-78-bs	NB-037_259925.sgy	1	0	2	0	0	2231	1	1500	4000	Test	13.386
w-6-78-bs	NB-043_1_480159.sgy	1	0	2	0	0	1287	1	1750	4000	Test	9.009
w-6-78-bs	NB-043_2_425549.sgy	1	0	2	0	0	1895	1	1500	4000	Test	11.37
w-6-78-bs	NB-043_480652.sgy	1	0	2	0	0	2111	1	1500	4000	Test	12.666
w-6-78-bs	NB-044_2_444237.sgy	1	0	2	0	0	3527	1	1500	4000	Test	21.162
w-6-78-bs	NB-045_1_435186.sgy	1	0	2	0	0	1201	1	1500	4000	Test	7.206
w-6-78-bs	NB-049_446247.sgy	1	0	2	0	0	2952	1	1500	4000	Test	17.712
w-6-78-bs	NB-050_528384.sgy	1	0	2	0	0	2303	1	1500	4000	Test	13.818
w-6-78-bs	NB-052_354770.sgy	1	0	2	0	0	586	1	1500	4000	Test	3.516
w-6-78-bs	NB-053_550572.sgy	1	0	2	0	0	2183	1	1500	4000	Test	13.098
w-6-85-sc	SB85-02_501151.sgy	1	0	2	0	0	798	1	1501	4000	Train	4.791192
w-6-85-sc	SB85-03_501151.sgy	1	0	2	0	0	1820	1	1501	4000	Train	10.92728
w-6-85-sc	SB85-04_501151.sgy	1	0	2	0	0	2072	1	1501	4000	Train	12.440288
w-6-85-sc	SB85-05_501151.sgy	1	0	2	0	0	610	1	1501	4000	Train	3.66244
w-6-85-sc	SB85-06_501151.sgy	1	0	2	0	0	1150	1	1501	4000	Train	6.9046
w-6-85-sc	SB85-07_501151.sgy	1	0	2	0	0	676	1	1501	4000	Train	4.058704
w-6-85-sc	SB85-08_501151.sgy	1	0	2	0	0	1312	1	1501	4000	Train	7.877248
w-6-85-sc	SB85-09_501151.sgy	1	0	2	0	0	1106	1	1501	4000	Train	6.640424
w-6-85-sc	SB85-14_500968.sgy	1	0	2	0	0	1042	1	1501	4000	Train	6.256168
w-6-85-sc	SB85-15_500968.sgy	1	0	2	0	0	1004	1	1501	4000	Train	6.028016
w-6-85-sc	SB85-25_501421.sgy	1	0	2	0	0	1176	1	1501	4000	Train	7.060704
w-6-85-sc	SB85-26_501421.sgy	1	0	2	0	0	1198	1	1501	4000	Train	7.192792
w-6-85-sc	SB85-30_501421.sgy	1	0	2	0	0	1950	1	1501	4000	Train	11.7078
w-6-85-sc	SB85-31_501421.sgy	1	0	2	0	0	986	1	1501	4000	Train	5.919944
w-6-85-sc	SB85-32_501421.sgy	1	0	2	0	0	1342	1	1501	4000	Train	8.057368
w-67-82-wg	WSS-2001__85032.sgy	1	0	2	0	0	14835	1	1500	4000	Train	89.01
w-67-82-wg	WSS-2002__81692.sgy	1	0	2	0	0	4045	1	1500	4000	Train	24.27
w-67-82-wg	WSS-2004__17118.sgy	1	0	2	0	0	3623	1	1500	4000	Train	21.738
w-67-82-wg	WSS-2005__17118.sgy	1	0	2	0	0	8852	1	1500	4000	Train	53.112
w-67-82-wg	WSS-2010__81692.sgy	1	0	2	0	0	3671	1	1500	4000	Train	22.026
w-67-82-wg	WSS-2012__81692.sgy	1	0	2	0	0	6951	1	1500	4000	Train	41.706
w-67-82-wg	WSS-2016__17118.sgy	1	0	2	0	0	998	1	1500	4000	Train	5.988
w-67-82-wg	WSS-2020__77222.sgy	1	0	2	0	0	4335	1	1500	4000	Train	26.01
w-9-78-nc	W-501A__335712.sgy	1	0	2	0	0	1954	1	1525	4000	Validation	11.9194
w-9-78-nc	W-502A__333109.sgy	1	0	2	0	0	1788	1	1500	4000	Validation	10.728
w-9-78-nc	W-504A__455747.sgy	1	0	2	0	0	1882	1	1500	4000	Validation	11.292
w-9-78-nc	W-507A__333572.sgy	1	0	2	0	0	2074	1	1500	4000	Validation	12.444
w-9-78-nc	W-508A__590471.sgy	1	0	2	0	0	1659	1	1500	4000	Validation	9.954
w-9-78-nc	W-510A__283396.sgy	1	0	2	0	0	1632	1	1500	4000	Validation	9.792
w-9-78-nc	W-511A__331610.sgy	1	0	2	0	0	1125	1	1525	4000	Validation	6.8625
w-9-78-nc	W-512A__335792.sgy	1	0	2	0	0	1500	1	1500	4000	Validation	9
w-9-78-nc	W-513A__452943.sgy	1	0	2	0	0	3300	1	1500	4000	Validation	19.8
w-9-78-nc	W-515A__571886.sgy	1	0	2	0	0	771	1	1450	4000	Validation	4.4718
w-9-78-nc	W-518A__229773.sgy	1	0	2	0	0	2008	1	1500	4000	Validation	12.048
w-9-78-nc	W-520A__252663.sgy	1	0	2	0	0	2299	1	1500	4000	Validation	13.794
w-9-78-nc	W-522A__446935.sgy	1	0	2	0	0	2157	1	1500	4000	Validation	12.942
w-9-78-nc	W-524A__431673.sgy	1	0	2	0	0	2437	1	1500	4000	Validation	14.622
w-9-78-nc	W-528A__303150.sgy	1	0	2	0	0	840	1	1500	4000	Validation	5.04
w-9-78-nc	W-528A__341955.sgy	1	0	2	0	0	1398	1	1525	4000	Validation	8.5278
w-9-78-nc	W-530A__295971.sgy	1	0	2	0	0	1509	1	1525	4000	Validation	9.2049
w-9-78-nc	W-530A__341028.sgy	1	0	2	0	0	692	1	1525	4000	Validation	4.2212
w-9-78-nc	W-532A__266323.sgy	1	0	2	0	0	2160	1	1500	4000	Validation	12.96
w-9-78-nc	W-534A__338983.sgy	1	0	2	0	0	2343	1	1500	4000	Validation	14.058
w-9-78-nc	W-536A__268550.sgy	1	0	2	0	0	1828	1	1525	4000	Validation	11.1508
w-9-78-nc	W-538A__243524.sgy	1	0	2	0	0	1416	1	1500	4000	Validation	8.496
w-9-78-nc	W-538A__273530.sgy	1	0	2	0	0	1569	1	1500	4000	Validation	9.414
w-9-78-nc	W-540A__2235450.sgy	1	0	2	0	0	2688	1	1500	4000	Validation	16.128
w-9-78-nc	W-542A__293433.sgy	1	0	2	0	0	548	1	1525	4000	Validation	3.3428
w-9-78-nc	W-544A__341015.sgy	1	0	2	0	0	815	1	1525	4000	Validation	4.9715
w-9-78-nc	W-544A__597058.sgy	1	0	2	0	0	2415	1	1525	4000	Validation	14.7315
w-9-78-nc	W-552A__264722.sgy	1	0	2	0	0	1361	1	1525	4000	Validation	8.3021
w-9-78-nc	W-552A__337737.sgy	1	0	2	0	0	1956	1	1525	4000	Validation	11.9316
w-9-79-ar	WB-401_712055.sgy	1	0	2	0	0	1502	1	1475	4000	Train	8.8618
w-9-79-ar	WB-401_750701-1.sgy	1	0	2	0	0	1320	1	1475	4000	Train	7.788
w-9-79-ar	WB-401_750701.sgy	1	0	2	0	0	434	1	1475	4000	Train	2.5606
w-9-79-ar	WB-402D_750701.sgy	1	0	2	0	0	156	1	1475	4000	Train	0.9204
w-9-79-ar	WB-403_473561.sgy	1	0	2	0	0	582	1	1475	4000	Train	3.4338
w-9-79-ar	WB-403_750701-1.sgy	1	0	2	0	0	1062	1	1475	4000	Train	6.2658
w-9-79-ar	WB-403_750701-2.sgy	1	0	2	0	0	866	1	1475	4000	Train	5.1094
w-9-79-ar	WB-403_750701.sgy	1	0	2	0	0	194	1	1475	4000	Train	1.1446
w-9-79-ar	WB-404D_750701.sgy	1	0	2	0	0	300	1	1525	4000	Train	1.83
w-9-79-ar	WB-405_750701-1.sgy	1	0	2	0	0	532	1	1475	4000	Train	3.1388
w-9-79-ar	WB-405_750701.sgy	1	0	2	0	0	384	1	1475	4000	Train	2.2656
w-9-79-ar	WB-406D_750701-1.sgy	1	0	2	0	0	202	1	1475	4000	Train	1.1918
w-9-79-ar	WB-406D_750701-2.sgy	1	0	2	0	0	174	1	1475	4000	Train	1.0266
w-9-79-ar	WB-406D_750701.sgy	1	0	2	0	0	242	1	1475	4000	Train	1.4278
w-9-79-ar	WB-410_750701.sgy	1	0	2	0	0	360	1	1475	4000	Train	2.124
w-9-79-ar	WB-414_750701-1.sgy	1	0	2	0	0	266	1	1475	4000	Train	1.5694
w-9-79-ar	WB-414_750701.sgy	1	0	2	0	0	236	1	1475	4000	Train	1.3924
w-9-79-ar	WB-422_749985.sgy	1	0	2	0	0	370	1	1475	4000	Train	2.183
w-9-79-ar	WB-424_749985-1.sgy	1	0	2	0	0	288	1	1475	4000	Train	1.6992
w-9-79-ar	WB-424_749985.sgy	1	0	2	0	0	164	1	1475	4000	Train	0.9676
w-9-79-ar	WB-426_749985.sgy	1	0	2	0	0	368	1	1475	4000	Train	2.1712
w-9-79-ar	WB-434_749985-1.sgy	1	0	2	0	0	175	1	1475	4000	Train	1.0325
w-9-79-ar	WB-434_749985-2.sgy	1	0	2	0	0	180	1	1475	4000	Train	1.062
w-9-79-ar	WB-434_749985-3.sgy	1	0	2	0	0	436	1	1475	4000	Train	2.5724
w-9-79-ar	WB-434_749985.sgy	1	0	2	0	0	120	1	1475	4000	Train	0.708
w-9-79-ar	WB-436_749985.sgy	1	0	2	0	0	314	1	1475	4000	Train	1.8526
w-9-79-ar	WB-438_749985.sgy	1	0	2	0	0	452	1	1475	4000	Train	2.6668
w-9-79-ar	WB-440_749985-1.sgy	1	0	2	0	0	356	1	1475	4000	Train	2.1004
w-9-79-ar	WB-440_749985-2.sgy	1	0	2	0	0	142	1	1475	4000	Train	0.8378
w-9-79-ar	WB-440_749985.sgy	1	0	2	0	0	258	1	1475	4000	Train	1.5222
w-9-79-ar	WB-442_749985-1.sgy	1	0	2	0	0	470	1	1475	4000	Train	2.773
w-9-79-ar	WB-442_749985.sgy	1	0	2	0	0	194	1	1475	4000	Train	1.1446
w-9-79-ar	WB-444_749985-1.sgy	1	0	2	0	0	108	1	1475	4000	Train	0.6372
w-9-79-ar	WB-444_749985.sgy	1	0	2	0	0	346	1	1475	4000	Train	2.0414
w-9-79-ar	WB-446_749985-1.sgy	1	0	2	0	0	184	1	1475	4000	Train	1.0856
w-9-79-ar	WB-446_749985-2.sgy	1	0	2	0	0	200	1	1475	4000	Train	1.18
w-9-79-ar	WB-446_749985.sgy	1	0	2	0	0	142	1	1475	4000	Train	0.8378
w-9-79-ar	WB-448_749985.sgy	1	0	2	0	0	186	1	1475	4000	Train	1.0974
w-9-79-ar	WB-450_981530.sgy	1	0	2	0	0	578	1	1475	4000	Train	3.4102
w-9-79-ar	WB-452_981530.sgy	1	0	2	0	0	226	1	1475	4000	Train	1.3334
w-9-79-ar	WB-456_981530-1.sgy	1	0	2	0	0	256	1	1475	4000	Train	1.5104
w-9-79-ar	WB-456_981530.sgy	1	0	2	0	0	228	1	1475	4000	Train	1.3452
w-9-79-ar	WB-458_981530-1.sgy	1	0	2	0	0	196	1	1475	4000	Train	1.1564
w-9-79-ar	WB-458_981530.sgy	1	0	2	0	0	218	1	1475	4000	Train	1.2862
w-9-79-ar	WB-460_981530-1.sgy	1	0	2	0	0	212	1	1475	4000	Train	1.2508
w-9-79-ar	WB-460_981530.sgy	1	0	2	0	0	310	1	1475	4000	Train	1.829
w-9-79-ar	WB-462_981530-1.sgy	1	0	2	0	0	234	1	1475	4000	Train	1.3806
w-9-79-ar	WB-462_981530.sgy	1	0	2	0	0	272	1	1475	4000	Train	1.6048
w-9-79-ar	WB-484_981530-1.sgy	1	0	2	0	0	356	1	1475	4000	Train	2.1004
w-9-79-ar	WB-484_981530.sgy	1	0	2	0	0	256	1	1475	4000	Train	1.5104
w-9-79-ar	WB-486_981530.sgy	1	0	2	0	0	676	1	1475	4000	Train	3.9884
w-95-92-sa	warg9225.sgy	1	1	2	0	0	1610	1	2000	4000	Test	12.88
w-95-92-sa	warg9228.sgy	1	1	2	0	0	11096	1	2000	4000	Test	88.768
w-95-92-sa	warg9229.sgy	1	1	2	0	0	3341	1	2000	4000	Test	26.728
w-95-92-sa	warg9236.sgy	1	1	2	0	0	2834	1	2000	4000	Test	22.672
w-95-92-sa	warg9237.sgy	1	1	2	0	0	2314	1	2000	4000	Test	18.512
w-95-92-sa	warg9251.sgy	1	1	2	0	0	7018	1	2000	4000	Test	56.144
w-95-92-sa	warg9264.sgy	1	1	2	0	0	4280	1	2000	4000	Test	34.24
w-95-92-sa	warg9269.sgy	1	1	2	0	0	1380	1	2000	4000	Test	11.04
w-95-92-sa	warg9292.sgy	1	1	2	0	0	4064	1	2025	4000	Test	32.9184