https://walrus.wr.usgs.gov/namss/data/1981/namss.B-03-81-AT.mcs.airgun/Data/PDF/PR81-01.pdf	2.4
https://walrus.wr.usgs.gov/namss/data/1981/namss.B-03-81-AT.mcs.airgun/Data/PDF/PR81-03.pdf	2.4
https://walrus.wr.usgs.gov/namss/data/1981/namss.B-03-81-AT.mcs.airgun/Data/PDF/PR81-05.pdf	1.5
https://walrus.wr.usgs.gov/namss/data/1981/namss.B-03-81-AT.mcs.airgun/Data/PDF/PR81-05A.pdf	1.5
https://walrus.wr.usgs.gov/namss/data/1981/namss.B-03-81-AT.mcs.airgun/Data/PDF/PR81-06.pdf	5.7
https://walrus.wr.usgs.gov/namss/data/1981/namss.B-03-81-AT.mcs.airgun/Data/PDF/PR81-06A.pdf	1.2
https://walrus.wr.usgs.gov/namss/data/1981/namss.B-03-81-AT.mcs.airgun/Data/PDF/PR81-06B.pdf	3.8
https://walrus.wr.usgs.gov/namss/data/1981/namss.B-03-81-AT.mcs.airgun/Data/PDF/PR81-06C.pdf	2.7
https://walrus.wr.usgs.gov/namss/data/1981/namss.B-03-81-AT.mcs.airgun/Data/PDF/PR81-06D.pdf	2.0
https://walrus.wr.usgs.gov/namss/data/1981/namss.B-03-81-AT.mcs.airgun/Data/PDF/PR81-07.pdf	2.5
https://walrus.wr.usgs.gov/namss/data/1981/namss.B-03-81-AT.mcs.airgun/Data/PDF/PR81-08.pdf	1.7
https://walrus.wr.usgs.gov/namss/data/1981/namss.B-03-81-AT.mcs.airgun/Data/PDF/PR81-08A.pdf	4.3
https://walrus.wr.usgs.gov/namss/data/1981/namss.B-03-81-AT.mcs.airgun/Data/PDF/PR81-09.pdf	1.8
https://walrus.wr.usgs.gov/namss/data/1981/namss.B-03-81-AT.mcs.airgun/Data/PDF/PR81-10-D.pdf	2.6
https://walrus.wr.usgs.gov/namss/data/1981/namss.B-03-81-AT.mcs.airgun/Data/PDF/PR81-10.pdf	1.8
https://walrus.wr.usgs.gov/namss/data/1981/namss.B-03-81-AT.mcs.airgun/Data/PDF/PR81-10.tif.pdf	16.7
https://walrus.wr.usgs.gov/namss/data/1981/namss.B-03-81-AT.mcs.airgun/Data/PDF/PR81-101.pdf	3.5
https://walrus.wr.usgs.gov/namss/data/1981/namss.B-03-81-AT.mcs.airgun/Data/PDF/PR81-103-R.pdf	0.5816
https://walrus.wr.usgs.gov/namss/data/1981/namss.B-03-81-AT.mcs.airgun/Data/PDF/PR81-103.pdf	0.6976
https://walrus.wr.usgs.gov/namss/data/1981/namss.B-03-81-AT.mcs.airgun/Data/PDF/PR81-103A.pdf	1.7
https://walrus.wr.usgs.gov/namss/data/1981/namss.B-03-81-AT.mcs.airgun/Data/PDF/PR81-103B.pdf	2.1
https://walrus.wr.usgs.gov/namss/data/1981/namss.B-03-81-AT.mcs.airgun/Data/PDF/PR81-105.pdf	1.4
https://walrus.wr.usgs.gov/namss/data/1981/namss.B-03-81-AT.mcs.airgun/Data/PDF/PR81-105A.pdf	2.8
https://walrus.wr.usgs.gov/namss/data/1981/namss.B-03-81-AT.mcs.airgun/Data/PDF/PR81-107-D.pdf	1.1
https://walrus.wr.usgs.gov/namss/data/1981/namss.B-03-81-AT.mcs.airgun/Data/PDF/PR81-107.pdf	1.2
https://walrus.wr.usgs.gov/namss/data/1981/namss.B-03-81-AT.mcs.airgun/Data/PDF/PR81-107A-D.pdf	1.4
https://walrus.wr.usgs.gov/namss/data/1981/namss.B-03-81-AT.mcs.airgun/Data/PDF/PR81-107A.pdf	1.5
https://walrus.wr.usgs.gov/namss/data/1981/namss.B-03-81-AT.mcs.airgun/Data/PDF/PR81-107B-D.pdf	2.1
https://walrus.wr.usgs.gov/namss/data/1981/namss.B-03-81-AT.mcs.airgun/Data/PDF/PR81-107B.pdf	2.2
https://walrus.wr.usgs.gov/namss/data/1981/namss.B-03-81-AT.mcs.airgun/Data/PDF/PR81-109-D.pdf	3.9
https://walrus.wr.usgs.gov/namss/data/1981/namss.B-03-81-AT.mcs.airgun/Data/PDF/PR81-109.pdf	4.3
https://walrus.wr.usgs.gov/namss/data/1981/namss.B-03-81-AT.mcs.airgun/Data/PDF/PR81-11-MT.pdf	2.4
https://walrus.wr.usgs.gov/namss/data/1981/namss.B-03-81-AT.mcs.airgun/Data/PDF/PR81-11.pdf	2.4
https://walrus.wr.usgs.gov/namss/data/1981/namss.B-03-81-AT.mcs.airgun/Data/PDF/PR81-111-D.pdf	8.3
https://walrus.wr.usgs.gov/namss/data/1981/namss.B-03-81-AT.mcs.airgun/Data/PDF/PR81-111.pdf	4.7
https://walrus.wr.usgs.gov/namss/data/1981/namss.B-03-81-AT.mcs.airgun/Data/PDF/PR81-113-D.pdf	2.8
https://walrus.wr.usgs.gov/namss/data/1981/namss.B-03-81-AT.mcs.airgun/Data/PDF/PR81-113.pdf	3.3
https://walrus.wr.usgs.gov/namss/data/1981/namss.B-03-81-AT.mcs.airgun/Data/PDF/PR81-113A-D.pdf	2.6
https://walrus.wr.usgs.gov/namss/data/1981/namss.B-03-81-AT.mcs.airgun/Data/PDF/PR81-113A.pdf	2.2
https://walrus.wr.usgs.gov/namss/data/1981/namss.B-03-81-AT.mcs.airgun/Data/PDF/PR81-115-D.pdf	1.1
https://walrus.wr.usgs.gov/namss/data/1981/namss.B-03-81-AT.mcs.airgun/Data/PDF/PR81-115.pdf	1.4
https://walrus.wr.usgs.gov/namss/data/1981/namss.B-03-81-AT.mcs.airgun/Data/PDF/PR81-115A-D.pdf	3.3
https://walrus.wr.usgs.gov/namss/data/1981/namss.B-03-81-AT.mcs.airgun/Data/PDF/PR81-115A.pdf	3.7
https://walrus.wr.usgs.gov/namss/data/1981/namss.B-03-81-AT.mcs.airgun/Data/PDF/PR81-115B-D.pdf	0.7151000000000001
https://walrus.wr.usgs.gov/namss/data/1981/namss.B-03-81-AT.mcs.airgun/Data/PDF/PR81-115B.pdf	0.8298
https://walrus.wr.usgs.gov/namss/data/1981/namss.B-03-81-AT.mcs.airgun/Data/PDF/PR81-117-D.pdf	1.9
https://walrus.wr.usgs.gov/namss/data/1981/namss.B-03-81-AT.mcs.airgun/Data/PDF/PR81-117.pdf	1.9
https://walrus.wr.usgs.gov/namss/data/1981/namss.B-03-81-AT.mcs.airgun/Data/PDF/PR81-119-D.pdf	3.8
https://walrus.wr.usgs.gov/namss/data/1981/namss.B-03-81-AT.mcs.airgun/Data/PDF/PR81-119.pdf	3.6
https://walrus.wr.usgs.gov/namss/data/1981/namss.B-03-81-AT.mcs.airgun/Data/PDF/PR81-119A-D.pdf	3.7
https://walrus.wr.usgs.gov/namss/data/1981/namss.B-03-81-AT.mcs.airgun/Data/PDF/PR81-119A.pdf	4.3
https://walrus.wr.usgs.gov/namss/data/1981/namss.B-03-81-AT.mcs.airgun/Data/PDF/PR81-12-MT.pdf	2.5
https://walrus.wr.usgs.gov/namss/data/1981/namss.B-03-81-AT.mcs.airgun/Data/PDF/PR81-12.pdf	2.2
https://walrus.wr.usgs.gov/namss/data/1981/namss.B-03-81-AT.mcs.airgun/Data/PDF/PR81-121.pdf	3.7
https://walrus.wr.usgs.gov/namss/data/1981/namss.B-03-81-AT.mcs.airgun/Data/PDF/PR81-121A.pdf	3.5
https://walrus.wr.usgs.gov/namss/data/1981/namss.B-03-81-AT.mcs.airgun/Data/PDF/PR81-123.pdf	4.0
https://walrus.wr.usgs.gov/namss/data/1981/namss.B-03-81-AT.mcs.airgun/Data/PDF/PR81-123A.pdf	3.0
https://walrus.wr.usgs.gov/namss/data/1981/namss.B-03-81-AT.mcs.airgun/Data/PDF/PR81-125.pdf	4.2
https://walrus.wr.usgs.gov/namss/data/1981/namss.B-03-81-AT.mcs.airgun/Data/PDF/PR81-125A-R.pdf	0.5622999999999999
https://walrus.wr.usgs.gov/namss/data/1981/namss.B-03-81-AT.mcs.airgun/Data/PDF/PR81-125A.pdf	0.5874
https://walrus.wr.usgs.gov/namss/data/1981/namss.B-03-81-AT.mcs.airgun/Data/PDF/PR81-125B-R.pdf	1.0179
https://walrus.wr.usgs.gov/namss/data/1981/namss.B-03-81-AT.mcs.airgun/Data/PDF/PR81-125B.pdf	1.2
https://walrus.wr.usgs.gov/namss/data/1981/namss.B-03-81-AT.mcs.airgun/Data/PDF/PR81-125C.pdf	1.6
https://walrus.wr.usgs.gov/namss/data/1981/namss.B-03-81-AT.mcs.airgun/Data/PDF/PR81-125D.pdf	1.8
https://walrus.wr.usgs.gov/namss/data/1981/namss.B-03-81-AT.mcs.airgun/Data/PDF/PR81-127.pdf	4.8
https://walrus.wr.usgs.gov/namss/data/1981/namss.B-03-81-AT.mcs.airgun/Data/PDF/PR81-127A.pdf	2.0
https://walrus.wr.usgs.gov/namss/data/1981/namss.B-03-81-AT.mcs.airgun/Data/PDF/PR81-129.pdf	5.0
https://walrus.wr.usgs.gov/namss/data/1981/namss.B-03-81-AT.mcs.airgun/Data/PDF/PR81-129B.pdf	1.7
https://walrus.wr.usgs.gov/namss/data/1981/namss.B-03-81-AT.mcs.airgun/Data/PDF/PR81-12A-MT.pdf	3.4
https://walrus.wr.usgs.gov/namss/data/1981/namss.B-03-81-AT.mcs.airgun/Data/PDF/PR81-12A.pdf	2.0
https://walrus.wr.usgs.gov/namss/data/1981/namss.B-03-81-AT.mcs.airgun/Data/PDF/PR81-12B-MT.pdf	4.3
https://walrus.wr.usgs.gov/namss/data/1981/namss.B-03-81-AT.mcs.airgun/Data/PDF/PR81-12C-MT.pdf	2.3
https://walrus.wr.usgs.gov/namss/data/1981/namss.B-03-81-AT.mcs.airgun/Data/PDF/PR81-13-D.pdf	2.7
https://walrus.wr.usgs.gov/namss/data/1981/namss.B-03-81-AT.mcs.airgun/Data/PDF/PR81-13.pdf	2.5
https://walrus.wr.usgs.gov/namss/data/1981/namss.B-03-81-AT.mcs.airgun/Data/PDF/PR81-131-D.pdf	6.5
https://walrus.wr.usgs.gov/namss/data/1981/namss.B-03-81-AT.mcs.airgun/Data/PDF/PR81-131.pdf	7.1
https://walrus.wr.usgs.gov/namss/data/1981/namss.B-03-81-AT.mcs.airgun/Data/PDF/PR81-133-D.pdf	2.9
https://walrus.wr.usgs.gov/namss/data/1981/namss.B-03-81-AT.mcs.airgun/Data/PDF/PR81-133.pdf	3.1
https://walrus.wr.usgs.gov/namss/data/1981/namss.B-03-81-AT.mcs.airgun/Data/PDF/PR81-133A-D.pdf	2.7
https://walrus.wr.usgs.gov/namss/data/1981/namss.B-03-81-AT.mcs.airgun/Data/PDF/PR81-133A.pdf	3.1
https://walrus.wr.usgs.gov/namss/data/1981/namss.B-03-81-AT.mcs.airgun/Data/PDF/PR81-133B-D.pdf	1.1
https://walrus.wr.usgs.gov/namss/data/1981/namss.B-03-81-AT.mcs.airgun/Data/PDF/PR81-133B.pdf	1.2
https://walrus.wr.usgs.gov/namss/data/1981/namss.B-03-81-AT.mcs.airgun/Data/PDF/PR81-135-D.pdf	6.6
https://walrus.wr.usgs.gov/namss/data/1981/namss.B-03-81-AT.mcs.airgun/Data/PDF/PR81-135.pdf	6.9
https://walrus.wr.usgs.gov/namss/data/1981/namss.B-03-81-AT.mcs.airgun/Data/PDF/PR81-137-D.pdf	4.6
https://walrus.wr.usgs.gov/namss/data/1981/namss.B-03-81-AT.mcs.airgun/Data/PDF/PR81-137.pdf	5.0
https://walrus.wr.usgs.gov/namss/data/1981/namss.B-03-81-AT.mcs.airgun/Data/PDF/PR81-137A-D.pdf	1.5
https://walrus.wr.usgs.gov/namss/data/1981/namss.B-03-81-AT.mcs.airgun/Data/PDF/PR81-137A.pdf	1.5
https://walrus.wr.usgs.gov/namss/data/1981/namss.B-03-81-AT.mcs.airgun/Data/PDF/PR81-137B-D.pdf	1.5
https://walrus.wr.usgs.gov/namss/data/1981/namss.B-03-81-AT.mcs.airgun/Data/PDF/PR81-137B.pdf	1.6
https://walrus.wr.usgs.gov/namss/data/1981/namss.B-03-81-AT.mcs.airgun/Data/PDF/PR81-139-D.pdf	3.3
https://walrus.wr.usgs.gov/namss/data/1981/namss.B-03-81-AT.mcs.airgun/Data/PDF/PR81-139.pdf	3.2
https://walrus.wr.usgs.gov/namss/data/1981/namss.B-03-81-AT.mcs.airgun/Data/PDF/PR81-139A-D.pdf	3.0
https://walrus.wr.usgs.gov/namss/data/1981/namss.B-03-81-AT.mcs.airgun/Data/PDF/PR81-139A.pdf	2.9
https://walrus.wr.usgs.gov/namss/data/1981/namss.B-03-81-AT.mcs.airgun/Data/PDF/PR81-139B-D.pdf	1.4
https://walrus.wr.usgs.gov/namss/data/1981/namss.B-03-81-AT.mcs.airgun/Data/PDF/PR81-139B.pdf	1.7
https://walrus.wr.usgs.gov/namss/data/1981/namss.B-03-81-AT.mcs.airgun/Data/PDF/PR81-14-D.pdf	2.4
https://walrus.wr.usgs.gov/namss/data/1981/namss.B-03-81-AT.mcs.airgun/Data/PDF/PR81-14.pdf	3.6
https://walrus.wr.usgs.gov/namss/data/1981/namss.B-03-81-AT.mcs.airgun/Data/PDF/PR81-141-D.pdf	6.6
https://walrus.wr.usgs.gov/namss/data/1981/namss.B-03-81-AT.mcs.airgun/Data/PDF/PR81-141.pdf	4.8
https://walrus.wr.usgs.gov/namss/data/1981/namss.B-03-81-AT.mcs.airgun/Data/PDF/PR81-141A-D.pdf	2.3
https://walrus.wr.usgs.gov/namss/data/1981/namss.B-03-81-AT.mcs.airgun/Data/PDF/PR81-141A.pdf	2.5
https://walrus.wr.usgs.gov/namss/data/1981/namss.B-03-81-AT.mcs.airgun/Data/PDF/PR81-143-D.pdf	4.5
https://walrus.wr.usgs.gov/namss/data/1981/namss.B-03-81-AT.mcs.airgun/Data/PDF/PR81-143.pdf	4.1
https://walrus.wr.usgs.gov/namss/data/1981/namss.B-03-81-AT.mcs.airgun/Data/PDF/PR81-143A-D.pdf	2.3
https://walrus.wr.usgs.gov/namss/data/1981/namss.B-03-81-AT.mcs.airgun/Data/PDF/PR81-143A.pdf	3.0
https://walrus.wr.usgs.gov/namss/data/1981/namss.B-03-81-AT.mcs.airgun/Data/PDF/PR81-145-D.pdf	1.7
https://walrus.wr.usgs.gov/namss/data/1981/namss.B-03-81-AT.mcs.airgun/Data/PDF/PR81-145.pdf	1.8
https://walrus.wr.usgs.gov/namss/data/1981/namss.B-03-81-AT.mcs.airgun/Data/PDF/PR81-147-D.pdf	6.5
https://walrus.wr.usgs.gov/namss/data/1981/namss.B-03-81-AT.mcs.airgun/Data/PDF/PR81-147.pdf	6.5
https://walrus.wr.usgs.gov/namss/data/1981/namss.B-03-81-AT.mcs.airgun/Data/PDF/PR81-149-D.pdf	2.1
https://walrus.wr.usgs.gov/namss/data/1981/namss.B-03-81-AT.mcs.airgun/Data/PDF/PR81-149.pdf	1.6
https://walrus.wr.usgs.gov/namss/data/1981/namss.B-03-81-AT.mcs.airgun/Data/PDF/PR81-149A-D.pdf	2.2
https://walrus.wr.usgs.gov/namss/data/1981/namss.B-03-81-AT.mcs.airgun/Data/PDF/PR81-149A.pdf	2.6
https://walrus.wr.usgs.gov/namss/data/1981/namss.B-03-81-AT.mcs.airgun/Data/PDF/PR81-14A-A-D.pdf	4.0
https://walrus.wr.usgs.gov/namss/data/1981/namss.B-03-81-AT.mcs.airgun/Data/PDF/PR81-14A-B-D.pdf	2.2
https://walrus.wr.usgs.gov/namss/data/1981/namss.B-03-81-AT.mcs.airgun/Data/PDF/PR81-14A-D.pdf	2.5
https://walrus.wr.usgs.gov/namss/data/1981/namss.B-03-81-AT.mcs.airgun/Data/PDF/PR81-14A.pdf	1.8
https://walrus.wr.usgs.gov/namss/data/1981/namss.B-03-81-AT.mcs.airgun/Data/PDF/PR81-14B-A-D.pdf	3.8
https://walrus.wr.usgs.gov/namss/data/1981/namss.B-03-81-AT.mcs.airgun/Data/PDF/PR81-14B-D.pdf	4.3
https://walrus.wr.usgs.gov/namss/data/1981/namss.B-03-81-AT.mcs.airgun/Data/PDF/PR81-14B.pdf	2.0
https://walrus.wr.usgs.gov/namss/data/1981/namss.B-03-81-AT.mcs.airgun/Data/PDF/PR81-15-D.pdf	3.5
https://walrus.wr.usgs.gov/namss/data/1981/namss.B-03-81-AT.mcs.airgun/Data/PDF/PR81-15.pdf	2.6
https://walrus.wr.usgs.gov/namss/data/1981/namss.B-03-81-AT.mcs.airgun/Data/PDF/PR81-151-D.pdf	2.7
https://walrus.wr.usgs.gov/namss/data/1981/namss.B-03-81-AT.mcs.airgun/Data/PDF/PR81-151.pdf	2.1
https://walrus.wr.usgs.gov/namss/data/1981/namss.B-03-81-AT.mcs.airgun/Data/PDF/PR81-151A-D.pdf	2.5
https://walrus.wr.usgs.gov/namss/data/1981/namss.B-03-81-AT.mcs.airgun/Data/PDF/PR81-151A.pdf	1.5
https://walrus.wr.usgs.gov/namss/data/1981/namss.B-03-81-AT.mcs.airgun/Data/PDF/PR81-153-D.pdf	2.2
https://walrus.wr.usgs.gov/namss/data/1981/namss.B-03-81-AT.mcs.airgun/Data/PDF/PR81-153.pdf	2.0
https://walrus.wr.usgs.gov/namss/data/1981/namss.B-03-81-AT.mcs.airgun/Data/PDF/PR81-155-D.pdf	1.9
https://walrus.wr.usgs.gov/namss/data/1981/namss.B-03-81-AT.mcs.airgun/Data/PDF/PR81-155.pdf	1.4
https://walrus.wr.usgs.gov/namss/data/1981/namss.B-03-81-AT.mcs.airgun/Data/PDF/PR81-155A-D.pdf	2.6
https://walrus.wr.usgs.gov/namss/data/1981/namss.B-03-81-AT.mcs.airgun/Data/PDF/PR81-155A.pdf	1.9
https://walrus.wr.usgs.gov/namss/data/1981/namss.B-03-81-AT.mcs.airgun/Data/PDF/PR81-157-D.pdf	2.2
https://walrus.wr.usgs.gov/namss/data/1981/namss.B-03-81-AT.mcs.airgun/Data/PDF/PR81-157.pdf	2.1
https://walrus.wr.usgs.gov/namss/data/1981/namss.B-03-81-AT.mcs.airgun/Data/PDF/PR81-159-D.pdf	2.5
https://walrus.wr.usgs.gov/namss/data/1981/namss.B-03-81-AT.mcs.airgun/Data/PDF/PR81-159.pdf	1.4
https://walrus.wr.usgs.gov/namss/data/1981/namss.B-03-81-AT.mcs.airgun/Data/PDF/PR81-159A-D.pdf	2.4
https://walrus.wr.usgs.gov/namss/data/1981/namss.B-03-81-AT.mcs.airgun/Data/PDF/PR81-159A.pdf	1.4
https://walrus.wr.usgs.gov/namss/data/1981/namss.B-03-81-AT.mcs.airgun/Data/PDF/PR81-16-A-D.pdf	4.3
https://walrus.wr.usgs.gov/namss/data/1981/namss.B-03-81-AT.mcs.airgun/Data/PDF/PR81-16-D.pdf	1.8
https://walrus.wr.usgs.gov/namss/data/1981/namss.B-03-81-AT.mcs.airgun/Data/PDF/PR81-16.pdf	4.3
https://walrus.wr.usgs.gov/namss/data/1981/namss.B-03-81-AT.mcs.airgun/Data/PDF/PR81-161-D.pdf	2.4
https://walrus.wr.usgs.gov/namss/data/1981/namss.B-03-81-AT.mcs.airgun/Data/PDF/PR81-161.pdf	2.2
https://walrus.wr.usgs.gov/namss/data/1981/namss.B-03-81-AT.mcs.airgun/Data/PDF/PR81-163-D.pdf	3.5
https://walrus.wr.usgs.gov/namss/data/1981/namss.B-03-81-AT.mcs.airgun/Data/PDF/PR81-163.pdf	2.1
https://walrus.wr.usgs.gov/namss/data/1981/namss.B-03-81-AT.mcs.airgun/Data/PDF/PR81-163A-D.pdf	2.6
https://walrus.wr.usgs.gov/namss/data/1981/namss.B-03-81-AT.mcs.airgun/Data/PDF/PR81-163A.pdf	1.6
https://walrus.wr.usgs.gov/namss/data/1981/namss.B-03-81-AT.mcs.airgun/Data/PDF/PR81-165-D.pdf	4.7
https://walrus.wr.usgs.gov/namss/data/1981/namss.B-03-81-AT.mcs.airgun/Data/PDF/PR81-165.pdf	3.4
https://walrus.wr.usgs.gov/namss/data/1981/namss.B-03-81-AT.mcs.airgun/Data/PDF/PR81-167-D.pdf	1.9
https://walrus.wr.usgs.gov/namss/data/1981/namss.B-03-81-AT.mcs.airgun/Data/PDF/PR81-167.pdf	1.5
https://walrus.wr.usgs.gov/namss/data/1981/namss.B-03-81-AT.mcs.airgun/Data/PDF/PR81-167A-D.pdf	2.6
https://walrus.wr.usgs.gov/namss/data/1981/namss.B-03-81-AT.mcs.airgun/Data/PDF/PR81-167A.pdf	2.4
https://walrus.wr.usgs.gov/namss/data/1981/namss.B-03-81-AT.mcs.airgun/Data/PDF/PR81-169-D.pdf	6.1
https://walrus.wr.usgs.gov/namss/data/1981/namss.B-03-81-AT.mcs.airgun/Data/PDF/PR81-169.pdf	3.3
https://walrus.wr.usgs.gov/namss/data/1981/namss.B-03-81-AT.mcs.airgun/Data/PDF/PR81-16A-A-D.pdf	4.0
https://walrus.wr.usgs.gov/namss/data/1981/namss.B-03-81-AT.mcs.airgun/Data/PDF/PR81-16A-D.pdf	4.3
https://walrus.wr.usgs.gov/namss/data/1981/namss.B-03-81-AT.mcs.airgun/Data/PDF/PR81-16A.pdf	1.2
https://walrus.wr.usgs.gov/namss/data/1981/namss.B-03-81-AT.mcs.airgun/Data/PDF/PR81-17.pdf	2.8
https://walrus.wr.usgs.gov/namss/data/1981/namss.B-03-81-AT.mcs.airgun/Data/PDF/PR81-171-D.pdf	5.4
https://walrus.wr.usgs.gov/namss/data/1981/namss.B-03-81-AT.mcs.airgun/Data/PDF/PR81-171.pdf	3.1
https://walrus.wr.usgs.gov/namss/data/1981/namss.B-03-81-AT.mcs.airgun/Data/PDF/PR81-173-D.pdf	2.5
https://walrus.wr.usgs.gov/namss/data/1981/namss.B-03-81-AT.mcs.airgun/Data/PDF/PR81-173.pdf	2.1
https://walrus.wr.usgs.gov/namss/data/1981/namss.B-03-81-AT.mcs.airgun/Data/PDF/PR81-173A-D.pdf	3.9
https://walrus.wr.usgs.gov/namss/data/1981/namss.B-03-81-AT.mcs.airgun/Data/PDF/PR81-173A.pdf	2.2
https://walrus.wr.usgs.gov/namss/data/1981/namss.B-03-81-AT.mcs.airgun/Data/PDF/PR81-175-D.pdf	3.0
https://walrus.wr.usgs.gov/namss/data/1981/namss.B-03-81-AT.mcs.airgun/Data/PDF/PR81-175.pdf	2.4
https://walrus.wr.usgs.gov/namss/data/1981/namss.B-03-81-AT.mcs.airgun/Data/PDF/PR81-175A-D.pdf	1.8
https://walrus.wr.usgs.gov/namss/data/1981/namss.B-03-81-AT.mcs.airgun/Data/PDF/PR81-175A.pdf	2.1
https://walrus.wr.usgs.gov/namss/data/1981/namss.B-03-81-AT.mcs.airgun/Data/PDF/PR81-177-D.pdf	2.4
https://walrus.wr.usgs.gov/namss/data/1981/namss.B-03-81-AT.mcs.airgun/Data/PDF/PR81-177.pdf	2.5
https://walrus.wr.usgs.gov/namss/data/1981/namss.B-03-81-AT.mcs.airgun/Data/PDF/PR81-177A-D.pdf	2.9
https://walrus.wr.usgs.gov/namss/data/1981/namss.B-03-81-AT.mcs.airgun/Data/PDF/PR81-177A.pdf	2.1
https://walrus.wr.usgs.gov/namss/data/1981/namss.B-03-81-AT.mcs.airgun/Data/PDF/PR81-179-D.pdf	0.8964
https://walrus.wr.usgs.gov/namss/data/1981/namss.B-03-81-AT.mcs.airgun/Data/PDF/PR81-179.pdf	0.854
https://walrus.wr.usgs.gov/namss/data/1981/namss.B-03-81-AT.mcs.airgun/Data/PDF/PR81-179A-D.pdf	4.1
https://walrus.wr.usgs.gov/namss/data/1981/namss.B-03-81-AT.mcs.airgun/Data/PDF/PR81-179A.pdf	2.8
https://walrus.wr.usgs.gov/namss/data/1981/namss.B-03-81-AT.mcs.airgun/Data/PDF/PR81-18.pdf	4.9
https://walrus.wr.usgs.gov/namss/data/1981/namss.B-03-81-AT.mcs.airgun/Data/PDF/PR81-181-D.pdf	5.6
https://walrus.wr.usgs.gov/namss/data/1981/namss.B-03-81-AT.mcs.airgun/Data/PDF/PR81-181-R.pdf	2.9
https://walrus.wr.usgs.gov/namss/data/1981/namss.B-03-81-AT.mcs.airgun/Data/PDF/PR81-183-D.pdf	5.4
https://walrus.wr.usgs.gov/namss/data/1981/namss.B-03-81-AT.mcs.airgun/Data/PDF/PR81-183-R.pdf	3.3
https://walrus.wr.usgs.gov/namss/data/1981/namss.B-03-81-AT.mcs.airgun/Data/PDF/PR81-185-D.pdf	3.2
https://walrus.wr.usgs.gov/namss/data/1981/namss.B-03-81-AT.mcs.airgun/Data/PDF/PR81-185-R.pdf	2.9
https://walrus.wr.usgs.gov/namss/data/1981/namss.B-03-81-AT.mcs.airgun/Data/PDF/PR81-187-D.pdf	5.3
https://walrus.wr.usgs.gov/namss/data/1981/namss.B-03-81-AT.mcs.airgun/Data/PDF/PR81-187-R.pdf	3.2
https://walrus.wr.usgs.gov/namss/data/1981/namss.B-03-81-AT.mcs.airgun/Data/PDF/PR81-189-R.pdf	3.3
https://walrus.wr.usgs.gov/namss/data/1981/namss.B-03-81-AT.mcs.airgun/Data/PDF/PR81-189.pdf	4.2
https://walrus.wr.usgs.gov/namss/data/1981/namss.B-03-81-AT.mcs.airgun/Data/PDF/PR81-19-D.pdf	4.6
https://walrus.wr.usgs.gov/namss/data/1981/namss.B-03-81-AT.mcs.airgun/Data/PDF/PR81-19.pdf	2.5
https://walrus.wr.usgs.gov/namss/data/1981/namss.B-03-81-AT.mcs.airgun/Data/PDF/PR81-191-D.pdf	2.9
https://walrus.wr.usgs.gov/namss/data/1981/namss.B-03-81-AT.mcs.airgun/Data/PDF/PR81-191.pdf	3.3
https://walrus.wr.usgs.gov/namss/data/1981/namss.B-03-81-AT.mcs.airgun/Data/PDF/PR81-193-D.pdf	1.6
https://walrus.wr.usgs.gov/namss/data/1981/namss.B-03-81-AT.mcs.airgun/Data/PDF/PR81-193.pdf	1.6
https://walrus.wr.usgs.gov/namss/data/1981/namss.B-03-81-AT.mcs.airgun/Data/PDF/PR81-193A-D.pdf	2.2
https://walrus.wr.usgs.gov/namss/data/1981/namss.B-03-81-AT.mcs.airgun/Data/PDF/PR81-193A.pdf	3.1
https://walrus.wr.usgs.gov/namss/data/1981/namss.B-03-81-AT.mcs.airgun/Data/PDF/PR81-195-D.pdf	3.3
https://walrus.wr.usgs.gov/namss/data/1981/namss.B-03-81-AT.mcs.airgun/Data/PDF/PR81-195.pdf	3.3
https://walrus.wr.usgs.gov/namss/data/1981/namss.B-03-81-AT.mcs.airgun/Data/PDF/PR81-197-D.pdf	3.7
https://walrus.wr.usgs.gov/namss/data/1981/namss.B-03-81-AT.mcs.airgun/Data/PDF/PR81-197.pdf	3.5
https://walrus.wr.usgs.gov/namss/data/1981/namss.B-03-81-AT.mcs.airgun/Data/PDF/PR81-199-D.pdf	3.2
https://walrus.wr.usgs.gov/namss/data/1981/namss.B-03-81-AT.mcs.airgun/Data/PDF/PR81-199.pdf	2.9
https://walrus.wr.usgs.gov/namss/data/1981/namss.B-03-81-AT.mcs.airgun/Data/PDF/PR81-20-D.pdf	4.4
https://walrus.wr.usgs.gov/namss/data/1981/namss.B-03-81-AT.mcs.airgun/Data/PDF/PR81-20.pdf	4.2
https://walrus.wr.usgs.gov/namss/data/1981/namss.B-03-81-AT.mcs.airgun/Data/PDF/PR81-201-D.pdf	4.6
https://walrus.wr.usgs.gov/namss/data/1981/namss.B-03-81-AT.mcs.airgun/Data/PDF/PR81-201.pdf	3.6
https://walrus.wr.usgs.gov/namss/data/1981/namss.B-03-81-AT.mcs.airgun/Data/PDF/PR81-203-D.pdf	3.1
https://walrus.wr.usgs.gov/namss/data/1981/namss.B-03-81-AT.mcs.airgun/Data/PDF/PR81-203.pdf	3.8
https://walrus.wr.usgs.gov/namss/data/1981/namss.B-03-81-AT.mcs.airgun/Data/PDF/PR81-205-D.pdf	3.5
https://walrus.wr.usgs.gov/namss/data/1981/namss.B-03-81-AT.mcs.airgun/Data/PDF/PR81-205.pdf	3.1
https://walrus.wr.usgs.gov/namss/data/1981/namss.B-03-81-AT.mcs.airgun/Data/PDF/PR81-207-D.pdf	3.2
https://walrus.wr.usgs.gov/namss/data/1981/namss.B-03-81-AT.mcs.airgun/Data/PDF/PR81-207.pdf	4.1
https://walrus.wr.usgs.gov/namss/data/1981/namss.B-03-81-AT.mcs.airgun/Data/PDF/PR81-209-D.pdf	1.6
https://walrus.wr.usgs.gov/namss/data/1981/namss.B-03-81-AT.mcs.airgun/Data/PDF/PR81-209.pdf	1.8
https://walrus.wr.usgs.gov/namss/data/1981/namss.B-03-81-AT.mcs.airgun/Data/PDF/PR81-209A-D.pdf	3.1
https://walrus.wr.usgs.gov/namss/data/1981/namss.B-03-81-AT.mcs.airgun/Data/PDF/PR81-209A.pdf	4.2
https://walrus.wr.usgs.gov/namss/data/1981/namss.B-03-81-AT.mcs.airgun/Data/PDF/PR81-21-D.pdf	2.9
https://walrus.wr.usgs.gov/namss/data/1981/namss.B-03-81-AT.mcs.airgun/Data/PDF/PR81-21.pdf	2.9
https://walrus.wr.usgs.gov/namss/data/1981/namss.B-03-81-AT.mcs.airgun/Data/PDF/PR81-211.pdf	3.7
https://walrus.wr.usgs.gov/namss/data/1981/namss.B-03-81-AT.mcs.airgun/Data/PDF/PR81-213.pdf	4.2
https://walrus.wr.usgs.gov/namss/data/1981/namss.B-03-81-AT.mcs.airgun/Data/PDF/PR81-215.pdf	3.9
https://walrus.wr.usgs.gov/namss/data/1981/namss.B-03-81-AT.mcs.airgun/Data/PDF/PR81-217.pdf	2.4
https://walrus.wr.usgs.gov/namss/data/1981/namss.B-03-81-AT.mcs.airgun/Data/PDF/PR81-219.pdf	3.6
https://walrus.wr.usgs.gov/namss/data/1981/namss.B-03-81-AT.mcs.airgun/Data/PDF/PR81-22-D.pdf	3.3
https://walrus.wr.usgs.gov/namss/data/1981/namss.B-03-81-AT.mcs.airgun/Data/PDF/PR81-22.pdf	2.4
https://walrus.wr.usgs.gov/namss/data/1981/namss.B-03-81-AT.mcs.airgun/Data/PDF/PR81-221.pdf	1.5
https://walrus.wr.usgs.gov/namss/data/1981/namss.B-03-81-AT.mcs.airgun/Data/PDF/PR81-223.pdf	2.1
https://walrus.wr.usgs.gov/namss/data/1981/namss.B-03-81-AT.mcs.airgun/Data/PDF/PR81-225.pdf	2.6
https://walrus.wr.usgs.gov/namss/data/1981/namss.B-03-81-AT.mcs.airgun/Data/PDF/PR81-227.pdf	3.1
https://walrus.wr.usgs.gov/namss/data/1981/namss.B-03-81-AT.mcs.airgun/Data/PDF/PR81-229.pdf	3.0
https://walrus.wr.usgs.gov/namss/data/1981/namss.B-03-81-AT.mcs.airgun/Data/PDF/PR81-23-D.pdf	4.5
https://walrus.wr.usgs.gov/namss/data/1981/namss.B-03-81-AT.mcs.airgun/Data/PDF/PR81-23.pdf	3.0
https://walrus.wr.usgs.gov/namss/data/1981/namss.B-03-81-AT.mcs.airgun/Data/PDF/PR81-231.pdf	2.5
https://walrus.wr.usgs.gov/namss/data/1981/namss.B-03-81-AT.mcs.airgun/Data/PDF/PR81-231A.pdf	0.6849
https://walrus.wr.usgs.gov/namss/data/1981/namss.B-03-81-AT.mcs.airgun/Data/PDF/PR81-233.pdf	3.1
https://walrus.wr.usgs.gov/namss/data/1981/namss.B-03-81-AT.mcs.airgun/Data/PDF/PR81-235.pdf	2.1
https://walrus.wr.usgs.gov/namss/data/1981/namss.B-03-81-AT.mcs.airgun/Data/PDF/PR81-237.pdf	2.0
https://walrus.wr.usgs.gov/namss/data/1981/namss.B-03-81-AT.mcs.airgun/Data/PDF/PR81-239.pdf	2.3
https://walrus.wr.usgs.gov/namss/data/1981/namss.B-03-81-AT.mcs.airgun/Data/PDF/PR81-24-D.pdf	3.7
https://walrus.wr.usgs.gov/namss/data/1981/namss.B-03-81-AT.mcs.airgun/Data/PDF/PR81-24.pdf	1.7
https://walrus.wr.usgs.gov/namss/data/1981/namss.B-03-81-AT.mcs.airgun/Data/PDF/PR81-241.pdf	2.6
https://walrus.wr.usgs.gov/namss/data/1981/namss.B-03-81-AT.mcs.airgun/Data/PDF/PR81-243.pdf	2.0
https://walrus.wr.usgs.gov/namss/data/1981/namss.B-03-81-AT.mcs.airgun/Data/PDF/PR81-245-D.pdf	2.0
https://walrus.wr.usgs.gov/namss/data/1981/namss.B-03-81-AT.mcs.airgun/Data/PDF/PR81-245.pdf	1.8
https://walrus.wr.usgs.gov/namss/data/1981/namss.B-03-81-AT.mcs.airgun/Data/PDF/PR81-247-D.pdf	2.1
https://walrus.wr.usgs.gov/namss/data/1981/namss.B-03-81-AT.mcs.airgun/Data/PDF/PR81-247.pdf	1.4
https://walrus.wr.usgs.gov/namss/data/1981/namss.B-03-81-AT.mcs.airgun/Data/PDF/PR81-249-D.pdf	2.0
https://walrus.wr.usgs.gov/namss/data/1981/namss.B-03-81-AT.mcs.airgun/Data/PDF/PR81-249.pdf	1.8
https://walrus.wr.usgs.gov/namss/data/1981/namss.B-03-81-AT.mcs.airgun/Data/PDF/PR81-25.pdf	1.4
https://walrus.wr.usgs.gov/namss/data/1981/namss.B-03-81-AT.mcs.airgun/Data/PDF/PR81-251-D.pdf	2.4
https://walrus.wr.usgs.gov/namss/data/1981/namss.B-03-81-AT.mcs.airgun/Data/PDF/PR81-251.pdf	2.3
https://walrus.wr.usgs.gov/namss/data/1981/namss.B-03-81-AT.mcs.airgun/Data/PDF/PR81-253-D.pdf	1.7
https://walrus.wr.usgs.gov/namss/data/1981/namss.B-03-81-AT.mcs.airgun/Data/PDF/PR81-253.pdf	1.1
https://walrus.wr.usgs.gov/namss/data/1981/namss.B-03-81-AT.mcs.airgun/Data/PDF/PR81-255-D.pdf	2.2
https://walrus.wr.usgs.gov/namss/data/1981/namss.B-03-81-AT.mcs.airgun/Data/PDF/PR81-255.pdf	1.4
https://walrus.wr.usgs.gov/namss/data/1981/namss.B-03-81-AT.mcs.airgun/Data/PDF/PR81-257-D.pdf	1.9
https://walrus.wr.usgs.gov/namss/data/1981/namss.B-03-81-AT.mcs.airgun/Data/PDF/PR81-257.pdf	1.5
https://walrus.wr.usgs.gov/namss/data/1981/namss.B-03-81-AT.mcs.airgun/Data/PDF/PR81-259-D.pdf	1.5
https://walrus.wr.usgs.gov/namss/data/1981/namss.B-03-81-AT.mcs.airgun/Data/PDF/PR81-259.pdf	1.5
https://walrus.wr.usgs.gov/namss/data/1981/namss.B-03-81-AT.mcs.airgun/Data/PDF/PR81-259A-D.pdf	1.3
https://walrus.wr.usgs.gov/namss/data/1981/namss.B-03-81-AT.mcs.airgun/Data/PDF/PR81-259A.pdf	1.4
https://walrus.wr.usgs.gov/namss/data/1981/namss.B-03-81-AT.mcs.airgun/Data/PDF/PR81-25A-D.pdf	1.4
https://walrus.wr.usgs.gov/namss/data/1981/namss.B-03-81-AT.mcs.airgun/Data/PDF/PR81-25A.pdf	1.4
https://walrus.wr.usgs.gov/namss/data/1981/namss.B-03-81-AT.mcs.airgun/Data/PDF/PR81-26-MT.pdf	2.6
https://walrus.wr.usgs.gov/namss/data/1981/namss.B-03-81-AT.mcs.airgun/Data/PDF/PR81-26.pdf	2.7
https://walrus.wr.usgs.gov/namss/data/1981/namss.B-03-81-AT.mcs.airgun/Data/PDF/PR81-261-D.pdf	1.9
https://walrus.wr.usgs.gov/namss/data/1981/namss.B-03-81-AT.mcs.airgun/Data/PDF/PR81-261.pdf	1.8
https://walrus.wr.usgs.gov/namss/data/1981/namss.B-03-81-AT.mcs.airgun/Data/PDF/PR81-263-D.pdf	3.1
https://walrus.wr.usgs.gov/namss/data/1981/namss.B-03-81-AT.mcs.airgun/Data/PDF/PR81-263.pdf	2.9
https://walrus.wr.usgs.gov/namss/data/1981/namss.B-03-81-AT.mcs.airgun/Data/PDF/PR81-265-D.pdf	2.0
https://walrus.wr.usgs.gov/namss/data/1981/namss.B-03-81-AT.mcs.airgun/Data/PDF/PR81-265.pdf	1.3
https://walrus.wr.usgs.gov/namss/data/1981/namss.B-03-81-AT.mcs.airgun/Data/PDF/PR81-267-D.pdf	2.8
https://walrus.wr.usgs.gov/namss/data/1981/namss.B-03-81-AT.mcs.airgun/Data/PDF/PR81-267.pdf	2.1
https://walrus.wr.usgs.gov/namss/data/1981/namss.B-03-81-AT.mcs.airgun/Data/PDF/PR81-269-D.pdf	2.3
https://walrus.wr.usgs.gov/namss/data/1981/namss.B-03-81-AT.mcs.airgun/Data/PDF/PR81-269.pdf	2.2
https://walrus.wr.usgs.gov/namss/data/1981/namss.B-03-81-AT.mcs.airgun/Data/PDF/PR81-26A-MT.pdf	1.3
https://walrus.wr.usgs.gov/namss/data/1981/namss.B-03-81-AT.mcs.airgun/Data/PDF/PR81-26A.pdf	1.4
https://walrus.wr.usgs.gov/namss/data/1981/namss.B-03-81-AT.mcs.airgun/Data/PDF/PR81-27-MT.pdf	2.9
https://walrus.wr.usgs.gov/namss/data/1981/namss.B-03-81-AT.mcs.airgun/Data/PDF/PR81-27.pdf	3.1
https://walrus.wr.usgs.gov/namss/data/1981/namss.B-03-81-AT.mcs.airgun/Data/PDF/PR81-271-D.pdf	2.8
https://walrus.wr.usgs.gov/namss/data/1981/namss.B-03-81-AT.mcs.airgun/Data/PDF/PR81-271.pdf	2.5
https://walrus.wr.usgs.gov/namss/data/1981/namss.B-03-81-AT.mcs.airgun/Data/PDF/PR81-273-D.pdf	0.8865000000000001
https://walrus.wr.usgs.gov/namss/data/1981/namss.B-03-81-AT.mcs.airgun/Data/PDF/PR81-273.pdf	0.6928
https://walrus.wr.usgs.gov/namss/data/1981/namss.B-03-81-AT.mcs.airgun/Data/PDF/PR81-273A-D.pdf	2.4
https://walrus.wr.usgs.gov/namss/data/1981/namss.B-03-81-AT.mcs.airgun/Data/PDF/PR81-273A.pdf	2.4
https://walrus.wr.usgs.gov/namss/data/1981/namss.B-03-81-AT.mcs.airgun/Data/PDF/PR81-275-D.pdf	2.7
https://walrus.wr.usgs.gov/namss/data/1981/namss.B-03-81-AT.mcs.airgun/Data/PDF/PR81-275.pdf	2.5
https://walrus.wr.usgs.gov/namss/data/1981/namss.B-03-81-AT.mcs.airgun/Data/PDF/PR81-277-D.pdf	2.3
https://walrus.wr.usgs.gov/namss/data/1981/namss.B-03-81-AT.mcs.airgun/Data/PDF/PR81-277.pdf	2.1
https://walrus.wr.usgs.gov/namss/data/1981/namss.B-03-81-AT.mcs.airgun/Data/PDF/PR81-279-D.pdf	2.8
https://walrus.wr.usgs.gov/namss/data/1981/namss.B-03-81-AT.mcs.airgun/Data/PDF/PR81-279.pdf	1.9
https://walrus.wr.usgs.gov/namss/data/1981/namss.B-03-81-AT.mcs.airgun/Data/PDF/PR81-28-MT.pdf	3.1
https://walrus.wr.usgs.gov/namss/data/1981/namss.B-03-81-AT.mcs.airgun/Data/PDF/PR81-28.pdf	3.1
https://walrus.wr.usgs.gov/namss/data/1981/namss.B-03-81-AT.mcs.airgun/Data/PDF/PR81-281-D.pdf	0.7694
https://walrus.wr.usgs.gov/namss/data/1981/namss.B-03-81-AT.mcs.airgun/Data/PDF/PR81-281-R.pdf	0.719
https://walrus.wr.usgs.gov/namss/data/1981/namss.B-03-81-AT.mcs.airgun/Data/PDF/PR81-281A-D.pdf	2.6
https://walrus.wr.usgs.gov/namss/data/1981/namss.B-03-81-AT.mcs.airgun/Data/PDF/PR81-281A.pdf	2.3
https://walrus.wr.usgs.gov/namss/data/1981/namss.B-03-81-AT.mcs.airgun/Data/PDF/PR81-283-D.pdf	2.7
https://walrus.wr.usgs.gov/namss/data/1981/namss.B-03-81-AT.mcs.airgun/Data/PDF/PR81-283.pdf	2.4
https://walrus.wr.usgs.gov/namss/data/1981/namss.B-03-81-AT.mcs.airgun/Data/PDF/PR81-285-D.pdf	2.5
https://walrus.wr.usgs.gov/namss/data/1981/namss.B-03-81-AT.mcs.airgun/Data/PDF/PR81-285.pdf	2.2
https://walrus.wr.usgs.gov/namss/data/1981/namss.B-03-81-AT.mcs.airgun/Data/PDF/PR81-287-D.pdf	2.1
https://walrus.wr.usgs.gov/namss/data/1981/namss.B-03-81-AT.mcs.airgun/Data/PDF/PR81-287.pdf	1.9
https://walrus.wr.usgs.gov/namss/data/1981/namss.B-03-81-AT.mcs.airgun/Data/PDF/PR81-289-D.pdf	2.7
https://walrus.wr.usgs.gov/namss/data/1981/namss.B-03-81-AT.mcs.airgun/Data/PDF/PR81-289.pdf	2.8
https://walrus.wr.usgs.gov/namss/data/1981/namss.B-03-81-AT.mcs.airgun/Data/PDF/PR81-29-MT.pdf	3.2
https://walrus.wr.usgs.gov/namss/data/1981/namss.B-03-81-AT.mcs.airgun/Data/PDF/PR81-29.pdf	4.7
https://walrus.wr.usgs.gov/namss/data/1981/namss.B-03-81-AT.mcs.airgun/Data/PDF/PR81-291-D.pdf	2.0
https://walrus.wr.usgs.gov/namss/data/1981/namss.B-03-81-AT.mcs.airgun/Data/PDF/PR81-291.pdf	1.4
https://walrus.wr.usgs.gov/namss/data/1981/namss.B-03-81-AT.mcs.airgun/Data/PDF/PR81-293-D.pdf	2.6
https://walrus.wr.usgs.gov/namss/data/1981/namss.B-03-81-AT.mcs.airgun/Data/PDF/PR81-293.pdf	2.5
https://walrus.wr.usgs.gov/namss/data/1981/namss.B-03-81-AT.mcs.airgun/Data/PDF/PR81-295-D.pdf	2.4
https://walrus.wr.usgs.gov/namss/data/1981/namss.B-03-81-AT.mcs.airgun/Data/PDF/PR81-295.pdf	1.5
https://walrus.wr.usgs.gov/namss/data/1981/namss.B-03-81-AT.mcs.airgun/Data/PDF/PR81-297-D.pdf	2.6
https://walrus.wr.usgs.gov/namss/data/1981/namss.B-03-81-AT.mcs.airgun/Data/PDF/PR81-297.pdf	2.1
https://walrus.wr.usgs.gov/namss/data/1981/namss.B-03-81-AT.mcs.airgun/Data/PDF/PR81-299-D.pdf	0.9445
https://walrus.wr.usgs.gov/namss/data/1981/namss.B-03-81-AT.mcs.airgun/Data/PDF/PR81-299.pdf	0.875
https://walrus.wr.usgs.gov/namss/data/1981/namss.B-03-81-AT.mcs.airgun/Data/PDF/PR81-299A-D.pdf	2.4
https://walrus.wr.usgs.gov/namss/data/1981/namss.B-03-81-AT.mcs.airgun/Data/PDF/PR81-299A.pdf	2.0
https://walrus.wr.usgs.gov/namss/data/1981/namss.B-03-81-AT.mcs.airgun/Data/PDF/PR81-30-MT.pdf	2.8
https://walrus.wr.usgs.gov/namss/data/1981/namss.B-03-81-AT.mcs.airgun/Data/PDF/PR81-30.pdf	2.9
https://walrus.wr.usgs.gov/namss/data/1981/namss.B-03-81-AT.mcs.airgun/Data/PDF/PR81-301-D.pdf	2.7
https://walrus.wr.usgs.gov/namss/data/1981/namss.B-03-81-AT.mcs.airgun/Data/PDF/PR81-301.pdf	2.2
https://walrus.wr.usgs.gov/namss/data/1981/namss.B-03-81-AT.mcs.airgun/Data/PDF/PR81-303-D.pdf	2.8
https://walrus.wr.usgs.gov/namss/data/1981/namss.B-03-81-AT.mcs.airgun/Data/PDF/PR81-303.pdf	2.0
https://walrus.wr.usgs.gov/namss/data/1981/namss.B-03-81-AT.mcs.airgun/Data/PDF/PR81-305-D.pdf	2.8
https://walrus.wr.usgs.gov/namss/data/1981/namss.B-03-81-AT.mcs.airgun/Data/PDF/PR81-305.pdf	2.7
https://walrus.wr.usgs.gov/namss/data/1981/namss.B-03-81-AT.mcs.airgun/Data/PDF/PR81-307-D.pdf	2.9
https://walrus.wr.usgs.gov/namss/data/1981/namss.B-03-81-AT.mcs.airgun/Data/PDF/PR81-307.pdf	2.0
https://walrus.wr.usgs.gov/namss/data/1981/namss.B-03-81-AT.mcs.airgun/Data/PDF/PR81-309-D.pdf	2.8
https://walrus.wr.usgs.gov/namss/data/1981/namss.B-03-81-AT.mcs.airgun/Data/PDF/PR81-309.pdf	2.7
https://walrus.wr.usgs.gov/namss/data/1981/namss.B-03-81-AT.mcs.airgun/Data/PDF/PR81-31-MT.pdf	3.3
https://walrus.wr.usgs.gov/namss/data/1981/namss.B-03-81-AT.mcs.airgun/Data/PDF/PR81-31.pdf	2.8
https://walrus.wr.usgs.gov/namss/data/1981/namss.B-03-81-AT.mcs.airgun/Data/PDF/PR81-311-D.pdf	2.9
https://walrus.wr.usgs.gov/namss/data/1981/namss.B-03-81-AT.mcs.airgun/Data/PDF/PR81-311.pdf	2.2
https://walrus.wr.usgs.gov/namss/data/1981/namss.B-03-81-AT.mcs.airgun/Data/PDF/PR81-313-D.pdf	2.7
https://walrus.wr.usgs.gov/namss/data/1981/namss.B-03-81-AT.mcs.airgun/Data/PDF/PR81-313.pdf	2.6
https://walrus.wr.usgs.gov/namss/data/1981/namss.B-03-81-AT.mcs.airgun/Data/PDF/PR81-315.pdf	1.4
https://walrus.wr.usgs.gov/namss/data/1981/namss.B-03-81-AT.mcs.airgun/Data/PDF/PR81-315A-D.pdf	1.7
https://walrus.wr.usgs.gov/namss/data/1981/namss.B-03-81-AT.mcs.airgun/Data/PDF/PR81-315A.pdf	1.3
https://walrus.wr.usgs.gov/namss/data/1981/namss.B-03-81-AT.mcs.airgun/Data/PDF/PR81-317-D.pdf	1.9
https://walrus.wr.usgs.gov/namss/data/1981/namss.B-03-81-AT.mcs.airgun/Data/PDF/PR81-317.pdf	1.5
https://walrus.wr.usgs.gov/namss/data/1981/namss.B-03-81-AT.mcs.airgun/Data/PDF/PR81-317A-D.pdf	1.5
https://walrus.wr.usgs.gov/namss/data/1981/namss.B-03-81-AT.mcs.airgun/Data/PDF/PR81-317A.pdf	1.4
https://walrus.wr.usgs.gov/namss/data/1981/namss.B-03-81-AT.mcs.airgun/Data/PDF/PR81-319-D.pdf	1.2
https://walrus.wr.usgs.gov/namss/data/1981/namss.B-03-81-AT.mcs.airgun/Data/PDF/PR81-319.pdf	0.9717000000000001
https://walrus.wr.usgs.gov/namss/data/1981/namss.B-03-81-AT.mcs.airgun/Data/PDF/PR81-319A-D.pdf	2.1
https://walrus.wr.usgs.gov/namss/data/1981/namss.B-03-81-AT.mcs.airgun/Data/PDF/PR81-319A.pdf	1.6
https://walrus.wr.usgs.gov/namss/data/1981/namss.B-03-81-AT.mcs.airgun/Data/PDF/PR81-32-MT.pdf	2.8
https://walrus.wr.usgs.gov/namss/data/1981/namss.B-03-81-AT.mcs.airgun/Data/PDF/PR81-32.pdf	3.0
https://walrus.wr.usgs.gov/namss/data/1981/namss.B-03-81-AT.mcs.airgun/Data/PDF/PR81-321-D.pdf	1.4
https://walrus.wr.usgs.gov/namss/data/1981/namss.B-03-81-AT.mcs.airgun/Data/PDF/PR81-321.pdf	1.3
https://walrus.wr.usgs.gov/namss/data/1981/namss.B-03-81-AT.mcs.airgun/Data/PDF/PR81-321A-D.pdf	1.9
https://walrus.wr.usgs.gov/namss/data/1981/namss.B-03-81-AT.mcs.airgun/Data/PDF/PR81-321A.pdf	2.0
https://walrus.wr.usgs.gov/namss/data/1981/namss.B-03-81-AT.mcs.airgun/Data/PDF/PR81-323-D.pdf	1.4
https://walrus.wr.usgs.gov/namss/data/1981/namss.B-03-81-AT.mcs.airgun/Data/PDF/PR81-323.pdf	1.3
https://walrus.wr.usgs.gov/namss/data/1981/namss.B-03-81-AT.mcs.airgun/Data/PDF/PR81-323A-D.pdf	2.1
https://walrus.wr.usgs.gov/namss/data/1981/namss.B-03-81-AT.mcs.airgun/Data/PDF/PR81-323A.pdf	1.4
https://walrus.wr.usgs.gov/namss/data/1981/namss.B-03-81-AT.mcs.airgun/Data/PDF/PR81-325-D.pdf	1.4
https://walrus.wr.usgs.gov/namss/data/1981/namss.B-03-81-AT.mcs.airgun/Data/PDF/PR81-325.pdf	1.3
https://walrus.wr.usgs.gov/namss/data/1981/namss.B-03-81-AT.mcs.airgun/Data/PDF/PR81-325A-D.pdf	1.8
https://walrus.wr.usgs.gov/namss/data/1981/namss.B-03-81-AT.mcs.airgun/Data/PDF/PR81-325A.pdf	1.9
https://walrus.wr.usgs.gov/namss/data/1981/namss.B-03-81-AT.mcs.airgun/Data/PDF/PR81-327-D.pdf	1.3
https://walrus.wr.usgs.gov/namss/data/1981/namss.B-03-81-AT.mcs.airgun/Data/PDF/PR81-327.pdf	0.7462000000000001
https://walrus.wr.usgs.gov/namss/data/1981/namss.B-03-81-AT.mcs.airgun/Data/PDF/PR81-327A-D.pdf	2.0
https://walrus.wr.usgs.gov/namss/data/1981/namss.B-03-81-AT.mcs.airgun/Data/PDF/PR81-327A.pdf	1.3
https://walrus.wr.usgs.gov/namss/data/1981/namss.B-03-81-AT.mcs.airgun/Data/PDF/PR81-329-D.pdf	1.3
https://walrus.wr.usgs.gov/namss/data/1981/namss.B-03-81-AT.mcs.airgun/Data/PDF/PR81-329-R.pdf	1.1
https://walrus.wr.usgs.gov/namss/data/1981/namss.B-03-81-AT.mcs.airgun/Data/PDF/PR81-329A-D.pdf	1.3
https://walrus.wr.usgs.gov/namss/data/1981/namss.B-03-81-AT.mcs.airgun/Data/PDF/PR81-329A.pdf	1.1
https://walrus.wr.usgs.gov/namss/data/1981/namss.B-03-81-AT.mcs.airgun/Data/PDF/PR81-329B-D.pdf	1.5
https://walrus.wr.usgs.gov/namss/data/1981/namss.B-03-81-AT.mcs.airgun/Data/PDF/PR81-329B-R.pdf	1.3
https://walrus.wr.usgs.gov/namss/data/1981/namss.B-03-81-AT.mcs.airgun/Data/PDF/PR81-33.pdf	4.1
https://walrus.wr.usgs.gov/namss/data/1981/namss.B-03-81-AT.mcs.airgun/Data/PDF/PR81-331-D.pdf	0.9889
https://walrus.wr.usgs.gov/namss/data/1981/namss.B-03-81-AT.mcs.airgun/Data/PDF/PR81-331.pdf	0.9684
https://walrus.wr.usgs.gov/namss/data/1981/namss.B-03-81-AT.mcs.airgun/Data/PDF/PR81-331A-D.pdf	2.3
https://walrus.wr.usgs.gov/namss/data/1981/namss.B-03-81-AT.mcs.airgun/Data/PDF/PR81-331A.pdf	1.7
https://walrus.wr.usgs.gov/namss/data/1981/namss.B-03-81-AT.mcs.airgun/Data/PDF/PR81-333-D.pdf	0.9232
https://walrus.wr.usgs.gov/namss/data/1981/namss.B-03-81-AT.mcs.airgun/Data/PDF/PR81-333.pdf	1.1
https://walrus.wr.usgs.gov/namss/data/1981/namss.B-03-81-AT.mcs.airgun/Data/PDF/PR81-333A-D.pdf	2.9
https://walrus.wr.usgs.gov/namss/data/1981/namss.B-03-81-AT.mcs.airgun/Data/PDF/PR81-333A.pdf	2.0
https://walrus.wr.usgs.gov/namss/data/1981/namss.B-03-81-AT.mcs.airgun/Data/PDF/PR81-335-D.pdf	1.2
https://walrus.wr.usgs.gov/namss/data/1981/namss.B-03-81-AT.mcs.airgun/Data/PDF/PR81-335.pdf	0.7457
https://walrus.wr.usgs.gov/namss/data/1981/namss.B-03-81-AT.mcs.airgun/Data/PDF/PR81-335A-D.pdf	1.7
https://walrus.wr.usgs.gov/namss/data/1981/namss.B-03-81-AT.mcs.airgun/Data/PDF/PR81-335A.pdf	1.8
https://walrus.wr.usgs.gov/namss/data/1981/namss.B-03-81-AT.mcs.airgun/Data/PDF/PR81-337-D.pdf	1.7
https://walrus.wr.usgs.gov/namss/data/1981/namss.B-03-81-AT.mcs.airgun/Data/PDF/PR81-337.pdf	1.6
https://walrus.wr.usgs.gov/namss/data/1981/namss.B-03-81-AT.mcs.airgun/Data/PDF/PR81-337A-D.pdf	1.4
https://walrus.wr.usgs.gov/namss/data/1981/namss.B-03-81-AT.mcs.airgun/Data/PDF/PR81-337A.pdf	1.0
https://walrus.wr.usgs.gov/namss/data/1981/namss.B-03-81-AT.mcs.airgun/Data/PDF/PR81-339-D.pdf	1.3
https://walrus.wr.usgs.gov/namss/data/1981/namss.B-03-81-AT.mcs.airgun/Data/PDF/PR81-339.pdf	0.8774
https://walrus.wr.usgs.gov/namss/data/1981/namss.B-03-81-AT.mcs.airgun/Data/PDF/PR81-339A-R.pdf	1.6
https://walrus.wr.usgs.gov/namss/data/1981/namss.B-03-81-AT.mcs.airgun/Data/PDF/PR81-339A.pdf	1.8
https://walrus.wr.usgs.gov/namss/data/1981/namss.B-03-81-AT.mcs.airgun/Data/PDF/PR81-33A-R.pdf	3.1
https://walrus.wr.usgs.gov/namss/data/1981/namss.B-03-81-AT.mcs.airgun/Data/PDF/PR81-33A.pdf	2.8
https://walrus.wr.usgs.gov/namss/data/1981/namss.B-03-81-AT.mcs.airgun/Data/PDF/PR81-34-R.pdf	2.2
https://walrus.wr.usgs.gov/namss/data/1981/namss.B-03-81-AT.mcs.airgun/Data/PDF/PR81-34.pdf	2.7
https://walrus.wr.usgs.gov/namss/data/1981/namss.B-03-81-AT.mcs.airgun/Data/PDF/PR81-341.pdf	1.4
https://walrus.wr.usgs.gov/namss/data/1981/namss.B-03-81-AT.mcs.airgun/Data/PDF/PR81-341A-D.pdf	2.5
https://walrus.wr.usgs.gov/namss/data/1981/namss.B-03-81-AT.mcs.airgun/Data/PDF/PR81-341A.pdf	2.1
https://walrus.wr.usgs.gov/namss/data/1981/namss.B-03-81-AT.mcs.airgun/Data/PDF/PR81-343-D.pdf	1.6
https://walrus.wr.usgs.gov/namss/data/1981/namss.B-03-81-AT.mcs.airgun/Data/PDF/PR81-343.pdf	1.2
https://walrus.wr.usgs.gov/namss/data/1981/namss.B-03-81-AT.mcs.airgun/Data/PDF/PR81-343A-D.pdf	1.4
https://walrus.wr.usgs.gov/namss/data/1981/namss.B-03-81-AT.mcs.airgun/Data/PDF/PR81-343A.pdf	1.4
https://walrus.wr.usgs.gov/namss/data/1981/namss.B-03-81-AT.mcs.airgun/Data/PDF/PR81-345-D.pdf	1.2
https://walrus.wr.usgs.gov/namss/data/1981/namss.B-03-81-AT.mcs.airgun/Data/PDF/PR81-345.pdf	0.8886000000000001
https://walrus.wr.usgs.gov/namss/data/1981/namss.B-03-81-AT.mcs.airgun/Data/PDF/PR81-345A.pdf	1.2
https://walrus.wr.usgs.gov/namss/data/1981/namss.B-03-81-AT.mcs.airgun/Data/PDF/PR81-347-D.pdf	1.8
https://walrus.wr.usgs.gov/namss/data/1981/namss.B-03-81-AT.mcs.airgun/Data/PDF/PR81-347.pdf	1.4
https://walrus.wr.usgs.gov/namss/data/1981/namss.B-03-81-AT.mcs.airgun/Data/PDF/PR81-347A-D.pdf	1.9
https://walrus.wr.usgs.gov/namss/data/1981/namss.B-03-81-AT.mcs.airgun/Data/PDF/PR81-347A.pdf	1.3
https://walrus.wr.usgs.gov/namss/data/1981/namss.B-03-81-AT.mcs.airgun/Data/PDF/PR81-349-D.pdf	1.3
https://walrus.wr.usgs.gov/namss/data/1981/namss.B-03-81-AT.mcs.airgun/Data/PDF/PR81-349.pdf	1.2
https://walrus.wr.usgs.gov/namss/data/1981/namss.B-03-81-AT.mcs.airgun/Data/PDF/PR81-349A-D.pdf	0.8256
https://walrus.wr.usgs.gov/namss/data/1981/namss.B-03-81-AT.mcs.airgun/Data/PDF/PR81-349A.pdf	0.6444
https://walrus.wr.usgs.gov/namss/data/1981/namss.B-03-81-AT.mcs.airgun/Data/PDF/PR81-349B-D.pdf	1.5
https://walrus.wr.usgs.gov/namss/data/1981/namss.B-03-81-AT.mcs.airgun/Data/PDF/PR81-349B.pdf	1.2
https://walrus.wr.usgs.gov/namss/data/1981/namss.B-03-81-AT.mcs.airgun/Data/PDF/PR81-35-R.pdf	2.8
https://walrus.wr.usgs.gov/namss/data/1981/namss.B-03-81-AT.mcs.airgun/Data/PDF/PR81-35.pdf	5.2
https://walrus.wr.usgs.gov/namss/data/1981/namss.B-03-81-AT.mcs.airgun/Data/PDF/PR81-351-D.pdf	2.2
https://walrus.wr.usgs.gov/namss/data/1981/namss.B-03-81-AT.mcs.airgun/Data/PDF/PR81-351.pdf	1.5
https://walrus.wr.usgs.gov/namss/data/1981/namss.B-03-81-AT.mcs.airgun/Data/PDF/PR81-353-D.pdf	2.6
https://walrus.wr.usgs.gov/namss/data/1981/namss.B-03-81-AT.mcs.airgun/Data/PDF/PR81-353.pdf	1.8
https://walrus.wr.usgs.gov/namss/data/1981/namss.B-03-81-AT.mcs.airgun/Data/PDF/PR81-355-D.pdf	2.5
https://walrus.wr.usgs.gov/namss/data/1981/namss.B-03-81-AT.mcs.airgun/Data/PDF/PR81-355.pdf	2.3
https://walrus.wr.usgs.gov/namss/data/1981/namss.B-03-81-AT.mcs.airgun/Data/PDF/PR81-357-D.pdf	2.5
https://walrus.wr.usgs.gov/namss/data/1981/namss.B-03-81-AT.mcs.airgun/Data/PDF/PR81-357.pdf	1.9
https://walrus.wr.usgs.gov/namss/data/1981/namss.B-03-81-AT.mcs.airgun/Data/PDF/PR81-359-D.pdf	2.2
https://walrus.wr.usgs.gov/namss/data/1981/namss.B-03-81-AT.mcs.airgun/Data/PDF/PR81-359.pdf	1.9
https://walrus.wr.usgs.gov/namss/data/1981/namss.B-03-81-AT.mcs.airgun/Data/PDF/PR81-36-R.pdf	1.1
https://walrus.wr.usgs.gov/namss/data/1981/namss.B-03-81-AT.mcs.airgun/Data/PDF/PR81-36.pdf	1.8
https://walrus.wr.usgs.gov/namss/data/1981/namss.B-03-81-AT.mcs.airgun/Data/PDF/PR81-361-D.pdf	3.2
https://walrus.wr.usgs.gov/namss/data/1981/namss.B-03-81-AT.mcs.airgun/Data/PDF/PR81-361.pdf	2.4
https://walrus.wr.usgs.gov/namss/data/1981/namss.B-03-81-AT.mcs.airgun/Data/PDF/PR81-363-D.pdf	2.1
https://walrus.wr.usgs.gov/namss/data/1981/namss.B-03-81-AT.mcs.airgun/Data/PDF/PR81-363.pdf	2.0
https://walrus.wr.usgs.gov/namss/data/1981/namss.B-03-81-AT.mcs.airgun/Data/PDF/PR81-365-D.pdf	2.1
https://walrus.wr.usgs.gov/namss/data/1981/namss.B-03-81-AT.mcs.airgun/Data/PDF/PR81-365.pdf	1.8
https://walrus.wr.usgs.gov/namss/data/1981/namss.B-03-81-AT.mcs.airgun/Data/PDF/PR81-367-D.pdf	2.0
https://walrus.wr.usgs.gov/namss/data/1981/namss.B-03-81-AT.mcs.airgun/Data/PDF/PR81-367.pdf	1.7
https://walrus.wr.usgs.gov/namss/data/1981/namss.B-03-81-AT.mcs.airgun/Data/PDF/PR81-369-D.pdf	2.1
https://walrus.wr.usgs.gov/namss/data/1981/namss.B-03-81-AT.mcs.airgun/Data/PDF/PR81-369.pdf	2.1
https://walrus.wr.usgs.gov/namss/data/1981/namss.B-03-81-AT.mcs.airgun/Data/PDF/PR81-36A-R.pdf	1.2
https://walrus.wr.usgs.gov/namss/data/1981/namss.B-03-81-AT.mcs.airgun/Data/PDF/PR81-36A.pdf	1.3
https://walrus.wr.usgs.gov/namss/data/1981/namss.B-03-81-AT.mcs.airgun/Data/PDF/PR81-37-R.pdf	2.8
https://walrus.wr.usgs.gov/namss/data/1981/namss.B-03-81-AT.mcs.airgun/Data/PDF/PR81-37.pdf	5.0
https://walrus.wr.usgs.gov/namss/data/1981/namss.B-03-81-AT.mcs.airgun/Data/PDF/PR81-371-D.pdf	2.1
https://walrus.wr.usgs.gov/namss/data/1981/namss.B-03-81-AT.mcs.airgun/Data/PDF/PR81-371.pdf	2.2
https://walrus.wr.usgs.gov/namss/data/1981/namss.B-03-81-AT.mcs.airgun/Data/PDF/PR81-373-D.pdf	2.0
https://walrus.wr.usgs.gov/namss/data/1981/namss.B-03-81-AT.mcs.airgun/Data/PDF/PR81-373.pdf	1.6
https://walrus.wr.usgs.gov/namss/data/1981/namss.B-03-81-AT.mcs.airgun/Data/PDF/PR81-38.pdf	3.8
https://walrus.wr.usgs.gov/namss/data/1981/namss.B-03-81-AT.mcs.airgun/Data/PDF/PR81-38A-R.pdf	1.1
https://walrus.wr.usgs.gov/namss/data/1981/namss.B-03-81-AT.mcs.airgun/Data/PDF/PR81-38A.pdf	1.1
https://walrus.wr.usgs.gov/namss/data/1981/namss.B-03-81-AT.mcs.airgun/Data/PDF/PR81-39-R.pdf	2.9
https://walrus.wr.usgs.gov/namss/data/1981/namss.B-03-81-AT.mcs.airgun/Data/PDF/PR81-39.pdf	2.8
https://walrus.wr.usgs.gov/namss/data/1981/namss.B-03-81-AT.mcs.airgun/Data/PDF/PR81-40.pdf	4.0
https://walrus.wr.usgs.gov/namss/data/1981/namss.B-03-81-AT.mcs.airgun/Data/PDF/PR81-40A.pdf	4.9
https://walrus.wr.usgs.gov/namss/data/1981/namss.B-03-81-AT.mcs.airgun/Data/PDF/PR81-40B.pdf	5.0
https://walrus.wr.usgs.gov/namss/data/1981/namss.B-03-81-AT.mcs.airgun/Data/PDF/PR81-41.pdf	2.5
https://walrus.wr.usgs.gov/namss/data/1981/namss.B-03-81-AT.mcs.airgun/Data/PDF/PR81-42.pdf	3.6
https://walrus.wr.usgs.gov/namss/data/1981/namss.B-03-81-AT.mcs.airgun/Data/PDF/PR81-42A.pdf	2.9
https://walrus.wr.usgs.gov/namss/data/1981/namss.B-03-81-AT.mcs.airgun/Data/PDF/PR81-42B.pdf	1.8
https://walrus.wr.usgs.gov/namss/data/1981/namss.B-03-81-AT.mcs.airgun/Data/PDF/PR81-43.pdf	2.6
https://walrus.wr.usgs.gov/namss/data/1981/namss.B-03-81-AT.mcs.airgun/Data/PDF/PR81-43A.pdf	1.3
https://walrus.wr.usgs.gov/namss/data/1981/namss.B-03-81-AT.mcs.airgun/Data/PDF/PR81-44.pdf	4.2
https://walrus.wr.usgs.gov/namss/data/1981/namss.B-03-81-AT.mcs.airgun/Data/PDF/PR81-44A.pdf	2.9
https://walrus.wr.usgs.gov/namss/data/1981/namss.B-03-81-AT.mcs.airgun/Data/PDF/PR81-44B.pdf	3.4
https://walrus.wr.usgs.gov/namss/data/1981/namss.B-03-81-AT.mcs.airgun/Data/PDF/PR81-45.pdf	3.6
https://walrus.wr.usgs.gov/namss/data/1981/namss.B-03-81-AT.mcs.airgun/Data/PDF/PR81-46-D.pdf	3.5
https://walrus.wr.usgs.gov/namss/data/1981/namss.B-03-81-AT.mcs.airgun/Data/PDF/PR81-46.pdf	2.6
https://walrus.wr.usgs.gov/namss/data/1981/namss.B-03-81-AT.mcs.airgun/Data/PDF/PR81-47-D.pdf	4.5
https://walrus.wr.usgs.gov/namss/data/1981/namss.B-03-81-AT.mcs.airgun/Data/PDF/PR81-47.pdf	4.3
https://walrus.wr.usgs.gov/namss/data/1981/namss.B-03-81-AT.mcs.airgun/Data/PDF/PR81-48-D.pdf	2.3
https://walrus.wr.usgs.gov/namss/data/1981/namss.B-03-81-AT.mcs.airgun/Data/PDF/PR81-48.pdf	2.1
https://walrus.wr.usgs.gov/namss/data/1981/namss.B-03-81-AT.mcs.airgun/Data/PDF/PR81-48A-D.pdf	1.3
https://walrus.wr.usgs.gov/namss/data/1981/namss.B-03-81-AT.mcs.airgun/Data/PDF/PR81-48A.pdf	1.2
https://walrus.wr.usgs.gov/namss/data/1981/namss.B-03-81-AT.mcs.airgun/Data/PDF/PR81-49-D.pdf	8.3
https://walrus.wr.usgs.gov/namss/data/1981/namss.B-03-81-AT.mcs.airgun/Data/PDF/PR81-49.pdf	4.5
https://walrus.wr.usgs.gov/namss/data/1981/namss.B-03-81-AT.mcs.airgun/Data/PDF/PR81-51-D.pdf	4.3
https://walrus.wr.usgs.gov/namss/data/1981/namss.B-03-81-AT.mcs.airgun/Data/PDF/PR81-51.pdf	4.3
https://walrus.wr.usgs.gov/namss/data/1981/namss.B-03-81-AT.mcs.airgun/Data/PDF/PR81-53-D.pdf	4.4
https://walrus.wr.usgs.gov/namss/data/1981/namss.B-03-81-AT.mcs.airgun/Data/PDF/PR81-53.pdf	4.6
https://walrus.wr.usgs.gov/namss/data/1981/namss.B-03-81-AT.mcs.airgun/Data/PDF/PR81-55-D.pdf	4.4
https://walrus.wr.usgs.gov/namss/data/1981/namss.B-03-81-AT.mcs.airgun/Data/PDF/PR81-55.pdf	4.3
https://walrus.wr.usgs.gov/namss/data/1981/namss.B-03-81-AT.mcs.airgun/Data/PDF/PR81-57-D.pdf	4.3
https://walrus.wr.usgs.gov/namss/data/1981/namss.B-03-81-AT.mcs.airgun/Data/PDF/PR81-57.pdf	4.3
https://walrus.wr.usgs.gov/namss/data/1981/namss.B-03-81-AT.mcs.airgun/Data/PDF/PR81-59-D.pdf	6.7
https://walrus.wr.usgs.gov/namss/data/1981/namss.B-03-81-AT.mcs.airgun/Data/PDF/PR81-59.pdf	4.6
https://walrus.wr.usgs.gov/namss/data/1981/namss.B-03-81-AT.mcs.airgun/Data/PDF/PR81-61-D.pdf	4.3
https://walrus.wr.usgs.gov/namss/data/1981/namss.B-03-81-AT.mcs.airgun/Data/PDF/PR81-61.pdf	4.4
https://walrus.wr.usgs.gov/namss/data/1981/namss.B-03-81-AT.mcs.airgun/Data/PDF/PR81-63-D.pdf	4.4
https://walrus.wr.usgs.gov/namss/data/1981/namss.B-03-81-AT.mcs.airgun/Data/PDF/PR81-63.pdf	4.5
https://walrus.wr.usgs.gov/namss/data/1981/namss.B-03-81-AT.mcs.airgun/Data/PDF/PR81-65-D.pdf	4.3
https://walrus.wr.usgs.gov/namss/data/1981/namss.B-03-81-AT.mcs.airgun/Data/PDF/PR81-65.pdf	4.2
https://walrus.wr.usgs.gov/namss/data/1981/namss.B-03-81-AT.mcs.airgun/Data/PDF/PR81-67-D.pdf	4.2
https://walrus.wr.usgs.gov/namss/data/1981/namss.B-03-81-AT.mcs.airgun/Data/PDF/PR81-67.pdf	4.1
https://walrus.wr.usgs.gov/namss/data/1981/namss.B-03-81-AT.mcs.airgun/Data/PDF/PR81-69-D.pdf	3.8
https://walrus.wr.usgs.gov/namss/data/1981/namss.B-03-81-AT.mcs.airgun/Data/PDF/PR81-69.pdf	3.5
https://walrus.wr.usgs.gov/namss/data/1981/namss.B-03-81-AT.mcs.airgun/Data/PDF/PR81-69A-D.pdf	2.3
https://walrus.wr.usgs.gov/namss/data/1981/namss.B-03-81-AT.mcs.airgun/Data/PDF/PR81-69A.pdf	1.3
https://walrus.wr.usgs.gov/namss/data/1981/namss.B-03-81-AT.mcs.airgun/Data/PDF/PR81-71-D.pdf	3.4
https://walrus.wr.usgs.gov/namss/data/1981/namss.B-03-81-AT.mcs.airgun/Data/PDF/PR81-71.pdf	3.5
https://walrus.wr.usgs.gov/namss/data/1981/namss.B-03-81-AT.mcs.airgun/Data/PDF/PR81-71A-D.pdf	2.5
https://walrus.wr.usgs.gov/namss/data/1981/namss.B-03-81-AT.mcs.airgun/Data/PDF/PR81-71A.pdf	2.1
https://walrus.wr.usgs.gov/namss/data/1981/namss.B-03-81-AT.mcs.airgun/Data/PDF/PR81-73-D.pdf	2.3
https://walrus.wr.usgs.gov/namss/data/1981/namss.B-03-81-AT.mcs.airgun/Data/PDF/PR81-73.pdf	2.0
https://walrus.wr.usgs.gov/namss/data/1981/namss.B-03-81-AT.mcs.airgun/Data/PDF/PR81-73A-D.pdf	3.0
https://walrus.wr.usgs.gov/namss/data/1981/namss.B-03-81-AT.mcs.airgun/Data/PDF/PR81-73A.pdf	2.8
https://walrus.wr.usgs.gov/namss/data/1981/namss.B-03-81-AT.mcs.airgun/Data/PDF/PR81-75-D.pdf	3.3
https://walrus.wr.usgs.gov/namss/data/1981/namss.B-03-81-AT.mcs.airgun/Data/PDF/PR81-75.pdf	3.1
https://walrus.wr.usgs.gov/namss/data/1981/namss.B-03-81-AT.mcs.airgun/Data/PDF/PR81-75A-D.pdf	1.8
https://walrus.wr.usgs.gov/namss/data/1981/namss.B-03-81-AT.mcs.airgun/Data/PDF/PR81-75A.pdf	1.9
https://walrus.wr.usgs.gov/namss/data/1981/namss.B-03-81-AT.mcs.airgun/Data/PDF/PR81-77-D.pdf	3.2
https://walrus.wr.usgs.gov/namss/data/1981/namss.B-03-81-AT.mcs.airgun/Data/PDF/PR81-77.pdf	3.1
https://walrus.wr.usgs.gov/namss/data/1981/namss.B-03-81-AT.mcs.airgun/Data/PDF/PR81-77A-D.pdf	1.9
https://walrus.wr.usgs.gov/namss/data/1981/namss.B-03-81-AT.mcs.airgun/Data/PDF/PR81-77A.pdf	1.9
https://walrus.wr.usgs.gov/namss/data/1981/namss.B-03-81-AT.mcs.airgun/Data/PDF/PR81-79-D.pdf	2.9
https://walrus.wr.usgs.gov/namss/data/1981/namss.B-03-81-AT.mcs.airgun/Data/PDF/PR81-79.pdf	2.7
https://walrus.wr.usgs.gov/namss/data/1981/namss.B-03-81-AT.mcs.airgun/Data/PDF/PR81-79A-D.pdf	1.9
https://walrus.wr.usgs.gov/namss/data/1981/namss.B-03-81-AT.mcs.airgun/Data/PDF/PR81-79A.pdf	1.8
https://walrus.wr.usgs.gov/namss/data/1981/namss.B-03-81-AT.mcs.airgun/Data/PDF/PR81-81-D.pdf	4.2
https://walrus.wr.usgs.gov/namss/data/1981/namss.B-03-81-AT.mcs.airgun/Data/PDF/PR81-81.pdf	3.9
https://walrus.wr.usgs.gov/namss/data/1981/namss.B-03-81-AT.mcs.airgun/Data/PDF/PR81-83.pdf	2.8
https://walrus.wr.usgs.gov/namss/data/1981/namss.B-03-81-AT.mcs.airgun/Data/PDF/PR81-83A-D.pdf	2.0
https://walrus.wr.usgs.gov/namss/data/1981/namss.B-03-81-AT.mcs.airgun/Data/PDF/PR81-83A.pdf	1.4
https://walrus.wr.usgs.gov/namss/data/1981/namss.B-03-81-AT.mcs.airgun/Data/PDF/PR81-85-D.pdf	4.0
https://walrus.wr.usgs.gov/namss/data/1981/namss.B-03-81-AT.mcs.airgun/Data/PDF/PR81-85.pdf	4.1
https://walrus.wr.usgs.gov/namss/data/1981/namss.B-03-81-AT.mcs.airgun/Data/PDF/PR81-87-D.pdf	1.2
https://walrus.wr.usgs.gov/namss/data/1981/namss.B-03-81-AT.mcs.airgun/Data/PDF/PR81-87.pdf	1.1
https://walrus.wr.usgs.gov/namss/data/1981/namss.B-03-81-AT.mcs.airgun/Data/PDF/PR81-87A-D.pdf	1.6
https://walrus.wr.usgs.gov/namss/data/1981/namss.B-03-81-AT.mcs.airgun/Data/PDF/PR81-87A.pdf	1.5
https://walrus.wr.usgs.gov/namss/data/1981/namss.B-03-81-AT.mcs.airgun/Data/PDF/PR81-87B-D.pdf	2.3
https://walrus.wr.usgs.gov/namss/data/1981/namss.B-03-81-AT.mcs.airgun/Data/PDF/PR81-87B.pdf	2.3
https://walrus.wr.usgs.gov/namss/data/1981/namss.B-03-81-AT.mcs.airgun/Data/PDF/PR81-89-D.pdf	4.0
https://walrus.wr.usgs.gov/namss/data/1981/namss.B-03-81-AT.mcs.airgun/Data/PDF/PR81-89.pdf	3.9
https://walrus.wr.usgs.gov/namss/data/1981/namss.B-03-81-AT.mcs.airgun/Data/PDF/PR81-91.pdf	3.3
https://walrus.wr.usgs.gov/namss/data/1981/namss.B-03-81-AT.mcs.airgun/Data/PDF/PR81-93-D.pdf	2.0
https://walrus.wr.usgs.gov/namss/data/1981/namss.B-03-81-AT.mcs.airgun/Data/PDF/PR81-93.pdf	1.9
https://walrus.wr.usgs.gov/namss/data/1981/namss.B-03-81-AT.mcs.airgun/Data/PDF/PR81-93A-D.pdf	2.6
https://walrus.wr.usgs.gov/namss/data/1981/namss.B-03-81-AT.mcs.airgun/Data/PDF/PR81-93A.pdf	2.5
https://walrus.wr.usgs.gov/namss/data/1981/namss.B-03-81-AT.mcs.airgun/Data/PDF/PR81-95.pdf	0.9617000000000001
https://walrus.wr.usgs.gov/namss/data/1981/namss.B-03-81-AT.mcs.airgun/Data/PDF/PR81-95A-D.pdf	2.0
https://walrus.wr.usgs.gov/namss/data/1981/namss.B-03-81-AT.mcs.airgun/Data/PDF/PR81-95A.pdf	2.4
https://walrus.wr.usgs.gov/namss/data/1981/namss.B-03-81-AT.mcs.airgun/Data/PDF/PR81-95B-D.pdf	2.5
https://walrus.wr.usgs.gov/namss/data/1981/namss.B-03-81-AT.mcs.airgun/Data/PDF/PR81-95B.pdf	2.4
https://walrus.wr.usgs.gov/namss/data/1981/namss.B-03-81-AT.mcs.airgun/Data/PDF/PR81-97-D.pdf	3.3
https://walrus.wr.usgs.gov/namss/data/1981/namss.B-03-81-AT.mcs.airgun/Data/PDF/PR81-97.pdf	2.7
https://walrus.wr.usgs.gov/namss/data/1981/namss.B-03-81-AT.mcs.airgun/Data/PDF/PR81-99-D.pdf	3.4
https://walrus.wr.usgs.gov/namss/data/1981/namss.B-03-81-AT.mcs.airgun/Data/PDF/PR81-99.pdf	3.5
https://walrus.wr.usgs.gov/namss/data/1981/namss.B-03-81-AT.mcs.airgun/Data/SEGY/Depth/PR81-10-A-D.segy	8.5
https://walrus.wr.usgs.gov/namss/data/1981/namss.B-03-81-AT.mcs.airgun/Data/SEGY/Depth/PR81-10-B-D.segy	11.6
https://walrus.wr.usgs.gov/namss/data/1981/namss.B-03-81-AT.mcs.airgun/Data/SEGY/Depth/PR81-10-C-D.segy	13.5
https://walrus.wr.usgs.gov/namss/data/1981/namss.B-03-81-AT.mcs.airgun/Data/SEGY/Depth/PR81-10-D-D.segy	10.3
https://walrus.wr.usgs.gov/namss/data/1981/namss.B-03-81-AT.mcs.airgun/Data/SEGY/Depth/PR81-10-D.segy	6.7
https://walrus.wr.usgs.gov/namss/data/1981/namss.B-03-81-AT.mcs.airgun/Data/SEGY/Depth/PR81-107-D.segy	2.7
https://walrus.wr.usgs.gov/namss/data/1981/namss.B-03-81-AT.mcs.airgun/Data/SEGY/Depth/PR81-107A-D.segy	3.7
https://walrus.wr.usgs.gov/namss/data/1981/namss.B-03-81-AT.mcs.airgun/Data/SEGY/Depth/PR81-107B-D.segy	5.3
https://walrus.wr.usgs.gov/namss/data/1981/namss.B-03-81-AT.mcs.airgun/Data/SEGY/Depth/PR81-109-D.segy	11.2
https://walrus.wr.usgs.gov/namss/data/1981/namss.B-03-81-AT.mcs.airgun/Data/SEGY/Depth/PR81-111-D.segy	12.3
https://walrus.wr.usgs.gov/namss/data/1981/namss.B-03-81-AT.mcs.airgun/Data/SEGY/Depth/PR81-113-D.segy	8.3
https://walrus.wr.usgs.gov/namss/data/1981/namss.B-03-81-AT.mcs.airgun/Data/SEGY/Depth/PR81-113A-D.segy	5.9
https://walrus.wr.usgs.gov/namss/data/1981/namss.B-03-81-AT.mcs.airgun/Data/SEGY/Depth/PR81-115-D.segy	3.1
https://walrus.wr.usgs.gov/namss/data/1981/namss.B-03-81-AT.mcs.airgun/Data/SEGY/Depth/PR81-115A-D.segy	10.0
https://walrus.wr.usgs.gov/namss/data/1981/namss.B-03-81-AT.mcs.airgun/Data/SEGY/Depth/PR81-115B-D.segy	1.6
https://walrus.wr.usgs.gov/namss/data/1981/namss.B-03-81-AT.mcs.airgun/Data/SEGY/Depth/PR81-117-D.segy	4.6
https://walrus.wr.usgs.gov/namss/data/1981/namss.B-03-81-AT.mcs.airgun/Data/SEGY/Depth/PR81-119-D.segy	9.1
https://walrus.wr.usgs.gov/namss/data/1981/namss.B-03-81-AT.mcs.airgun/Data/SEGY/Depth/PR81-119A-D.segy	9.2
https://walrus.wr.usgs.gov/namss/data/1981/namss.B-03-81-AT.mcs.airgun/Data/SEGY/Depth/PR81-12A-D.segy	10.8
https://walrus.wr.usgs.gov/namss/data/1981/namss.B-03-81-AT.mcs.airgun/Data/SEGY/Depth/PR81-13-D.segy	7.1
https://walrus.wr.usgs.gov/namss/data/1981/namss.B-03-81-AT.mcs.airgun/Data/SEGY/Depth/PR81-131-D.segy	16.9
https://walrus.wr.usgs.gov/namss/data/1981/namss.B-03-81-AT.mcs.airgun/Data/SEGY/Depth/PR81-133-D.segy	7.8
https://walrus.wr.usgs.gov/namss/data/1981/namss.B-03-81-AT.mcs.airgun/Data/SEGY/Depth/PR81-133A-D.segy	7.9
https://walrus.wr.usgs.gov/namss/data/1981/namss.B-03-81-AT.mcs.airgun/Data/SEGY/Depth/PR81-133B-D.segy	2.7
https://walrus.wr.usgs.gov/namss/data/1981/namss.B-03-81-AT.mcs.airgun/Data/SEGY/Depth/PR81-135-D.segy	17.0
https://walrus.wr.usgs.gov/namss/data/1981/namss.B-03-81-AT.mcs.airgun/Data/SEGY/Depth/PR81-137-D.segy	13.1
https://walrus.wr.usgs.gov/namss/data/1981/namss.B-03-81-AT.mcs.airgun/Data/SEGY/Depth/PR81-137A-D.segy	3.4
https://walrus.wr.usgs.gov/namss/data/1981/namss.B-03-81-AT.mcs.airgun/Data/SEGY/Depth/PR81-137B-D.segy	3.7
https://walrus.wr.usgs.gov/namss/data/1981/namss.B-03-81-AT.mcs.airgun/Data/SEGY/Depth/PR81-139-D.segy	8.0
https://walrus.wr.usgs.gov/namss/data/1981/namss.B-03-81-AT.mcs.airgun/Data/SEGY/Depth/PR81-139A-D.segy	7.6
https://walrus.wr.usgs.gov/namss/data/1981/namss.B-03-81-AT.mcs.airgun/Data/SEGY/Depth/PR81-139B-D.segy	3.8
https://walrus.wr.usgs.gov/namss/data/1981/namss.B-03-81-AT.mcs.airgun/Data/SEGY/Depth/PR81-14-D.segy	6.6
https://walrus.wr.usgs.gov/namss/data/1981/namss.B-03-81-AT.mcs.airgun/Data/SEGY/Depth/PR81-141-D.segy	12.9
https://walrus.wr.usgs.gov/namss/data/1981/namss.B-03-81-AT.mcs.airgun/Data/SEGY/Depth/PR81-141A-D.segy	6.1
https://walrus.wr.usgs.gov/namss/data/1981/namss.B-03-81-AT.mcs.airgun/Data/SEGY/Depth/PR81-143-D.segy	10.8
https://walrus.wr.usgs.gov/namss/data/1981/namss.B-03-81-AT.mcs.airgun/Data/SEGY/Depth/PR81-143A-D.segy	7.4
https://walrus.wr.usgs.gov/namss/data/1981/namss.B-03-81-AT.mcs.airgun/Data/SEGY/Depth/PR81-145-D.segy	4.5
https://walrus.wr.usgs.gov/namss/data/1981/namss.B-03-81-AT.mcs.airgun/Data/SEGY/Depth/PR81-147-D.segy	17.4
https://walrus.wr.usgs.gov/namss/data/1981/namss.B-03-81-AT.mcs.airgun/Data/SEGY/Depth/PR81-149-D.segy	4.2
https://walrus.wr.usgs.gov/namss/data/1981/namss.B-03-81-AT.mcs.airgun/Data/SEGY/Depth/PR81-149A-D.segy	6.3
https://walrus.wr.usgs.gov/namss/data/1981/namss.B-03-81-AT.mcs.airgun/Data/SEGY/Depth/PR81-14A-A-D.segy	11.7
https://walrus.wr.usgs.gov/namss/data/1981/namss.B-03-81-AT.mcs.airgun/Data/SEGY/Depth/PR81-14A-B-D.segy	5.3
https://walrus.wr.usgs.gov/namss/data/1981/namss.B-03-81-AT.mcs.airgun/Data/SEGY/Depth/PR81-14A-D.segy	5.8
https://walrus.wr.usgs.gov/namss/data/1981/namss.B-03-81-AT.mcs.airgun/Data/SEGY/Depth/PR81-14B-A-D.segy	10.1
https://walrus.wr.usgs.gov/namss/data/1981/namss.B-03-81-AT.mcs.airgun/Data/SEGY/Depth/PR81-14B-D.segy	10.7
https://walrus.wr.usgs.gov/namss/data/1981/namss.B-03-81-AT.mcs.airgun/Data/SEGY/Depth/PR81-15-D.segy	7.1
https://walrus.wr.usgs.gov/namss/data/1981/namss.B-03-81-AT.mcs.airgun/Data/SEGY/Depth/PR81-151-D.segy	4.6
https://walrus.wr.usgs.gov/namss/data/1981/namss.B-03-81-AT.mcs.airgun/Data/SEGY/Depth/PR81-151A-D.segy	3.8
https://walrus.wr.usgs.gov/namss/data/1981/namss.B-03-81-AT.mcs.airgun/Data/SEGY/Depth/PR81-153-D.segy	5.4
https://walrus.wr.usgs.gov/namss/data/1981/namss.B-03-81-AT.mcs.airgun/Data/SEGY/Depth/PR81-155-D.segy	3.6
https://walrus.wr.usgs.gov/namss/data/1981/namss.B-03-81-AT.mcs.airgun/Data/SEGY/Depth/PR81-155A-D.segy	4.8
https://walrus.wr.usgs.gov/namss/data/1981/namss.B-03-81-AT.mcs.airgun/Data/SEGY/Depth/PR81-157-D.segy	5.4
https://walrus.wr.usgs.gov/namss/data/1981/namss.B-03-81-AT.mcs.airgun/Data/SEGY/Depth/PR81-159-D.segy	4.1
https://walrus.wr.usgs.gov/namss/data/1981/namss.B-03-81-AT.mcs.airgun/Data/SEGY/Depth/PR81-159A-D.segy	3.6
https://walrus.wr.usgs.gov/namss/data/1981/namss.B-03-81-AT.mcs.airgun/Data/SEGY/Depth/PR81-16-A-D.segy	10.8
https://walrus.wr.usgs.gov/namss/data/1981/namss.B-03-81-AT.mcs.airgun/Data/SEGY/Depth/PR81-16-D.segy	4.5
https://walrus.wr.usgs.gov/namss/data/1981/namss.B-03-81-AT.mcs.airgun/Data/SEGY/Depth/PR81-161-D.segy	5.8
https://walrus.wr.usgs.gov/namss/data/1981/namss.B-03-81-AT.mcs.airgun/Data/SEGY/Depth/PR81-163-D.segy	5.6
https://walrus.wr.usgs.gov/namss/data/1981/namss.B-03-81-AT.mcs.airgun/Data/SEGY/Depth/PR81-163A-D.segy	4.1
https://walrus.wr.usgs.gov/namss/data/1981/namss.B-03-81-AT.mcs.airgun/Data/SEGY/Depth/PR81-165-D.segy	9.3
https://walrus.wr.usgs.gov/namss/data/1981/namss.B-03-81-AT.mcs.airgun/Data/SEGY/Depth/PR81-167-D.segy	3.7
https://walrus.wr.usgs.gov/namss/data/1981/namss.B-03-81-AT.mcs.airgun/Data/SEGY/Depth/PR81-167A-D.segy	6.7
https://walrus.wr.usgs.gov/namss/data/1981/namss.B-03-81-AT.mcs.airgun/Data/SEGY/Depth/PR81-169-D.segy	9.3
https://walrus.wr.usgs.gov/namss/data/1981/namss.B-03-81-AT.mcs.airgun/Data/SEGY/Depth/PR81-16A-A-D.segy	10.1
https://walrus.wr.usgs.gov/namss/data/1981/namss.B-03-81-AT.mcs.airgun/Data/SEGY/Depth/PR81-16A-D.segy	11.9
https://walrus.wr.usgs.gov/namss/data/1981/namss.B-03-81-AT.mcs.airgun/Data/SEGY/Depth/PR81-171-D.segy	8.3
https://walrus.wr.usgs.gov/namss/data/1981/namss.B-03-81-AT.mcs.airgun/Data/SEGY/Depth/PR81-173-D.segy	3.8
https://walrus.wr.usgs.gov/namss/data/1981/namss.B-03-81-AT.mcs.airgun/Data/SEGY/Depth/PR81-173A-D.segy	5.7
https://walrus.wr.usgs.gov/namss/data/1981/namss.B-03-81-AT.mcs.airgun/Data/SEGY/Depth/PR81-175-D.segy	6.4
https://walrus.wr.usgs.gov/namss/data/1981/namss.B-03-81-AT.mcs.airgun/Data/SEGY/Depth/PR81-175A-D.segy	3.1
https://walrus.wr.usgs.gov/namss/data/1981/namss.B-03-81-AT.mcs.airgun/Data/SEGY/Depth/PR81-177-D.segy	4.4
https://walrus.wr.usgs.gov/namss/data/1981/namss.B-03-81-AT.mcs.airgun/Data/SEGY/Depth/PR81-177A-D.segy	5.5
https://walrus.wr.usgs.gov/namss/data/1981/namss.B-03-81-AT.mcs.airgun/Data/SEGY/Depth/PR81-179-D.segy	1.9
https://walrus.wr.usgs.gov/namss/data/1981/namss.B-03-81-AT.mcs.airgun/Data/SEGY/Depth/PR81-179A-D.segy	7.6
https://walrus.wr.usgs.gov/namss/data/1981/namss.B-03-81-AT.mcs.airgun/Data/SEGY/Depth/PR81-181-D.segy	8.2
https://walrus.wr.usgs.gov/namss/data/1981/namss.B-03-81-AT.mcs.airgun/Data/SEGY/Depth/PR81-183-D.segy	8.4
https://walrus.wr.usgs.gov/namss/data/1981/namss.B-03-81-AT.mcs.airgun/Data/SEGY/Depth/PR81-185-D.segy	8.4
https://walrus.wr.usgs.gov/namss/data/1981/namss.B-03-81-AT.mcs.airgun/Data/SEGY/Depth/PR81-187-D.segy	8.4
https://walrus.wr.usgs.gov/namss/data/1981/namss.B-03-81-AT.mcs.airgun/Data/SEGY/Depth/PR81-19-D.segy	7.1
https://walrus.wr.usgs.gov/namss/data/1981/namss.B-03-81-AT.mcs.airgun/Data/SEGY/Depth/PR81-191-D.segy	8.3
https://walrus.wr.usgs.gov/namss/data/1981/namss.B-03-81-AT.mcs.airgun/Data/SEGY/Depth/PR81-193-D.segy	3.7
https://walrus.wr.usgs.gov/namss/data/1981/namss.B-03-81-AT.mcs.airgun/Data/SEGY/Depth/PR81-193A-D.segy	5.4
https://walrus.wr.usgs.gov/namss/data/1981/namss.B-03-81-AT.mcs.airgun/Data/SEGY/Depth/PR81-195-D.segy	8.3
https://walrus.wr.usgs.gov/namss/data/1981/namss.B-03-81-AT.mcs.airgun/Data/SEGY/Depth/PR81-197-D.segy	8.2
https://walrus.wr.usgs.gov/namss/data/1981/namss.B-03-81-AT.mcs.airgun/Data/SEGY/Depth/PR81-199-D.segy	8.2
https://walrus.wr.usgs.gov/namss/data/1981/namss.B-03-81-AT.mcs.airgun/Data/SEGY/Depth/PR81-20-D.segy	10.7
https://walrus.wr.usgs.gov/namss/data/1981/namss.B-03-81-AT.mcs.airgun/Data/SEGY/Depth/PR81-201-D.segy	8.2
https://walrus.wr.usgs.gov/namss/data/1981/namss.B-03-81-AT.mcs.airgun/Data/SEGY/Depth/PR81-203-D.segy	8.2
https://walrus.wr.usgs.gov/namss/data/1981/namss.B-03-81-AT.mcs.airgun/Data/SEGY/Depth/PR81-205-D.segy	8.3
https://walrus.wr.usgs.gov/namss/data/1981/namss.B-03-81-AT.mcs.airgun/Data/SEGY/Depth/PR81-207-D.segy	8.3
https://walrus.wr.usgs.gov/namss/data/1981/namss.B-03-81-AT.mcs.airgun/Data/SEGY/Depth/PR81-209-D.segy	3.1
https://walrus.wr.usgs.gov/namss/data/1981/namss.B-03-81-AT.mcs.airgun/Data/SEGY/Depth/PR81-209A-D.segy	6.7
https://walrus.wr.usgs.gov/namss/data/1981/namss.B-03-81-AT.mcs.airgun/Data/SEGY/Depth/PR81-21-D.segy	7.1
https://walrus.wr.usgs.gov/namss/data/1981/namss.B-03-81-AT.mcs.airgun/Data/SEGY/Depth/PR81-22-D.segy	8.2
https://walrus.wr.usgs.gov/namss/data/1981/namss.B-03-81-AT.mcs.airgun/Data/SEGY/Depth/PR81-23-D.segy	7.1
https://walrus.wr.usgs.gov/namss/data/1981/namss.B-03-81-AT.mcs.airgun/Data/SEGY/Depth/PR81-24-D.segy	8.1
https://walrus.wr.usgs.gov/namss/data/1981/namss.B-03-81-AT.mcs.airgun/Data/SEGY/Depth/PR81-245-D.segy	5.1
https://walrus.wr.usgs.gov/namss/data/1981/namss.B-03-81-AT.mcs.airgun/Data/SEGY/Depth/PR81-247-D.segy	5.1
https://walrus.wr.usgs.gov/namss/data/1981/namss.B-03-81-AT.mcs.airgun/Data/SEGY/Depth/PR81-249-D.segy	5.0
https://walrus.wr.usgs.gov/namss/data/1981/namss.B-03-81-AT.mcs.airgun/Data/SEGY/Depth/PR81-251-D.segy	5.5
https://walrus.wr.usgs.gov/namss/data/1981/namss.B-03-81-AT.mcs.airgun/Data/SEGY/Depth/PR81-253-D.segy	4.0
https://walrus.wr.usgs.gov/namss/data/1981/namss.B-03-81-AT.mcs.airgun/Data/SEGY/Depth/PR81-255-D.segy	5.4
https://walrus.wr.usgs.gov/namss/data/1981/namss.B-03-81-AT.mcs.airgun/Data/SEGY/Depth/PR81-257-D.segy	4.6
https://walrus.wr.usgs.gov/namss/data/1981/namss.B-03-81-AT.mcs.airgun/Data/SEGY/Depth/PR81-259-D.segy	3.8
https://walrus.wr.usgs.gov/namss/data/1981/namss.B-03-81-AT.mcs.airgun/Data/SEGY/Depth/PR81-259A-D.segy	3.1
https://walrus.wr.usgs.gov/namss/data/1981/namss.B-03-81-AT.mcs.airgun/Data/SEGY/Depth/PR81-25A-D.segy	3.2
https://walrus.wr.usgs.gov/namss/data/1981/namss.B-03-81-AT.mcs.airgun/Data/SEGY/Depth/PR81-261-D.segy	4.8
https://walrus.wr.usgs.gov/namss/data/1981/namss.B-03-81-AT.mcs.airgun/Data/SEGY/Depth/PR81-263-D.segy	8.2
https://walrus.wr.usgs.gov/namss/data/1981/namss.B-03-81-AT.mcs.airgun/Data/SEGY/Depth/PR81-265-D.segy	5.2
https://walrus.wr.usgs.gov/namss/data/1981/namss.B-03-81-AT.mcs.airgun/Data/SEGY/Depth/PR81-267-D.segy	7.2
https://walrus.wr.usgs.gov/namss/data/1981/namss.B-03-81-AT.mcs.airgun/Data/SEGY/Depth/PR81-269-D.segy	5.7
https://walrus.wr.usgs.gov/namss/data/1981/namss.B-03-81-AT.mcs.airgun/Data/SEGY/Depth/PR81-271-D.segy	7.2
https://walrus.wr.usgs.gov/namss/data/1981/namss.B-03-81-AT.mcs.airgun/Data/SEGY/Depth/PR81-273-D.segy	1.8
https://walrus.wr.usgs.gov/namss/data/1981/namss.B-03-81-AT.mcs.airgun/Data/SEGY/Depth/PR81-273A-D.segy	5.9
https://walrus.wr.usgs.gov/namss/data/1981/namss.B-03-81-AT.mcs.airgun/Data/SEGY/Depth/PR81-275-D.segy	6.9
https://walrus.wr.usgs.gov/namss/data/1981/namss.B-03-81-AT.mcs.airgun/Data/SEGY/Depth/PR81-277-D.segy	5.9
https://walrus.wr.usgs.gov/namss/data/1981/namss.B-03-81-AT.mcs.airgun/Data/SEGY/Depth/PR81-279-D.segy	7.0
https://walrus.wr.usgs.gov/namss/data/1981/namss.B-03-81-AT.mcs.airgun/Data/SEGY/Depth/PR81-281-D.segy	1.5
https://walrus.wr.usgs.gov/namss/data/1981/namss.B-03-81-AT.mcs.airgun/Data/SEGY/Depth/PR81-281A-D.segy	6.2
https://walrus.wr.usgs.gov/namss/data/1981/namss.B-03-81-AT.mcs.airgun/Data/SEGY/Depth/PR81-283-D.segy	6.9
https://walrus.wr.usgs.gov/namss/data/1981/namss.B-03-81-AT.mcs.airgun/Data/SEGY/Depth/PR81-285-D.segy	5.9
https://walrus.wr.usgs.gov/namss/data/1981/namss.B-03-81-AT.mcs.airgun/Data/SEGY/Depth/PR81-287-D.segy	5.4
https://walrus.wr.usgs.gov/namss/data/1981/namss.B-03-81-AT.mcs.airgun/Data/SEGY/Depth/PR81-289-D.segy	7.0
https://walrus.wr.usgs.gov/namss/data/1981/namss.B-03-81-AT.mcs.airgun/Data/SEGY/Depth/PR81-291-D.segy	5.0
https://walrus.wr.usgs.gov/namss/data/1981/namss.B-03-81-AT.mcs.airgun/Data/SEGY/Depth/PR81-293-D.segy	6.3
https://walrus.wr.usgs.gov/namss/data/1981/namss.B-03-81-AT.mcs.airgun/Data/SEGY/Depth/PR81-295-D.segy	5.9
https://walrus.wr.usgs.gov/namss/data/1981/namss.B-03-81-AT.mcs.airgun/Data/SEGY/Depth/PR81-297-D.segy	6.2
https://walrus.wr.usgs.gov/namss/data/1981/namss.B-03-81-AT.mcs.airgun/Data/SEGY/Depth/PR81-299-D.segy	1.9
https://walrus.wr.usgs.gov/namss/data/1981/namss.B-03-81-AT.mcs.airgun/Data/SEGY/Depth/PR81-299A-D.segy	5.9
https://walrus.wr.usgs.gov/namss/data/1981/namss.B-03-81-AT.mcs.airgun/Data/SEGY/Depth/PR81-301-D.segy	6.8
https://walrus.wr.usgs.gov/namss/data/1981/namss.B-03-81-AT.mcs.airgun/Data/SEGY/Depth/PR81-303-D.segy	6.9
https://walrus.wr.usgs.gov/namss/data/1981/namss.B-03-81-AT.mcs.airgun/Data/SEGY/Depth/PR81-305-D.segy	7.0
https://walrus.wr.usgs.gov/namss/data/1981/namss.B-03-81-AT.mcs.airgun/Data/SEGY/Depth/PR81-307-D.segy	6.9
https://walrus.wr.usgs.gov/namss/data/1981/namss.B-03-81-AT.mcs.airgun/Data/SEGY/Depth/PR81-309-D.segy	6.9
https://walrus.wr.usgs.gov/namss/data/1981/namss.B-03-81-AT.mcs.airgun/Data/SEGY/Depth/PR81-311-D.segy	6.9
https://walrus.wr.usgs.gov/namss/data/1981/namss.B-03-81-AT.mcs.airgun/Data/SEGY/Depth/PR81-313-D.segy	6.9
https://walrus.wr.usgs.gov/namss/data/1981/namss.B-03-81-AT.mcs.airgun/Data/SEGY/Depth/PR81-315A-D.segy	4.0
https://walrus.wr.usgs.gov/namss/data/1981/namss.B-03-81-AT.mcs.airgun/Data/SEGY/Depth/PR81-317-D.segy	4.7
https://walrus.wr.usgs.gov/namss/data/1981/namss.B-03-81-AT.mcs.airgun/Data/SEGY/Depth/PR81-317A-D.segy	3.1
https://walrus.wr.usgs.gov/namss/data/1981/namss.B-03-81-AT.mcs.airgun/Data/SEGY/Depth/PR81-319-D.segy	2.9
https://walrus.wr.usgs.gov/namss/data/1981/namss.B-03-81-AT.mcs.airgun/Data/SEGY/Depth/PR81-319A-D.segy	5.1
https://walrus.wr.usgs.gov/namss/data/1981/namss.B-03-81-AT.mcs.airgun/Data/SEGY/Depth/PR81-321-D.segy	3.1
https://walrus.wr.usgs.gov/namss/data/1981/namss.B-03-81-AT.mcs.airgun/Data/SEGY/Depth/PR81-321A-D.segy	4.6
https://walrus.wr.usgs.gov/namss/data/1981/namss.B-03-81-AT.mcs.airgun/Data/SEGY/Depth/PR81-323-D.segy	3.2
https://walrus.wr.usgs.gov/namss/data/1981/namss.B-03-81-AT.mcs.airgun/Data/SEGY/Depth/PR81-323A-D.segy	4.9
https://walrus.wr.usgs.gov/namss/data/1981/namss.B-03-81-AT.mcs.airgun/Data/SEGY/Depth/PR81-325-D.segy	3.1
https://walrus.wr.usgs.gov/namss/data/1981/namss.B-03-81-AT.mcs.airgun/Data/SEGY/Depth/PR81-325A-D.segy	4.6
https://walrus.wr.usgs.gov/namss/data/1981/namss.B-03-81-AT.mcs.airgun/Data/SEGY/Depth/PR81-327-D.segy	2.9
https://walrus.wr.usgs.gov/namss/data/1981/namss.B-03-81-AT.mcs.airgun/Data/SEGY/Depth/PR81-327A-D.segy	4.8
https://walrus.wr.usgs.gov/namss/data/1981/namss.B-03-81-AT.mcs.airgun/Data/SEGY/Depth/PR81-329-D.segy	3.0
https://walrus.wr.usgs.gov/namss/data/1981/namss.B-03-81-AT.mcs.airgun/Data/SEGY/Depth/PR81-329A-D.segy	2.9
https://walrus.wr.usgs.gov/namss/data/1981/namss.B-03-81-AT.mcs.airgun/Data/SEGY/Depth/PR81-329B-D.segy	3.6
https://walrus.wr.usgs.gov/namss/data/1981/namss.B-03-81-AT.mcs.airgun/Data/SEGY/Depth/PR81-331-D.segy	2.2
https://walrus.wr.usgs.gov/namss/data/1981/namss.B-03-81-AT.mcs.airgun/Data/SEGY/Depth/PR81-331A-D.segy	5.6
https://walrus.wr.usgs.gov/namss/data/1981/namss.B-03-81-AT.mcs.airgun/Data/SEGY/Depth/PR81-333-D.segy	2.5
https://walrus.wr.usgs.gov/namss/data/1981/namss.B-03-81-AT.mcs.airgun/Data/SEGY/Depth/PR81-333A-D.segy	7.1
https://walrus.wr.usgs.gov/namss/data/1981/namss.B-03-81-AT.mcs.airgun/Data/SEGY/Depth/PR81-335-D.segy	2.6
https://walrus.wr.usgs.gov/namss/data/1981/namss.B-03-81-AT.mcs.airgun/Data/SEGY/Depth/PR81-335A-D.segy	4.3
https://walrus.wr.usgs.gov/namss/data/1981/namss.B-03-81-AT.mcs.airgun/Data/SEGY/Depth/PR81-337-D.segy	3.9
https://walrus.wr.usgs.gov/namss/data/1981/namss.B-03-81-AT.mcs.airgun/Data/SEGY/Depth/PR81-337A-D.segy	3.1
https://walrus.wr.usgs.gov/namss/data/1981/namss.B-03-81-AT.mcs.airgun/Data/SEGY/Depth/PR81-339-D.segy	2.9
https://walrus.wr.usgs.gov/namss/data/1981/namss.B-03-81-AT.mcs.airgun/Data/SEGY/Depth/PR81-341A-D.segy	6.2
https://walrus.wr.usgs.gov/namss/data/1981/namss.B-03-81-AT.mcs.airgun/Data/SEGY/Depth/PR81-343-D.segy	3.9
https://walrus.wr.usgs.gov/namss/data/1981/namss.B-03-81-AT.mcs.airgun/Data/SEGY/Depth/PR81-343A-D.segy	3.0
https://walrus.wr.usgs.gov/namss/data/1981/namss.B-03-81-AT.mcs.airgun/Data/SEGY/Depth/PR81-345-D.segy	2.8
https://walrus.wr.usgs.gov/namss/data/1981/namss.B-03-81-AT.mcs.airgun/Data/SEGY/Depth/PR81-347-D.segy	4.3
https://walrus.wr.usgs.gov/namss/data/1981/namss.B-03-81-AT.mcs.airgun/Data/SEGY/Depth/PR81-347A-D.segy	4.3
https://walrus.wr.usgs.gov/namss/data/1981/namss.B-03-81-AT.mcs.airgun/Data/SEGY/Depth/PR81-349-D.segy	3.0
https://walrus.wr.usgs.gov/namss/data/1981/namss.B-03-81-AT.mcs.airgun/Data/SEGY/Depth/PR81-349A-D.segy	1.5
https://walrus.wr.usgs.gov/namss/data/1981/namss.B-03-81-AT.mcs.airgun/Data/SEGY/Depth/PR81-349B-D.segy	3.2
https://walrus.wr.usgs.gov/namss/data/1981/namss.B-03-81-AT.mcs.airgun/Data/SEGY/Depth/PR81-351-D.segy	5.5
https://walrus.wr.usgs.gov/namss/data/1981/namss.B-03-81-AT.mcs.airgun/Data/SEGY/Depth/PR81-353-D.segy	6.2
https://walrus.wr.usgs.gov/namss/data/1981/namss.B-03-81-AT.mcs.airgun/Data/SEGY/Depth/PR81-355-D.segy	6.2
https://walrus.wr.usgs.gov/namss/data/1981/namss.B-03-81-AT.mcs.airgun/Data/SEGY/Depth/PR81-357-D.segy	6.1
https://walrus.wr.usgs.gov/namss/data/1981/namss.B-03-81-AT.mcs.airgun/Data/SEGY/Depth/PR81-359-D.segy	5.1
https://walrus.wr.usgs.gov/namss/data/1981/namss.B-03-81-AT.mcs.airgun/Data/SEGY/Depth/PR81-361-D.segy	8.1
https://walrus.wr.usgs.gov/namss/data/1981/namss.B-03-81-AT.mcs.airgun/Data/SEGY/Depth/PR81-363-D.segy	5.1
https://walrus.wr.usgs.gov/namss/data/1981/namss.B-03-81-AT.mcs.airgun/Data/SEGY/Depth/PR81-365-D.segy	5.1
https://walrus.wr.usgs.gov/namss/data/1981/namss.B-03-81-AT.mcs.airgun/Data/SEGY/Depth/PR81-367-D.segy	4.5
https://walrus.wr.usgs.gov/namss/data/1981/namss.B-03-81-AT.mcs.airgun/Data/SEGY/Depth/PR81-369-D.segy	5.1
https://walrus.wr.usgs.gov/namss/data/1981/namss.B-03-81-AT.mcs.airgun/Data/SEGY/Depth/PR81-371-D.segy	5.1
https://walrus.wr.usgs.gov/namss/data/1981/namss.B-03-81-AT.mcs.airgun/Data/SEGY/Depth/PR81-373-D.segy	4.7
https://walrus.wr.usgs.gov/namss/data/1981/namss.B-03-81-AT.mcs.airgun/Data/SEGY/Depth/PR81-46-D.segy	8.5
https://walrus.wr.usgs.gov/namss/data/1981/namss.B-03-81-AT.mcs.airgun/Data/SEGY/Depth/PR81-47-D.segy	11.1
https://walrus.wr.usgs.gov/namss/data/1981/namss.B-03-81-AT.mcs.airgun/Data/SEGY/Depth/PR81-48-D.segy	24.8
https://walrus.wr.usgs.gov/namss/data/1981/namss.B-03-81-AT.mcs.airgun/Data/SEGY/Depth/PR81-48A-D.segy	2.7
https://walrus.wr.usgs.gov/namss/data/1981/namss.B-03-81-AT.mcs.airgun/Data/SEGY/Depth/PR81-49-D.segy	11.2
https://walrus.wr.usgs.gov/namss/data/1981/namss.B-03-81-AT.mcs.airgun/Data/SEGY/Depth/PR81-51-D.segy	11.2
https://walrus.wr.usgs.gov/namss/data/1981/namss.B-03-81-AT.mcs.airgun/Data/SEGY/Depth/PR81-53-D.segy	11.2
https://walrus.wr.usgs.gov/namss/data/1981/namss.B-03-81-AT.mcs.airgun/Data/SEGY/Depth/PR81-55-D.segy	11.2
https://walrus.wr.usgs.gov/namss/data/1981/namss.B-03-81-AT.mcs.airgun/Data/SEGY/Depth/PR81-57-D.segy	11.2
https://walrus.wr.usgs.gov/namss/data/1981/namss.B-03-81-AT.mcs.airgun/Data/SEGY/Depth/PR81-59-D.segy	11.2
https://walrus.wr.usgs.gov/namss/data/1981/namss.B-03-81-AT.mcs.airgun/Data/SEGY/Depth/PR81-61-D.segy	11.2
https://walrus.wr.usgs.gov/namss/data/1981/namss.B-03-81-AT.mcs.airgun/Data/SEGY/Depth/PR81-63-D.segy	11.2
https://walrus.wr.usgs.gov/namss/data/1981/namss.B-03-81-AT.mcs.airgun/Data/SEGY/Depth/PR81-65-D.segy	10.6
https://walrus.wr.usgs.gov/namss/data/1981/namss.B-03-81-AT.mcs.airgun/Data/SEGY/Depth/PR81-67-D.segy	10.2
https://walrus.wr.usgs.gov/namss/data/1981/namss.B-03-81-AT.mcs.airgun/Data/SEGY/Depth/PR81-69-D.segy	9.1
https://walrus.wr.usgs.gov/namss/data/1981/namss.B-03-81-AT.mcs.airgun/Data/SEGY/Depth/PR81-69A-D.segy	2.9
https://walrus.wr.usgs.gov/namss/data/1981/namss.B-03-81-AT.mcs.airgun/Data/SEGY/Depth/PR81-71-D.segy	8.2
https://walrus.wr.usgs.gov/namss/data/1981/namss.B-03-81-AT.mcs.airgun/Data/SEGY/Depth/PR81-71A-D.segy	5.0
https://walrus.wr.usgs.gov/namss/data/1981/namss.B-03-81-AT.mcs.airgun/Data/SEGY/Depth/PR81-73-D.segy	5.1
https://walrus.wr.usgs.gov/namss/data/1981/namss.B-03-81-AT.mcs.airgun/Data/SEGY/Depth/PR81-73A-D.segy	6.9
https://walrus.wr.usgs.gov/namss/data/1981/namss.B-03-81-AT.mcs.airgun/Data/SEGY/Depth/PR81-75-D.segy	8.1
https://walrus.wr.usgs.gov/namss/data/1981/namss.B-03-81-AT.mcs.airgun/Data/SEGY/Depth/PR81-75A-D.segy	4.3
https://walrus.wr.usgs.gov/namss/data/1981/namss.B-03-81-AT.mcs.airgun/Data/SEGY/Depth/PR81-77-D.segy	8.1
https://walrus.wr.usgs.gov/namss/data/1981/namss.B-03-81-AT.mcs.airgun/Data/SEGY/Depth/PR81-77A-D.segy	4.3
https://walrus.wr.usgs.gov/namss/data/1981/namss.B-03-81-AT.mcs.airgun/Data/SEGY/Depth/PR81-79-D.segy	6.7
https://walrus.wr.usgs.gov/namss/data/1981/namss.B-03-81-AT.mcs.airgun/Data/SEGY/Depth/PR81-79A-D.segy	4.3
https://walrus.wr.usgs.gov/namss/data/1981/namss.B-03-81-AT.mcs.airgun/Data/SEGY/Depth/PR81-81-D.segy	10.3
https://walrus.wr.usgs.gov/namss/data/1981/namss.B-03-81-AT.mcs.airgun/Data/SEGY/Depth/PR81-83A-D.segy	3.1
https://walrus.wr.usgs.gov/namss/data/1981/namss.B-03-81-AT.mcs.airgun/Data/SEGY/Depth/PR81-85-D.segy	10.2
https://walrus.wr.usgs.gov/namss/data/1981/namss.B-03-81-AT.mcs.airgun/Data/SEGY/Depth/PR81-87-D.segy	2.6
https://walrus.wr.usgs.gov/namss/data/1981/namss.B-03-81-AT.mcs.airgun/Data/SEGY/Depth/PR81-87A-D.segy	3.7
https://walrus.wr.usgs.gov/namss/data/1981/namss.B-03-81-AT.mcs.airgun/Data/SEGY/Depth/PR81-87B-D.segy	5.5
https://walrus.wr.usgs.gov/namss/data/1981/namss.B-03-81-AT.mcs.airgun/Data/SEGY/Depth/PR81-89-D.segy	10.2
https://walrus.wr.usgs.gov/namss/data/1981/namss.B-03-81-AT.mcs.airgun/Data/SEGY/Depth/PR81-93-D.segy	4.7
https://walrus.wr.usgs.gov/namss/data/1981/namss.B-03-81-AT.mcs.airgun/Data/SEGY/Depth/PR81-93A-D.segy	6.0
https://walrus.wr.usgs.gov/namss/data/1981/namss.B-03-81-AT.mcs.airgun/Data/SEGY/Depth/PR81-95A-D.segy	4.9
https://walrus.wr.usgs.gov/namss/data/1981/namss.B-03-81-AT.mcs.airgun/Data/SEGY/Depth/PR81-95B-D.segy	5.9
https://walrus.wr.usgs.gov/namss/data/1981/namss.B-03-81-AT.mcs.airgun/Data/SEGY/Depth/PR81-97-D.segy	8.2
https://walrus.wr.usgs.gov/namss/data/1981/namss.B-03-81-AT.mcs.airgun/Data/SEGY/Depth/PR81-99-D.segy	8.2
https://walrus.wr.usgs.gov/namss/data/1981/namss.B-03-81-AT.mcs.airgun/Data/SEGY/Migration/PR81-006B_migr.segy	8.3
https://walrus.wr.usgs.gov/namss/data/1981/namss.B-03-81-AT.mcs.airgun/Data/SEGY/Migration/PR81-012_migr.segy	26.9
https://walrus.wr.usgs.gov/namss/data/1981/namss.B-03-81-AT.mcs.airgun/Data/SEGY/Migration/PR81-014_migr.segy	9.7
https://walrus.wr.usgs.gov/namss/data/1981/namss.B-03-81-AT.mcs.airgun/Data/SEGY/Migration/PR81-014a_migr.segy	17.9
https://walrus.wr.usgs.gov/namss/data/1981/namss.B-03-81-AT.mcs.airgun/Data/SEGY/Migration/PR81-016_migr.segy	15.3
https://walrus.wr.usgs.gov/namss/data/1981/namss.B-03-81-AT.mcs.airgun/Data/SEGY/Migration/PR81-018_migr.segy	11.8
https://walrus.wr.usgs.gov/namss/data/1981/namss.B-03-81-AT.mcs.airgun/Data/SEGY/Migration/PR81-024_migr.segy	8.1
https://walrus.wr.usgs.gov/namss/data/1981/namss.B-03-81-AT.mcs.airgun/Data/SEGY/Migration/PR81-026A_migr.segy	3.1
https://walrus.wr.usgs.gov/namss/data/1981/namss.B-03-81-AT.mcs.airgun/Data/SEGY/Migration/PR81-026_migr.segy	6.4
https://walrus.wr.usgs.gov/namss/data/1981/namss.B-03-81-AT.mcs.airgun/Data/SEGY/Migration/PR81-028_migr.segy	7.7
https://walrus.wr.usgs.gov/namss/data/1981/namss.B-03-81-AT.mcs.airgun/Data/SEGY/Migration/PR81-029_migr.segy	7.1
https://walrus.wr.usgs.gov/namss/data/1981/namss.B-03-81-AT.mcs.airgun/Data/SEGY/Migration/PR81-030_migr.segy	7.0
https://walrus.wr.usgs.gov/namss/data/1981/namss.B-03-81-AT.mcs.airgun/Data/SEGY/Migration/PR81-031_migr.segy	7.1
https://walrus.wr.usgs.gov/namss/data/1981/namss.B-03-81-AT.mcs.airgun/Data/SEGY/Migration/PR81-032_migr.segy	6.7
https://walrus.wr.usgs.gov/namss/data/1981/namss.B-03-81-AT.mcs.airgun/Data/SEGY/Migration/PR81-036_migr.segy	4.6
https://walrus.wr.usgs.gov/namss/data/1981/namss.B-03-81-AT.mcs.airgun/Data/SEGY/Migration/PR81-040b_migr.segy	9.7
https://walrus.wr.usgs.gov/namss/data/1981/namss.B-03-81-AT.mcs.airgun/Data/SEGY/Migration/PR81-042A_migr.segy	4.3
https://walrus.wr.usgs.gov/namss/data/1981/namss.B-03-81-AT.mcs.airgun/Data/SEGY/Migration/PR81-042b_migr.segy	23.2
https://walrus.wr.usgs.gov/namss/data/1981/namss.B-03-81-AT.mcs.airgun/Data/SEGY/Migration/PR81-044_migr.segy	17.2
https://walrus.wr.usgs.gov/namss/data/1981/namss.B-03-81-AT.mcs.airgun/Data/SEGY/Migration/PR81-044a_migr.segy	9.0
https://walrus.wr.usgs.gov/namss/data/1981/namss.B-03-81-AT.mcs.airgun/Data/SEGY/Migration/PR81-044b_migr.segy	9.2
https://walrus.wr.usgs.gov/namss/data/1981/namss.B-03-81-AT.mcs.airgun/Data/SEGY/Migration/PR81-046_migr.segy	8.5
https://walrus.wr.usgs.gov/namss/data/1981/namss.B-03-81-AT.mcs.airgun/Data/SEGY/Migration/PR81-048A_migr.segy	2.7
https://walrus.wr.usgs.gov/namss/data/1981/namss.B-03-81-AT.mcs.airgun/Data/SEGY/Migration/PR81-048_migr.segy	24.8
https://walrus.wr.usgs.gov/namss/data/1981/namss.B-03-81-AT.mcs.airgun/Data/SEGY/Migration/PR81-071_migr.segy	8.2
https://walrus.wr.usgs.gov/namss/data/1981/namss.B-03-81-AT.mcs.airgun/Data/SEGY/Migration/PR81-073_migr.segy	5.1
https://walrus.wr.usgs.gov/namss/data/1981/namss.B-03-81-AT.mcs.airgun/Data/SEGY/Migration/PR81-075_migr.segy	8.1
https://walrus.wr.usgs.gov/namss/data/1981/namss.B-03-81-AT.mcs.airgun/Data/SEGY/Migration/PR81-077_migr.segy	8.1
https://walrus.wr.usgs.gov/namss/data/1981/namss.B-03-81-AT.mcs.airgun/Data/SEGY/Migration/PR81-079_migr.segy	6.7
https://walrus.wr.usgs.gov/namss/data/1981/namss.B-03-81-AT.mcs.airgun/Data/SEGY/Migration/PR81-083_migr.segy	7.3
https://walrus.wr.usgs.gov/namss/data/1981/namss.B-03-81-AT.mcs.airgun/Data/SEGY/Migration/PR81-087A_migr.segy	3.7
https://walrus.wr.usgs.gov/namss/data/1981/namss.B-03-81-AT.mcs.airgun/Data/SEGY/Migration/PR81-087_migr.segy	2.6
https://walrus.wr.usgs.gov/namss/data/1981/namss.B-03-81-AT.mcs.airgun/Data/SEGY/Migration/PR81-093_migr.segy	4.7
https://walrus.wr.usgs.gov/namss/data/1981/namss.B-03-81-AT.mcs.airgun/Data/SEGY/Migration/PR81-103A_migr.segy	4.0
https://walrus.wr.usgs.gov/namss/data/1981/namss.B-03-81-AT.mcs.airgun/Data/SEGY/Migration/PR81-105_migr.segy	3.1
https://walrus.wr.usgs.gov/namss/data/1981/namss.B-03-81-AT.mcs.airgun/Data/SEGY/Migration/PR81-107A_migr.segy	3.7
https://walrus.wr.usgs.gov/namss/data/1981/namss.B-03-81-AT.mcs.airgun/Data/SEGY/Migration/PR81-107_migr.segy	2.7
https://walrus.wr.usgs.gov/namss/data/1981/namss.B-03-81-AT.mcs.airgun/Data/SEGY/Migration/PR81-111_migr.segy	12.3
https://walrus.wr.usgs.gov/namss/data/1981/namss.B-03-81-AT.mcs.airgun/Data/SEGY/Migration/PR81-113_migr.segy	8.3
https://walrus.wr.usgs.gov/namss/data/1981/namss.B-03-81-AT.mcs.airgun/Data/SEGY/Migration/PR81-115A_migr.segy	10.0
https://walrus.wr.usgs.gov/namss/data/1981/namss.B-03-81-AT.mcs.airgun/Data/SEGY/Migration/PR81-115B_migr.segy	1.6
https://walrus.wr.usgs.gov/namss/data/1981/namss.B-03-81-AT.mcs.airgun/Data/SEGY/Migration/PR81-115_migr.segy	3.1
https://walrus.wr.usgs.gov/namss/data/1981/namss.B-03-81-AT.mcs.airgun/Data/SEGY/Migration/PR81-117_migr.segy	4.6
https://walrus.wr.usgs.gov/namss/data/1981/namss.B-03-81-AT.mcs.airgun/Data/SEGY/Migration/PR81-119_migr.segy	9.1
https://walrus.wr.usgs.gov/namss/data/1981/namss.B-03-81-AT.mcs.airgun/Data/SEGY/Migration/PR81-121A_migr.segy	8.9
https://walrus.wr.usgs.gov/namss/data/1981/namss.B-03-81-AT.mcs.airgun/Data/SEGY/Migration/PR81-123_migr.segy	10.4
https://walrus.wr.usgs.gov/namss/data/1981/namss.B-03-81-AT.mcs.airgun/Data/SEGY/Migration/PR81-123a_migr.segy	7.5
https://walrus.wr.usgs.gov/namss/data/1981/namss.B-03-81-AT.mcs.airgun/Data/SEGY/Migration/PR81-125C_migr.segy	4.0
https://walrus.wr.usgs.gov/namss/data/1981/namss.B-03-81-AT.mcs.airgun/Data/SEGY/Migration/PR81-125_migr.segy	10.7
https://walrus.wr.usgs.gov/namss/data/1981/namss.B-03-81-AT.mcs.airgun/Data/SEGY/Migration/PR81-125d_migr.segy	4.3
https://walrus.wr.usgs.gov/namss/data/1981/namss.B-03-81-AT.mcs.airgun/Data/SEGY/Migration/PR81-127_migr.segy	12.8
https://walrus.wr.usgs.gov/namss/data/1981/namss.B-03-81-AT.mcs.airgun/Data/SEGY/Migration/PR81-127a_migr.segy	4.7
https://walrus.wr.usgs.gov/namss/data/1981/namss.B-03-81-AT.mcs.airgun/Data/SEGY/Migration/PR81-129_migr.segy	13.1
https://walrus.wr.usgs.gov/namss/data/1981/namss.B-03-81-AT.mcs.airgun/Data/SEGY/Migration/PR81-129b_migr.segy	3.8
https://walrus.wr.usgs.gov/namss/data/1981/namss.B-03-81-AT.mcs.airgun/Data/SEGY/Migration/PR81-131_migr.segy	16.9
https://walrus.wr.usgs.gov/namss/data/1981/namss.B-03-81-AT.mcs.airgun/Data/SEGY/Migration/PR81-133A_migr.segy	7.9
https://walrus.wr.usgs.gov/namss/data/1981/namss.B-03-81-AT.mcs.airgun/Data/SEGY/Migration/PR81-133_migr.segy	7.8
https://walrus.wr.usgs.gov/namss/data/1981/namss.B-03-81-AT.mcs.airgun/Data/SEGY/Migration/PR81-133b_migr.segy	2.4
https://walrus.wr.usgs.gov/namss/data/1981/namss.B-03-81-AT.mcs.airgun/Data/SEGY/Migration/PR81-135_migr.segy	17.0
https://walrus.wr.usgs.gov/namss/data/1981/namss.B-03-81-AT.mcs.airgun/Data/SEGY/Migration/PR81-137_migr.segy	13.1
https://walrus.wr.usgs.gov/namss/data/1981/namss.B-03-81-AT.mcs.airgun/Data/SEGY/Migration/PR81-137a_migr.segy	2.8
https://walrus.wr.usgs.gov/namss/data/1981/namss.B-03-81-AT.mcs.airgun/Data/SEGY/Migration/PR81-137b_migr.segy	3.7
https://walrus.wr.usgs.gov/namss/data/1981/namss.B-03-81-AT.mcs.airgun/Data/SEGY/Migration/PR81-139B_migr.segy	3.8
https://walrus.wr.usgs.gov/namss/data/1981/namss.B-03-81-AT.mcs.airgun/Data/SEGY/Migration/PR81-139_migr.segy	8.0
https://walrus.wr.usgs.gov/namss/data/1981/namss.B-03-81-AT.mcs.airgun/Data/SEGY/Migration/PR81-139a_migr.segy	7.6
https://walrus.wr.usgs.gov/namss/data/1981/namss.B-03-81-AT.mcs.airgun/Data/SEGY/Migration/PR81-141A_migr.segy	6.1
https://walrus.wr.usgs.gov/namss/data/1981/namss.B-03-81-AT.mcs.airgun/Data/SEGY/Migration/PR81-141_migr.segy	12.9
https://walrus.wr.usgs.gov/namss/data/1981/namss.B-03-81-AT.mcs.airgun/Data/SEGY/Migration/PR81-143A_migr.segy	7.4
https://walrus.wr.usgs.gov/namss/data/1981/namss.B-03-81-AT.mcs.airgun/Data/SEGY/Migration/PR81-143_migr.segy	10.8
https://walrus.wr.usgs.gov/namss/data/1981/namss.B-03-81-AT.mcs.airgun/Data/SEGY/Migration/PR81-145_migr.segy	4.5
https://walrus.wr.usgs.gov/namss/data/1981/namss.B-03-81-AT.mcs.airgun/Data/SEGY/Migration/PR81-147_migr.segy	17.4
https://walrus.wr.usgs.gov/namss/data/1981/namss.B-03-81-AT.mcs.airgun/Data/SEGY/Migration/PR81-149A_migr.segy	6.3
https://walrus.wr.usgs.gov/namss/data/1981/namss.B-03-81-AT.mcs.airgun/Data/SEGY/Migration/PR81-149_migr.segy	4.2
https://walrus.wr.usgs.gov/namss/data/1981/namss.B-03-81-AT.mcs.airgun/Data/SEGY/Migration/PR81-151A_migr.segy	3.8
https://walrus.wr.usgs.gov/namss/data/1981/namss.B-03-81-AT.mcs.airgun/Data/SEGY/Migration/PR81-151_migr.segy	4.6
https://walrus.wr.usgs.gov/namss/data/1981/namss.B-03-81-AT.mcs.airgun/Data/SEGY/Migration/PR81-153_migr.segy	5.4
https://walrus.wr.usgs.gov/namss/data/1981/namss.B-03-81-AT.mcs.airgun/Data/SEGY/Migration/PR81-155A_migr.segy	4.8
https://walrus.wr.usgs.gov/namss/data/1981/namss.B-03-81-AT.mcs.airgun/Data/SEGY/Migration/PR81-155_migr.segy	3.6
https://walrus.wr.usgs.gov/namss/data/1981/namss.B-03-81-AT.mcs.airgun/Data/SEGY/Migration/PR81-157_migr.segy	5.4
https://walrus.wr.usgs.gov/namss/data/1981/namss.B-03-81-AT.mcs.airgun/Data/SEGY/Migration/PR81-159A_migr.segy	3.6
https://walrus.wr.usgs.gov/namss/data/1981/namss.B-03-81-AT.mcs.airgun/Data/SEGY/Migration/PR81-159_migr.segy	4.1
https://walrus.wr.usgs.gov/namss/data/1981/namss.B-03-81-AT.mcs.airgun/Data/SEGY/Migration/PR81-161_migr.segy	5.8
https://walrus.wr.usgs.gov/namss/data/1981/namss.B-03-81-AT.mcs.airgun/Data/SEGY/Migration/PR81-163A_migr.segy	4.1
https://walrus.wr.usgs.gov/namss/data/1981/namss.B-03-81-AT.mcs.airgun/Data/SEGY/Migration/PR81-163_migr.segy	5.6
https://walrus.wr.usgs.gov/namss/data/1981/namss.B-03-81-AT.mcs.airgun/Data/SEGY/Migration/PR81-165_migr.segy	9.3
https://walrus.wr.usgs.gov/namss/data/1981/namss.B-03-81-AT.mcs.airgun/Data/SEGY/Migration/PR81-167A_migr.segy	6.7
https://walrus.wr.usgs.gov/namss/data/1981/namss.B-03-81-AT.mcs.airgun/Data/SEGY/Migration/PR81-167_migr.segy	3.7
https://walrus.wr.usgs.gov/namss/data/1981/namss.B-03-81-AT.mcs.airgun/Data/SEGY/Migration/PR81-169_migr.segy	9.3
https://walrus.wr.usgs.gov/namss/data/1981/namss.B-03-81-AT.mcs.airgun/Data/SEGY/Migration/PR81-171_migr.segy	8.3
https://walrus.wr.usgs.gov/namss/data/1981/namss.B-03-81-AT.mcs.airgun/Data/SEGY/Migration/PR81-173A_migr.segy	5.7
https://walrus.wr.usgs.gov/namss/data/1981/namss.B-03-81-AT.mcs.airgun/Data/SEGY/Migration/PR81-173_migr.segy	3.8
https://walrus.wr.usgs.gov/namss/data/1981/namss.B-03-81-AT.mcs.airgun/Data/SEGY/Migration/PR81-175A_migr.segy	3.1
https://walrus.wr.usgs.gov/namss/data/1981/namss.B-03-81-AT.mcs.airgun/Data/SEGY/Migration/PR81-175_migr.segy	6.4
https://walrus.wr.usgs.gov/namss/data/1981/namss.B-03-81-AT.mcs.airgun/Data/SEGY/Migration/PR81-177_migr.segy	4.4
https://walrus.wr.usgs.gov/namss/data/1981/namss.B-03-81-AT.mcs.airgun/Data/SEGY/Migration/PR81-179A_migr.segy	7.6
https://walrus.wr.usgs.gov/namss/data/1981/namss.B-03-81-AT.mcs.airgun/Data/SEGY/Migration/PR81-179_migr.segy	1.9
https://walrus.wr.usgs.gov/namss/data/1981/namss.B-03-81-AT.mcs.airgun/Data/SEGY/Migration/PR81-191_migr.segy	8.3
https://walrus.wr.usgs.gov/namss/data/1981/namss.B-03-81-AT.mcs.airgun/Data/SEGY/Migration/PR81-193_migr.segy	3.7
https://walrus.wr.usgs.gov/namss/data/1981/namss.B-03-81-AT.mcs.airgun/Data/SEGY/Migration/PR81-193a_migr.segy	5.4
https://walrus.wr.usgs.gov/namss/data/1981/namss.B-03-81-AT.mcs.airgun/Data/SEGY/Migration/PR81-195_migr.segy	8.3
https://walrus.wr.usgs.gov/namss/data/1981/namss.B-03-81-AT.mcs.airgun/Data/SEGY/Migration/PR81-197_migr.segy	8.2
https://walrus.wr.usgs.gov/namss/data/1981/namss.B-03-81-AT.mcs.airgun/Data/SEGY/Migration/PR81-199_migr.segy	8.2
https://walrus.wr.usgs.gov/namss/data/1981/namss.B-03-81-AT.mcs.airgun/Data/SEGY/Migration/PR81-201_migr.segy	8.2
https://walrus.wr.usgs.gov/namss/data/1981/namss.B-03-81-AT.mcs.airgun/Data/SEGY/Migration/PR81-203_migr.segy	8.2
https://walrus.wr.usgs.gov/namss/data/1981/namss.B-03-81-AT.mcs.airgun/Data/SEGY/Migration/PR81-205_migr.segy	8.3
https://walrus.wr.usgs.gov/namss/data/1981/namss.B-03-81-AT.mcs.airgun/Data/SEGY/Migration/PR81-207_migr.segy	8.3
https://walrus.wr.usgs.gov/namss/data/1981/namss.B-03-81-AT.mcs.airgun/Data/SEGY/Migration/PR81-209A_migr.segy	6.7
https://walrus.wr.usgs.gov/namss/data/1981/namss.B-03-81-AT.mcs.airgun/Data/SEGY/Migration/PR81-209_migr.segy	3.1
https://walrus.wr.usgs.gov/namss/data/1981/namss.B-03-81-AT.mcs.airgun/Data/SEGY/Migration/PR81-211_migr.segy	8.3
https://walrus.wr.usgs.gov/namss/data/1981/namss.B-03-81-AT.mcs.airgun/Data/SEGY/Migration/PR81-213_migr.segy	8.3
https://walrus.wr.usgs.gov/namss/data/1981/namss.B-03-81-AT.mcs.airgun/Data/SEGY/Migration/PR81-215_migr.segy	8.3
https://walrus.wr.usgs.gov/namss/data/1981/namss.B-03-81-AT.mcs.airgun/Data/SEGY/Migration/PR81-217_migr.segy	5.8
https://walrus.wr.usgs.gov/namss/data/1981/namss.B-03-81-AT.mcs.airgun/Data/SEGY/Migration/PR81-219_migr.segy	8.3
https://walrus.wr.usgs.gov/namss/data/1981/namss.B-03-81-AT.mcs.airgun/Data/SEGY/Migration/PR81-221_migr.segy	3.3
https://walrus.wr.usgs.gov/namss/data/1981/namss.B-03-81-AT.mcs.airgun/Data/SEGY/Migration/PR81-223_migr.segy	3.7
https://walrus.wr.usgs.gov/namss/data/1981/namss.B-03-81-AT.mcs.airgun/Data/SEGY/Migration/PR81-225_migr.segy	4.6
https://walrus.wr.usgs.gov/namss/data/1981/namss.B-03-81-AT.mcs.airgun/Data/SEGY/Migration/PR81-227_migr.segy	5.6
https://walrus.wr.usgs.gov/namss/data/1981/namss.B-03-81-AT.mcs.airgun/Data/SEGY/Migration/PR81-229_migr.segy	5.1
https://walrus.wr.usgs.gov/namss/data/1981/namss.B-03-81-AT.mcs.airgun/Data/SEGY/Migration/PR81-231A_migr.segy	2.5
https://walrus.wr.usgs.gov/namss/data/1981/namss.B-03-81-AT.mcs.airgun/Data/SEGY/Migration/PR81-231_migr.segy	5.7
https://walrus.wr.usgs.gov/namss/data/1981/namss.B-03-81-AT.mcs.airgun/Data/SEGY/Migration/PR81-233_migr.segy	6.0
https://walrus.wr.usgs.gov/namss/data/1981/namss.B-03-81-AT.mcs.airgun/Data/SEGY/Migration/PR81-235_migr.segy	5.1
https://walrus.wr.usgs.gov/namss/data/1981/namss.B-03-81-AT.mcs.airgun/Data/SEGY/Migration/PR81-237_migr.segy	4.1
https://walrus.wr.usgs.gov/namss/data/1981/namss.B-03-81-AT.mcs.airgun/Data/SEGY/Migration/PR81-239_migr.segy	5.0
https://walrus.wr.usgs.gov/namss/data/1981/namss.B-03-81-AT.mcs.airgun/Data/SEGY/Migration/PR81-241_migr.segy	4.6
https://walrus.wr.usgs.gov/namss/data/1981/namss.B-03-81-AT.mcs.airgun/Data/SEGY/Migration/PR81-243_migr.segy	4.6
https://walrus.wr.usgs.gov/namss/data/1981/namss.B-03-81-AT.mcs.airgun/Data/SEGY/Migration/PR81-245_migr.segy	5.1
https://walrus.wr.usgs.gov/namss/data/1981/namss.B-03-81-AT.mcs.airgun/Data/SEGY/Migration/PR81-247_migr.segy	5.1
https://walrus.wr.usgs.gov/namss/data/1981/namss.B-03-81-AT.mcs.airgun/Data/SEGY/Migration/PR81-249_migr.segy	5.0
https://walrus.wr.usgs.gov/namss/data/1981/namss.B-03-81-AT.mcs.airgun/Data/SEGY/Migration/PR81-251_migr.segy	5.5
https://walrus.wr.usgs.gov/namss/data/1981/namss.B-03-81-AT.mcs.airgun/Data/SEGY/Migration/PR81-253_migr.segy	4.0
https://walrus.wr.usgs.gov/namss/data/1981/namss.B-03-81-AT.mcs.airgun/Data/SEGY/Migration/PR81-255_migr.segy	5.4
https://walrus.wr.usgs.gov/namss/data/1981/namss.B-03-81-AT.mcs.airgun/Data/SEGY/Migration/PR81-257_migr.segy	4.6
https://walrus.wr.usgs.gov/namss/data/1981/namss.B-03-81-AT.mcs.airgun/Data/SEGY/Migration/PR81-259_migr.segy	3.8
https://walrus.wr.usgs.gov/namss/data/1981/namss.B-03-81-AT.mcs.airgun/Data/SEGY/Migration/PR81-259a_migr.segy	3.1
https://walrus.wr.usgs.gov/namss/data/1981/namss.B-03-81-AT.mcs.airgun/Data/SEGY/Migration/PR81-261_migr.segy	4.8
https://walrus.wr.usgs.gov/namss/data/1981/namss.B-03-81-AT.mcs.airgun/Data/SEGY/Migration/PR81-263_migr.segy	8.2
https://walrus.wr.usgs.gov/namss/data/1981/namss.B-03-81-AT.mcs.airgun/Data/SEGY/Migration/PR81-265_migr.segy	5.2
https://walrus.wr.usgs.gov/namss/data/1981/namss.B-03-81-AT.mcs.airgun/Data/SEGY/Migration/PR81-267_migr.segy	7.2
https://walrus.wr.usgs.gov/namss/data/1981/namss.B-03-81-AT.mcs.airgun/Data/SEGY/Migration/PR81-269_migr.segy	5.7
https://walrus.wr.usgs.gov/namss/data/1981/namss.B-03-81-AT.mcs.airgun/Data/SEGY/Migration/PR81-271_migr.segy	6.6
https://walrus.wr.usgs.gov/namss/data/1981/namss.B-03-81-AT.mcs.airgun/Data/SEGY/Migration/PR81-273A_migr.segy	5.9
https://walrus.wr.usgs.gov/namss/data/1981/namss.B-03-81-AT.mcs.airgun/Data/SEGY/Migration/PR81-273_migr.segy	1.6
https://walrus.wr.usgs.gov/namss/data/1981/namss.B-03-81-AT.mcs.airgun/Data/SEGY/Migration/PR81-275_migr.segy	6.9
https://walrus.wr.usgs.gov/namss/data/1981/namss.B-03-81-AT.mcs.airgun/Data/SEGY/Migration/PR81-277_migr.segy	5.9
https://walrus.wr.usgs.gov/namss/data/1981/namss.B-03-81-AT.mcs.airgun/Data/SEGY/Migration/PR81-279_migr.segy	7.0
https://walrus.wr.usgs.gov/namss/data/1981/namss.B-03-81-AT.mcs.airgun/Data/SEGY/Migration/PR81-281A_migr.segy	6.2
https://walrus.wr.usgs.gov/namss/data/1981/namss.B-03-81-AT.mcs.airgun/Data/SEGY/Migration/PR81-283_migr.segy	6.9
https://walrus.wr.usgs.gov/namss/data/1981/namss.B-03-81-AT.mcs.airgun/Data/SEGY/Migration/PR81-285_migr.segy	5.9
https://walrus.wr.usgs.gov/namss/data/1981/namss.B-03-81-AT.mcs.airgun/Data/SEGY/Migration/PR81-287_migr.segy	5.4
https://walrus.wr.usgs.gov/namss/data/1981/namss.B-03-81-AT.mcs.airgun/Data/SEGY/Migration/PR81-289_migr.segy	7.0
https://walrus.wr.usgs.gov/namss/data/1981/namss.B-03-81-AT.mcs.airgun/Data/SEGY/Migration/PR81-291_migr.segy	5.0
https://walrus.wr.usgs.gov/namss/data/1981/namss.B-03-81-AT.mcs.airgun/Data/SEGY/Migration/PR81-293_migr.segy	6.3
https://walrus.wr.usgs.gov/namss/data/1981/namss.B-03-81-AT.mcs.airgun/Data/SEGY/Migration/PR81-295_migr.segy	5.9
https://walrus.wr.usgs.gov/namss/data/1981/namss.B-03-81-AT.mcs.airgun/Data/SEGY/Migration/PR81-297_migr.segy	6.2
https://walrus.wr.usgs.gov/namss/data/1981/namss.B-03-81-AT.mcs.airgun/Data/SEGY/Migration/PR81-299_migr.segy	1.9
https://walrus.wr.usgs.gov/namss/data/1981/namss.B-03-81-AT.mcs.airgun/Data/SEGY/Migration/PR81-299a_migr.segy	5.9
https://walrus.wr.usgs.gov/namss/data/1981/namss.B-03-81-AT.mcs.airgun/Data/SEGY/Migration/PR81-301_migr.segy	6.8
https://walrus.wr.usgs.gov/namss/data/1981/namss.B-03-81-AT.mcs.airgun/Data/SEGY/Migration/PR81-303_migr.segy	6.9
https://walrus.wr.usgs.gov/namss/data/1981/namss.B-03-81-AT.mcs.airgun/Data/SEGY/Migration/PR81-305_migr.segy	7.0
https://walrus.wr.usgs.gov/namss/data/1981/namss.B-03-81-AT.mcs.airgun/Data/SEGY/Migration/PR81-307_migr.segy	6.9
https://walrus.wr.usgs.gov/namss/data/1981/namss.B-03-81-AT.mcs.airgun/Data/SEGY/Migration/PR81-309_migr.segy	6.9
https://walrus.wr.usgs.gov/namss/data/1981/namss.B-03-81-AT.mcs.airgun/Data/SEGY/Migration/PR81-311_migr.segy	6.9
https://walrus.wr.usgs.gov/namss/data/1981/namss.B-03-81-AT.mcs.airgun/Data/SEGY/Migration/PR81-313_migr.segy	6.9
https://walrus.wr.usgs.gov/namss/data/1981/namss.B-03-81-AT.mcs.airgun/Data/SEGY/Migration/PR81-315_migr.segy	4.1
https://walrus.wr.usgs.gov/namss/data/1981/namss.B-03-81-AT.mcs.airgun/Data/SEGY/Migration/PR81-315a_migr.segy	4.0
https://walrus.wr.usgs.gov/namss/data/1981/namss.B-03-81-AT.mcs.airgun/Data/SEGY/Migration/PR81-317_migr.segy	4.7
https://walrus.wr.usgs.gov/namss/data/1981/namss.B-03-81-AT.mcs.airgun/Data/SEGY/Migration/PR81-317a_migr.segy	3.1
https://walrus.wr.usgs.gov/namss/data/1981/namss.B-03-81-AT.mcs.airgun/Data/SEGY/Migration/PR81-319_migr.segy	2.9
https://walrus.wr.usgs.gov/namss/data/1981/namss.B-03-81-AT.mcs.airgun/Data/SEGY/Migration/PR81-319a_migr.segy	5.1
https://walrus.wr.usgs.gov/namss/data/1981/namss.B-03-81-AT.mcs.airgun/Data/SEGY/Migration/PR81-321_migr.segy	3.1
https://walrus.wr.usgs.gov/namss/data/1981/namss.B-03-81-AT.mcs.airgun/Data/SEGY/Migration/PR81-321a_migr.segy	4.6
https://walrus.wr.usgs.gov/namss/data/1981/namss.B-03-81-AT.mcs.airgun/Data/SEGY/Migration/PR81-323_migr.segy	3.2
https://walrus.wr.usgs.gov/namss/data/1981/namss.B-03-81-AT.mcs.airgun/Data/SEGY/Migration/PR81-323a_migr.segy	4.9
https://walrus.wr.usgs.gov/namss/data/1981/namss.B-03-81-AT.mcs.airgun/Data/SEGY/Migration/PR81-325_migr.segy	3.1
https://walrus.wr.usgs.gov/namss/data/1981/namss.B-03-81-AT.mcs.airgun/Data/SEGY/Migration/PR81-325a_migr.segy	4.6
https://walrus.wr.usgs.gov/namss/data/1981/namss.B-03-81-AT.mcs.airgun/Data/SEGY/Migration/PR81-327_migr.segy	2.9
https://walrus.wr.usgs.gov/namss/data/1981/namss.B-03-81-AT.mcs.airgun/Data/SEGY/Migration/PR81-327a_migr.segy	4.8
https://walrus.wr.usgs.gov/namss/data/1981/namss.B-03-81-AT.mcs.airgun/Data/SEGY/Migration/PR81-329_migr.segy	3.0
https://walrus.wr.usgs.gov/namss/data/1981/namss.B-03-81-AT.mcs.airgun/Data/SEGY/Migration/PR81-329a_migr.segy	2.9
https://walrus.wr.usgs.gov/namss/data/1981/namss.B-03-81-AT.mcs.airgun/Data/SEGY/Migration/PR81-331_migr.segy	2.2
https://walrus.wr.usgs.gov/namss/data/1981/namss.B-03-81-AT.mcs.airgun/Data/SEGY/Migration/PR81-331a_migr.segy	5.6
https://walrus.wr.usgs.gov/namss/data/1981/namss.B-03-81-AT.mcs.airgun/Data/SEGY/Migration/PR81-333_migr.segy	2.5
https://walrus.wr.usgs.gov/namss/data/1981/namss.B-03-81-AT.mcs.airgun/Data/SEGY/Migration/PR81-333a_migr.segy	7.1
https://walrus.wr.usgs.gov/namss/data/1981/namss.B-03-81-AT.mcs.airgun/Data/SEGY/Migration/PR81-335_migr.segy	2.6
https://walrus.wr.usgs.gov/namss/data/1981/namss.B-03-81-AT.mcs.airgun/Data/SEGY/Migration/PR81-335a_migr.segy	4.3
https://walrus.wr.usgs.gov/namss/data/1981/namss.B-03-81-AT.mcs.airgun/Data/SEGY/Migration/PR81-337_migr.segy	3.9
https://walrus.wr.usgs.gov/namss/data/1981/namss.B-03-81-AT.mcs.airgun/Data/SEGY/Migration/PR81-337a_migr.segy	3.1
https://walrus.wr.usgs.gov/namss/data/1981/namss.B-03-81-AT.mcs.airgun/Data/SEGY/Migration/PR81-339_migr.segy	2.9
https://walrus.wr.usgs.gov/namss/data/1981/namss.B-03-81-AT.mcs.airgun/Data/SEGY/Migration/PR81-339a_migr.segy	4.0
https://walrus.wr.usgs.gov/namss/data/1981/namss.B-03-81-AT.mcs.airgun/Data/SEGY/Migration/PR81-341_migr.segy	3.5
https://walrus.wr.usgs.gov/namss/data/1981/namss.B-03-81-AT.mcs.airgun/Data/SEGY/Migration/PR81-341a_migr.segy	6.2
https://walrus.wr.usgs.gov/namss/data/1981/namss.B-03-81-AT.mcs.airgun/Data/SEGY/Migration/PR81-343_migr.segy	3.9
https://walrus.wr.usgs.gov/namss/data/1981/namss.B-03-81-AT.mcs.airgun/Data/SEGY/Migration/PR81-343a_migr.segy	3.0
https://walrus.wr.usgs.gov/namss/data/1981/namss.B-03-81-AT.mcs.airgun/Data/SEGY/Migration/PR81-345_migr.segy	2.8
https://walrus.wr.usgs.gov/namss/data/1981/namss.B-03-81-AT.mcs.airgun/Data/SEGY/Migration/PR81-345a_migr.segy	4.9
https://walrus.wr.usgs.gov/namss/data/1981/namss.B-03-81-AT.mcs.airgun/Data/SEGY/Migration/PR81-347_migr.segy	4.3
https://walrus.wr.usgs.gov/namss/data/1981/namss.B-03-81-AT.mcs.airgun/Data/SEGY/Migration/PR81-347a_migr.segy	4.3
https://walrus.wr.usgs.gov/namss/data/1981/namss.B-03-81-AT.mcs.airgun/Data/SEGY/Migration/PR81-349_migr.segy	3.0
https://walrus.wr.usgs.gov/namss/data/1981/namss.B-03-81-AT.mcs.airgun/Data/SEGY/Migration/PR81-349a_migr.segy	1.3
https://walrus.wr.usgs.gov/namss/data/1981/namss.B-03-81-AT.mcs.airgun/Data/SEGY/Migration/PR81-349b_migr.segy	3.2
https://walrus.wr.usgs.gov/namss/data/1981/namss.B-03-81-AT.mcs.airgun/Data/SEGY/Migration/PR81-351_migr.segy	5.5
https://walrus.wr.usgs.gov/namss/data/1981/namss.B-03-81-AT.mcs.airgun/Data/SEGY/Migration/PR81-353_migr.segy	6.2
https://walrus.wr.usgs.gov/namss/data/1981/namss.B-03-81-AT.mcs.airgun/Data/SEGY/Migration/PR81-355_migr.segy	6.2
https://walrus.wr.usgs.gov/namss/data/1981/namss.B-03-81-AT.mcs.airgun/Data/SEGY/Migration/PR81-357_migr.segy	6.1
https://walrus.wr.usgs.gov/namss/data/1981/namss.B-03-81-AT.mcs.airgun/Data/SEGY/Migration/PR81-359_migr.segy	5.1
https://walrus.wr.usgs.gov/namss/data/1981/namss.B-03-81-AT.mcs.airgun/Data/SEGY/Migration/PR81-361_migr.segy	8.1
https://walrus.wr.usgs.gov/namss/data/1981/namss.B-03-81-AT.mcs.airgun/Data/SEGY/Migration/PR81-363_migr.segy	5.1
https://walrus.wr.usgs.gov/namss/data/1981/namss.B-03-81-AT.mcs.airgun/Data/SEGY/Migration/PR81-365_migr.segy	5.1
https://walrus.wr.usgs.gov/namss/data/1981/namss.B-03-81-AT.mcs.airgun/Data/SEGY/Migration/PR81-367_migr.segy	4.5
https://walrus.wr.usgs.gov/namss/data/1981/namss.B-03-81-AT.mcs.airgun/Data/SEGY/Migration/PR81-369_migr.segy	5.1
https://walrus.wr.usgs.gov/namss/data/1981/namss.B-03-81-AT.mcs.airgun/Data/SEGY/Migration/PR81-371_migr.segy	5.1
https://walrus.wr.usgs.gov/namss/data/1981/namss.B-03-81-AT.mcs.airgun/Data/SEGY/Migration/PR81-373_migr.segy	4.7
https://walrus.wr.usgs.gov/namss/data/1981/namss.B-03-81-AT.mcs.airgun/Data/SEGY/Stack/PR81-006B_stk.segy	8.3
https://walrus.wr.usgs.gov/namss/data/1981/namss.B-03-81-AT.mcs.airgun/Data/SEGY/Stack/PR81-006C_stk.segy	5.6
https://walrus.wr.usgs.gov/namss/data/1981/namss.B-03-81-AT.mcs.airgun/Data/SEGY/Stack/PR81-006D_stk.segy	4.4
https://walrus.wr.usgs.gov/namss/data/1981/namss.B-03-81-AT.mcs.airgun/Data/SEGY/Stack/PR81-008A_stk.segy	11.9
https://walrus.wr.usgs.gov/namss/data/1981/namss.B-03-81-AT.mcs.airgun/Data/SEGY/Stack/PR81-012_stk.segy	26.9
https://walrus.wr.usgs.gov/namss/data/1981/namss.B-03-81-AT.mcs.airgun/Data/SEGY/Stack/PR81-014_stk.segy	9.7
https://walrus.wr.usgs.gov/namss/data/1981/namss.B-03-81-AT.mcs.airgun/Data/SEGY/Stack/PR81-016_stk.segy	15.3
https://walrus.wr.usgs.gov/namss/data/1981/namss.B-03-81-AT.mcs.airgun/Data/SEGY/Stack/PR81-020_stk.segy	10.7
https://walrus.wr.usgs.gov/namss/data/1981/namss.B-03-81-AT.mcs.airgun/Data/SEGY/Stack/PR81-022_stk.segy	8.2
https://walrus.wr.usgs.gov/namss/data/1981/namss.B-03-81-AT.mcs.airgun/Data/SEGY/Stack/PR81-024_stk.segy	8.1
https://walrus.wr.usgs.gov/namss/data/1981/namss.B-03-81-AT.mcs.airgun/Data/SEGY/Stack/PR81-033A_stk.segy	6.1
https://walrus.wr.usgs.gov/namss/data/1981/namss.B-03-81-AT.mcs.airgun/Data/SEGY/Stack/PR81-033_stk.segy	10.8
https://walrus.wr.usgs.gov/namss/data/1981/namss.B-03-81-AT.mcs.airgun/Data/SEGY/Stack/PR81-034_stk.segy	6.7
https://walrus.wr.usgs.gov/namss/data/1981/namss.B-03-81-AT.mcs.airgun/Data/SEGY/Stack/PR81-035_stk.segy	7.1
https://walrus.wr.usgs.gov/namss/data/1981/namss.B-03-81-AT.mcs.airgun/Data/SEGY/Stack/PR81-036A_stk.segy	2.9
https://walrus.wr.usgs.gov/namss/data/1981/namss.B-03-81-AT.mcs.airgun/Data/SEGY/Stack/PR81-036_stk.segy	4.6
https://walrus.wr.usgs.gov/namss/data/1981/namss.B-03-81-AT.mcs.airgun/Data/SEGY/Stack/PR81-038A_stk.segy	2.5
https://walrus.wr.usgs.gov/namss/data/1981/namss.B-03-81-AT.mcs.airgun/Data/SEGY/Stack/PR81-038_stk.segy	11.5
https://walrus.wr.usgs.gov/namss/data/1981/namss.B-03-81-AT.mcs.airgun/Data/SEGY/Stack/PR81-040A_stk.segy	12.7
https://walrus.wr.usgs.gov/namss/data/1981/namss.B-03-81-AT.mcs.airgun/Data/SEGY/Stack/PR81-040B_stk.segy	9.7
https://walrus.wr.usgs.gov/namss/data/1981/namss.B-03-81-AT.mcs.airgun/Data/SEGY/Stack/PR81-040_stk.segy	10.8
https://walrus.wr.usgs.gov/namss/data/1981/namss.B-03-81-AT.mcs.airgun/Data/SEGY/Stack/PR81-042B_stk.segy	23.2
https://walrus.wr.usgs.gov/namss/data/1981/namss.B-03-81-AT.mcs.airgun/Data/SEGY/Stack/PR81-042_stk.segy	7.4
https://walrus.wr.usgs.gov/namss/data/1981/namss.B-03-81-AT.mcs.airgun/Data/SEGY/Stack/PR81-042a_stk.segy	4.3
https://walrus.wr.usgs.gov/namss/data/1981/namss.B-03-81-AT.mcs.airgun/Data/SEGY/Stack/PR81-044A_stk.segy	9.0
https://walrus.wr.usgs.gov/namss/data/1981/namss.B-03-81-AT.mcs.airgun/Data/SEGY/Stack/PR81-044_stk.segy	17.2
https://walrus.wr.usgs.gov/namss/data/1981/namss.B-03-81-AT.mcs.airgun/Data/SEGY/Stack/PR81-044b_stk.segy	9.2
https://walrus.wr.usgs.gov/namss/data/1981/namss.B-03-81-AT.mcs.airgun/Data/SEGY/Stack/PR81-048_stk.segy	24.8
https://walrus.wr.usgs.gov/namss/data/1981/namss.B-03-81-AT.mcs.airgun/Data/SEGY/Stack/PR81-095A_stk.segy	6.1
https://walrus.wr.usgs.gov/namss/data/1981/namss.B-03-81-AT.mcs.airgun/Data/SEGY/Stack/PR81-103_stk.segy	1.2
https://walrus.wr.usgs.gov/namss/data/1981/namss.B-03-81-AT.mcs.airgun/Data/SEGY/Stack/PR81-121_stk.segy	9.9
https://walrus.wr.usgs.gov/namss/data/1981/namss.B-03-81-AT.mcs.airgun/Data/SEGY/Stack/PR81-125A_stk.segy	1.1
https://walrus.wr.usgs.gov/namss/data/1981/namss.B-03-81-AT.mcs.airgun/Data/SEGY/Stack/PR81-125B_stk.segy	2.5
https://walrus.wr.usgs.gov/namss/data/1981/namss.B-03-81-AT.mcs.airgun/Data/SEGY/Stack/PR81-181_stk.segy	8.2
https://walrus.wr.usgs.gov/namss/data/1981/namss.B-03-81-AT.mcs.airgun/Data/SEGY/Stack/PR81-183_stk.segy	8.4
https://walrus.wr.usgs.gov/namss/data/1981/namss.B-03-81-AT.mcs.airgun/Data/SEGY/Stack/PR81-185_stk.segy	8.4
https://walrus.wr.usgs.gov/namss/data/1981/namss.B-03-81-AT.mcs.airgun/Data/SEGY/Stack/PR81-187_stk.segy	8.4
https://walrus.wr.usgs.gov/namss/data/1981/namss.B-03-81-AT.mcs.airgun/Data/SEGY/Stack/PR81-189_stk.segy	9.3
https://walrus.wr.usgs.gov/namss/data/1981/namss.B-03-81-AT.mcs.airgun/Data/SEGY/Stack/PR81-281_stk.segy	1.5
https://walrus.wr.usgs.gov/namss/data/1981/namss.B-03-81-AT.mcs.airgun/Data/SEGY/Stack/PR81-329B_stk.segy	3.6
https://walrus.wr.usgs.gov/namss/data/1981/namss.B-03-81-AT.mcs.airgun/Data/SEGY/Stack/PR81-329_stk.segy	3.0
https://walrus.wr.usgs.gov/namss/data/1981/namss.B-03-81-AT.mcs.airgun/Images/ATL06-1_MAP.pdf	0.1311
https://walrus.wr.usgs.gov/namss/data/1981/namss.B-03-81-AT.mcs.airgun/Images/ATL07-2_MAP.pdf	0.1325
https://walrus.wr.usgs.gov/namss/data/1981/namss.B-03-81-AT.mcs.airgun/Images/ATLSEGY11-10a.pdf	0.1621
https://walrus.wr.usgs.gov/namss/data/1981/namss.B-03-81-AT.mcs.airgun/Navigation/E03-81-D.segp1	1.1
https://walrus.wr.usgs.gov/namss/data/1981/namss.B-03-81-AT.mcs.airgun/Navigation/E03-81.segp1	1.6
https://walrus.wr.usgs.gov/namss/data/1981/namss.B-03-81-AT.mcs.airgun/Navigation/E03-81_migr.segp1	1.0001
https://walrus.wr.usgs.gov/namss/data/1981/namss.B-03-81-AT.mcs.airgun/Navigation/E03-81_stk.segp1	0.2742
https://walrus.wr.usgs.gov/namss/data/1981/namss.B-03-81-AT.mcs.airgun/Velocity/PR81-012.geo	0.0055
https://walrus.wr.usgs.gov/namss/data/1981/namss.B-03-81-AT.mcs.airgun/Velocity/PR81-014.geo	0.0015
https://walrus.wr.usgs.gov/namss/data/1981/namss.B-03-81-AT.mcs.airgun/Velocity/PR81-014A.geo	0.0037
https://walrus.wr.usgs.gov/namss/data/1981/namss.B-03-81-AT.mcs.airgun/Velocity/PR81-016.geo	0.0025
https://walrus.wr.usgs.gov/namss/data/1981/namss.B-03-81-AT.mcs.airgun/Velocity/PR81-024.geo	0.0013000000000000002
https://walrus.wr.usgs.gov/namss/data/1981/namss.B-03-81-AT.mcs.airgun/Velocity/PR81-036.geo	0.0013000000000000002
https://walrus.wr.usgs.gov/namss/data/1981/namss.B-03-81-AT.mcs.airgun/Velocity/PR81-040B.geo	0.004200000000000001
https://walrus.wr.usgs.gov/namss/data/1981/namss.B-03-81-AT.mcs.airgun/Velocity/PR81-042A.geo	0.0014
https://walrus.wr.usgs.gov/namss/data/1981/namss.B-03-81-AT.mcs.airgun/Velocity/PR81-042B.geo	0.004900000000000001
https://walrus.wr.usgs.gov/namss/data/1981/namss.B-03-81-AT.mcs.airgun/Velocity/PR81-044.geo	0.0034
https://walrus.wr.usgs.gov/namss/data/1981/namss.B-03-81-AT.mcs.airgun/Velocity/PR81-044A.geo	0.0018000000000000002
https://walrus.wr.usgs.gov/namss/data/1981/namss.B-03-81-AT.mcs.airgun/Velocity/PR81-044B.geo	0.0017
https://walrus.wr.usgs.gov/namss/data/1981/namss.B-03-81-AT.mcs.airgun/Velocity/PR81-048.geo	0.004
