https://walrus.wr.usgs.gov/namss/data/1977/namss.B-15-77-AK.mcs.airgun/Documentation/AK77-15_map77_1.tif	85.8
https://walrus.wr.usgs.gov/namss/data/1977/namss.B-15-77-AK.mcs.airgun/Documentation/AK77-15_map77_2.tif	82.7
https://walrus.wr.usgs.gov/namss/data/1977/namss.B-15-77-AK.mcs.airgun/Documentation/AK77-15_map77_3.tif	68.4
https://walrus.wr.usgs.gov/namss/data/1977/namss.B-15-77-AK.mcs.airgun/Documentation/migrated/B-01X__500307_mig_Report.txt	0.0091
https://walrus.wr.usgs.gov/namss/data/1977/namss.B-15-77-AK.mcs.airgun/Documentation/migrated/B-21__500838_mig_Report.txt	0.0091
https://walrus.wr.usgs.gov/namss/data/1977/namss.B-15-77-AK.mcs.airgun/Documentation/migrated/B-27A__500838_mig_Report.txt	0.0091
https://walrus.wr.usgs.gov/namss/data/1977/namss.B-15-77-AK.mcs.airgun/Documentation/migrated/B-27__500838_mig_Report.txt	0.0091
https://walrus.wr.usgs.gov/namss/data/1977/namss.B-15-77-AK.mcs.airgun/Documentation/migrated/B-35__500838_mig_Report.txt	0.0091
https://walrus.wr.usgs.gov/namss/data/1977/namss.B-15-77-AK.mcs.airgun/Documentation/migrated/SP77-001__500240_mig_Report.txt	0.0091
https://walrus.wr.usgs.gov/namss/data/1977/namss.B-15-77-AK.mcs.airgun/Documentation/migrated/SP77-002__SP-9_mig_Report.txt	0.0092
https://walrus.wr.usgs.gov/namss/data/1977/namss.B-15-77-AK.mcs.airgun/Documentation/migrated/SP77-003A__SP-9_mig_Report.txt	0.0092
https://walrus.wr.usgs.gov/namss/data/1977/namss.B-15-77-AK.mcs.airgun/Documentation/migrated/SP77-003__500270_mig_Report.txt	0.0091
https://walrus.wr.usgs.gov/namss/data/1977/namss.B-15-77-AK.mcs.airgun/Documentation/migrated/SP77-004_2__SP-9_mig_Report.txt	0.0092
https://walrus.wr.usgs.gov/namss/data/1977/namss.B-15-77-AK.mcs.airgun/Documentation/migrated/SP77-004_MIG_summary.doc	0.41300000000000003
https://walrus.wr.usgs.gov/namss/data/1977/namss.B-15-77-AK.mcs.airgun/Documentation/migrated/SP77-004__SP-9_in_Report.txt	0.0089
https://walrus.wr.usgs.gov/namss/data/1977/namss.B-15-77-AK.mcs.airgun/Documentation/migrated/SP77-005B__500240_mig_Report.txt	0.0091
https://walrus.wr.usgs.gov/namss/data/1977/namss.B-15-77-AK.mcs.airgun/Documentation/migrated/SP77-005C_1__500240_mig_Report.txt	0.0092
https://walrus.wr.usgs.gov/namss/data/1977/namss.B-15-77-AK.mcs.airgun/Documentation/migrated/SP77-005C_2__500308_mig_Report.txt	0.0091
https://walrus.wr.usgs.gov/namss/data/1977/namss.B-15-77-AK.mcs.airgun/Documentation/migrated/SP77-005C__500308_mig_Report.txt	0.0092
https://walrus.wr.usgs.gov/namss/data/1977/namss.B-15-77-AK.mcs.airgun/Documentation/migrated/SP77-005_1__SP-3_mig_Report.txt	0.0092
https://walrus.wr.usgs.gov/namss/data/1977/namss.B-15-77-AK.mcs.airgun/Documentation/migrated/SP77-005__SP-9_mig_Report.txt	0.0092
https://walrus.wr.usgs.gov/namss/data/1977/namss.B-15-77-AK.mcs.airgun/Documentation/migrated/SP77-006__SP-3Report.txt	0.009300000000000001
https://walrus.wr.usgs.gov/namss/data/1977/namss.B-15-77-AK.mcs.airgun/Documentation/migrated/SP77-007__SP-3_mig_Report.txt	0.009300000000000001
https://walrus.wr.usgs.gov/namss/data/1977/namss.B-15-77-AK.mcs.airgun/Documentation/migrated/SP77-008__SP-12_mig_Report.txt	0.0091
https://walrus.wr.usgs.gov/namss/data/1977/namss.B-15-77-AK.mcs.airgun/Documentation/migrated/SP77-009A__500305_mig_Report.txt	0.0091
https://walrus.wr.usgs.gov/namss/data/1977/namss.B-15-77-AK.mcs.airgun/Documentation/migrated/SP77-009__500305_mig_Report.txt	0.0091
https://walrus.wr.usgs.gov/namss/data/1977/namss.B-15-77-AK.mcs.airgun/Documentation/migrated/SP77-010_1__SP7710_mig_Report.txt	0.0091
https://walrus.wr.usgs.gov/namss/data/1977/namss.B-15-77-AK.mcs.airgun/Documentation/migrated/SP77-010__SP7710_mig_Report.txt	0.0091
https://walrus.wr.usgs.gov/namss/data/1977/namss.B-15-77-AK.mcs.airgun/Documentation/migrated/SP77-011__500083_mig_Report.txt	0.0091
https://walrus.wr.usgs.gov/namss/data/1977/namss.B-15-77-AK.mcs.airgun/Documentation/migrated/SP77-012__SP-3_mig_Report.txt	0.0091
https://walrus.wr.usgs.gov/namss/data/1977/namss.B-15-77-AK.mcs.airgun/Documentation/migrated/SP77-013A__500307_mig_Report.txt	0.0092
https://walrus.wr.usgs.gov/namss/data/1977/namss.B-15-77-AK.mcs.airgun/Documentation/migrated/SP77-013__500307_mig_Report.txt	0.0091
https://walrus.wr.usgs.gov/namss/data/1977/namss.B-15-77-AK.mcs.airgun/Documentation/migrated/SP77-014_1__SP-7_mig_Report.txt	0.0092
https://walrus.wr.usgs.gov/namss/data/1977/namss.B-15-77-AK.mcs.airgun/Documentation/migrated/SP77-014__SP-3_mig_Report.txt	0.0092
https://walrus.wr.usgs.gov/namss/data/1977/namss.B-15-77-AK.mcs.airgun/Documentation/migrated/SP77-015__SP-7_mig_Report.txt	0.0092
https://walrus.wr.usgs.gov/namss/data/1977/namss.B-15-77-AK.mcs.airgun/Documentation/migrated/SP77-016_1__500270_mig_Report.txt	0.0091
https://walrus.wr.usgs.gov/namss/data/1977/namss.B-15-77-AK.mcs.airgun/Documentation/migrated/SP77-016_2__SP-7_mig_Report.txt	0.0091
https://walrus.wr.usgs.gov/namss/data/1977/namss.B-15-77-AK.mcs.airgun/Documentation/migrated/SP77-016__SP-7_mig_Report.txt	0.0092
https://walrus.wr.usgs.gov/namss/data/1977/namss.B-15-77-AK.mcs.airgun/Documentation/migrated/SP77-017_1__SP-7Report.txt	0.0089
https://walrus.wr.usgs.gov/namss/data/1977/namss.B-15-77-AK.mcs.airgun/Documentation/migrated/SP77-017_1__SP-7_mig_Report.txt	0.0092
https://walrus.wr.usgs.gov/namss/data/1977/namss.B-15-77-AK.mcs.airgun/Documentation/migrated/SP77-017__SP-7_mig_Report.txt	0.0092
https://walrus.wr.usgs.gov/namss/data/1977/namss.B-15-77-AK.mcs.airgun/Documentation/migrated/SP77-018_1__SP-7_mig_Report.txt	0.0092
https://walrus.wr.usgs.gov/namss/data/1977/namss.B-15-77-AK.mcs.airgun/Documentation/migrated/SP77-018__SP-7_mig_Report.txt	0.0092
https://walrus.wr.usgs.gov/namss/data/1977/namss.B-15-77-AK.mcs.airgun/Documentation/migrated/SP77-019__TC22150_mig_Report.txt	0.0092
https://walrus.wr.usgs.gov/namss/data/1977/namss.B-15-77-AK.mcs.airgun/Documentation/migrated/SP77-020__TC22150_mig_Report.txt	0.0091
https://walrus.wr.usgs.gov/namss/data/1977/namss.B-15-77-AK.mcs.airgun/Documentation/migrated/SP77-021__SP-4_mig_Report.txt	0.0092
https://walrus.wr.usgs.gov/namss/data/1977/namss.B-15-77-AK.mcs.airgun/Documentation/migrated/SP77-022__SP-4Report.txt	0.0089
https://walrus.wr.usgs.gov/namss/data/1977/namss.B-15-77-AK.mcs.airgun/Documentation/migrated/SP77-022__SP-4_mig_Report.txt	0.0092
https://walrus.wr.usgs.gov/namss/data/1977/namss.B-15-77-AK.mcs.airgun/Documentation/migrated/SP77-023_MIG_summary.doc	0.5125
https://walrus.wr.usgs.gov/namss/data/1977/namss.B-15-77-AK.mcs.airgun/Documentation/migrated/SP77-023__SP-4_Report.txt	0.009000000000000001
https://walrus.wr.usgs.gov/namss/data/1977/namss.B-15-77-AK.mcs.airgun/Documentation/migrated/SP77-024_MIG_summary.doc	0.8280000000000001
https://walrus.wr.usgs.gov/namss/data/1977/namss.B-15-77-AK.mcs.airgun/Documentation/migrated/SP77-024__SP-4_mig_Report.txt	0.0091
https://walrus.wr.usgs.gov/namss/data/1977/namss.B-15-77-AK.mcs.airgun/Documentation/migrated/SP77-025_MIG_summary.doc	1.0
https://walrus.wr.usgs.gov/namss/data/1977/namss.B-15-77-AK.mcs.airgun/Documentation/migrated/SP77-026_MIG_summary.doc	0.752
https://walrus.wr.usgs.gov/namss/data/1977/namss.B-15-77-AK.mcs.airgun/Documentation/migrated/SP77-027_1__SP-8_mig_Report.txt	0.0092
https://walrus.wr.usgs.gov/namss/data/1977/namss.B-15-77-AK.mcs.airgun/Documentation/migrated/SP77-027_MIG_summary.doc	0.40950000000000003
https://walrus.wr.usgs.gov/namss/data/1977/namss.B-15-77-AK.mcs.airgun/Documentation/migrated/SP77-027__SP-4Report.txt	0.0092
https://walrus.wr.usgs.gov/namss/data/1977/namss.B-15-77-AK.mcs.airgun/Documentation/migrated/SP77-028_1__SP-8_mig_Report.txt	0.0092
https://walrus.wr.usgs.gov/namss/data/1977/namss.B-15-77-AK.mcs.airgun/Documentation/migrated/SP77-028__SP-8_mig_Report.txt	0.0092
https://walrus.wr.usgs.gov/namss/data/1977/namss.B-15-77-AK.mcs.airgun/Documentation/migrated/SP77-029_1__500270_mig_Report.txt	0.0092
https://walrus.wr.usgs.gov/namss/data/1977/namss.B-15-77-AK.mcs.airgun/Documentation/migrated/SP77-029__500004_mig_Report.txt	0.0092
https://walrus.wr.usgs.gov/namss/data/1977/namss.B-15-77-AK.mcs.airgun/Documentation/migrated/SP77-030__SP-7_mig_Report.txt	0.009300000000000001
https://walrus.wr.usgs.gov/namss/data/1977/namss.B-15-77-AK.mcs.airgun/Documentation/migrated/SP77-031_MIG_summary.doc	0.5640000000000001
https://walrus.wr.usgs.gov/namss/data/1977/namss.B-15-77-AK.mcs.airgun/Documentation/migrated/SP77-032__SP-8_mig_Report.txt	0.0092
https://walrus.wr.usgs.gov/namss/data/1977/namss.B-15-77-AK.mcs.airgun/Documentation/migrated/SP77-033__500004_mig_Report.txt	0.0091
https://walrus.wr.usgs.gov/namss/data/1977/namss.B-15-77-AK.mcs.airgun/Documentation/migrated/SP77-034__SP-8_mig_Report.txt	0.009300000000000001
https://walrus.wr.usgs.gov/namss/data/1977/namss.B-15-77-AK.mcs.airgun/Documentation/migrated/SP77-035__SP-10_mig_Report.txt	0.0092
https://walrus.wr.usgs.gov/namss/data/1977/namss.B-15-77-AK.mcs.airgun/Documentation/migrated/SP77-036__500838_mig_Report.txt	0.0091
https://walrus.wr.usgs.gov/namss/data/1977/namss.B-15-77-AK.mcs.airgun/Documentation/migrated/SP77-039__SP-5_mig_Report.txt	0.0089
https://walrus.wr.usgs.gov/namss/data/1977/namss.B-15-77-AK.mcs.airgun/Documentation/migrated/SP77-047__SP-5_mig_Report.txt	0.0091
https://walrus.wr.usgs.gov/namss/data/1977/namss.B-15-77-AK.mcs.airgun/Documentation/migrated/SP77-051__SP-5_mig_Report.txt	0.0092
https://walrus.wr.usgs.gov/namss/data/1977/namss.B-15-77-AK.mcs.airgun/Documentation/migrated/SP77-053__SP-5_mig_Report.txt	0.0092
https://walrus.wr.usgs.gov/namss/data/1977/namss.B-15-77-AK.mcs.airgun/Documentation/migrated/SP77-055__SP-5_mig_Report.txt	0.0092
https://walrus.wr.usgs.gov/namss/data/1977/namss.B-15-77-AK.mcs.airgun/Documentation/migrated/SP77-057__SP-5_mig_Report.txt	0.0092
https://walrus.wr.usgs.gov/namss/data/1977/namss.B-15-77-AK.mcs.airgun/Documentation/migrated/SP77-059_MIG_summary.doc	0.661
https://walrus.wr.usgs.gov/namss/data/1977/namss.B-15-77-AK.mcs.airgun/Documentation/migrated/SP77-061__SP-10_stk_Report.txt	0.0092
https://walrus.wr.usgs.gov/namss/data/1977/namss.B-15-77-AK.mcs.airgun/Documentation/migrated/SP77-063_MIG_summary.doc	0.812
https://walrus.wr.usgs.gov/namss/data/1977/namss.B-15-77-AK.mcs.airgun/Documentation/migrated/SP77-065__77-65_mig_Report.txt	0.0092
https://walrus.wr.usgs.gov/namss/data/1977/namss.B-15-77-AK.mcs.airgun/Documentation/migrated/SP77-067_MIG_summary.doc	0.937
https://walrus.wr.usgs.gov/namss/data/1977/namss.B-15-77-AK.mcs.airgun/Documentation/migrated/SP77-074__500270_mig_Report.txt	0.0091
https://walrus.wr.usgs.gov/namss/data/1977/namss.B-15-77-AK.mcs.airgun/Documentation/migrated/SP77-088__SP-6_mig_Report.txt	0.0092
https://walrus.wr.usgs.gov/namss/data/1977/namss.B-15-77-AK.mcs.airgun/Documentation/migrated/SP77-090__SP-6_mig_Report.txt	0.009300000000000001
https://walrus.wr.usgs.gov/namss/data/1977/namss.B-15-77-AK.mcs.airgun/Documentation/migrated/SP77-092__SP-6_mig_Report.txt	0.0092
https://walrus.wr.usgs.gov/namss/data/1977/namss.B-15-77-AK.mcs.airgun/Documentation/migrated/SP77-094__SP-6_mig_Report.txt	0.0092
https://walrus.wr.usgs.gov/namss/data/1977/namss.B-15-77-AK.mcs.airgun/Documentation/migrated/SP77-096__SP-10_mig_Report.txt	0.0091
https://walrus.wr.usgs.gov/namss/data/1977/namss.B-15-77-AK.mcs.airgun/Documentation/migrated/SP77-098__SP-11_mig_Report.txt	0.0092
https://walrus.wr.usgs.gov/namss/data/1977/namss.B-15-77-AK.mcs.airgun/Documentation/migrated/SP77-100__SP-10_mig_Report.txt	0.0092
https://walrus.wr.usgs.gov/namss/data/1977/namss.B-15-77-AK.mcs.airgun/Documentation/oblogs/169.pdf	0.2464
https://walrus.wr.usgs.gov/namss/data/1977/namss.B-15-77-AK.mcs.airgun/Documentation/oblogs/51.pdf	0.3484
https://walrus.wr.usgs.gov/namss/data/1977/namss.B-15-77-AK.mcs.airgun/Documentation/oblogs/60.pdf	1.3
https://walrus.wr.usgs.gov/namss/data/1977/namss.B-15-77-AK.mcs.airgun/Documentation/oblogs/65.pdf	0.4229
https://walrus.wr.usgs.gov/namss/data/1977/namss.B-15-77-AK.mcs.airgun/Documentation/oblogs/KEY.pdf	0.0181
https://walrus.wr.usgs.gov/namss/data/1977/namss.B-15-77-AK.mcs.airgun/Documentation/stacked/B-01X__500719_stk_Report.txt	0.0091
https://walrus.wr.usgs.gov/namss/data/1977/namss.B-15-77-AK.mcs.airgun/Documentation/stacked/B-21__500262_stk_Report.txt	0.0091
https://walrus.wr.usgs.gov/namss/data/1977/namss.B-15-77-AK.mcs.airgun/Documentation/stacked/B-27A__500262_stk_Report.txt	0.0091
https://walrus.wr.usgs.gov/namss/data/1977/namss.B-15-77-AK.mcs.airgun/Documentation/stacked/B-27__500262_stk_Report.txt	0.0091
https://walrus.wr.usgs.gov/namss/data/1977/namss.B-15-77-AK.mcs.airgun/Documentation/stacked/B-35__500262_stk_Report.txt	0.0091
https://walrus.wr.usgs.gov/namss/data/1977/namss.B-15-77-AK.mcs.airgun/Documentation/stacked/SP77-001__500473_stk_Report.txt	0.0091
https://walrus.wr.usgs.gov/namss/data/1977/namss.B-15-77-AK.mcs.airgun/Documentation/stacked/SP77-002__SP-1_stk_Report.txt	0.0091
https://walrus.wr.usgs.gov/namss/data/1977/namss.B-15-77-AK.mcs.airgun/Documentation/stacked/SP77-003A__SP-1_stk_Report.txt	0.0092
https://walrus.wr.usgs.gov/namss/data/1977/namss.B-15-77-AK.mcs.airgun/Documentation/stacked/SP77-003__500164_stk_Report.txt	0.0091
https://walrus.wr.usgs.gov/namss/data/1977/namss.B-15-77-AK.mcs.airgun/Documentation/stacked/SP77-004_2__SP-1_stk_Report.txt	0.0092
https://walrus.wr.usgs.gov/namss/data/1977/namss.B-15-77-AK.mcs.airgun/Documentation/stacked/SP77-004_STK_summary.doc	0.3655
https://walrus.wr.usgs.gov/namss/data/1977/namss.B-15-77-AK.mcs.airgun/Documentation/stacked/SP77-004__SP-1_STK_Report.txt	0.0089
https://walrus.wr.usgs.gov/namss/data/1977/namss.B-15-77-AK.mcs.airgun/Documentation/stacked/SP77-005B__500164_stk_Report.txt	0.0091
https://walrus.wr.usgs.gov/namss/data/1977/namss.B-15-77-AK.mcs.airgun/Documentation/stacked/SP77-005C_1__500473_stk_Report.txt	0.0091
https://walrus.wr.usgs.gov/namss/data/1977/namss.B-15-77-AK.mcs.airgun/Documentation/stacked/SP77-005C_2__500166_stk_Report.txt	0.0091
https://walrus.wr.usgs.gov/namss/data/1977/namss.B-15-77-AK.mcs.airgun/Documentation/stacked/SP77-005C__500334_stk_Report.txt	0.0091
https://walrus.wr.usgs.gov/namss/data/1977/namss.B-15-77-AK.mcs.airgun/Documentation/stacked/SP77-005_1__SP-14_stk_Report.txt	0.0091
https://walrus.wr.usgs.gov/namss/data/1977/namss.B-15-77-AK.mcs.airgun/Documentation/stacked/SP77-005__SP-1_STK_Report.txt	0.0089
https://walrus.wr.usgs.gov/namss/data/1977/namss.B-15-77-AK.mcs.airgun/Documentation/stacked/SP77-006_STK_summary.doc	0.3945
https://walrus.wr.usgs.gov/namss/data/1977/namss.B-15-77-AK.mcs.airgun/Documentation/stacked/SP77-006__SP-14_stk_Report.txt	0.0091
https://walrus.wr.usgs.gov/namss/data/1977/namss.B-15-77-AK.mcs.airgun/Documentation/stacked/SP77-007__SP-14_stk_Report.txt	0.0089
https://walrus.wr.usgs.gov/namss/data/1977/namss.B-15-77-AK.mcs.airgun/Documentation/stacked/SP77-008__SP-14_stk_Report.txt	0.0091
https://walrus.wr.usgs.gov/namss/data/1977/namss.B-15-77-AK.mcs.airgun/Documentation/stacked/SP77-009A__500242_stk_Report.txt	0.0091
https://walrus.wr.usgs.gov/namss/data/1977/namss.B-15-77-AK.mcs.airgun/Documentation/stacked/SP77-009__500242_stk_Report.txt	0.0091
https://walrus.wr.usgs.gov/namss/data/1977/namss.B-15-77-AK.mcs.airgun/Documentation/stacked/SP77-010_1__SP771_stk_Report.txt	0.009000000000000001
https://walrus.wr.usgs.gov/namss/data/1977/namss.B-15-77-AK.mcs.airgun/Documentation/stacked/SP77-010__SP771_stk_Report.txt	0.0091
https://walrus.wr.usgs.gov/namss/data/1977/namss.B-15-77-AK.mcs.airgun/Documentation/stacked/SP77-011__500141_stk_Report.txt	0.0091
https://walrus.wr.usgs.gov/namss/data/1977/namss.B-15-77-AK.mcs.airgun/Documentation/stacked/SP77-012__SP-14_stk_Report.txt	0.0091
https://walrus.wr.usgs.gov/namss/data/1977/namss.B-15-77-AK.mcs.airgun/Documentation/stacked/SP77-013A__500719_stk_Report.txt	0.0091
https://walrus.wr.usgs.gov/namss/data/1977/namss.B-15-77-AK.mcs.airgun/Documentation/stacked/SP77-013__500719Report.txt	0.0091
https://walrus.wr.usgs.gov/namss/data/1977/namss.B-15-77-AK.mcs.airgun/Documentation/stacked/SP77-014_1__SP-15_stk_Report.txt	0.0091
https://walrus.wr.usgs.gov/namss/data/1977/namss.B-15-77-AK.mcs.airgun/Documentation/stacked/SP77-014__SP-14_stk_Report.txt	0.0091
https://walrus.wr.usgs.gov/namss/data/1977/namss.B-15-77-AK.mcs.airgun/Documentation/stacked/SP77-015__SP-15Report.txt	0.0091
https://walrus.wr.usgs.gov/namss/data/1977/namss.B-15-77-AK.mcs.airgun/Documentation/stacked/SP77-016_1__500164_stk_Report.txt	0.0091
https://walrus.wr.usgs.gov/namss/data/1977/namss.B-15-77-AK.mcs.airgun/Documentation/stacked/SP77-016_2__SP-15_stk_Report.txt	0.0091
https://walrus.wr.usgs.gov/namss/data/1977/namss.B-15-77-AK.mcs.airgun/Documentation/stacked/SP77-016__SP-15_stk_Report.txt	0.0091
https://walrus.wr.usgs.gov/namss/data/1977/namss.B-15-77-AK.mcs.airgun/Documentation/stacked/SP77-018_1__SP-15_stk_Report.txt	0.0092
https://walrus.wr.usgs.gov/namss/data/1977/namss.B-15-77-AK.mcs.airgun/Documentation/stacked/SP77-019__SP-15_stk_Report.txt	0.0092
https://walrus.wr.usgs.gov/namss/data/1977/namss.B-15-77-AK.mcs.airgun/Documentation/stacked/SP77-020__SP-15_stk_Report.txt	0.0091
https://walrus.wr.usgs.gov/namss/data/1977/namss.B-15-77-AK.mcs.airgun/Documentation/stacked/SP77-023__SP-16_stk_Report.txt	0.0091
https://walrus.wr.usgs.gov/namss/data/1977/namss.B-15-77-AK.mcs.airgun/Documentation/stacked/SP77-024__SP-16_stk_Report.txt	0.0092
https://walrus.wr.usgs.gov/namss/data/1977/namss.B-15-77-AK.mcs.airgun/Documentation/stacked/SP77-025__SP-16_stk_Report.txt	0.0091
https://walrus.wr.usgs.gov/namss/data/1977/namss.B-15-77-AK.mcs.airgun/Documentation/stacked/SP77-026__SP-17_stk_Report.txt	0.0091
https://walrus.wr.usgs.gov/namss/data/1977/namss.B-15-77-AK.mcs.airgun/Documentation/stacked/SP77-027__SP-17_stk_Report.txt	0.0091
https://walrus.wr.usgs.gov/namss/data/1977/namss.B-15-77-AK.mcs.airgun/Documentation/stacked/SP77-028_1__SP-17_stk_Report.txt	0.0091
https://walrus.wr.usgs.gov/namss/data/1977/namss.B-15-77-AK.mcs.airgun/Documentation/stacked/SP77-029_1__SP-17_stk_Report.txt	0.0091
https://walrus.wr.usgs.gov/namss/data/1977/namss.B-15-77-AK.mcs.airgun/Documentation/stacked/SP77-030__SP-17_stk_Report.txt	0.0092
https://walrus.wr.usgs.gov/namss/data/1977/namss.B-15-77-AK.mcs.airgun/Documentation/stacked/SP77-031__SP-18_stk_Report.txt	0.0091
https://walrus.wr.usgs.gov/namss/data/1977/namss.B-15-77-AK.mcs.airgun/Documentation/stacked/SP77-032__SP-18_stk_Report.txt	0.0091
https://walrus.wr.usgs.gov/namss/data/1977/namss.B-15-77-AK.mcs.airgun/Documentation/stacked/SP77-033__SP-18_stk_Report.txt	0.0091
https://walrus.wr.usgs.gov/namss/data/1977/namss.B-15-77-AK.mcs.airgun/Documentation/stacked/SP77-034__SP-18_stk_Report.txt	0.0092
https://walrus.wr.usgs.gov/namss/data/1977/namss.B-15-77-AK.mcs.airgun/Documentation/stacked/SP77-035__SP-18_stk_Report.txt	0.0091
https://walrus.wr.usgs.gov/namss/data/1977/namss.B-15-77-AK.mcs.airgun/Documentation/stacked/SP77-036__500262_stk_Report.txt	0.0091
https://walrus.wr.usgs.gov/namss/data/1977/namss.B-15-77-AK.mcs.airgun/Documentation/stacked/SP77-037__SP-18_stk_Report.txt	0.0092
https://walrus.wr.usgs.gov/namss/data/1977/namss.B-15-77-AK.mcs.airgun/Documentation/stacked/SP77-039__SP-19_stk_Report.txt	0.0092
https://walrus.wr.usgs.gov/namss/data/1977/namss.B-15-77-AK.mcs.airgun/Documentation/stacked/SP77-047__SP-19_stk_Report.txt	0.0091
https://walrus.wr.usgs.gov/namss/data/1977/namss.B-15-77-AK.mcs.airgun/Documentation/stacked/SP77-051__SP-19_stk_Report.txt	0.0092
https://walrus.wr.usgs.gov/namss/data/1977/namss.B-15-77-AK.mcs.airgun/Documentation/stacked/SP77-053__SP-19_stk_Report.txt	0.0091
https://walrus.wr.usgs.gov/namss/data/1977/namss.B-15-77-AK.mcs.airgun/Documentation/stacked/SP77-055__SP-19_stk_Report.txt	0.0092
https://walrus.wr.usgs.gov/namss/data/1977/namss.B-15-77-AK.mcs.airgun/Documentation/stacked/SP77-057__SP-19_stk_Report.txt	0.0091
https://walrus.wr.usgs.gov/namss/data/1977/namss.B-15-77-AK.mcs.airgun/Documentation/stacked/SP77-059__SP-19_stk_Report.txt	0.0092
https://walrus.wr.usgs.gov/namss/data/1977/namss.B-15-77-AK.mcs.airgun/Documentation/stacked/SP77-061__SP-20_sti_Report.txt	0.0092
https://walrus.wr.usgs.gov/namss/data/1977/namss.B-15-77-AK.mcs.airgun/Documentation/stacked/SP77-063__SP-20_stk_Report.txt	0.0092
https://walrus.wr.usgs.gov/namss/data/1977/namss.B-15-77-AK.mcs.airgun/Documentation/stacked/SP77-065__SP-20_mig_Report.txt	0.0092
https://walrus.wr.usgs.gov/namss/data/1977/namss.B-15-77-AK.mcs.airgun/Documentation/stacked/SP77-067__SP-20_stk_Report.txt	0.0092
https://walrus.wr.usgs.gov/namss/data/1977/namss.B-15-77-AK.mcs.airgun/Documentation/stacked/SP77-074__SP-20_stk_Report.txt	0.0091
https://walrus.wr.usgs.gov/namss/data/1977/namss.B-15-77-AK.mcs.airgun/Documentation/stacked/SP77-086__500164_stk_Report.txt	0.0091
https://walrus.wr.usgs.gov/namss/data/1977/namss.B-15-77-AK.mcs.airgun/Documentation/stacked/SP77-088__SP-21_stk_Report.txt	0.0091
https://walrus.wr.usgs.gov/namss/data/1977/namss.B-15-77-AK.mcs.airgun/Documentation/stacked/SP77-090__SP-21_stk_Report.txt	0.0092
https://walrus.wr.usgs.gov/namss/data/1977/namss.B-15-77-AK.mcs.airgun/Documentation/stacked/SP77-092__SP-21_stk_Report.txt	0.0092
https://walrus.wr.usgs.gov/namss/data/1977/namss.B-15-77-AK.mcs.airgun/Documentation/stacked/SP77-094__SP-22_stk_Report.txt	0.0092
https://walrus.wr.usgs.gov/namss/data/1977/namss.B-15-77-AK.mcs.airgun/Documentation/stacked/SP77-096__SP-22_stk_Report.txt	0.0091
https://walrus.wr.usgs.gov/namss/data/1977/namss.B-15-77-AK.mcs.airgun/Documentation/stacked/SP77-098__SP-22_stk_Report.txt	0.0092
https://walrus.wr.usgs.gov/namss/data/1977/namss.B-15-77-AK.mcs.airgun/Documentation/stacked/SP77-100__500164_stk_Report.txt	0.0091
https://walrus.wr.usgs.gov/namss/data/1977/namss.B-15-77-AK.mcs.airgun/Documentation/stacked/SP77_005_STK_summary.doc	0.7495
https://walrus.wr.usgs.gov/namss/data/1977/namss.B-15-77-AK.mcs.airgun/Navigation/77-15.n83.nav.txt	0.1494
https://walrus.wr.usgs.gov/namss/data/1977/namss.B-15-77-AK.mcs.airgun/Segy/c77-15.83	0.26060000000000005
https://walrus.wr.usgs.gov/namss/data/1977/namss.B-15-77-AK.mcs.airgun/Segy/migrated/B-01X__500307.sgy	5.8
https://walrus.wr.usgs.gov/namss/data/1977/namss.B-15-77-AK.mcs.airgun/Segy/migrated/B-21__500838.sgy	6.6
https://walrus.wr.usgs.gov/namss/data/1977/namss.B-15-77-AK.mcs.airgun/Segy/migrated/B-27A__500838.sgy	3.7
https://walrus.wr.usgs.gov/namss/data/1977/namss.B-15-77-AK.mcs.airgun/Segy/migrated/B-27__500838.sgy	3.6
https://walrus.wr.usgs.gov/namss/data/1977/namss.B-15-77-AK.mcs.airgun/Segy/migrated/B-35__500838.sgy	3.3
https://walrus.wr.usgs.gov/namss/data/1977/namss.B-15-77-AK.mcs.airgun/Segy/migrated/SP77-001__500240.sgy	16.5
https://walrus.wr.usgs.gov/namss/data/1977/namss.B-15-77-AK.mcs.airgun/Segy/migrated/SP77-002__SP-9.sgy	18.0
https://walrus.wr.usgs.gov/namss/data/1977/namss.B-15-77-AK.mcs.airgun/Segy/migrated/SP77-003A__SP-9.sgy	12.0
https://walrus.wr.usgs.gov/namss/data/1977/namss.B-15-77-AK.mcs.airgun/Segy/migrated/SP77-003__500270.sgy	19.3
https://walrus.wr.usgs.gov/namss/data/1977/namss.B-15-77-AK.mcs.airgun/Segy/migrated/SP77-004_2__SP-9.sgy	3.1
https://walrus.wr.usgs.gov/namss/data/1977/namss.B-15-77-AK.mcs.airgun/Segy/migrated/SP77-004__SP-9.sgy	15.4
https://walrus.wr.usgs.gov/namss/data/1977/namss.B-15-77-AK.mcs.airgun/Segy/migrated/SP77-005B__500240.sgy	14.3
https://walrus.wr.usgs.gov/namss/data/1977/namss.B-15-77-AK.mcs.airgun/Segy/migrated/SP77-005C_1__500240.sgy	3.5
https://walrus.wr.usgs.gov/namss/data/1977/namss.B-15-77-AK.mcs.airgun/Segy/migrated/SP77-005C_2__500308.sgy	27.0
https://walrus.wr.usgs.gov/namss/data/1977/namss.B-15-77-AK.mcs.airgun/Segy/migrated/SP77-005C__500308.sgy	8.3
https://walrus.wr.usgs.gov/namss/data/1977/namss.B-15-77-AK.mcs.airgun/Segy/migrated/SP77-005_1__SP-3.sgy	4.8
https://walrus.wr.usgs.gov/namss/data/1977/namss.B-15-77-AK.mcs.airgun/Segy/migrated/SP77-005__SP-9.sgy	19.3
https://walrus.wr.usgs.gov/namss/data/1977/namss.B-15-77-AK.mcs.airgun/Segy/migrated/SP77-006__SP-3.sgy	16.9
https://walrus.wr.usgs.gov/namss/data/1977/namss.B-15-77-AK.mcs.airgun/Segy/migrated/SP77-007__SP-3.sgy	13.9
https://walrus.wr.usgs.gov/namss/data/1977/namss.B-15-77-AK.mcs.airgun/Segy/migrated/SP77-008__SP-12.sgy	15.4
https://walrus.wr.usgs.gov/namss/data/1977/namss.B-15-77-AK.mcs.airgun/Segy/migrated/SP77-009A__500305.sgy	11.0
https://walrus.wr.usgs.gov/namss/data/1977/namss.B-15-77-AK.mcs.airgun/Segy/migrated/SP77-009__500305.sgy	24.7
https://walrus.wr.usgs.gov/namss/data/1977/namss.B-15-77-AK.mcs.airgun/Segy/migrated/SP77-010_1__SP7710.sgy	6.8
https://walrus.wr.usgs.gov/namss/data/1977/namss.B-15-77-AK.mcs.airgun/Segy/migrated/SP77-010__SP7710.sgy	9.4
https://walrus.wr.usgs.gov/namss/data/1977/namss.B-15-77-AK.mcs.airgun/Segy/migrated/SP77-011__500083.sgy	32.5
https://walrus.wr.usgs.gov/namss/data/1977/namss.B-15-77-AK.mcs.airgun/Segy/migrated/SP77-012__SP-3.sgy	15.0
https://walrus.wr.usgs.gov/namss/data/1977/namss.B-15-77-AK.mcs.airgun/Segy/migrated/SP77-013A__500307.sgy	15.5
https://walrus.wr.usgs.gov/namss/data/1977/namss.B-15-77-AK.mcs.airgun/Segy/migrated/SP77-013__500307.sgy	13.2
https://walrus.wr.usgs.gov/namss/data/1977/namss.B-15-77-AK.mcs.airgun/Segy/migrated/SP77-014_1__SP-7.sgy	8.6
https://walrus.wr.usgs.gov/namss/data/1977/namss.B-15-77-AK.mcs.airgun/Segy/migrated/SP77-014__SP-3.sgy	7.0
https://walrus.wr.usgs.gov/namss/data/1977/namss.B-15-77-AK.mcs.airgun/Segy/migrated/SP77-015__SP-7.sgy	23.0
https://walrus.wr.usgs.gov/namss/data/1977/namss.B-15-77-AK.mcs.airgun/Segy/migrated/SP77-016_1__500270.sgy	8.4
https://walrus.wr.usgs.gov/namss/data/1977/namss.B-15-77-AK.mcs.airgun/Segy/migrated/SP77-016_2__SP-7.sgy	3.6
https://walrus.wr.usgs.gov/namss/data/1977/namss.B-15-77-AK.mcs.airgun/Segy/migrated/SP77-016__SP-7.sgy	5.5
https://walrus.wr.usgs.gov/namss/data/1977/namss.B-15-77-AK.mcs.airgun/Segy/migrated/SP77-017_1__SP-7.sgy	10.8
https://walrus.wr.usgs.gov/namss/data/1977/namss.B-15-77-AK.mcs.airgun/Segy/migrated/SP77-017__SP-7.sgy	9.0
https://walrus.wr.usgs.gov/namss/data/1977/namss.B-15-77-AK.mcs.airgun/Segy/migrated/SP77-018_1__SP-7.sgy	6.2
https://walrus.wr.usgs.gov/namss/data/1977/namss.B-15-77-AK.mcs.airgun/Segy/migrated/SP77-018__SP-7.sgy	11.4
https://walrus.wr.usgs.gov/namss/data/1977/namss.B-15-77-AK.mcs.airgun/Segy/migrated/SP77-019__TC22150.sgy	20.5
https://walrus.wr.usgs.gov/namss/data/1977/namss.B-15-77-AK.mcs.airgun/Segy/migrated/SP77-020__TC22150.sgy	25.2
https://walrus.wr.usgs.gov/namss/data/1977/namss.B-15-77-AK.mcs.airgun/Segy/migrated/SP77-021__SP-4.sgy	20.9
https://walrus.wr.usgs.gov/namss/data/1977/namss.B-15-77-AK.mcs.airgun/Segy/migrated/SP77-022__SP-4.sgy	17.9
https://walrus.wr.usgs.gov/namss/data/1977/namss.B-15-77-AK.mcs.airgun/Segy/migrated/SP77-023__SP-4.sgy	20.7
https://walrus.wr.usgs.gov/namss/data/1977/namss.B-15-77-AK.mcs.airgun/Segy/migrated/SP77-024__SP-4.sgy	16.3
https://walrus.wr.usgs.gov/namss/data/1977/namss.B-15-77-AK.mcs.airgun/Segy/migrated/SP77-025__SP-4.sgy	20.4
https://walrus.wr.usgs.gov/namss/data/1977/namss.B-15-77-AK.mcs.airgun/Segy/migrated/SP77-026__SP-4.sgy	16.0
https://walrus.wr.usgs.gov/namss/data/1977/namss.B-15-77-AK.mcs.airgun/Segy/migrated/SP77-027_1__SP-8.sgy	17.0
https://walrus.wr.usgs.gov/namss/data/1977/namss.B-15-77-AK.mcs.airgun/Segy/migrated/SP77-027__SP-4.sgy	8.6
https://walrus.wr.usgs.gov/namss/data/1977/namss.B-15-77-AK.mcs.airgun/Segy/migrated/SP77-028_1__SP-8.sgy	2.4
https://walrus.wr.usgs.gov/namss/data/1977/namss.B-15-77-AK.mcs.airgun/Segy/migrated/SP77-028__SP-8.sgy	12.1
https://walrus.wr.usgs.gov/namss/data/1977/namss.B-15-77-AK.mcs.airgun/Segy/migrated/SP77-029_1__500270.sgy	14.4
https://walrus.wr.usgs.gov/namss/data/1977/namss.B-15-77-AK.mcs.airgun/Segy/migrated/SP77-029__500004.sgy	9.6
https://walrus.wr.usgs.gov/namss/data/1977/namss.B-15-77-AK.mcs.airgun/Segy/migrated/SP77-030__SP-7.sgy	14.6
https://walrus.wr.usgs.gov/namss/data/1977/namss.B-15-77-AK.mcs.airgun/Segy/migrated/SP77-031__SP-8.sgy	22.9
https://walrus.wr.usgs.gov/namss/data/1977/namss.B-15-77-AK.mcs.airgun/Segy/migrated/SP77-032__SP-8.sgy	18.0
https://walrus.wr.usgs.gov/namss/data/1977/namss.B-15-77-AK.mcs.airgun/Segy/migrated/SP77-033__500004.sgy	21.8
https://walrus.wr.usgs.gov/namss/data/1977/namss.B-15-77-AK.mcs.airgun/Segy/migrated/SP77-034__SP-8.sgy	13.7
https://walrus.wr.usgs.gov/namss/data/1977/namss.B-15-77-AK.mcs.airgun/Segy/migrated/SP77-035__SP-10.sgy	21.3
https://walrus.wr.usgs.gov/namss/data/1977/namss.B-15-77-AK.mcs.airgun/Segy/migrated/SP77-036__500838.sgy	13.7
https://walrus.wr.usgs.gov/namss/data/1977/namss.B-15-77-AK.mcs.airgun/Segy/migrated/SP77-037__SP-11.sgy	21.2
https://walrus.wr.usgs.gov/namss/data/1977/namss.B-15-77-AK.mcs.airgun/Segy/migrated/SP77-039__SP-5.sgy	15.6
https://walrus.wr.usgs.gov/namss/data/1977/namss.B-15-77-AK.mcs.airgun/Segy/migrated/SP77-047__SP-5.sgy	6.5
https://walrus.wr.usgs.gov/namss/data/1977/namss.B-15-77-AK.mcs.airgun/Segy/migrated/SP77-051__SP-5.sgy	20.6
https://walrus.wr.usgs.gov/namss/data/1977/namss.B-15-77-AK.mcs.airgun/Segy/migrated/SP77-053__SP-5.sgy	20.7
https://walrus.wr.usgs.gov/namss/data/1977/namss.B-15-77-AK.mcs.airgun/Segy/migrated/SP77-055__SP-5.sgy	19.7
https://walrus.wr.usgs.gov/namss/data/1977/namss.B-15-77-AK.mcs.airgun/Segy/migrated/SP77-057__SP-5.sgy	19.6
https://walrus.wr.usgs.gov/namss/data/1977/namss.B-15-77-AK.mcs.airgun/Segy/migrated/SP77-059__SP-5.sgy	13.9
https://walrus.wr.usgs.gov/namss/data/1977/namss.B-15-77-AK.mcs.airgun/Segy/migrated/SP77-061__SP-10.sgy	17.8
https://walrus.wr.usgs.gov/namss/data/1977/namss.B-15-77-AK.mcs.airgun/Segy/migrated/SP77-063__SP-6.sgy	17.5
https://walrus.wr.usgs.gov/namss/data/1977/namss.B-15-77-AK.mcs.airgun/Segy/migrated/SP77-065__77-65.sgy	23.1
https://walrus.wr.usgs.gov/namss/data/1977/namss.B-15-77-AK.mcs.airgun/Segy/migrated/SP77-067__SP-6.sgy	20.5
https://walrus.wr.usgs.gov/namss/data/1977/namss.B-15-77-AK.mcs.airgun/Segy/migrated/SP77-074__500270.sgy	11.3
https://walrus.wr.usgs.gov/namss/data/1977/namss.B-15-77-AK.mcs.airgun/Segy/migrated/SP77-086__SP-6.sgy	17.8
https://walrus.wr.usgs.gov/namss/data/1977/namss.B-15-77-AK.mcs.airgun/Segy/migrated/SP77-088__SP-6.sgy	16.0
https://walrus.wr.usgs.gov/namss/data/1977/namss.B-15-77-AK.mcs.airgun/Segy/migrated/SP77-090__SP-6.sgy	15.7
https://walrus.wr.usgs.gov/namss/data/1977/namss.B-15-77-AK.mcs.airgun/Segy/migrated/SP77-092__SP-6.sgy	9.2
https://walrus.wr.usgs.gov/namss/data/1977/namss.B-15-77-AK.mcs.airgun/Segy/migrated/SP77-094__SP-6.sgy	16.5
https://walrus.wr.usgs.gov/namss/data/1977/namss.B-15-77-AK.mcs.airgun/Segy/migrated/SP77-096__SP-10.sgy	16.5
https://walrus.wr.usgs.gov/namss/data/1977/namss.B-15-77-AK.mcs.airgun/Segy/migrated/SP77-098__SP-11.sgy	13.3
https://walrus.wr.usgs.gov/namss/data/1977/namss.B-15-77-AK.mcs.airgun/Segy/migrated/SP77-100__SP-10.sgy	12.5
https://walrus.wr.usgs.gov/namss/data/1977/namss.B-15-77-AK.mcs.airgun/Segy/stacked/B-01X__500719.sgy	5.8
https://walrus.wr.usgs.gov/namss/data/1977/namss.B-15-77-AK.mcs.airgun/Segy/stacked/B-21__500262.sgy	6.6
https://walrus.wr.usgs.gov/namss/data/1977/namss.B-15-77-AK.mcs.airgun/Segy/stacked/B-27A__500262.sgy	3.7
https://walrus.wr.usgs.gov/namss/data/1977/namss.B-15-77-AK.mcs.airgun/Segy/stacked/B-27__500262.sgy	3.6
https://walrus.wr.usgs.gov/namss/data/1977/namss.B-15-77-AK.mcs.airgun/Segy/stacked/B-35__500262.sgy	3.3
https://walrus.wr.usgs.gov/namss/data/1977/namss.B-15-77-AK.mcs.airgun/Segy/stacked/SP77-001__500473.sgy	16.5
https://walrus.wr.usgs.gov/namss/data/1977/namss.B-15-77-AK.mcs.airgun/Segy/stacked/SP77-002__SP-1.sgy	18.0
https://walrus.wr.usgs.gov/namss/data/1977/namss.B-15-77-AK.mcs.airgun/Segy/stacked/SP77-003A__SP-1.sgy	12.0
https://walrus.wr.usgs.gov/namss/data/1977/namss.B-15-77-AK.mcs.airgun/Segy/stacked/SP77-003__500164.sgy	19.3
https://walrus.wr.usgs.gov/namss/data/1977/namss.B-15-77-AK.mcs.airgun/Segy/stacked/SP77-004_2__SP-1.sgy	3.1
https://walrus.wr.usgs.gov/namss/data/1977/namss.B-15-77-AK.mcs.airgun/Segy/stacked/SP77-004_SP-1F7.sgy	15.4
https://walrus.wr.usgs.gov/namss/data/1977/namss.B-15-77-AK.mcs.airgun/Segy/stacked/SP77-004__SP-1.sgy	15.7
https://walrus.wr.usgs.gov/namss/data/1977/namss.B-15-77-AK.mcs.airgun/Segy/stacked/SP77-005B__500164.sgy	14.3
https://walrus.wr.usgs.gov/namss/data/1977/namss.B-15-77-AK.mcs.airgun/Segy/stacked/SP77-005C_1__500473.sgy	3.5
https://walrus.wr.usgs.gov/namss/data/1977/namss.B-15-77-AK.mcs.airgun/Segy/stacked/SP77-005C_2__500166.sgy	27.0
https://walrus.wr.usgs.gov/namss/data/1977/namss.B-15-77-AK.mcs.airgun/Segy/stacked/SP77-005C__500334.sgy	8.3
https://walrus.wr.usgs.gov/namss/data/1977/namss.B-15-77-AK.mcs.airgun/Segy/stacked/SP77-005_1__SP-14.sgy	4.8
https://walrus.wr.usgs.gov/namss/data/1977/namss.B-15-77-AK.mcs.airgun/Segy/stacked/SP77-005_SP-1F7.sgy	19.3
https://walrus.wr.usgs.gov/namss/data/1977/namss.B-15-77-AK.mcs.airgun/Segy/stacked/SP77-005__SP-1.sgy	19.6
https://walrus.wr.usgs.gov/namss/data/1977/namss.B-15-77-AK.mcs.airgun/Segy/stacked/SP77-006_SP-14F.sgy	16.9
https://walrus.wr.usgs.gov/namss/data/1977/namss.B-15-77-AK.mcs.airgun/Segy/stacked/SP77-006__SP-14.sgy	17.0
https://walrus.wr.usgs.gov/namss/data/1977/namss.B-15-77-AK.mcs.airgun/Segy/stacked/SP77-007_SP-14F.sgy	13.9
https://walrus.wr.usgs.gov/namss/data/1977/namss.B-15-77-AK.mcs.airgun/Segy/stacked/SP77-007__SP-14.sgy	14.0
https://walrus.wr.usgs.gov/namss/data/1977/namss.B-15-77-AK.mcs.airgun/Segy/stacked/SP77-008__SP-14.sgy	15.4
https://walrus.wr.usgs.gov/namss/data/1977/namss.B-15-77-AK.mcs.airgun/Segy/stacked/SP77-009A__500242.sgy	11.0
https://walrus.wr.usgs.gov/namss/data/1977/namss.B-15-77-AK.mcs.airgun/Segy/stacked/SP77-009__500242.sgy	24.7
https://walrus.wr.usgs.gov/namss/data/1977/namss.B-15-77-AK.mcs.airgun/Segy/stacked/SP77-010_1__SP771.sgy	6.8
https://walrus.wr.usgs.gov/namss/data/1977/namss.B-15-77-AK.mcs.airgun/Segy/stacked/SP77-010__SP771.sgy	9.4
https://walrus.wr.usgs.gov/namss/data/1977/namss.B-15-77-AK.mcs.airgun/Segy/stacked/SP77-011__500141.sgy	32.5
https://walrus.wr.usgs.gov/namss/data/1977/namss.B-15-77-AK.mcs.airgun/Segy/stacked/SP77-012__SP-14.sgy	15.0
https://walrus.wr.usgs.gov/namss/data/1977/namss.B-15-77-AK.mcs.airgun/Segy/stacked/SP77-013A__500719.sgy	15.5
https://walrus.wr.usgs.gov/namss/data/1977/namss.B-15-77-AK.mcs.airgun/Segy/stacked/SP77-013__500719.sgy	13.2
https://walrus.wr.usgs.gov/namss/data/1977/namss.B-15-77-AK.mcs.airgun/Segy/stacked/SP77-014_1__SP-15.sgy	8.6
https://walrus.wr.usgs.gov/namss/data/1977/namss.B-15-77-AK.mcs.airgun/Segy/stacked/SP77-014__SP-14.sgy	7.0
https://walrus.wr.usgs.gov/namss/data/1977/namss.B-15-77-AK.mcs.airgun/Segy/stacked/SP77-015__SP-15.sgy	23.0
https://walrus.wr.usgs.gov/namss/data/1977/namss.B-15-77-AK.mcs.airgun/Segy/stacked/SP77-016_1__500164.sgy	8.4
https://walrus.wr.usgs.gov/namss/data/1977/namss.B-15-77-AK.mcs.airgun/Segy/stacked/SP77-016_2__SP-15.sgy	3.6
https://walrus.wr.usgs.gov/namss/data/1977/namss.B-15-77-AK.mcs.airgun/Segy/stacked/SP77-016__SP-15.sgy	5.5
https://walrus.wr.usgs.gov/namss/data/1977/namss.B-15-77-AK.mcs.airgun/Segy/stacked/SP77-017_1_SP-15F.sgy	10.8
https://walrus.wr.usgs.gov/namss/data/1977/namss.B-15-77-AK.mcs.airgun/Segy/stacked/SP77-017_1__SP-15.sgy	10.9
https://walrus.wr.usgs.gov/namss/data/1977/namss.B-15-77-AK.mcs.airgun/Segy/stacked/SP77-017_SP-15F.sgy	9.0
https://walrus.wr.usgs.gov/namss/data/1977/namss.B-15-77-AK.mcs.airgun/Segy/stacked/SP77-017__SP-15.sgy	9.1
https://walrus.wr.usgs.gov/namss/data/1977/namss.B-15-77-AK.mcs.airgun/Segy/stacked/SP77-018_1__SP-15.sgy	6.2
https://walrus.wr.usgs.gov/namss/data/1977/namss.B-15-77-AK.mcs.airgun/Segy/stacked/SP77-018_SP-15F.sgy	11.4
https://walrus.wr.usgs.gov/namss/data/1977/namss.B-15-77-AK.mcs.airgun/Segy/stacked/SP77-018__SP-15.sgy	11.5
https://walrus.wr.usgs.gov/namss/data/1977/namss.B-15-77-AK.mcs.airgun/Segy/stacked/SP77-019__SP-15.sgy	20.5
https://walrus.wr.usgs.gov/namss/data/1977/namss.B-15-77-AK.mcs.airgun/Segy/stacked/SP77-020__SP-15.sgy	25.2
https://walrus.wr.usgs.gov/namss/data/1977/namss.B-15-77-AK.mcs.airgun/Segy/stacked/SP77-021_SP-16F.sgy	20.9
https://walrus.wr.usgs.gov/namss/data/1977/namss.B-15-77-AK.mcs.airgun/Segy/stacked/SP77-021__SP-16.sgy	21.1
https://walrus.wr.usgs.gov/namss/data/1977/namss.B-15-77-AK.mcs.airgun/Segy/stacked/SP77-022_SP-16F.sgy	18.0
https://walrus.wr.usgs.gov/namss/data/1977/namss.B-15-77-AK.mcs.airgun/Segy/stacked/SP77-022__SP-16.sgy	18.2
https://walrus.wr.usgs.gov/namss/data/1977/namss.B-15-77-AK.mcs.airgun/Segy/stacked/SP77-023__SP-16.sgy	20.8
https://walrus.wr.usgs.gov/namss/data/1977/namss.B-15-77-AK.mcs.airgun/Segy/stacked/SP77-024__SP-16.sgy	16.5
https://walrus.wr.usgs.gov/namss/data/1977/namss.B-15-77-AK.mcs.airgun/Segy/stacked/SP77-025__SP-16.sgy	20.6
https://walrus.wr.usgs.gov/namss/data/1977/namss.B-15-77-AK.mcs.airgun/Segy/stacked/SP77-026__SP-17.sgy	16.0
https://walrus.wr.usgs.gov/namss/data/1977/namss.B-15-77-AK.mcs.airgun/Segy/stacked/SP77-027_1_SP-17F.sgy	17.0
https://walrus.wr.usgs.gov/namss/data/1977/namss.B-15-77-AK.mcs.airgun/Segy/stacked/SP77-027_1__SP-17.sgy	17.1
https://walrus.wr.usgs.gov/namss/data/1977/namss.B-15-77-AK.mcs.airgun/Segy/stacked/SP77-027__SP-17.sgy	8.6
https://walrus.wr.usgs.gov/namss/data/1977/namss.B-15-77-AK.mcs.airgun/Segy/stacked/SP77-028_1__SP-17.sgy	2.4
https://walrus.wr.usgs.gov/namss/data/1977/namss.B-15-77-AK.mcs.airgun/Segy/stacked/SP77-028_SP-17F.sgy	12.1
https://walrus.wr.usgs.gov/namss/data/1977/namss.B-15-77-AK.mcs.airgun/Segy/stacked/SP77-028__SP-17.sgy	12.2
https://walrus.wr.usgs.gov/namss/data/1977/namss.B-15-77-AK.mcs.airgun/Segy/stacked/SP77-029_1__SP-17.sgy	14.5
https://walrus.wr.usgs.gov/namss/data/1977/namss.B-15-77-AK.mcs.airgun/Segy/stacked/SP77-029_SP-17F.sgy	9.6
https://walrus.wr.usgs.gov/namss/data/1977/namss.B-15-77-AK.mcs.airgun/Segy/stacked/SP77-029__SP-17.sgy	9.7
https://walrus.wr.usgs.gov/namss/data/1977/namss.B-15-77-AK.mcs.airgun/Segy/stacked/SP77-030__SP-17.sgy	14.6
https://walrus.wr.usgs.gov/namss/data/1977/namss.B-15-77-AK.mcs.airgun/Segy/stacked/SP77-031__SP-18.sgy	22.9
https://walrus.wr.usgs.gov/namss/data/1977/namss.B-15-77-AK.mcs.airgun/Segy/stacked/SP77-032__SP-18.sgy	18.1
https://walrus.wr.usgs.gov/namss/data/1977/namss.B-15-77-AK.mcs.airgun/Segy/stacked/SP77-033__SP-18.sgy	21.8
https://walrus.wr.usgs.gov/namss/data/1977/namss.B-15-77-AK.mcs.airgun/Segy/stacked/SP77-034__SP-18.sgy	13.7
https://walrus.wr.usgs.gov/namss/data/1977/namss.B-15-77-AK.mcs.airgun/Segy/stacked/SP77-035__SP-18.sgy	21.2
https://walrus.wr.usgs.gov/namss/data/1977/namss.B-15-77-AK.mcs.airgun/Segy/stacked/SP77-036__500262.sgy	13.7
https://walrus.wr.usgs.gov/namss/data/1977/namss.B-15-77-AK.mcs.airgun/Segy/stacked/SP77-037__SP-18.sgy	21.2
https://walrus.wr.usgs.gov/namss/data/1977/namss.B-15-77-AK.mcs.airgun/Segy/stacked/SP77-039__SP-19.sgy	15.6
https://walrus.wr.usgs.gov/namss/data/1977/namss.B-15-77-AK.mcs.airgun/Segy/stacked/SP77-047__SP-19.sgy	6.5
https://walrus.wr.usgs.gov/namss/data/1977/namss.B-15-77-AK.mcs.airgun/Segy/stacked/SP77-051__SP-19.sgy	20.6
https://walrus.wr.usgs.gov/namss/data/1977/namss.B-15-77-AK.mcs.airgun/Segy/stacked/SP77-053__SP-19.sgy	20.7
https://walrus.wr.usgs.gov/namss/data/1977/namss.B-15-77-AK.mcs.airgun/Segy/stacked/SP77-055__SP-19.sgy	19.8
https://walrus.wr.usgs.gov/namss/data/1977/namss.B-15-77-AK.mcs.airgun/Segy/stacked/SP77-057__SP-19.sgy	19.6
https://walrus.wr.usgs.gov/namss/data/1977/namss.B-15-77-AK.mcs.airgun/Segy/stacked/SP77-059__SP-19.sgy	14.0
https://walrus.wr.usgs.gov/namss/data/1977/namss.B-15-77-AK.mcs.airgun/Segy/stacked/SP77-061__SP-20.sgy	17.8
https://walrus.wr.usgs.gov/namss/data/1977/namss.B-15-77-AK.mcs.airgun/Segy/stacked/SP77-063__SP-20.sgy	17.5
https://walrus.wr.usgs.gov/namss/data/1977/namss.B-15-77-AK.mcs.airgun/Segy/stacked/SP77-065__SP-20.sgy	23.1
https://walrus.wr.usgs.gov/namss/data/1977/namss.B-15-77-AK.mcs.airgun/Segy/stacked/SP77-067__SP-20.sgy	20.5
https://walrus.wr.usgs.gov/namss/data/1977/namss.B-15-77-AK.mcs.airgun/Segy/stacked/SP77-074__SP-20.sgy	11.3
https://walrus.wr.usgs.gov/namss/data/1977/namss.B-15-77-AK.mcs.airgun/Segy/stacked/SP77-086__500164.sgy	17.8
https://walrus.wr.usgs.gov/namss/data/1977/namss.B-15-77-AK.mcs.airgun/Segy/stacked/SP77-088__SP-21.sgy	16.0
https://walrus.wr.usgs.gov/namss/data/1977/namss.B-15-77-AK.mcs.airgun/Segy/stacked/SP77-090__SP-21.sgy	15.7
https://walrus.wr.usgs.gov/namss/data/1977/namss.B-15-77-AK.mcs.airgun/Segy/stacked/SP77-092__SP-21.sgy	9.2
https://walrus.wr.usgs.gov/namss/data/1977/namss.B-15-77-AK.mcs.airgun/Segy/stacked/SP77-094__SP-22.sgy	16.5
https://walrus.wr.usgs.gov/namss/data/1977/namss.B-15-77-AK.mcs.airgun/Segy/stacked/SP77-096__SP-22.sgy	16.5
https://walrus.wr.usgs.gov/namss/data/1977/namss.B-15-77-AK.mcs.airgun/Segy/stacked/SP77-098__SP-22.sgy	13.3
https://walrus.wr.usgs.gov/namss/data/1977/namss.B-15-77-AK.mcs.airgun/Segy/stacked/SP77-100__500164.sgy	12.5
https://walrus.wr.usgs.gov/namss/data/1977/namss.B-15-77-AK.mcs.airgun/Tiff/AK77-15_Line_B-1X_SP361-821.tif	77.6
https://walrus.wr.usgs.gov/namss/data/1977/namss.B-15-77-AK.mcs.airgun/Tiff/AK77-15_Line_B-21_SP217-746.tif	87.5
https://walrus.wr.usgs.gov/namss/data/1977/namss.B-15-77-AK.mcs.airgun/Tiff/AK77-15_Line_B-27_SP101-389.tif	54.4
https://walrus.wr.usgs.gov/namss/data/1977/namss.B-15-77-AK.mcs.airgun/Tiff/AK77-15_Line_B-27_SP390-669.tif	54.5
https://walrus.wr.usgs.gov/namss/data/1977/namss.B-15-77-AK.mcs.airgun/Tiff/AK77-15_Line_B-35_SP101-351.tif	47.7
https://walrus.wr.usgs.gov/namss/data/1977/namss.B-15-77-AK.mcs.airgun/Tiff/AK77-15_Line_SP77-001_SP1-1361.tif	194.1
https://walrus.wr.usgs.gov/namss/data/1977/namss.B-15-77-AK.mcs.airgun/Tiff/AK77-15_Line_SP77-002_SP1-1490.tif	215.6
https://walrus.wr.usgs.gov/namss/data/1977/namss.B-15-77-AK.mcs.airgun/Tiff/AK77-15_Line_SP77-003_SP1597-2578.tif	143.7
https://walrus.wr.usgs.gov/namss/data/1977/namss.B-15-77-AK.mcs.airgun/Tiff/AK77-15_Line_SP77-003_SP3-1596.tif	231.5
https://walrus.wr.usgs.gov/namss/data/1977/namss.B-15-77-AK.mcs.airgun/Tiff/AK77-15_Line_SP77-004_SP1-1276.tif	186.3
https://walrus.wr.usgs.gov/namss/data/1977/namss.B-15-77-AK.mcs.airgun/Tiff/AK77-15_Line_SP77-004_SP1390-1626.tif	52.6
https://walrus.wr.usgs.gov/namss/data/1977/namss.B-15-77-AK.mcs.airgun/Tiff/AK77-15_Line_SP77-005_SP1-1600.tif	235.9
https://walrus.wr.usgs.gov/namss/data/1977/namss.B-15-77-AK.mcs.airgun/Tiff/AK77-15_Line_SP77-005_SP1601-2779.tif	176.9
https://walrus.wr.usgs.gov/namss/data/1977/namss.B-15-77-AK.mcs.airgun/Tiff/AK77-15_Line_SP77-005_SP2776-3448.tif	108.1
https://walrus.wr.usgs.gov/namss/data/1977/namss.B-15-77-AK.mcs.airgun/Tiff/AK77-15_Line_SP77-005_SP3449-3680.tif	51.8
https://walrus.wr.usgs.gov/namss/data/1977/namss.B-15-77-AK.mcs.airgun/Tiff/AK77-15_Line_SP77-005_SP3721-5966.tif	308.6
https://walrus.wr.usgs.gov/namss/data/1977/namss.B-15-77-AK.mcs.airgun/Tiff/AK77-15_Line_SP77-005_SP5967-6344.tif	70.4
https://walrus.wr.usgs.gov/namss/data/1977/namss.B-15-77-AK.mcs.airgun/Tiff/AK77-15_Line_SP77-006_SP5-1400.tif	200.2
https://walrus.wr.usgs.gov/namss/data/1977/namss.B-15-77-AK.mcs.airgun/Tiff/AK77-15_Line_SP77-007_SP1-663.tif	105.1
https://walrus.wr.usgs.gov/namss/data/1977/namss.B-15-77-AK.mcs.airgun/Tiff/AK77-15_Line_SP77-007_SP667-1140.tif	82.9
https://walrus.wr.usgs.gov/namss/data/1977/namss.B-15-77-AK.mcs.airgun/Tiff/AK77-15_Line_SP77-008_SP1-1271.tif	180.0
https://walrus.wr.usgs.gov/namss/data/1977/namss.B-15-77-AK.mcs.airgun/Tiff/AK77-15_Line_SP77-009_SP1-2050.tif	289.1
https://walrus.wr.usgs.gov/namss/data/1977/namss.B-15-77-AK.mcs.airgun/Tiff/AK77-15_Line_SP77-009_SP2051-2950.tif	138.8
https://walrus.wr.usgs.gov/namss/data/1977/namss.B-15-77-AK.mcs.airgun/Tiff/AK77-15_Line_SP77-010_SP1-775.tif	118.4
https://walrus.wr.usgs.gov/namss/data/1977/namss.B-15-77-AK.mcs.airgun/Tiff/AK77-15_Line_SP77-010_SP845-1402.tif	91.8
https://walrus.wr.usgs.gov/namss/data/1977/namss.B-15-77-AK.mcs.airgun/Tiff/AK77-15_Line_SP77-011_SP2-2704.tif	270.5
https://walrus.wr.usgs.gov/namss/data/1977/namss.B-15-77-AK.mcs.airgun/Tiff/AK77-15_Line_SP77-012_SP2-1236.tif	177.4
https://walrus.wr.usgs.gov/namss/data/1977/namss.B-15-77-AK.mcs.airgun/Tiff/AK77-15_Line_SP77-013_SP1-1085.tif	157.9
https://walrus.wr.usgs.gov/namss/data/1977/namss.B-15-77-AK.mcs.airgun/Tiff/AK77-15_Line_SP77-013_SP1086-2359.tif	186.7
https://walrus.wr.usgs.gov/namss/data/1977/namss.B-15-77-AK.mcs.airgun/Tiff/AK77-15_Line_SP77-014_SP1-566.tif	98.2
https://walrus.wr.usgs.gov/namss/data/1977/namss.B-15-77-AK.mcs.airgun/Tiff/AK77-15_Line_SP77-014_SP567-1237.tif	109.2
https://walrus.wr.usgs.gov/namss/data/1977/namss.B-15-77-AK.mcs.airgun/Tiff/AK77-15_Line_SP77-015_SP1-1671.tif	235.0
https://walrus.wr.usgs.gov/namss/data/1977/namss.B-15-77-AK.mcs.airgun/Tiff/AK77-15_Line_SP77-015_SP1672-1912.tif	51.0
https://walrus.wr.usgs.gov/namss/data/1977/namss.B-15-77-AK.mcs.airgun/Tiff/AK77-15_Line_SP77-016_SP1-440.tif	76.8
https://walrus.wr.usgs.gov/namss/data/1977/namss.B-15-77-AK.mcs.airgun/Tiff/AK77-15_Line_SP77-016_SP1121-1396.tif	57.8
https://walrus.wr.usgs.gov/namss/data/1977/namss.B-15-77-AK.mcs.airgun/Tiff/AK77-15_Line_SP77-016_SP441-1120.tif	108.0
https://walrus.wr.usgs.gov/namss/data/1977/namss.B-15-77-AK.mcs.airgun/Tiff/AK77-15_Line_SP77-017_SP1-730.tif	115.3
https://walrus.wr.usgs.gov/namss/data/1977/namss.B-15-77-AK.mcs.airgun/Tiff/AK77-15_Line_SP77-017_SP731-1611.tif	139.3
https://walrus.wr.usgs.gov/namss/data/1977/namss.B-15-77-AK.mcs.airgun/Tiff/AK77-15_Line_SP77-018_SP2-936.tif	143.2
https://walrus.wr.usgs.gov/namss/data/1977/namss.B-15-77-AK.mcs.airgun/Tiff/AK77-15_Line_SP77-018_SP937-1432.tif	83.2
https://walrus.wr.usgs.gov/namss/data/1977/namss.B-15-77-AK.mcs.airgun/Tiff/AK77-15_Line_SP77-019_SP9-1696.tif	244.9
https://walrus.wr.usgs.gov/namss/data/1977/namss.B-15-77-AK.mcs.airgun/Tiff/AK77-15_Line_SP77-020_SP1-2092.tif	290.0
https://walrus.wr.usgs.gov/namss/data/1977/namss.B-15-77-AK.mcs.airgun/Tiff/AK77-15_Line_SP77-021_SP1-1731.tif	245.9
https://walrus.wr.usgs.gov/namss/data/1977/namss.B-15-77-AK.mcs.airgun/Tiff/AK77-15_Line_SP77-022_SP1-1485.tif	222.6
https://walrus.wr.usgs.gov/namss/data/1977/namss.B-15-77-AK.mcs.airgun/Tiff/AK77-15_Line_SP77-023_SP1-1726.tif	251.9
https://walrus.wr.usgs.gov/namss/data/1977/namss.B-15-77-AK.mcs.airgun/Tiff/AK77-15_Line_SP77-024_SP1-1361.tif	189.3
https://walrus.wr.usgs.gov/namss/data/1977/namss.B-15-77-AK.mcs.airgun/Tiff/AK77-15_Line_SP77-025_SP1-1706.tif	238.1
https://walrus.wr.usgs.gov/namss/data/1977/namss.B-15-77-AK.mcs.airgun/Tiff/AK77-15_Line_SP77-026_SP5-1325.tif	193.3
https://walrus.wr.usgs.gov/namss/data/1977/namss.B-15-77-AK.mcs.airgun/Tiff/AK77-15_Line_SP77-027_SP1-700.tif	117.4
https://walrus.wr.usgs.gov/namss/data/1977/namss.B-15-77-AK.mcs.airgun/Tiff/AK77-15_Line_SP77-027_SP701-2101.tif	213.8
https://walrus.wr.usgs.gov/namss/data/1977/namss.B-15-77-AK.mcs.airgun/Tiff/AK77-15_Line_SP77-028_SP1-988.tif	150.2
https://walrus.wr.usgs.gov/namss/data/1977/namss.B-15-77-AK.mcs.airgun/Tiff/AK77-15_Line_SP77-028_SP992-1171.tif	45.0
https://walrus.wr.usgs.gov/namss/data/1977/namss.B-15-77-AK.mcs.airgun/Tiff/AK77-15_Line_SP77-029_SP1-782.tif	121.7
https://walrus.wr.usgs.gov/namss/data/1977/namss.B-15-77-AK.mcs.airgun/Tiff/AK77-15_Line_SP77-029_SP784-1973.tif	174.5
https://walrus.wr.usgs.gov/namss/data/1977/namss.B-15-77-AK.mcs.airgun/Tiff/AK77-15_Line_SP77-030_SP1-125.tif	37.1
https://walrus.wr.usgs.gov/namss/data/1977/namss.B-15-77-AK.mcs.airgun/Tiff/AK77-15_Line_SP77-030_SP101-1300.tif	179.8
https://walrus.wr.usgs.gov/namss/data/1977/namss.B-15-77-AK.mcs.airgun/Tiff/AK77-15_Line_SP77-031_SP1-1901.tif	271.4
https://walrus.wr.usgs.gov/namss/data/1977/namss.B-15-77-AK.mcs.airgun/Tiff/AK77-15_Line_SP77-032_SP2-1499.tif	212.4
https://walrus.wr.usgs.gov/namss/data/1977/namss.B-15-77-AK.mcs.airgun/Tiff/AK77-15_Line_SP77-033_SP1-1811.tif	254.1
https://walrus.wr.usgs.gov/namss/data/1977/namss.B-15-77-AK.mcs.airgun/Tiff/AK77-15_Line_SP77-034_SP1-1128.tif	154.9
https://walrus.wr.usgs.gov/namss/data/1977/namss.B-15-77-AK.mcs.airgun/Tiff/AK77-15_Line_SP77-035_SP1-1766.tif	244.3
https://walrus.wr.usgs.gov/namss/data/1977/namss.B-15-77-AK.mcs.airgun/Tiff/AK77-15_Line_SP77-036_SP1-1130.tif	175.0
https://walrus.wr.usgs.gov/namss/data/1977/namss.B-15-77-AK.mcs.airgun/Tiff/AK77-15_Line_SP77-037_SP1-1756.tif	249.2
https://walrus.wr.usgs.gov/namss/data/1977/namss.B-15-77-AK.mcs.airgun/Tiff/AK77-15_Line_SP77-039_SP1-1286.tif	190.8
https://walrus.wr.usgs.gov/namss/data/1977/namss.B-15-77-AK.mcs.airgun/Tiff/AK77-15_Line_SP77-047_SP2-522.tif	88.2
https://walrus.wr.usgs.gov/namss/data/1977/namss.B-15-77-AK.mcs.airgun/Tiff/AK77-15_Line_SP77-051_SP3-1710.tif	237.8
https://walrus.wr.usgs.gov/namss/data/1977/namss.B-15-77-AK.mcs.airgun/Tiff/AK77-15_Line_SP77-053_SP1-1711.tif	255.1
https://walrus.wr.usgs.gov/namss/data/1977/namss.B-15-77-AK.mcs.airgun/Tiff/AK77-15_Line_SP77-055_SP1-1636.tif	237.4
https://walrus.wr.usgs.gov/namss/data/1977/namss.B-15-77-AK.mcs.airgun/Tiff/AK77-15_Line_SP77-057_SP1-1622.tif	234.5
https://walrus.wr.usgs.gov/namss/data/1977/namss.B-15-77-AK.mcs.airgun/Tiff/AK77-15_Line_SP77-059_SP1-1149.tif	169.3
https://walrus.wr.usgs.gov/namss/data/1977/namss.B-15-77-AK.mcs.airgun/Tiff/AK77-15_Line_SP77-061_SP1-1470.tif	214.1
https://walrus.wr.usgs.gov/namss/data/1977/namss.B-15-77-AK.mcs.airgun/Tiff/AK77-15_Line_SP77-063_SP1-1451.tif	207.1
https://walrus.wr.usgs.gov/namss/data/1977/namss.B-15-77-AK.mcs.airgun/Tiff/AK77-15_Line_SP77-065_SP1-1916.tif	268.7
https://walrus.wr.usgs.gov/namss/data/1977/namss.B-15-77-AK.mcs.airgun/Tiff/AK77-15_Line_SP77-067_SP1-1696.tif	252.2
https://walrus.wr.usgs.gov/namss/data/1977/namss.B-15-77-AK.mcs.airgun/Tiff/AK77-15_Line_SP77-074_SP1-922.tif	136.7
https://walrus.wr.usgs.gov/namss/data/1977/namss.B-15-77-AK.mcs.airgun/Tiff/AK77-15_Line_SP77-086_SP1-1471.tif	208.5
https://walrus.wr.usgs.gov/namss/data/1977/namss.B-15-77-AK.mcs.airgun/Tiff/AK77-15_Line_SP77-088_SP4-1320.tif	186.3
https://walrus.wr.usgs.gov/namss/data/1977/namss.B-15-77-AK.mcs.airgun/Tiff/AK77-15_Line_SP77-090_SP1-1295.tif	187.6
https://walrus.wr.usgs.gov/namss/data/1977/namss.B-15-77-AK.mcs.airgun/Tiff/AK77-15_Line_SP77-092_SP1-751.tif	125.9
https://walrus.wr.usgs.gov/namss/data/1977/namss.B-15-77-AK.mcs.airgun/Tiff/AK77-15_Line_SP77-094_SP1-1360.tif	194.1
https://walrus.wr.usgs.gov/namss/data/1977/namss.B-15-77-AK.mcs.airgun/Tiff/AK77-15_Line_SP77-096_SP1-1365.tif	203.5
https://walrus.wr.usgs.gov/namss/data/1977/namss.B-15-77-AK.mcs.airgun/Tiff/AK77-15_Line_SP77-098_SP1-1096.tif	159.3
https://walrus.wr.usgs.gov/namss/data/1977/namss.B-15-77-AK.mcs.airgun/Tiff/AK77-15_Line_SP77-100_SP1-1030.tif	153.8
https://walrus.wr.usgs.gov/namss/data/1977/namss.B-15-77-AK.mcs.airgun/Velocity/B-021_SP0263.tif	0.5164
https://walrus.wr.usgs.gov/namss/data/1977/namss.B-15-77-AK.mcs.airgun/Velocity/B-021_SP0323.tif	0.4709
https://walrus.wr.usgs.gov/namss/data/1977/namss.B-15-77-AK.mcs.airgun/Velocity/B-021_SP0383.tif	0.49960000000000004
https://walrus.wr.usgs.gov/namss/data/1977/namss.B-15-77-AK.mcs.airgun/Velocity/B-021_SP0443.tif	0.5015000000000001
https://walrus.wr.usgs.gov/namss/data/1977/namss.B-15-77-AK.mcs.airgun/Velocity/B-021_SP0503.tif	0.4797
https://walrus.wr.usgs.gov/namss/data/1977/namss.B-15-77-AK.mcs.airgun/Velocity/B-021_SP0563.tif	0.5186000000000001
https://walrus.wr.usgs.gov/namss/data/1977/namss.B-15-77-AK.mcs.airgun/Velocity/B-021_SP0623.tif	0.503
https://walrus.wr.usgs.gov/namss/data/1977/namss.B-15-77-AK.mcs.airgun/Velocity/B-021_SP0683.tif	0.5201
https://walrus.wr.usgs.gov/namss/data/1977/namss.B-15-77-AK.mcs.airgun/Velocity/B-021_SP0743.tif	0.5443
https://walrus.wr.usgs.gov/namss/data/1977/namss.B-15-77-AK.mcs.airgun/Velocity/B-027_SP0104.tif	0.484
https://walrus.wr.usgs.gov/namss/data/1977/namss.B-15-77-AK.mcs.airgun/Velocity/B-027_SP0164.tif	0.4917
https://walrus.wr.usgs.gov/namss/data/1977/namss.B-15-77-AK.mcs.airgun/Velocity/B-027_SP0224.tif	0.4865
https://walrus.wr.usgs.gov/namss/data/1977/namss.B-15-77-AK.mcs.airgun/Velocity/B-027_SP0284.tif	0.5321
https://walrus.wr.usgs.gov/namss/data/1977/namss.B-15-77-AK.mcs.airgun/Velocity/B-027_SP0344.tif	0.97
https://walrus.wr.usgs.gov/namss/data/1977/namss.B-15-77-AK.mcs.airgun/Velocity/B-027_SP0393.tif	0.5617000000000001
https://walrus.wr.usgs.gov/namss/data/1977/namss.B-15-77-AK.mcs.airgun/Velocity/B-027_SP0453.tif	0.4967
https://walrus.wr.usgs.gov/namss/data/1977/namss.B-15-77-AK.mcs.airgun/Velocity/B-027_SP0518.tif	0.4993
https://walrus.wr.usgs.gov/namss/data/1977/namss.B-15-77-AK.mcs.airgun/Velocity/B-027_SP0573.tif	0.5241
https://walrus.wr.usgs.gov/namss/data/1977/namss.B-15-77-AK.mcs.airgun/Velocity/B-027_SP0633.tif	0.5039
https://walrus.wr.usgs.gov/namss/data/1977/namss.B-15-77-AK.mcs.airgun/Velocity/B-027_SP0873.tif	0.5134
https://walrus.wr.usgs.gov/namss/data/1977/namss.B-15-77-AK.mcs.airgun/Velocity/B-035_SP0104.tif	0.6602
https://walrus.wr.usgs.gov/namss/data/1977/namss.B-15-77-AK.mcs.airgun/Velocity/B-035_SP0164.tif	0.7247
https://walrus.wr.usgs.gov/namss/data/1977/namss.B-15-77-AK.mcs.airgun/Velocity/B-035_SP0224.tif	0.49760000000000004
https://walrus.wr.usgs.gov/namss/data/1977/namss.B-15-77-AK.mcs.airgun/Velocity/B-035_SP0284.tif	0.5612
https://walrus.wr.usgs.gov/namss/data/1977/namss.B-15-77-AK.mcs.airgun/Velocity/B-IX_SP0398.tif	0.5123
https://walrus.wr.usgs.gov/namss/data/1977/namss.B-15-77-AK.mcs.airgun/Velocity/B-IX_SP0458.tif	0.4694
https://walrus.wr.usgs.gov/namss/data/1977/namss.B-15-77-AK.mcs.airgun/Velocity/B-IX_SP0518.tif	0.5294
https://walrus.wr.usgs.gov/namss/data/1977/namss.B-15-77-AK.mcs.airgun/Velocity/B-IX_SP0578.tif	0.5192000000000001
https://walrus.wr.usgs.gov/namss/data/1977/namss.B-15-77-AK.mcs.airgun/Velocity/B-IX_SP0638.tif	0.519
https://walrus.wr.usgs.gov/namss/data/1977/namss.B-15-77-AK.mcs.airgun/Velocity/B-IX_SP0698.tif	0.5049
https://walrus.wr.usgs.gov/namss/data/1977/namss.B-15-77-AK.mcs.airgun/Velocity/B-IX_SP0758.tif	0.5711
https://walrus.wr.usgs.gov/namss/data/1977/namss.B-15-77-AK.mcs.airgun/Velocity/B-IX_SP0818.tif	0.5359
https://walrus.wr.usgs.gov/namss/data/1977/namss.B-15-77-AK.mcs.airgun/Velocity/SP77-001_SP0004.tif	0.7564
https://walrus.wr.usgs.gov/namss/data/1977/namss.B-15-77-AK.mcs.airgun/Velocity/SP77-001_SP0064.tif	0.8975
https://walrus.wr.usgs.gov/namss/data/1977/namss.B-15-77-AK.mcs.airgun/Velocity/SP77-001_SP0124.tif	0.8242999999999999
https://walrus.wr.usgs.gov/namss/data/1977/namss.B-15-77-AK.mcs.airgun/Velocity/SP77-001_SP0184.tif	0.7956000000000001
https://walrus.wr.usgs.gov/namss/data/1977/namss.B-15-77-AK.mcs.airgun/Velocity/SP77-001_SP0244.tif	0.7612000000000001
https://walrus.wr.usgs.gov/namss/data/1977/namss.B-15-77-AK.mcs.airgun/Velocity/SP77-001_SP0304.tif	0.771
https://walrus.wr.usgs.gov/namss/data/1977/namss.B-15-77-AK.mcs.airgun/Velocity/SP77-001_SP0364.tif	0.7942
https://walrus.wr.usgs.gov/namss/data/1977/namss.B-15-77-AK.mcs.airgun/Velocity/SP77-001_SP0424.tif	0.7938999999999999
https://walrus.wr.usgs.gov/namss/data/1977/namss.B-15-77-AK.mcs.airgun/Velocity/SP77-001_SP0484.tif	0.7499
https://walrus.wr.usgs.gov/namss/data/1977/namss.B-15-77-AK.mcs.airgun/Velocity/SP77-001_SP0544.tif	0.764
https://walrus.wr.usgs.gov/namss/data/1977/namss.B-15-77-AK.mcs.airgun/Velocity/SP77-001_SP0604.tif	0.8059
https://walrus.wr.usgs.gov/namss/data/1977/namss.B-15-77-AK.mcs.airgun/Velocity/SP77-001_SP0664.tif	0.7697999999999999
https://walrus.wr.usgs.gov/namss/data/1977/namss.B-15-77-AK.mcs.airgun/Velocity/SP77-001_SP0724.tif	0.7972
https://walrus.wr.usgs.gov/namss/data/1977/namss.B-15-77-AK.mcs.airgun/Velocity/SP77-001_SP0784.tif	0.7554
https://walrus.wr.usgs.gov/namss/data/1977/namss.B-15-77-AK.mcs.airgun/Velocity/SP77-001_SP0844.tif	0.7677
https://walrus.wr.usgs.gov/namss/data/1977/namss.B-15-77-AK.mcs.airgun/Velocity/SP77-001_SP0904.tif	0.8103
https://walrus.wr.usgs.gov/namss/data/1977/namss.B-15-77-AK.mcs.airgun/Velocity/SP77-001_SP0964.tif	0.7329
https://walrus.wr.usgs.gov/namss/data/1977/namss.B-15-77-AK.mcs.airgun/Velocity/SP77-001_SP1024.tif	0.746
https://walrus.wr.usgs.gov/namss/data/1977/namss.B-15-77-AK.mcs.airgun/Velocity/SP77-001_SP1084.tif	0.7859
https://walrus.wr.usgs.gov/namss/data/1977/namss.B-15-77-AK.mcs.airgun/Velocity/SP77-001_SP1144.tif	0.8356
https://walrus.wr.usgs.gov/namss/data/1977/namss.B-15-77-AK.mcs.airgun/Velocity/SP77-001_SP1204.tif	0.7743
https://walrus.wr.usgs.gov/namss/data/1977/namss.B-15-77-AK.mcs.airgun/Velocity/SP77-001_SP1264.tif	0.7667999999999999
https://walrus.wr.usgs.gov/namss/data/1977/namss.B-15-77-AK.mcs.airgun/Velocity/SP77-001_SP1324.tif	0.7904
https://walrus.wr.usgs.gov/namss/data/1977/namss.B-15-77-AK.mcs.airgun/Velocity/SP77-002_SP0004.tif	1.3
https://walrus.wr.usgs.gov/namss/data/1977/namss.B-15-77-AK.mcs.airgun/Velocity/SP77-002_SP0064.tif	1.3
https://walrus.wr.usgs.gov/namss/data/1977/namss.B-15-77-AK.mcs.airgun/Velocity/SP77-002_SP0124.tif	0.6623
https://walrus.wr.usgs.gov/namss/data/1977/namss.B-15-77-AK.mcs.airgun/Velocity/SP77-002_SP0184.tif	0.6727000000000001
https://walrus.wr.usgs.gov/namss/data/1977/namss.B-15-77-AK.mcs.airgun/Velocity/SP77-002_SP0244.tif	0.672
https://walrus.wr.usgs.gov/namss/data/1977/namss.B-15-77-AK.mcs.airgun/Velocity/SP77-002_SP0304.tif	0.6668
https://walrus.wr.usgs.gov/namss/data/1977/namss.B-15-77-AK.mcs.airgun/Velocity/SP77-002_SP0364.tif	0.6664
https://walrus.wr.usgs.gov/namss/data/1977/namss.B-15-77-AK.mcs.airgun/Velocity/SP77-002_SP0424.tif	0.708
https://walrus.wr.usgs.gov/namss/data/1977/namss.B-15-77-AK.mcs.airgun/Velocity/SP77-002_SP0484.tif	0.6341
https://walrus.wr.usgs.gov/namss/data/1977/namss.B-15-77-AK.mcs.airgun/Velocity/SP77-002_SP0544.tif	1.3
https://walrus.wr.usgs.gov/namss/data/1977/namss.B-15-77-AK.mcs.airgun/Velocity/SP77-002_SP0604.tif	0.6617000000000001
https://walrus.wr.usgs.gov/namss/data/1977/namss.B-15-77-AK.mcs.airgun/Velocity/SP77-002_SP0664.tif	0.673
https://walrus.wr.usgs.gov/namss/data/1977/namss.B-15-77-AK.mcs.airgun/Velocity/SP77-002_SP0724.tif	0.6158
https://walrus.wr.usgs.gov/namss/data/1977/namss.B-15-77-AK.mcs.airgun/Velocity/SP77-002_SP0784.tif	0.6557999999999999
https://walrus.wr.usgs.gov/namss/data/1977/namss.B-15-77-AK.mcs.airgun/Velocity/SP77-002_SP0844.tif	0.663
https://walrus.wr.usgs.gov/namss/data/1977/namss.B-15-77-AK.mcs.airgun/Velocity/SP77-002_SP0904.tif	0.6512000000000001
https://walrus.wr.usgs.gov/namss/data/1977/namss.B-15-77-AK.mcs.airgun/Velocity/SP77-002_SP0964.tif	0.7137000000000001
https://walrus.wr.usgs.gov/namss/data/1977/namss.B-15-77-AK.mcs.airgun/Velocity/SP77-002_SP1024.tif	0.6908
https://walrus.wr.usgs.gov/namss/data/1977/namss.B-15-77-AK.mcs.airgun/Velocity/SP77-002_SP1084.tif	0.6766000000000001
https://walrus.wr.usgs.gov/namss/data/1977/namss.B-15-77-AK.mcs.airgun/Velocity/SP77-002_SP1144.tif	0.7485
https://walrus.wr.usgs.gov/namss/data/1977/namss.B-15-77-AK.mcs.airgun/Velocity/SP77-002_SP1204.tif	0.6934
https://walrus.wr.usgs.gov/namss/data/1977/namss.B-15-77-AK.mcs.airgun/Velocity/SP77-002_SP1264.tif	0.6978
https://walrus.wr.usgs.gov/namss/data/1977/namss.B-15-77-AK.mcs.airgun/Velocity/SP77-002_SP1324.tif	0.68
https://walrus.wr.usgs.gov/namss/data/1977/namss.B-15-77-AK.mcs.airgun/Velocity/SP77-002_SP1384.tif	1.3
https://walrus.wr.usgs.gov/namss/data/1977/namss.B-15-77-AK.mcs.airgun/Velocity/SP77-002_SP1444.tif	1.3
https://walrus.wr.usgs.gov/namss/data/1977/namss.B-15-77-AK.mcs.airgun/Velocity/SP77-003_SP0006.tif	1.1
https://walrus.wr.usgs.gov/namss/data/1977/namss.B-15-77-AK.mcs.airgun/Velocity/SP77-003_SP0066.tif	0.9567000000000001
https://walrus.wr.usgs.gov/namss/data/1977/namss.B-15-77-AK.mcs.airgun/Velocity/SP77-003_SP0126.tif	0.9500000000000001
https://walrus.wr.usgs.gov/namss/data/1977/namss.B-15-77-AK.mcs.airgun/Velocity/SP77-003_SP0186.tif	0.9715
https://walrus.wr.usgs.gov/namss/data/1977/namss.B-15-77-AK.mcs.airgun/Velocity/SP77-003_SP0246.tif	0.9472999999999999
https://walrus.wr.usgs.gov/namss/data/1977/namss.B-15-77-AK.mcs.airgun/Velocity/SP77-003_SP0306.tif	0.9570000000000001
https://walrus.wr.usgs.gov/namss/data/1977/namss.B-15-77-AK.mcs.airgun/Velocity/SP77-003_SP0366.tif	0.9065
https://walrus.wr.usgs.gov/namss/data/1977/namss.B-15-77-AK.mcs.airgun/Velocity/SP77-003_SP0426.tif	1.2
https://walrus.wr.usgs.gov/namss/data/1977/namss.B-15-77-AK.mcs.airgun/Velocity/SP77-003_SP0486.tif	0.8251000000000001
https://walrus.wr.usgs.gov/namss/data/1977/namss.B-15-77-AK.mcs.airgun/Velocity/SP77-003_SP0546.tif	0.8357000000000001
https://walrus.wr.usgs.gov/namss/data/1977/namss.B-15-77-AK.mcs.airgun/Velocity/SP77-003_SP0606.tif	0.7365
https://walrus.wr.usgs.gov/namss/data/1977/namss.B-15-77-AK.mcs.airgun/Velocity/SP77-003_SP0666.tif	0.6941
https://walrus.wr.usgs.gov/namss/data/1977/namss.B-15-77-AK.mcs.airgun/Velocity/SP77-003_SP0726.tif	0.7317
https://walrus.wr.usgs.gov/namss/data/1977/namss.B-15-77-AK.mcs.airgun/Velocity/SP77-003_SP0786.tif	0.6976
https://walrus.wr.usgs.gov/namss/data/1977/namss.B-15-77-AK.mcs.airgun/Velocity/SP77-003_SP0846.tif	0.6934
https://walrus.wr.usgs.gov/namss/data/1977/namss.B-15-77-AK.mcs.airgun/Velocity/SP77-003_SP0906.tif	0.6791
https://walrus.wr.usgs.gov/namss/data/1977/namss.B-15-77-AK.mcs.airgun/Velocity/SP77-003_SP0966.tif	0.7452000000000001
https://walrus.wr.usgs.gov/namss/data/1977/namss.B-15-77-AK.mcs.airgun/Velocity/SP77-003_SP1026.tif	0.7155
https://walrus.wr.usgs.gov/namss/data/1977/namss.B-15-77-AK.mcs.airgun/Velocity/SP77-003_SP1086.tif	0.7333
https://walrus.wr.usgs.gov/namss/data/1977/namss.B-15-77-AK.mcs.airgun/Velocity/SP77-003_SP1146.tif	0.7571
https://walrus.wr.usgs.gov/namss/data/1977/namss.B-15-77-AK.mcs.airgun/Velocity/SP77-003_SP1206.tif	0.6746000000000001
https://walrus.wr.usgs.gov/namss/data/1977/namss.B-15-77-AK.mcs.airgun/Velocity/SP77-003_SP1266.tif	0.8201
https://walrus.wr.usgs.gov/namss/data/1977/namss.B-15-77-AK.mcs.airgun/Velocity/SP77-003_SP1326.tif	0.8180000000000001
https://walrus.wr.usgs.gov/namss/data/1977/namss.B-15-77-AK.mcs.airgun/Velocity/SP77-003_SP1386.tif	0.8605
https://walrus.wr.usgs.gov/namss/data/1977/namss.B-15-77-AK.mcs.airgun/Velocity/SP77-003_SP1446.tif	0.7857999999999999
https://walrus.wr.usgs.gov/namss/data/1977/namss.B-15-77-AK.mcs.airgun/Velocity/SP77-003_SP1506.tif	0.7634
https://walrus.wr.usgs.gov/namss/data/1977/namss.B-15-77-AK.mcs.airgun/Velocity/SP77-003_SP1566.tif	0.8338
https://walrus.wr.usgs.gov/namss/data/1977/namss.B-15-77-AK.mcs.airgun/Velocity/SP77-003_SP1600.tif	0.5642
https://walrus.wr.usgs.gov/namss/data/1977/namss.B-15-77-AK.mcs.airgun/Velocity/SP77-003_SP1660.tif	0.5581
https://walrus.wr.usgs.gov/namss/data/1977/namss.B-15-77-AK.mcs.airgun/Velocity/SP77-003_SP1720.tif	0.5539
https://walrus.wr.usgs.gov/namss/data/1977/namss.B-15-77-AK.mcs.airgun/Velocity/SP77-003_SP1780.tif	0.5403
https://walrus.wr.usgs.gov/namss/data/1977/namss.B-15-77-AK.mcs.airgun/Velocity/SP77-003_SP1840.tif	0.5335
https://walrus.wr.usgs.gov/namss/data/1977/namss.B-15-77-AK.mcs.airgun/Velocity/SP77-003_SP1900.tif	0.5523
https://walrus.wr.usgs.gov/namss/data/1977/namss.B-15-77-AK.mcs.airgun/Velocity/SP77-003_SP1960.tif	0.5562
https://walrus.wr.usgs.gov/namss/data/1977/namss.B-15-77-AK.mcs.airgun/Velocity/SP77-003_SP2020.tif	0.5721
https://walrus.wr.usgs.gov/namss/data/1977/namss.B-15-77-AK.mcs.airgun/Velocity/SP77-003_SP2080.tif	0.5645
https://walrus.wr.usgs.gov/namss/data/1977/namss.B-15-77-AK.mcs.airgun/Velocity/SP77-003_SP2140.tif	0.5515
https://walrus.wr.usgs.gov/namss/data/1977/namss.B-15-77-AK.mcs.airgun/Velocity/SP77-003_SP2200.tif	0.5586
https://walrus.wr.usgs.gov/namss/data/1977/namss.B-15-77-AK.mcs.airgun/Velocity/SP77-003_SP2260.tif	0.4108
https://walrus.wr.usgs.gov/namss/data/1977/namss.B-15-77-AK.mcs.airgun/Velocity/SP77-003_SP2320.tif	0.4649
https://walrus.wr.usgs.gov/namss/data/1977/namss.B-15-77-AK.mcs.airgun/Velocity/SP77-003_SP2380.tif	0.4374
https://walrus.wr.usgs.gov/namss/data/1977/namss.B-15-77-AK.mcs.airgun/Velocity/SP77-003_SP2440.tif	0.4074
https://walrus.wr.usgs.gov/namss/data/1977/namss.B-15-77-AK.mcs.airgun/Velocity/SP77-003_SP2500.tif	0.4295
https://walrus.wr.usgs.gov/namss/data/1977/namss.B-15-77-AK.mcs.airgun/Velocity/SP77-004_SP0004.tif	0.8877999999999999
https://walrus.wr.usgs.gov/namss/data/1977/namss.B-15-77-AK.mcs.airgun/Velocity/SP77-004_SP0064.tif	0.863
https://walrus.wr.usgs.gov/namss/data/1977/namss.B-15-77-AK.mcs.airgun/Velocity/SP77-004_SP0124.tif	0.9399
https://walrus.wr.usgs.gov/namss/data/1977/namss.B-15-77-AK.mcs.airgun/Velocity/SP77-004_SP0184.tif	0.8141
https://walrus.wr.usgs.gov/namss/data/1977/namss.B-15-77-AK.mcs.airgun/Velocity/SP77-004_SP0244.tif	0.8846
https://walrus.wr.usgs.gov/namss/data/1977/namss.B-15-77-AK.mcs.airgun/Velocity/SP77-004_SP0304.tif	0.8129
https://walrus.wr.usgs.gov/namss/data/1977/namss.B-15-77-AK.mcs.airgun/Velocity/SP77-004_SP0364.tif	0.8175
https://walrus.wr.usgs.gov/namss/data/1977/namss.B-15-77-AK.mcs.airgun/Velocity/SP77-004_SP0424.tif	0.8375
https://walrus.wr.usgs.gov/namss/data/1977/namss.B-15-77-AK.mcs.airgun/Velocity/SP77-004_SP0484.tif	0.8707
https://walrus.wr.usgs.gov/namss/data/1977/namss.B-15-77-AK.mcs.airgun/Velocity/SP77-004_SP0544.tif	0.779
https://walrus.wr.usgs.gov/namss/data/1977/namss.B-15-77-AK.mcs.airgun/Velocity/SP77-004_SP0604.tif	1.0
https://walrus.wr.usgs.gov/namss/data/1977/namss.B-15-77-AK.mcs.airgun/Velocity/SP77-004_SP0664.tif	0.7736000000000001
https://walrus.wr.usgs.gov/namss/data/1977/namss.B-15-77-AK.mcs.airgun/Velocity/SP77-004_SP0724.tif	0.8452999999999999
https://walrus.wr.usgs.gov/namss/data/1977/namss.B-15-77-AK.mcs.airgun/Velocity/SP77-004_SP0784.tif	0.7859
https://walrus.wr.usgs.gov/namss/data/1977/namss.B-15-77-AK.mcs.airgun/Velocity/SP77-004_SP0844.tif	0.8987
https://walrus.wr.usgs.gov/namss/data/1977/namss.B-15-77-AK.mcs.airgun/Velocity/SP77-004_SP0904.tif	0.8482000000000001
https://walrus.wr.usgs.gov/namss/data/1977/namss.B-15-77-AK.mcs.airgun/Velocity/SP77-004_SP0964.tif	0.919
https://walrus.wr.usgs.gov/namss/data/1977/namss.B-15-77-AK.mcs.airgun/Velocity/SP77-004_SP1024.tif	0.8675
https://walrus.wr.usgs.gov/namss/data/1977/namss.B-15-77-AK.mcs.airgun/Velocity/SP77-004_SP1084.tif	0.9015
https://walrus.wr.usgs.gov/namss/data/1977/namss.B-15-77-AK.mcs.airgun/Velocity/SP77-004_SP1144.tif	0.9792000000000001
https://walrus.wr.usgs.gov/namss/data/1977/namss.B-15-77-AK.mcs.airgun/Velocity/SP77-004_SP1204.tif	0.8638
https://walrus.wr.usgs.gov/namss/data/1977/namss.B-15-77-AK.mcs.airgun/Velocity/SP77-004_SP1393.tif	0.8368
https://walrus.wr.usgs.gov/namss/data/1977/namss.B-15-77-AK.mcs.airgun/Velocity/SP77-004_SP1453.tif	0.8457000000000001
https://walrus.wr.usgs.gov/namss/data/1977/namss.B-15-77-AK.mcs.airgun/Velocity/SP77-004_SP1513.tif	0.8190000000000001
https://walrus.wr.usgs.gov/namss/data/1977/namss.B-15-77-AK.mcs.airgun/Velocity/SP77-004_SP1573.tif	0.8705
https://walrus.wr.usgs.gov/namss/data/1977/namss.B-15-77-AK.mcs.airgun/Velocity/SP77-005_SP0004.tif	0.9101
https://walrus.wr.usgs.gov/namss/data/1977/namss.B-15-77-AK.mcs.airgun/Velocity/SP77-005_SP0064.tif	0.8959
https://walrus.wr.usgs.gov/namss/data/1977/namss.B-15-77-AK.mcs.airgun/Velocity/SP77-005_SP0124.tif	0.8280000000000001
https://walrus.wr.usgs.gov/namss/data/1977/namss.B-15-77-AK.mcs.airgun/Velocity/SP77-005_SP0184.tif	0.8716
https://walrus.wr.usgs.gov/namss/data/1977/namss.B-15-77-AK.mcs.airgun/Velocity/SP77-005_SP0244.tif	0.8186
https://walrus.wr.usgs.gov/namss/data/1977/namss.B-15-77-AK.mcs.airgun/Velocity/SP77-005_SP0304.tif	0.8337000000000001
https://walrus.wr.usgs.gov/namss/data/1977/namss.B-15-77-AK.mcs.airgun/Velocity/SP77-005_SP0364.tif	0.8032
https://walrus.wr.usgs.gov/namss/data/1977/namss.B-15-77-AK.mcs.airgun/Velocity/SP77-005_SP0424.tif	0.8052
https://walrus.wr.usgs.gov/namss/data/1977/namss.B-15-77-AK.mcs.airgun/Velocity/SP77-005_SP0484.tif	0.8135
https://walrus.wr.usgs.gov/namss/data/1977/namss.B-15-77-AK.mcs.airgun/Velocity/SP77-005_SP0544.tif	0.7893
https://walrus.wr.usgs.gov/namss/data/1977/namss.B-15-77-AK.mcs.airgun/Velocity/SP77-005_SP0604.tif	0.7938999999999999
https://walrus.wr.usgs.gov/namss/data/1977/namss.B-15-77-AK.mcs.airgun/Velocity/SP77-005_SP0664.tif	0.7368
https://walrus.wr.usgs.gov/namss/data/1977/namss.B-15-77-AK.mcs.airgun/Velocity/SP77-005_SP0724.tif	0.7724
https://walrus.wr.usgs.gov/namss/data/1977/namss.B-15-77-AK.mcs.airgun/Velocity/SP77-005_SP0784.tif	0.7741
https://walrus.wr.usgs.gov/namss/data/1977/namss.B-15-77-AK.mcs.airgun/Velocity/SP77-005_SP0844.tif	0.7592000000000001
https://walrus.wr.usgs.gov/namss/data/1977/namss.B-15-77-AK.mcs.airgun/Velocity/SP77-005_SP0904.tif	0.7753
https://walrus.wr.usgs.gov/namss/data/1977/namss.B-15-77-AK.mcs.airgun/Velocity/SP77-005_SP0964.tif	0.7743
https://walrus.wr.usgs.gov/namss/data/1977/namss.B-15-77-AK.mcs.airgun/Velocity/SP77-005_SP1024.tif	0.7587999999999999
https://walrus.wr.usgs.gov/namss/data/1977/namss.B-15-77-AK.mcs.airgun/Velocity/SP77-005_SP1084.tif	0.7333999999999999
https://walrus.wr.usgs.gov/namss/data/1977/namss.B-15-77-AK.mcs.airgun/Velocity/SP77-005_SP1144.tif	0.7252000000000001
https://walrus.wr.usgs.gov/namss/data/1977/namss.B-15-77-AK.mcs.airgun/Velocity/SP77-005_SP1204.tif	0.7552000000000001
https://walrus.wr.usgs.gov/namss/data/1977/namss.B-15-77-AK.mcs.airgun/Velocity/SP77-005_SP1264.tif	0.7646000000000001
https://walrus.wr.usgs.gov/namss/data/1977/namss.B-15-77-AK.mcs.airgun/Velocity/SP77-005_SP1324.tif	0.7128
https://walrus.wr.usgs.gov/namss/data/1977/namss.B-15-77-AK.mcs.airgun/Velocity/SP77-005_SP1384.tif	0.7888
https://walrus.wr.usgs.gov/namss/data/1977/namss.B-15-77-AK.mcs.airgun/Velocity/SP77-005_SP1444.tif	0.7662000000000001
https://walrus.wr.usgs.gov/namss/data/1977/namss.B-15-77-AK.mcs.airgun/Velocity/SP77-005_SP1504.tif	0.7918
https://walrus.wr.usgs.gov/namss/data/1977/namss.B-15-77-AK.mcs.airgun/Velocity/SP77-005_SP1564.tif	0.7966000000000001
https://walrus.wr.usgs.gov/namss/data/1977/namss.B-15-77-AK.mcs.airgun/Velocity/SP77-005_SP1604.tif	0.5895
https://walrus.wr.usgs.gov/namss/data/1977/namss.B-15-77-AK.mcs.airgun/Velocity/SP77-005_SP1664.tif	0.5837000000000001
https://walrus.wr.usgs.gov/namss/data/1977/namss.B-15-77-AK.mcs.airgun/Velocity/SP77-005_SP1724.tif	0.5905
https://walrus.wr.usgs.gov/namss/data/1977/namss.B-15-77-AK.mcs.airgun/Velocity/SP77-005_SP1784.tif	0.5931000000000001
https://walrus.wr.usgs.gov/namss/data/1977/namss.B-15-77-AK.mcs.airgun/Velocity/SP77-005_SP1844.tif	0.5998
https://walrus.wr.usgs.gov/namss/data/1977/namss.B-15-77-AK.mcs.airgun/Velocity/SP77-005_SP1904.tif	0.609
https://walrus.wr.usgs.gov/namss/data/1977/namss.B-15-77-AK.mcs.airgun/Velocity/SP77-005_SP1964.tif	0.6175
https://walrus.wr.usgs.gov/namss/data/1977/namss.B-15-77-AK.mcs.airgun/Velocity/SP77-005_SP2024.tif	0.6302000000000001
https://walrus.wr.usgs.gov/namss/data/1977/namss.B-15-77-AK.mcs.airgun/Velocity/SP77-005_SP2084.tif	0.6013999999999999
https://walrus.wr.usgs.gov/namss/data/1977/namss.B-15-77-AK.mcs.airgun/Velocity/SP77-005_SP2144.tif	0.6093
https://walrus.wr.usgs.gov/namss/data/1977/namss.B-15-77-AK.mcs.airgun/Velocity/SP77-005_SP2204.tif	0.6239
https://walrus.wr.usgs.gov/namss/data/1977/namss.B-15-77-AK.mcs.airgun/Velocity/SP77-005_SP2264.tif	0.6313
https://walrus.wr.usgs.gov/namss/data/1977/namss.B-15-77-AK.mcs.airgun/Velocity/SP77-005_SP2324.tif	0.5812
https://walrus.wr.usgs.gov/namss/data/1977/namss.B-15-77-AK.mcs.airgun/Velocity/SP77-005_SP2384.tif	0.6205
https://walrus.wr.usgs.gov/namss/data/1977/namss.B-15-77-AK.mcs.airgun/Velocity/SP77-005_SP2444.tif	0.5914
https://walrus.wr.usgs.gov/namss/data/1977/namss.B-15-77-AK.mcs.airgun/Velocity/SP77-005_SP2504.tif	0.5660000000000001
https://walrus.wr.usgs.gov/namss/data/1977/namss.B-15-77-AK.mcs.airgun/Velocity/SP77-005_SP2564.tif	0.5652999999999999
https://walrus.wr.usgs.gov/namss/data/1977/namss.B-15-77-AK.mcs.airgun/Velocity/SP77-005_SP2624.tif	0.5771000000000001
https://walrus.wr.usgs.gov/namss/data/1977/namss.B-15-77-AK.mcs.airgun/Velocity/SP77-005_SP2684.tif	0.5961000000000001
https://walrus.wr.usgs.gov/namss/data/1977/namss.B-15-77-AK.mcs.airgun/Velocity/SP77-005_SP2744.tif	0.56
https://walrus.wr.usgs.gov/namss/data/1977/namss.B-15-77-AK.mcs.airgun/Velocity/SP77-005_SP2779.tif	0.5256000000000001
https://walrus.wr.usgs.gov/namss/data/1977/namss.B-15-77-AK.mcs.airgun/Velocity/SP77-005_SP2839.tif	0.5123
https://walrus.wr.usgs.gov/namss/data/1977/namss.B-15-77-AK.mcs.airgun/Velocity/SP77-005_SP2899.tif	0.5095000000000001
https://walrus.wr.usgs.gov/namss/data/1977/namss.B-15-77-AK.mcs.airgun/Velocity/SP77-005_SP2959.tif	0.5096
https://walrus.wr.usgs.gov/namss/data/1977/namss.B-15-77-AK.mcs.airgun/Velocity/SP77-005_SP3019.tif	0.5013
https://walrus.wr.usgs.gov/namss/data/1977/namss.B-15-77-AK.mcs.airgun/Velocity/SP77-005_SP3079.tif	0.5167999999999999
https://walrus.wr.usgs.gov/namss/data/1977/namss.B-15-77-AK.mcs.airgun/Velocity/SP77-005_SP3139.tif	0.492
https://walrus.wr.usgs.gov/namss/data/1977/namss.B-15-77-AK.mcs.airgun/Velocity/SP77-005_SP3199.tif	0.49810000000000004
https://walrus.wr.usgs.gov/namss/data/1977/namss.B-15-77-AK.mcs.airgun/Velocity/SP77-005_SP3259.tif	0.482
https://walrus.wr.usgs.gov/namss/data/1977/namss.B-15-77-AK.mcs.airgun/Velocity/SP77-005_SP3319.tif	0.4741
https://walrus.wr.usgs.gov/namss/data/1977/namss.B-15-77-AK.mcs.airgun/Velocity/SP77-005_SP3379.tif	0.5013
https://walrus.wr.usgs.gov/namss/data/1977/namss.B-15-77-AK.mcs.airgun/Velocity/SP77-005_SP3452.tif	0.5494
https://walrus.wr.usgs.gov/namss/data/1977/namss.B-15-77-AK.mcs.airgun/Velocity/SP77-005_SP3512.tif	0.5261
https://walrus.wr.usgs.gov/namss/data/1977/namss.B-15-77-AK.mcs.airgun/Velocity/SP77-005_SP3572.tif	0.5335
https://walrus.wr.usgs.gov/namss/data/1977/namss.B-15-77-AK.mcs.airgun/Velocity/SP77-005_SP3632.tif	0.5467000000000001
https://walrus.wr.usgs.gov/namss/data/1977/namss.B-15-77-AK.mcs.airgun/Velocity/SP77-005_SP3724.tif	0.6317999999999999
https://walrus.wr.usgs.gov/namss/data/1977/namss.B-15-77-AK.mcs.airgun/Velocity/SP77-005_SP3784.tif	0.6335000000000001
https://walrus.wr.usgs.gov/namss/data/1977/namss.B-15-77-AK.mcs.airgun/Velocity/SP77-005_SP3844.tif	0.6384
https://walrus.wr.usgs.gov/namss/data/1977/namss.B-15-77-AK.mcs.airgun/Velocity/SP77-005_SP3904.tif	0.6311
https://walrus.wr.usgs.gov/namss/data/1977/namss.B-15-77-AK.mcs.airgun/Velocity/SP77-005_SP3964.tif	0.6238
https://walrus.wr.usgs.gov/namss/data/1977/namss.B-15-77-AK.mcs.airgun/Velocity/SP77-005_SP4024.tif	0.6265000000000001
https://walrus.wr.usgs.gov/namss/data/1977/namss.B-15-77-AK.mcs.airgun/Velocity/SP77-005_SP4084.tif	0.614
https://walrus.wr.usgs.gov/namss/data/1977/namss.B-15-77-AK.mcs.airgun/Velocity/SP77-005_SP4144.tif	0.6267
https://walrus.wr.usgs.gov/namss/data/1977/namss.B-15-77-AK.mcs.airgun/Velocity/SP77-005_SP4204.tif	0.6399
https://walrus.wr.usgs.gov/namss/data/1977/namss.B-15-77-AK.mcs.airgun/Velocity/SP77-005_SP4264.tif	0.6505
https://walrus.wr.usgs.gov/namss/data/1977/namss.B-15-77-AK.mcs.airgun/Velocity/SP77-005_SP4324.tif	0.6234
https://walrus.wr.usgs.gov/namss/data/1977/namss.B-15-77-AK.mcs.airgun/Velocity/SP77-005_SP4384.tif	0.6302000000000001
https://walrus.wr.usgs.gov/namss/data/1977/namss.B-15-77-AK.mcs.airgun/Velocity/SP77-005_SP4444.tif	0.6396000000000001
https://walrus.wr.usgs.gov/namss/data/1977/namss.B-15-77-AK.mcs.airgun/Velocity/SP77-005_SP4504.tif	0.6363
https://walrus.wr.usgs.gov/namss/data/1977/namss.B-15-77-AK.mcs.airgun/Velocity/SP77-005_SP4564.tif	0.6171
https://walrus.wr.usgs.gov/namss/data/1977/namss.B-15-77-AK.mcs.airgun/Velocity/SP77-005_SP4624.tif	0.6417
https://walrus.wr.usgs.gov/namss/data/1977/namss.B-15-77-AK.mcs.airgun/Velocity/SP77-005_SP4684.tif	0.648
https://walrus.wr.usgs.gov/namss/data/1977/namss.B-15-77-AK.mcs.airgun/Velocity/SP77-005_SP4744.tif	0.6422000000000001
https://walrus.wr.usgs.gov/namss/data/1977/namss.B-15-77-AK.mcs.airgun/Velocity/SP77-005_SP4804.tif	0.6297999999999999
https://walrus.wr.usgs.gov/namss/data/1977/namss.B-15-77-AK.mcs.airgun/Velocity/SP77-005_SP4864.tif	0.8769
https://walrus.wr.usgs.gov/namss/data/1977/namss.B-15-77-AK.mcs.airgun/Velocity/SP77-005_SP4924.tif	0.6502000000000001
https://walrus.wr.usgs.gov/namss/data/1977/namss.B-15-77-AK.mcs.airgun/Velocity/SP77-005_SP4984.tif	0.65
https://walrus.wr.usgs.gov/namss/data/1977/namss.B-15-77-AK.mcs.airgun/Velocity/SP77-005_SP5044.tif	0.652
https://walrus.wr.usgs.gov/namss/data/1977/namss.B-15-77-AK.mcs.airgun/Velocity/SP77-005_SP5104.tif	0.6555
https://walrus.wr.usgs.gov/namss/data/1977/namss.B-15-77-AK.mcs.airgun/Velocity/SP77-005_SP5164.tif	0.628
https://walrus.wr.usgs.gov/namss/data/1977/namss.B-15-77-AK.mcs.airgun/Velocity/SP77-005_SP5224.tif	0.6132000000000001
https://walrus.wr.usgs.gov/namss/data/1977/namss.B-15-77-AK.mcs.airgun/Velocity/SP77-005_SP5284.tif	0.6333
https://walrus.wr.usgs.gov/namss/data/1977/namss.B-15-77-AK.mcs.airgun/Velocity/SP77-005_SP5344.tif	0.6248
https://walrus.wr.usgs.gov/namss/data/1977/namss.B-15-77-AK.mcs.airgun/Velocity/SP77-005_SP5404.tif	0.6315000000000001
https://walrus.wr.usgs.gov/namss/data/1977/namss.B-15-77-AK.mcs.airgun/Velocity/SP77-005_SP5464.tif	0.6527000000000001
https://walrus.wr.usgs.gov/namss/data/1977/namss.B-15-77-AK.mcs.airgun/Velocity/SP77-005_SP5524.tif	0.6376000000000001
https://walrus.wr.usgs.gov/namss/data/1977/namss.B-15-77-AK.mcs.airgun/Velocity/SP77-005_SP5584.tif	0.6449
https://walrus.wr.usgs.gov/namss/data/1977/namss.B-15-77-AK.mcs.airgun/Velocity/SP77-005_SP5644.tif	0.6547999999999999
https://walrus.wr.usgs.gov/namss/data/1977/namss.B-15-77-AK.mcs.airgun/Velocity/SP77-005_SP5704.tif	0.6722
https://walrus.wr.usgs.gov/namss/data/1977/namss.B-15-77-AK.mcs.airgun/Velocity/SP77-005_SP5764.tif	0.6693
https://walrus.wr.usgs.gov/namss/data/1977/namss.B-15-77-AK.mcs.airgun/Velocity/SP77-005_SP5824.tif	0.6629
https://walrus.wr.usgs.gov/namss/data/1977/namss.B-15-77-AK.mcs.airgun/Velocity/SP77-005_SP5884.tif	0.641
https://walrus.wr.usgs.gov/namss/data/1977/namss.B-15-77-AK.mcs.airgun/Velocity/SP77-005_SP5970.tif	0.6483
https://walrus.wr.usgs.gov/namss/data/1977/namss.B-15-77-AK.mcs.airgun/Velocity/SP77-005_SP6030.tif	0.7555000000000001
https://walrus.wr.usgs.gov/namss/data/1977/namss.B-15-77-AK.mcs.airgun/Velocity/SP77-005_SP6090.tif	0.6419
https://walrus.wr.usgs.gov/namss/data/1977/namss.B-15-77-AK.mcs.airgun/Velocity/SP77-005_SP6150.tif	0.6687000000000001
https://walrus.wr.usgs.gov/namss/data/1977/namss.B-15-77-AK.mcs.airgun/Velocity/SP77-005_SP6210.tif	0.6501
https://walrus.wr.usgs.gov/namss/data/1977/namss.B-15-77-AK.mcs.airgun/Velocity/SP77-005_SP6270.tif	0.6755
https://walrus.wr.usgs.gov/namss/data/1977/namss.B-15-77-AK.mcs.airgun/Velocity/SP77-006_SP0004.tif	0.646
https://walrus.wr.usgs.gov/namss/data/1977/namss.B-15-77-AK.mcs.airgun/Velocity/SP77-006_SP0064.tif	1.3
https://walrus.wr.usgs.gov/namss/data/1977/namss.B-15-77-AK.mcs.airgun/Velocity/SP77-006_SP0124.tif	0.6107
https://walrus.wr.usgs.gov/namss/data/1977/namss.B-15-77-AK.mcs.airgun/Velocity/SP77-006_SP0184.tif	0.6067
https://walrus.wr.usgs.gov/namss/data/1977/namss.B-15-77-AK.mcs.airgun/Velocity/SP77-006_SP0244.tif	0.6417999999999999
https://walrus.wr.usgs.gov/namss/data/1977/namss.B-15-77-AK.mcs.airgun/Velocity/SP77-006_SP0304.tif	0.6839
https://walrus.wr.usgs.gov/namss/data/1977/namss.B-15-77-AK.mcs.airgun/Velocity/SP77-006_SP0364.tif	0.6151
https://walrus.wr.usgs.gov/namss/data/1977/namss.B-15-77-AK.mcs.airgun/Velocity/SP77-006_SP0424.tif	0.6198
https://walrus.wr.usgs.gov/namss/data/1977/namss.B-15-77-AK.mcs.airgun/Velocity/SP77-006_SP0484.tif	0.5932000000000001
https://walrus.wr.usgs.gov/namss/data/1977/namss.B-15-77-AK.mcs.airgun/Velocity/SP77-006_SP0544.tif	0.6059
https://walrus.wr.usgs.gov/namss/data/1977/namss.B-15-77-AK.mcs.airgun/Velocity/SP77-006_SP0604.tif	0.6334
https://walrus.wr.usgs.gov/namss/data/1977/namss.B-15-77-AK.mcs.airgun/Velocity/SP77-006_SP0664.tif	0.5984
https://walrus.wr.usgs.gov/namss/data/1977/namss.B-15-77-AK.mcs.airgun/Velocity/SP77-006_SP0724.tif	0.6347
https://walrus.wr.usgs.gov/namss/data/1977/namss.B-15-77-AK.mcs.airgun/Velocity/SP77-006_SP0784.tif	0.616
https://walrus.wr.usgs.gov/namss/data/1977/namss.B-15-77-AK.mcs.airgun/Velocity/SP77-006_SP0844.tif	0.6415
https://walrus.wr.usgs.gov/namss/data/1977/namss.B-15-77-AK.mcs.airgun/Velocity/SP77-006_SP0904.tif	0.6801
https://walrus.wr.usgs.gov/namss/data/1977/namss.B-15-77-AK.mcs.airgun/Velocity/SP77-006_SP0964.tif	0.6887000000000001
https://walrus.wr.usgs.gov/namss/data/1977/namss.B-15-77-AK.mcs.airgun/Velocity/SP77-006_SP1024.tif	0.4885
https://walrus.wr.usgs.gov/namss/data/1977/namss.B-15-77-AK.mcs.airgun/Velocity/SP77-006_SP1084.tif	0.5313
https://walrus.wr.usgs.gov/namss/data/1977/namss.B-15-77-AK.mcs.airgun/Velocity/SP77-006_SP1144.tif	0.5226000000000001
https://walrus.wr.usgs.gov/namss/data/1977/namss.B-15-77-AK.mcs.airgun/Velocity/SP77-006_SP1204.tif	0.5974
https://walrus.wr.usgs.gov/namss/data/1977/namss.B-15-77-AK.mcs.airgun/Velocity/SP77-006_SP1264.tif	0.6035
https://walrus.wr.usgs.gov/namss/data/1977/namss.B-15-77-AK.mcs.airgun/Velocity/SP77-006_SP1324.tif	0.6112000000000001
https://walrus.wr.usgs.gov/namss/data/1977/namss.B-15-77-AK.mcs.airgun/Velocity/SP77-006_SP1384.tif	1.2
https://walrus.wr.usgs.gov/namss/data/1977/namss.B-15-77-AK.mcs.airgun/Velocity/SP77-007_SP0004.tif	0.7424
https://walrus.wr.usgs.gov/namss/data/1977/namss.B-15-77-AK.mcs.airgun/Velocity/SP77-007_SP0064.tif	0.9104
https://walrus.wr.usgs.gov/namss/data/1977/namss.B-15-77-AK.mcs.airgun/Velocity/SP77-007_SP0124.tif	0.7547
https://walrus.wr.usgs.gov/namss/data/1977/namss.B-15-77-AK.mcs.airgun/Velocity/SP77-007_SP0184.tif	0.6582
https://walrus.wr.usgs.gov/namss/data/1977/namss.B-15-77-AK.mcs.airgun/Velocity/SP77-007_SP0244.tif	0.6449
https://walrus.wr.usgs.gov/namss/data/1977/namss.B-15-77-AK.mcs.airgun/Velocity/SP77-007_SP0304.tif	0.6397
https://walrus.wr.usgs.gov/namss/data/1977/namss.B-15-77-AK.mcs.airgun/Velocity/SP77-007_SP0364.tif	0.649
https://walrus.wr.usgs.gov/namss/data/1977/namss.B-15-77-AK.mcs.airgun/Velocity/SP77-007_SP0424.tif	0.8033
https://walrus.wr.usgs.gov/namss/data/1977/namss.B-15-77-AK.mcs.airgun/Velocity/SP77-007_SP0484.tif	0.8106
https://walrus.wr.usgs.gov/namss/data/1977/namss.B-15-77-AK.mcs.airgun/Velocity/SP77-007_SP0544.tif	0.6397
https://walrus.wr.usgs.gov/namss/data/1977/namss.B-15-77-AK.mcs.airgun/Velocity/SP77-007_SP0604.tif	0.6434
https://walrus.wr.usgs.gov/namss/data/1977/namss.B-15-77-AK.mcs.airgun/Velocity/SP77-007_SP0664.tif	0.6353
https://walrus.wr.usgs.gov/namss/data/1977/namss.B-15-77-AK.mcs.airgun/Velocity/SP77-007_SP0724.tif	0.7331000000000001
https://walrus.wr.usgs.gov/namss/data/1977/namss.B-15-77-AK.mcs.airgun/Velocity/SP77-007_SP0784.tif	0.6439
https://walrus.wr.usgs.gov/namss/data/1977/namss.B-15-77-AK.mcs.airgun/Velocity/SP77-007_SP0844.tif	0.7353999999999999
https://walrus.wr.usgs.gov/namss/data/1977/namss.B-15-77-AK.mcs.airgun/Velocity/SP77-007_SP0904.tif	0.7687999999999999
https://walrus.wr.usgs.gov/namss/data/1977/namss.B-15-77-AK.mcs.airgun/Velocity/SP77-007_SP0964.tif	0.8172
https://walrus.wr.usgs.gov/namss/data/1977/namss.B-15-77-AK.mcs.airgun/Velocity/SP77-007_SP1024.tif	0.7938999999999999
https://walrus.wr.usgs.gov/namss/data/1977/namss.B-15-77-AK.mcs.airgun/Velocity/SP77-007_SP1084.tif	0.8068
https://walrus.wr.usgs.gov/namss/data/1977/namss.B-15-77-AK.mcs.airgun/Velocity/SP77-008_SP0004.tif	0.6475
https://walrus.wr.usgs.gov/namss/data/1977/namss.B-15-77-AK.mcs.airgun/Velocity/SP77-008_SP0064.tif	0.6861
https://walrus.wr.usgs.gov/namss/data/1977/namss.B-15-77-AK.mcs.airgun/Velocity/SP77-008_SP0124.tif	0.6569
https://walrus.wr.usgs.gov/namss/data/1977/namss.B-15-77-AK.mcs.airgun/Velocity/SP77-008_SP0184.tif	0.6681
https://walrus.wr.usgs.gov/namss/data/1977/namss.B-15-77-AK.mcs.airgun/Velocity/SP77-008_SP0244.tif	0.6649
https://walrus.wr.usgs.gov/namss/data/1977/namss.B-15-77-AK.mcs.airgun/Velocity/SP77-008_SP0304.tif	0.6815
https://walrus.wr.usgs.gov/namss/data/1977/namss.B-15-77-AK.mcs.airgun/Velocity/SP77-008_SP0364.tif	0.6813
https://walrus.wr.usgs.gov/namss/data/1977/namss.B-15-77-AK.mcs.airgun/Velocity/SP77-008_SP0422.tif	0.871
https://walrus.wr.usgs.gov/namss/data/1977/namss.B-15-77-AK.mcs.airgun/Velocity/SP77-008_SP0484.tif	0.6623
https://walrus.wr.usgs.gov/namss/data/1977/namss.B-15-77-AK.mcs.airgun/Velocity/SP77-008_SP0544.tif	0.6688999999999999
https://walrus.wr.usgs.gov/namss/data/1977/namss.B-15-77-AK.mcs.airgun/Velocity/SP77-008_SP0604.tif	0.6435
https://walrus.wr.usgs.gov/namss/data/1977/namss.B-15-77-AK.mcs.airgun/Velocity/SP77-008_SP0664.tif	0.6309
https://walrus.wr.usgs.gov/namss/data/1977/namss.B-15-77-AK.mcs.airgun/Velocity/SP77-008_SP0724.tif	0.6297
https://walrus.wr.usgs.gov/namss/data/1977/namss.B-15-77-AK.mcs.airgun/Velocity/SP77-008_SP0784.tif	0.6479
https://walrus.wr.usgs.gov/namss/data/1977/namss.B-15-77-AK.mcs.airgun/Velocity/SP77-008_SP0844.tif	0.6621
https://walrus.wr.usgs.gov/namss/data/1977/namss.B-15-77-AK.mcs.airgun/Velocity/SP77-008_SP0904.tif	0.6461
https://walrus.wr.usgs.gov/namss/data/1977/namss.B-15-77-AK.mcs.airgun/Velocity/SP77-008_SP0964.tif	0.667
https://walrus.wr.usgs.gov/namss/data/1977/namss.B-15-77-AK.mcs.airgun/Velocity/SP77-008_SP1024.tif	0.6819
https://walrus.wr.usgs.gov/namss/data/1977/namss.B-15-77-AK.mcs.airgun/Velocity/SP77-008_SP1084.tif	0.6527999999999999
https://walrus.wr.usgs.gov/namss/data/1977/namss.B-15-77-AK.mcs.airgun/Velocity/SP77-008_SP1144.tif	0.662
https://walrus.wr.usgs.gov/namss/data/1977/namss.B-15-77-AK.mcs.airgun/Velocity/SP77-008_SP1204.tif	0.6503
https://walrus.wr.usgs.gov/namss/data/1977/namss.B-15-77-AK.mcs.airgun/Velocity/SP77-009_SP0004.tif	0.869
https://walrus.wr.usgs.gov/namss/data/1977/namss.B-15-77-AK.mcs.airgun/Velocity/SP77-009_SP0064.tif	0.8579
https://walrus.wr.usgs.gov/namss/data/1977/namss.B-15-77-AK.mcs.airgun/Velocity/SP77-009_SP0124.tif	0.9107000000000001
https://walrus.wr.usgs.gov/namss/data/1977/namss.B-15-77-AK.mcs.airgun/Velocity/SP77-009_SP0184.tif	0.9253
https://walrus.wr.usgs.gov/namss/data/1977/namss.B-15-77-AK.mcs.airgun/Velocity/SP77-009_SP0244.tif	0.8824
https://walrus.wr.usgs.gov/namss/data/1977/namss.B-15-77-AK.mcs.airgun/Velocity/SP77-009_SP0304.tif	0.8441000000000001
https://walrus.wr.usgs.gov/namss/data/1977/namss.B-15-77-AK.mcs.airgun/Velocity/SP77-009_SP0364.tif	0.7829
https://walrus.wr.usgs.gov/namss/data/1977/namss.B-15-77-AK.mcs.airgun/Velocity/SP77-009_SP0424.tif	0.7879
https://walrus.wr.usgs.gov/namss/data/1977/namss.B-15-77-AK.mcs.airgun/Velocity/SP77-009_SP0484.tif	0.7978999999999999
https://walrus.wr.usgs.gov/namss/data/1977/namss.B-15-77-AK.mcs.airgun/Velocity/SP77-009_SP0544.tif	0.8326
https://walrus.wr.usgs.gov/namss/data/1977/namss.B-15-77-AK.mcs.airgun/Velocity/SP77-009_SP0604.tif	0.7309
https://walrus.wr.usgs.gov/namss/data/1977/namss.B-15-77-AK.mcs.airgun/Velocity/SP77-009_SP0664.tif	0.8248
https://walrus.wr.usgs.gov/namss/data/1977/namss.B-15-77-AK.mcs.airgun/Velocity/SP77-009_SP0724.tif	0.8142
https://walrus.wr.usgs.gov/namss/data/1977/namss.B-15-77-AK.mcs.airgun/Velocity/SP77-009_SP0784.tif	0.7707999999999999
https://walrus.wr.usgs.gov/namss/data/1977/namss.B-15-77-AK.mcs.airgun/Velocity/SP77-009_SP0844.tif	0.7126
https://walrus.wr.usgs.gov/namss/data/1977/namss.B-15-77-AK.mcs.airgun/Velocity/SP77-009_SP0904.tif	0.7464
https://walrus.wr.usgs.gov/namss/data/1977/namss.B-15-77-AK.mcs.airgun/Velocity/SP77-009_SP0964.tif	0.7376
https://walrus.wr.usgs.gov/namss/data/1977/namss.B-15-77-AK.mcs.airgun/Velocity/SP77-009_SP1024.tif	0.766
https://walrus.wr.usgs.gov/namss/data/1977/namss.B-15-77-AK.mcs.airgun/Velocity/SP77-009_SP1084.tif	0.7794
https://walrus.wr.usgs.gov/namss/data/1977/namss.B-15-77-AK.mcs.airgun/Velocity/SP77-009_SP1144.tif	0.5957
https://walrus.wr.usgs.gov/namss/data/1977/namss.B-15-77-AK.mcs.airgun/Velocity/SP77-009_SP1204.tif	0.6705
https://walrus.wr.usgs.gov/namss/data/1977/namss.B-15-77-AK.mcs.airgun/Velocity/SP77-009_SP1264.tif	0.7557999999999999
https://walrus.wr.usgs.gov/namss/data/1977/namss.B-15-77-AK.mcs.airgun/Velocity/SP77-009_SP1324.tif	0.7502000000000001
https://walrus.wr.usgs.gov/namss/data/1977/namss.B-15-77-AK.mcs.airgun/Velocity/SP77-009_SP1384.tif	0.6782
https://walrus.wr.usgs.gov/namss/data/1977/namss.B-15-77-AK.mcs.airgun/Velocity/SP77-009_SP1444.tif	0.6342000000000001
https://walrus.wr.usgs.gov/namss/data/1977/namss.B-15-77-AK.mcs.airgun/Velocity/SP77-009_SP1504.tif	0.7326
https://walrus.wr.usgs.gov/namss/data/1977/namss.B-15-77-AK.mcs.airgun/Velocity/SP77-009_SP1564.tif	0.6864
https://walrus.wr.usgs.gov/namss/data/1977/namss.B-15-77-AK.mcs.airgun/Velocity/SP77-009_SP1624.tif	0.7231000000000001
https://walrus.wr.usgs.gov/namss/data/1977/namss.B-15-77-AK.mcs.airgun/Velocity/SP77-009_SP1684.tif	1.0184
https://walrus.wr.usgs.gov/namss/data/1977/namss.B-15-77-AK.mcs.airgun/Velocity/SP77-009_SP1744.tif	0.9117000000000001
https://walrus.wr.usgs.gov/namss/data/1977/namss.B-15-77-AK.mcs.airgun/Velocity/SP77-009_SP1804.tif	0.7607999999999999
https://walrus.wr.usgs.gov/namss/data/1977/namss.B-15-77-AK.mcs.airgun/Velocity/SP77-009_SP1864.tif	0.7682000000000001
https://walrus.wr.usgs.gov/namss/data/1977/namss.B-15-77-AK.mcs.airgun/Velocity/SP77-009_SP1924.tif	0.7942
https://walrus.wr.usgs.gov/namss/data/1977/namss.B-15-77-AK.mcs.airgun/Velocity/SP77-009_SP1984.tif	0.8305
https://walrus.wr.usgs.gov/namss/data/1977/namss.B-15-77-AK.mcs.airgun/Velocity/SP77-009_SP2054.tif	0.66
https://walrus.wr.usgs.gov/namss/data/1977/namss.B-15-77-AK.mcs.airgun/Velocity/SP77-009_SP2114.tif	0.6777000000000001
https://walrus.wr.usgs.gov/namss/data/1977/namss.B-15-77-AK.mcs.airgun/Velocity/SP77-009_SP2174.tif	0.6957000000000001
https://walrus.wr.usgs.gov/namss/data/1977/namss.B-15-77-AK.mcs.airgun/Velocity/SP77-009_SP2234.tif	0.643
https://walrus.wr.usgs.gov/namss/data/1977/namss.B-15-77-AK.mcs.airgun/Velocity/SP77-009_SP2294.tif	0.6579
https://walrus.wr.usgs.gov/namss/data/1977/namss.B-15-77-AK.mcs.airgun/Velocity/SP77-009_SP2354.tif	0.906
https://walrus.wr.usgs.gov/namss/data/1977/namss.B-15-77-AK.mcs.airgun/Velocity/SP77-009_SP2414.tif	0.6877000000000001
https://walrus.wr.usgs.gov/namss/data/1977/namss.B-15-77-AK.mcs.airgun/Velocity/SP77-009_SP2474.tif	0.7074
https://walrus.wr.usgs.gov/namss/data/1977/namss.B-15-77-AK.mcs.airgun/Velocity/SP77-009_SP2534.tif	0.7171000000000001
https://walrus.wr.usgs.gov/namss/data/1977/namss.B-15-77-AK.mcs.airgun/Velocity/SP77-009_SP2594.tif	0.6957000000000001
https://walrus.wr.usgs.gov/namss/data/1977/namss.B-15-77-AK.mcs.airgun/Velocity/SP77-009_SP2654.tif	0.7026
https://walrus.wr.usgs.gov/namss/data/1977/namss.B-15-77-AK.mcs.airgun/Velocity/SP77-009_SP2714.tif	0.6905
https://walrus.wr.usgs.gov/namss/data/1977/namss.B-15-77-AK.mcs.airgun/Velocity/SP77-009_SP2774.tif	0.6966
https://walrus.wr.usgs.gov/namss/data/1977/namss.B-15-77-AK.mcs.airgun/Velocity/SP77-009_SP2834.tif	0.7028
https://walrus.wr.usgs.gov/namss/data/1977/namss.B-15-77-AK.mcs.airgun/Velocity/SP77-009_SP2894.tif	0.6751
https://walrus.wr.usgs.gov/namss/data/1977/namss.B-15-77-AK.mcs.airgun/Velocity/SP77-010_SP0004.tif	0.6561
https://walrus.wr.usgs.gov/namss/data/1977/namss.B-15-77-AK.mcs.airgun/Velocity/SP77-010_SP0064.tif	0.6563
https://walrus.wr.usgs.gov/namss/data/1977/namss.B-15-77-AK.mcs.airgun/Velocity/SP77-010_SP0124.tif	0.6503
https://walrus.wr.usgs.gov/namss/data/1977/namss.B-15-77-AK.mcs.airgun/Velocity/SP77-010_SP0184.tif	0.6387999999999999
https://walrus.wr.usgs.gov/namss/data/1977/namss.B-15-77-AK.mcs.airgun/Velocity/SP77-010_SP0244.tif	0.6713
https://walrus.wr.usgs.gov/namss/data/1977/namss.B-15-77-AK.mcs.airgun/Velocity/SP77-010_SP0304.tif	0.6633
https://walrus.wr.usgs.gov/namss/data/1977/namss.B-15-77-AK.mcs.airgun/Velocity/SP77-010_SP0364.tif	0.6405
https://walrus.wr.usgs.gov/namss/data/1977/namss.B-15-77-AK.mcs.airgun/Velocity/SP77-010_SP0424.tif	0.6625
https://walrus.wr.usgs.gov/namss/data/1977/namss.B-15-77-AK.mcs.airgun/Velocity/SP77-010_SP0484.tif	0.6585
https://walrus.wr.usgs.gov/namss/data/1977/namss.B-15-77-AK.mcs.airgun/Velocity/SP77-010_SP0544.tif	0.686
https://walrus.wr.usgs.gov/namss/data/1977/namss.B-15-77-AK.mcs.airgun/Velocity/SP77-010_SP0604.tif	0.682
https://walrus.wr.usgs.gov/namss/data/1977/namss.B-15-77-AK.mcs.airgun/Velocity/SP77-010_SP0664.tif	0.6698999999999999
https://walrus.wr.usgs.gov/namss/data/1977/namss.B-15-77-AK.mcs.airgun/Velocity/SP77-010_SP0724.tif	0.665
https://walrus.wr.usgs.gov/namss/data/1977/namss.B-15-77-AK.mcs.airgun/Velocity/SP77-010_SP0848.tif	0.9337000000000001
https://walrus.wr.usgs.gov/namss/data/1977/namss.B-15-77-AK.mcs.airgun/Velocity/SP77-010_SP0908.tif	0.8452000000000001
https://walrus.wr.usgs.gov/namss/data/1977/namss.B-15-77-AK.mcs.airgun/Velocity/SP77-010_SP0968.tif	0.8655
https://walrus.wr.usgs.gov/namss/data/1977/namss.B-15-77-AK.mcs.airgun/Velocity/SP77-010_SP1028.tif	0.9233
https://walrus.wr.usgs.gov/namss/data/1977/namss.B-15-77-AK.mcs.airgun/Velocity/SP77-010_SP1088.tif	0.8882000000000001
https://walrus.wr.usgs.gov/namss/data/1977/namss.B-15-77-AK.mcs.airgun/Velocity/SP77-010_SP1148.tif	0.9101
https://walrus.wr.usgs.gov/namss/data/1977/namss.B-15-77-AK.mcs.airgun/Velocity/SP77-010_SP1208.tif	1.0203
https://walrus.wr.usgs.gov/namss/data/1977/namss.B-15-77-AK.mcs.airgun/Velocity/SP77-010_SP1268.tif	0.8643
https://walrus.wr.usgs.gov/namss/data/1977/namss.B-15-77-AK.mcs.airgun/Velocity/SP77-010_SP1328.tif	1.002
https://walrus.wr.usgs.gov/namss/data/1977/namss.B-15-77-AK.mcs.airgun/Velocity/SP77-011_SP0005.tif	0.849
https://walrus.wr.usgs.gov/namss/data/1977/namss.B-15-77-AK.mcs.airgun/Velocity/SP77-011_SP0065.tif	0.8272
https://walrus.wr.usgs.gov/namss/data/1977/namss.B-15-77-AK.mcs.airgun/Velocity/SP77-011_SP0125.tif	0.7411000000000001
https://walrus.wr.usgs.gov/namss/data/1977/namss.B-15-77-AK.mcs.airgun/Velocity/SP77-011_SP0185.tif	0.844
https://walrus.wr.usgs.gov/namss/data/1977/namss.B-15-77-AK.mcs.airgun/Velocity/SP77-011_SP0245.tif	0.8035
https://walrus.wr.usgs.gov/namss/data/1977/namss.B-15-77-AK.mcs.airgun/Velocity/SP77-011_SP0305.tif	0.775
https://walrus.wr.usgs.gov/namss/data/1977/namss.B-15-77-AK.mcs.airgun/Velocity/SP77-011_SP0365.tif	0.8705
https://walrus.wr.usgs.gov/namss/data/1977/namss.B-15-77-AK.mcs.airgun/Velocity/SP77-011_SP0425.tif	0.8464
https://walrus.wr.usgs.gov/namss/data/1977/namss.B-15-77-AK.mcs.airgun/Velocity/SP77-011_SP0485.tif	0.9045
https://walrus.wr.usgs.gov/namss/data/1977/namss.B-15-77-AK.mcs.airgun/Velocity/SP77-011_SP0545.tif	0.8192
https://walrus.wr.usgs.gov/namss/data/1977/namss.B-15-77-AK.mcs.airgun/Velocity/SP77-011_SP0605.tif	0.7977000000000001
https://walrus.wr.usgs.gov/namss/data/1977/namss.B-15-77-AK.mcs.airgun/Velocity/SP77-011_SP0665.tif	0.8077000000000001
https://walrus.wr.usgs.gov/namss/data/1977/namss.B-15-77-AK.mcs.airgun/Velocity/SP77-011_SP0725.tif	0.7987000000000001
https://walrus.wr.usgs.gov/namss/data/1977/namss.B-15-77-AK.mcs.airgun/Velocity/SP77-011_SP0785.tif	0.7241000000000001
https://walrus.wr.usgs.gov/namss/data/1977/namss.B-15-77-AK.mcs.airgun/Velocity/SP77-011_SP0845.tif	0.7875
https://walrus.wr.usgs.gov/namss/data/1977/namss.B-15-77-AK.mcs.airgun/Velocity/SP77-011_SP0905.tif	0.7555000000000001
https://walrus.wr.usgs.gov/namss/data/1977/namss.B-15-77-AK.mcs.airgun/Velocity/SP77-011_SP0965.tif	0.8437000000000001
https://walrus.wr.usgs.gov/namss/data/1977/namss.B-15-77-AK.mcs.airgun/Velocity/SP77-011_SP1025.tif	0.7691
https://walrus.wr.usgs.gov/namss/data/1977/namss.B-15-77-AK.mcs.airgun/Velocity/SP77-011_SP1085.tif	0.7627
https://walrus.wr.usgs.gov/namss/data/1977/namss.B-15-77-AK.mcs.airgun/Velocity/SP77-011_SP1145.tif	0.7781
https://walrus.wr.usgs.gov/namss/data/1977/namss.B-15-77-AK.mcs.airgun/Velocity/SP77-011_SP1205.tif	0.798
https://walrus.wr.usgs.gov/namss/data/1977/namss.B-15-77-AK.mcs.airgun/Velocity/SP77-011_SP1265.tif	0.8005
https://walrus.wr.usgs.gov/namss/data/1977/namss.B-15-77-AK.mcs.airgun/Velocity/SP77-011_SP1325.tif	0.7756000000000001
https://walrus.wr.usgs.gov/namss/data/1977/namss.B-15-77-AK.mcs.airgun/Velocity/SP77-011_SP1385.tif	0.748
https://walrus.wr.usgs.gov/namss/data/1977/namss.B-15-77-AK.mcs.airgun/Velocity/SP77-011_SP1445.tif	0.7791
https://walrus.wr.usgs.gov/namss/data/1977/namss.B-15-77-AK.mcs.airgun/Velocity/SP77-011_SP1505.tif	0.9433
https://walrus.wr.usgs.gov/namss/data/1977/namss.B-15-77-AK.mcs.airgun/Velocity/SP77-011_SP1565.tif	0.757
https://walrus.wr.usgs.gov/namss/data/1977/namss.B-15-77-AK.mcs.airgun/Velocity/SP77-011_SP1625.tif	0.7563
https://walrus.wr.usgs.gov/namss/data/1977/namss.B-15-77-AK.mcs.airgun/Velocity/SP77-011_SP1685.tif	0.8137000000000001
https://walrus.wr.usgs.gov/namss/data/1977/namss.B-15-77-AK.mcs.airgun/Velocity/SP77-011_SP1745.tif	0.7545000000000001
https://walrus.wr.usgs.gov/namss/data/1977/namss.B-15-77-AK.mcs.airgun/Velocity/SP77-011_SP1805.tif	0.7565000000000001
https://walrus.wr.usgs.gov/namss/data/1977/namss.B-15-77-AK.mcs.airgun/Velocity/SP77-011_SP1865.tif	0.7641
https://walrus.wr.usgs.gov/namss/data/1977/namss.B-15-77-AK.mcs.airgun/Velocity/SP77-011_SP1925.tif	0.782
https://walrus.wr.usgs.gov/namss/data/1977/namss.B-15-77-AK.mcs.airgun/Velocity/SP77-011_SP1985.tif	0.7575000000000001
https://walrus.wr.usgs.gov/namss/data/1977/namss.B-15-77-AK.mcs.airgun/Velocity/SP77-011_SP2045.tif	0.7579
https://walrus.wr.usgs.gov/namss/data/1977/namss.B-15-77-AK.mcs.airgun/Velocity/SP77-011_SP2105.tif	0.7656000000000001
https://walrus.wr.usgs.gov/namss/data/1977/namss.B-15-77-AK.mcs.airgun/Velocity/SP77-011_SP2165.tif	0.7551
https://walrus.wr.usgs.gov/namss/data/1977/namss.B-15-77-AK.mcs.airgun/Velocity/SP77-011_SP2225.tif	0.8468
https://walrus.wr.usgs.gov/namss/data/1977/namss.B-15-77-AK.mcs.airgun/Velocity/SP77-011_SP2285.tif	0.7517
https://walrus.wr.usgs.gov/namss/data/1977/namss.B-15-77-AK.mcs.airgun/Velocity/SP77-011_SP2345.tif	0.7819
https://walrus.wr.usgs.gov/namss/data/1977/namss.B-15-77-AK.mcs.airgun/Velocity/SP77-011_SP2405.tif	0.7615000000000001
https://walrus.wr.usgs.gov/namss/data/1977/namss.B-15-77-AK.mcs.airgun/Velocity/SP77-011_SP2465.tif	0.7211000000000001
https://walrus.wr.usgs.gov/namss/data/1977/namss.B-15-77-AK.mcs.airgun/Velocity/SP77-011_SP2525.tif	0.7753
https://walrus.wr.usgs.gov/namss/data/1977/namss.B-15-77-AK.mcs.airgun/Velocity/SP77-011_SP2585.tif	0.7428
https://walrus.wr.usgs.gov/namss/data/1977/namss.B-15-77-AK.mcs.airgun/Velocity/SP77-011_SP2645.tif	0.84
https://walrus.wr.usgs.gov/namss/data/1977/namss.B-15-77-AK.mcs.airgun/Velocity/SP77-012_SP0004.tif	0.8322999999999999
https://walrus.wr.usgs.gov/namss/data/1977/namss.B-15-77-AK.mcs.airgun/Velocity/SP77-012_SP0064.tif	0.8541000000000001
https://walrus.wr.usgs.gov/namss/data/1977/namss.B-15-77-AK.mcs.airgun/Velocity/SP77-012_SP0124.tif	1.0
https://walrus.wr.usgs.gov/namss/data/1977/namss.B-15-77-AK.mcs.airgun/Velocity/SP77-012_SP0184.tif	0.845
https://walrus.wr.usgs.gov/namss/data/1977/namss.B-15-77-AK.mcs.airgun/Velocity/SP77-012_SP0244.tif	0.8260000000000001
https://walrus.wr.usgs.gov/namss/data/1977/namss.B-15-77-AK.mcs.airgun/Velocity/SP77-012_SP0304.tif	0.7844
https://walrus.wr.usgs.gov/namss/data/1977/namss.B-15-77-AK.mcs.airgun/Velocity/SP77-012_SP0364.tif	0.858
https://walrus.wr.usgs.gov/namss/data/1977/namss.B-15-77-AK.mcs.airgun/Velocity/SP77-012_SP0424.tif	0.8866
https://walrus.wr.usgs.gov/namss/data/1977/namss.B-15-77-AK.mcs.airgun/Velocity/SP77-012_SP0484.tif	0.9165
https://walrus.wr.usgs.gov/namss/data/1977/namss.B-15-77-AK.mcs.airgun/Velocity/SP77-012_SP0544.tif	0.934
https://walrus.wr.usgs.gov/namss/data/1977/namss.B-15-77-AK.mcs.airgun/Velocity/SP77-012_SP0604.tif	0.8797
https://walrus.wr.usgs.gov/namss/data/1977/namss.B-15-77-AK.mcs.airgun/Velocity/SP77-012_SP0664.tif	0.8727
https://walrus.wr.usgs.gov/namss/data/1977/namss.B-15-77-AK.mcs.airgun/Velocity/SP77-012_SP0724.tif	0.8881
https://walrus.wr.usgs.gov/namss/data/1977/namss.B-15-77-AK.mcs.airgun/Velocity/SP77-012_SP0784.tif	0.9822000000000001
https://walrus.wr.usgs.gov/namss/data/1977/namss.B-15-77-AK.mcs.airgun/Velocity/SP77-012_SP0844.tif	0.8915000000000001
https://walrus.wr.usgs.gov/namss/data/1977/namss.B-15-77-AK.mcs.airgun/Velocity/SP77-012_SP0904.tif	0.9797
https://walrus.wr.usgs.gov/namss/data/1977/namss.B-15-77-AK.mcs.airgun/Velocity/SP77-012_SP0964.tif	0.9773
https://walrus.wr.usgs.gov/namss/data/1977/namss.B-15-77-AK.mcs.airgun/Velocity/SP77-012_SP1024.tif	0.8879
https://walrus.wr.usgs.gov/namss/data/1977/namss.B-15-77-AK.mcs.airgun/Velocity/SP77-012_SP1084.tif	0.9206000000000001
https://walrus.wr.usgs.gov/namss/data/1977/namss.B-15-77-AK.mcs.airgun/Velocity/SP77-012_SP1144.tif	0.8834
https://walrus.wr.usgs.gov/namss/data/1977/namss.B-15-77-AK.mcs.airgun/Velocity/SP77-013_SP0004.tif	0.7802000000000001
https://walrus.wr.usgs.gov/namss/data/1977/namss.B-15-77-AK.mcs.airgun/Velocity/SP77-013_SP0064.tif	0.849
https://walrus.wr.usgs.gov/namss/data/1977/namss.B-15-77-AK.mcs.airgun/Velocity/SP77-013_SP0124.tif	0.8654
https://walrus.wr.usgs.gov/namss/data/1977/namss.B-15-77-AK.mcs.airgun/Velocity/SP77-013_SP0184.tif	0.8554
https://walrus.wr.usgs.gov/namss/data/1977/namss.B-15-77-AK.mcs.airgun/Velocity/SP77-013_SP0244.tif	0.8279
https://walrus.wr.usgs.gov/namss/data/1977/namss.B-15-77-AK.mcs.airgun/Velocity/SP77-013_SP0304.tif	0.7871
https://walrus.wr.usgs.gov/namss/data/1977/namss.B-15-77-AK.mcs.airgun/Velocity/SP77-013_SP0364.tif	0.7974
https://walrus.wr.usgs.gov/namss/data/1977/namss.B-15-77-AK.mcs.airgun/Velocity/SP77-013_SP0424.tif	0.8357000000000001
https://walrus.wr.usgs.gov/namss/data/1977/namss.B-15-77-AK.mcs.airgun/Velocity/SP77-013_SP0484.tif	0.8073
https://walrus.wr.usgs.gov/namss/data/1977/namss.B-15-77-AK.mcs.airgun/Velocity/SP77-013_SP0544.tif	0.8595
https://walrus.wr.usgs.gov/namss/data/1977/namss.B-15-77-AK.mcs.airgun/Velocity/SP77-013_SP0604.tif	0.7998999999999999
https://walrus.wr.usgs.gov/namss/data/1977/namss.B-15-77-AK.mcs.airgun/Velocity/SP77-013_SP0664.tif	0.8140000000000001
https://walrus.wr.usgs.gov/namss/data/1977/namss.B-15-77-AK.mcs.airgun/Velocity/SP77-013_SP0724.tif	0.7783
https://walrus.wr.usgs.gov/namss/data/1977/namss.B-15-77-AK.mcs.airgun/Velocity/SP77-013_SP0784.tif	0.8633
https://walrus.wr.usgs.gov/namss/data/1977/namss.B-15-77-AK.mcs.airgun/Velocity/SP77-013_SP0844.tif	0.8222999999999999
https://walrus.wr.usgs.gov/namss/data/1977/namss.B-15-77-AK.mcs.airgun/Velocity/SP77-013_SP0904.tif	0.842
https://walrus.wr.usgs.gov/namss/data/1977/namss.B-15-77-AK.mcs.airgun/Velocity/SP77-013_SP0964.tif	0.8265
https://walrus.wr.usgs.gov/namss/data/1977/namss.B-15-77-AK.mcs.airgun/Velocity/SP77-013_SP1024.tif	0.8334
https://walrus.wr.usgs.gov/namss/data/1977/namss.B-15-77-AK.mcs.airgun/Velocity/SP77-013_SP1089.tif	1.0
https://walrus.wr.usgs.gov/namss/data/1977/namss.B-15-77-AK.mcs.airgun/Velocity/SP77-013_SP1149.tif	0.8783
https://walrus.wr.usgs.gov/namss/data/1977/namss.B-15-77-AK.mcs.airgun/Velocity/SP77-013_SP1209.tif	0.8178
https://walrus.wr.usgs.gov/namss/data/1977/namss.B-15-77-AK.mcs.airgun/Velocity/SP77-013_SP1269.tif	0.8603
https://walrus.wr.usgs.gov/namss/data/1977/namss.B-15-77-AK.mcs.airgun/Velocity/SP77-013_SP1329.tif	0.911
https://walrus.wr.usgs.gov/namss/data/1977/namss.B-15-77-AK.mcs.airgun/Velocity/SP77-013_SP1389.tif	0.8295
https://walrus.wr.usgs.gov/namss/data/1977/namss.B-15-77-AK.mcs.airgun/Velocity/SP77-013_SP1449.tif	0.8418
https://walrus.wr.usgs.gov/namss/data/1977/namss.B-15-77-AK.mcs.airgun/Velocity/SP77-013_SP1509.tif	0.8191
https://walrus.wr.usgs.gov/namss/data/1977/namss.B-15-77-AK.mcs.airgun/Velocity/SP77-013_SP1569.tif	0.806
https://walrus.wr.usgs.gov/namss/data/1977/namss.B-15-77-AK.mcs.airgun/Velocity/SP77-013_SP1629.tif	0.8126
https://walrus.wr.usgs.gov/namss/data/1977/namss.B-15-77-AK.mcs.airgun/Velocity/SP77-013_SP1689.tif	0.8855000000000001
https://walrus.wr.usgs.gov/namss/data/1977/namss.B-15-77-AK.mcs.airgun/Velocity/SP77-013_SP1749.tif	0.7722000000000001
https://walrus.wr.usgs.gov/namss/data/1977/namss.B-15-77-AK.mcs.airgun/Velocity/SP77-013_SP1809.tif	0.7512000000000001
https://walrus.wr.usgs.gov/namss/data/1977/namss.B-15-77-AK.mcs.airgun/Velocity/SP77-013_SP1869.tif	0.7473
https://walrus.wr.usgs.gov/namss/data/1977/namss.B-15-77-AK.mcs.airgun/Velocity/SP77-013_SP1929.tif	0.8025
https://walrus.wr.usgs.gov/namss/data/1977/namss.B-15-77-AK.mcs.airgun/Velocity/SP77-013_SP1989.tif	0.9695
https://walrus.wr.usgs.gov/namss/data/1977/namss.B-15-77-AK.mcs.airgun/Velocity/SP77-013_SP2049.tif	0.8242999999999999
https://walrus.wr.usgs.gov/namss/data/1977/namss.B-15-77-AK.mcs.airgun/Velocity/SP77-013_SP2109.tif	0.8436
https://walrus.wr.usgs.gov/namss/data/1977/namss.B-15-77-AK.mcs.airgun/Velocity/SP77-013_SP2169.tif	0.7471
https://walrus.wr.usgs.gov/namss/data/1977/namss.B-15-77-AK.mcs.airgun/Velocity/SP77-013_SP2229.tif	0.7709
https://walrus.wr.usgs.gov/namss/data/1977/namss.B-15-77-AK.mcs.airgun/Velocity/SP77-013_SP2289.tif	0.7904
https://walrus.wr.usgs.gov/namss/data/1977/namss.B-15-77-AK.mcs.airgun/Velocity/SP77-014_SP0004.tif	0.6980000000000001
https://walrus.wr.usgs.gov/namss/data/1977/namss.B-15-77-AK.mcs.airgun/Velocity/SP77-014_SP0064.tif	0.7249
https://walrus.wr.usgs.gov/namss/data/1977/namss.B-15-77-AK.mcs.airgun/Velocity/SP77-014_SP0124.tif	0.7524
https://walrus.wr.usgs.gov/namss/data/1977/namss.B-15-77-AK.mcs.airgun/Velocity/SP77-014_SP0184.tif	0.7276
https://walrus.wr.usgs.gov/namss/data/1977/namss.B-15-77-AK.mcs.airgun/Velocity/SP77-014_SP0244.tif	0.7753
https://walrus.wr.usgs.gov/namss/data/1977/namss.B-15-77-AK.mcs.airgun/Velocity/SP77-014_SP0304.tif	0.7547
https://walrus.wr.usgs.gov/namss/data/1977/namss.B-15-77-AK.mcs.airgun/Velocity/SP77-014_SP0364.tif	0.7228
https://walrus.wr.usgs.gov/namss/data/1977/namss.B-15-77-AK.mcs.airgun/Velocity/SP77-014_SP0424.tif	0.7652000000000001
https://walrus.wr.usgs.gov/namss/data/1977/namss.B-15-77-AK.mcs.airgun/Velocity/SP77-014_SP0484.tif	0.809
https://walrus.wr.usgs.gov/namss/data/1977/namss.B-15-77-AK.mcs.airgun/Velocity/SP77-014_SP0544.tif	0.7938999999999999
https://walrus.wr.usgs.gov/namss/data/1977/namss.B-15-77-AK.mcs.airgun/Velocity/SP77-014_SP0570.tif	0.7637999999999999
https://walrus.wr.usgs.gov/namss/data/1977/namss.B-15-77-AK.mcs.airgun/Velocity/SP77-014_SP0630.tif	0.9246000000000001
https://walrus.wr.usgs.gov/namss/data/1977/namss.B-15-77-AK.mcs.airgun/Velocity/SP77-014_SP0690.tif	0.7936000000000001
https://walrus.wr.usgs.gov/namss/data/1977/namss.B-15-77-AK.mcs.airgun/Velocity/SP77-014_SP0750.tif	0.8217000000000001
https://walrus.wr.usgs.gov/namss/data/1977/namss.B-15-77-AK.mcs.airgun/Velocity/SP77-014_SP0810.tif	0.8289
https://walrus.wr.usgs.gov/namss/data/1977/namss.B-15-77-AK.mcs.airgun/Velocity/SP77-014_SP0870.tif	0.8703
https://walrus.wr.usgs.gov/namss/data/1977/namss.B-15-77-AK.mcs.airgun/Velocity/SP77-014_SP0930.tif	0.8284
https://walrus.wr.usgs.gov/namss/data/1977/namss.B-15-77-AK.mcs.airgun/Velocity/SP77-014_SP0990.tif	0.849
https://walrus.wr.usgs.gov/namss/data/1977/namss.B-15-77-AK.mcs.airgun/Velocity/SP77-014_SP1050.tif	0.8608
https://walrus.wr.usgs.gov/namss/data/1977/namss.B-15-77-AK.mcs.airgun/Velocity/SP77-014_SP1110.tif	0.9146000000000001
https://walrus.wr.usgs.gov/namss/data/1977/namss.B-15-77-AK.mcs.airgun/Velocity/SP77-014_SP1170.tif	0.8561000000000001
https://walrus.wr.usgs.gov/namss/data/1977/namss.B-15-77-AK.mcs.airgun/Velocity/SP77-014_SP1230.tif	0.8763
https://walrus.wr.usgs.gov/namss/data/1977/namss.B-15-77-AK.mcs.airgun/Velocity/SP77-015_SP0004.tif	0.6645
https://walrus.wr.usgs.gov/namss/data/1977/namss.B-15-77-AK.mcs.airgun/Velocity/SP77-015_SP0064.tif	0.6986
https://walrus.wr.usgs.gov/namss/data/1977/namss.B-15-77-AK.mcs.airgun/Velocity/SP77-015_SP0124.tif	0.6804
https://walrus.wr.usgs.gov/namss/data/1977/namss.B-15-77-AK.mcs.airgun/Velocity/SP77-015_SP0184.tif	0.6495
https://walrus.wr.usgs.gov/namss/data/1977/namss.B-15-77-AK.mcs.airgun/Velocity/SP77-015_SP0244.tif	0.6981
https://walrus.wr.usgs.gov/namss/data/1977/namss.B-15-77-AK.mcs.airgun/Velocity/SP77-015_SP0304.tif	0.6992
https://walrus.wr.usgs.gov/namss/data/1977/namss.B-15-77-AK.mcs.airgun/Velocity/SP77-015_SP0364.tif	0.6781
https://walrus.wr.usgs.gov/namss/data/1977/namss.B-15-77-AK.mcs.airgun/Velocity/SP77-015_SP0424.tif	0.6907000000000001
https://walrus.wr.usgs.gov/namss/data/1977/namss.B-15-77-AK.mcs.airgun/Velocity/SP77-015_SP0484.tif	0.6658999999999999
https://walrus.wr.usgs.gov/namss/data/1977/namss.B-15-77-AK.mcs.airgun/Velocity/SP77-015_SP0544.tif	0.6987000000000001
https://walrus.wr.usgs.gov/namss/data/1977/namss.B-15-77-AK.mcs.airgun/Velocity/SP77-015_SP0604.tif	0.8134
https://walrus.wr.usgs.gov/namss/data/1977/namss.B-15-77-AK.mcs.airgun/Velocity/SP77-015_SP0664.tif	0.672
https://walrus.wr.usgs.gov/namss/data/1977/namss.B-15-77-AK.mcs.airgun/Velocity/SP77-015_SP0724.tif	0.6744
https://walrus.wr.usgs.gov/namss/data/1977/namss.B-15-77-AK.mcs.airgun/Velocity/SP77-015_SP0784.tif	0.6782
https://walrus.wr.usgs.gov/namss/data/1977/namss.B-15-77-AK.mcs.airgun/Velocity/SP77-015_SP0844.tif	0.6721
https://walrus.wr.usgs.gov/namss/data/1977/namss.B-15-77-AK.mcs.airgun/Velocity/SP77-015_SP0904.tif	0.673
https://walrus.wr.usgs.gov/namss/data/1977/namss.B-15-77-AK.mcs.airgun/Velocity/SP77-015_SP0964.tif	0.6824
https://walrus.wr.usgs.gov/namss/data/1977/namss.B-15-77-AK.mcs.airgun/Velocity/SP77-015_SP1024.tif	0.6644
https://walrus.wr.usgs.gov/namss/data/1977/namss.B-15-77-AK.mcs.airgun/Velocity/SP77-015_SP1084.tif	0.6675
https://walrus.wr.usgs.gov/namss/data/1977/namss.B-15-77-AK.mcs.airgun/Velocity/SP77-015_SP1144.tif	0.6833
https://walrus.wr.usgs.gov/namss/data/1977/namss.B-15-77-AK.mcs.airgun/Velocity/SP77-015_SP1204.tif	0.6607000000000001
https://walrus.wr.usgs.gov/namss/data/1977/namss.B-15-77-AK.mcs.airgun/Velocity/SP77-015_SP1264.tif	0.6837000000000001
https://walrus.wr.usgs.gov/namss/data/1977/namss.B-15-77-AK.mcs.airgun/Velocity/SP77-015_SP1324.tif	0.6932999999999999
https://walrus.wr.usgs.gov/namss/data/1977/namss.B-15-77-AK.mcs.airgun/Velocity/SP77-015_SP1384.tif	0.6714
https://walrus.wr.usgs.gov/namss/data/1977/namss.B-15-77-AK.mcs.airgun/Velocity/SP77-015_SP1444.tif	0.6805
https://walrus.wr.usgs.gov/namss/data/1977/namss.B-15-77-AK.mcs.airgun/Velocity/SP77-015_SP1504.tif	0.6543
https://walrus.wr.usgs.gov/namss/data/1977/namss.B-15-77-AK.mcs.airgun/Velocity/SP77-015_SP1564.tif	0.6804
https://walrus.wr.usgs.gov/namss/data/1977/namss.B-15-77-AK.mcs.airgun/Velocity/SP77-015_SP1624.tif	0.6703
https://walrus.wr.usgs.gov/namss/data/1977/namss.B-15-77-AK.mcs.airgun/Velocity/SP77-016_SP0004.tif	0.6347999999999999
https://walrus.wr.usgs.gov/namss/data/1977/namss.B-15-77-AK.mcs.airgun/Velocity/SP77-016_SP0064.tif	0.7051000000000001
https://walrus.wr.usgs.gov/namss/data/1977/namss.B-15-77-AK.mcs.airgun/Velocity/SP77-016_SP0124.tif	0.5025000000000001
https://walrus.wr.usgs.gov/namss/data/1977/namss.B-15-77-AK.mcs.airgun/Velocity/SP77-016_SP0184.tif	0.5081
https://walrus.wr.usgs.gov/namss/data/1977/namss.B-15-77-AK.mcs.airgun/Velocity/SP77-016_SP0244.tif	0.577
https://walrus.wr.usgs.gov/namss/data/1977/namss.B-15-77-AK.mcs.airgun/Velocity/SP77-016_SP0304.tif	0.4387
https://walrus.wr.usgs.gov/namss/data/1977/namss.B-15-77-AK.mcs.airgun/Velocity/SP77-016_SP0364.tif	0.5119
https://walrus.wr.usgs.gov/namss/data/1977/namss.B-15-77-AK.mcs.airgun/Velocity/SP77-016_SP0424.tif	0.5645
https://walrus.wr.usgs.gov/namss/data/1977/namss.B-15-77-AK.mcs.airgun/Velocity/SP77-016_SP0441.tif	0.8563
https://walrus.wr.usgs.gov/namss/data/1977/namss.B-15-77-AK.mcs.airgun/Velocity/SP77-016_SP0501.tif	0.7573
https://walrus.wr.usgs.gov/namss/data/1977/namss.B-15-77-AK.mcs.airgun/Velocity/SP77-016_SP0561.tif	0.9682999999999999
https://walrus.wr.usgs.gov/namss/data/1977/namss.B-15-77-AK.mcs.airgun/Velocity/SP77-016_SP0621.tif	0.8915000000000001
https://walrus.wr.usgs.gov/namss/data/1977/namss.B-15-77-AK.mcs.airgun/Velocity/SP77-016_SP0681.tif	0.8991
https://walrus.wr.usgs.gov/namss/data/1977/namss.B-15-77-AK.mcs.airgun/Velocity/SP77-016_SP0741.tif	0.8797
https://walrus.wr.usgs.gov/namss/data/1977/namss.B-15-77-AK.mcs.airgun/Velocity/SP77-016_SP0801.tif	0.8683
https://walrus.wr.usgs.gov/namss/data/1977/namss.B-15-77-AK.mcs.airgun/Velocity/SP77-016_SP0861.tif	0.9114
https://walrus.wr.usgs.gov/namss/data/1977/namss.B-15-77-AK.mcs.airgun/Velocity/SP77-016_SP0921.tif	0.8384
https://walrus.wr.usgs.gov/namss/data/1977/namss.B-15-77-AK.mcs.airgun/Velocity/SP77-016_SP0981.tif	0.8731
https://walrus.wr.usgs.gov/namss/data/1977/namss.B-15-77-AK.mcs.airgun/Velocity/SP77-016_SP1041.tif	0.8919
https://walrus.wr.usgs.gov/namss/data/1977/namss.B-15-77-AK.mcs.airgun/Velocity/SP77-016_SP1124.tif	0.7287
https://walrus.wr.usgs.gov/namss/data/1977/namss.B-15-77-AK.mcs.airgun/Velocity/SP77-016_SP1184.tif	0.7859
https://walrus.wr.usgs.gov/namss/data/1977/namss.B-15-77-AK.mcs.airgun/Velocity/SP77-016_SP1244.tif	0.8195
https://walrus.wr.usgs.gov/namss/data/1977/namss.B-15-77-AK.mcs.airgun/Velocity/SP77-016_SP1304.tif	0.9991
https://walrus.wr.usgs.gov/namss/data/1977/namss.B-15-77-AK.mcs.airgun/Velocity/SP77-016_SP1364.tif	0.9112
https://walrus.wr.usgs.gov/namss/data/1977/namss.B-15-77-AK.mcs.airgun/Velocity/SP77-017_SP0004.tif	0.5057
https://walrus.wr.usgs.gov/namss/data/1977/namss.B-15-77-AK.mcs.airgun/Velocity/SP77-017_SP0064.tif	0.5297000000000001
https://walrus.wr.usgs.gov/namss/data/1977/namss.B-15-77-AK.mcs.airgun/Velocity/SP77-017_SP0124.tif	0.5938
https://walrus.wr.usgs.gov/namss/data/1977/namss.B-15-77-AK.mcs.airgun/Velocity/SP77-017_SP0184.tif	0.5561
https://walrus.wr.usgs.gov/namss/data/1977/namss.B-15-77-AK.mcs.airgun/Velocity/SP77-017_SP0244.tif	0.5322
https://walrus.wr.usgs.gov/namss/data/1977/namss.B-15-77-AK.mcs.airgun/Velocity/SP77-017_SP0304.tif	0.5076
https://walrus.wr.usgs.gov/namss/data/1977/namss.B-15-77-AK.mcs.airgun/Velocity/SP77-017_SP0364.tif	0.4815
https://walrus.wr.usgs.gov/namss/data/1977/namss.B-15-77-AK.mcs.airgun/Velocity/SP77-017_SP0424.tif	0.4913
https://walrus.wr.usgs.gov/namss/data/1977/namss.B-15-77-AK.mcs.airgun/Velocity/SP77-017_SP0484.tif	0.4651
https://walrus.wr.usgs.gov/namss/data/1977/namss.B-15-77-AK.mcs.airgun/Velocity/SP77-017_SP0544.tif	0.534
https://walrus.wr.usgs.gov/namss/data/1977/namss.B-15-77-AK.mcs.airgun/Velocity/SP77-017_SP0604.tif	0.5287999999999999
https://walrus.wr.usgs.gov/namss/data/1977/namss.B-15-77-AK.mcs.airgun/Velocity/SP77-017_SP0664.tif	0.5834
https://walrus.wr.usgs.gov/namss/data/1977/namss.B-15-77-AK.mcs.airgun/Velocity/SP77-017_SP0734.tif	0.6255000000000001
https://walrus.wr.usgs.gov/namss/data/1977/namss.B-15-77-AK.mcs.airgun/Velocity/SP77-017_SP0794.tif	0.6231
https://walrus.wr.usgs.gov/namss/data/1977/namss.B-15-77-AK.mcs.airgun/Velocity/SP77-017_SP0854.tif	0.6351
https://walrus.wr.usgs.gov/namss/data/1977/namss.B-15-77-AK.mcs.airgun/Velocity/SP77-017_SP0914.tif	0.6371
https://walrus.wr.usgs.gov/namss/data/1977/namss.B-15-77-AK.mcs.airgun/Velocity/SP77-017_SP0974.tif	0.6536000000000001
https://walrus.wr.usgs.gov/namss/data/1977/namss.B-15-77-AK.mcs.airgun/Velocity/SP77-017_SP1034.tif	0.661
https://walrus.wr.usgs.gov/namss/data/1977/namss.B-15-77-AK.mcs.airgun/Velocity/SP77-017_SP1094.tif	0.6446000000000001
https://walrus.wr.usgs.gov/namss/data/1977/namss.B-15-77-AK.mcs.airgun/Velocity/SP77-017_SP1154.tif	0.6637000000000001
https://walrus.wr.usgs.gov/namss/data/1977/namss.B-15-77-AK.mcs.airgun/Velocity/SP77-017_SP1217.tif	0.7096
https://walrus.wr.usgs.gov/namss/data/1977/namss.B-15-77-AK.mcs.airgun/Velocity/SP77-017_SP1274.tif	0.6187
https://walrus.wr.usgs.gov/namss/data/1977/namss.B-15-77-AK.mcs.airgun/Velocity/SP77-017_SP1334.tif	0.6151
https://walrus.wr.usgs.gov/namss/data/1977/namss.B-15-77-AK.mcs.airgun/Velocity/SP77-017_SP1394.tif	0.6404
https://walrus.wr.usgs.gov/namss/data/1977/namss.B-15-77-AK.mcs.airgun/Velocity/SP77-017_SP1454.tif	0.6477999999999999
https://walrus.wr.usgs.gov/namss/data/1977/namss.B-15-77-AK.mcs.airgun/Velocity/SP77-017_SP1514.tif	0.648
https://walrus.wr.usgs.gov/namss/data/1977/namss.B-15-77-AK.mcs.airgun/Velocity/SP77-017_SP1574.tif	0.6291
https://walrus.wr.usgs.gov/namss/data/1977/namss.B-15-77-AK.mcs.airgun/Velocity/SP77-018_SP0005.tif	0.7761
https://walrus.wr.usgs.gov/namss/data/1977/namss.B-15-77-AK.mcs.airgun/Velocity/SP77-018_SP0065.tif	0.785
https://walrus.wr.usgs.gov/namss/data/1977/namss.B-15-77-AK.mcs.airgun/Velocity/SP77-018_SP0125.tif	0.8158
https://walrus.wr.usgs.gov/namss/data/1977/namss.B-15-77-AK.mcs.airgun/Velocity/SP77-018_SP0185.tif	0.7431
https://walrus.wr.usgs.gov/namss/data/1977/namss.B-15-77-AK.mcs.airgun/Velocity/SP77-018_SP0245.tif	0.7686000000000001
https://walrus.wr.usgs.gov/namss/data/1977/namss.B-15-77-AK.mcs.airgun/Velocity/SP77-018_SP0305.tif	0.8366
https://walrus.wr.usgs.gov/namss/data/1977/namss.B-15-77-AK.mcs.airgun/Velocity/SP77-018_SP0365.tif	0.77
https://walrus.wr.usgs.gov/namss/data/1977/namss.B-15-77-AK.mcs.airgun/Velocity/SP77-018_SP0425.tif	0.7586
https://walrus.wr.usgs.gov/namss/data/1977/namss.B-15-77-AK.mcs.airgun/Velocity/SP77-018_SP0485.tif	0.8101
https://walrus.wr.usgs.gov/namss/data/1977/namss.B-15-77-AK.mcs.airgun/Velocity/SP77-018_SP0545.tif	0.7501
https://walrus.wr.usgs.gov/namss/data/1977/namss.B-15-77-AK.mcs.airgun/Velocity/SP77-018_SP0605.tif	0.7953
https://walrus.wr.usgs.gov/namss/data/1977/namss.B-15-77-AK.mcs.airgun/Velocity/SP77-018_SP0665.tif	0.7953
https://walrus.wr.usgs.gov/namss/data/1977/namss.B-15-77-AK.mcs.airgun/Velocity/SP77-018_SP0725.tif	0.7994
https://walrus.wr.usgs.gov/namss/data/1977/namss.B-15-77-AK.mcs.airgun/Velocity/SP77-018_SP0785.tif	0.7837999999999999
https://walrus.wr.usgs.gov/namss/data/1977/namss.B-15-77-AK.mcs.airgun/Velocity/SP77-018_SP0845.tif	0.7937000000000001
https://walrus.wr.usgs.gov/namss/data/1977/namss.B-15-77-AK.mcs.airgun/Velocity/SP77-018_SP0905.tif	0.8412000000000001
https://walrus.wr.usgs.gov/namss/data/1977/namss.B-15-77-AK.mcs.airgun/Velocity/SP77-018_SP0940.tif	0.9938
https://walrus.wr.usgs.gov/namss/data/1977/namss.B-15-77-AK.mcs.airgun/Velocity/SP77-018_SP1000.tif	0.7523
https://walrus.wr.usgs.gov/namss/data/1977/namss.B-15-77-AK.mcs.airgun/Velocity/SP77-018_SP1060.tif	0.8309
https://walrus.wr.usgs.gov/namss/data/1977/namss.B-15-77-AK.mcs.airgun/Velocity/SP77-018_SP1120.tif	0.8259
https://walrus.wr.usgs.gov/namss/data/1977/namss.B-15-77-AK.mcs.airgun/Velocity/SP77-018_SP1180.tif	0.7927000000000001
https://walrus.wr.usgs.gov/namss/data/1977/namss.B-15-77-AK.mcs.airgun/Velocity/SP77-018_SP1240.tif	0.7807000000000001
https://walrus.wr.usgs.gov/namss/data/1977/namss.B-15-77-AK.mcs.airgun/Velocity/SP77-018_SP1300.tif	0.752
https://walrus.wr.usgs.gov/namss/data/1977/namss.B-15-77-AK.mcs.airgun/Velocity/SP77-018_SP1360.tif	0.8741
https://walrus.wr.usgs.gov/namss/data/1977/namss.B-15-77-AK.mcs.airgun/Velocity/SP77-019_SP0012.tif	0.594
https://walrus.wr.usgs.gov/namss/data/1977/namss.B-15-77-AK.mcs.airgun/Velocity/SP77-019_SP0072.tif	0.5771000000000001
https://walrus.wr.usgs.gov/namss/data/1977/namss.B-15-77-AK.mcs.airgun/Velocity/SP77-019_SP0132.tif	0.5740000000000001
https://walrus.wr.usgs.gov/namss/data/1977/namss.B-15-77-AK.mcs.airgun/Velocity/SP77-019_SP0192.tif	0.5568
https://walrus.wr.usgs.gov/namss/data/1977/namss.B-15-77-AK.mcs.airgun/Velocity/SP77-019_SP0252.tif	0.5645
https://walrus.wr.usgs.gov/namss/data/1977/namss.B-15-77-AK.mcs.airgun/Velocity/SP77-019_SP0312.tif	0.582
https://walrus.wr.usgs.gov/namss/data/1977/namss.B-15-77-AK.mcs.airgun/Velocity/SP77-019_SP0372.tif	0.5817000000000001
https://walrus.wr.usgs.gov/namss/data/1977/namss.B-15-77-AK.mcs.airgun/Velocity/SP77-019_SP0432.tif	0.5657000000000001
https://walrus.wr.usgs.gov/namss/data/1977/namss.B-15-77-AK.mcs.airgun/Velocity/SP77-019_SP0492.tif	0.6083999999999999
https://walrus.wr.usgs.gov/namss/data/1977/namss.B-15-77-AK.mcs.airgun/Velocity/SP77-019_SP0552.tif	0.5605
https://walrus.wr.usgs.gov/namss/data/1977/namss.B-15-77-AK.mcs.airgun/Velocity/SP77-019_SP0612.tif	0.6123999999999999
https://walrus.wr.usgs.gov/namss/data/1977/namss.B-15-77-AK.mcs.airgun/Velocity/SP77-019_SP0672.tif	0.5891000000000001
https://walrus.wr.usgs.gov/namss/data/1977/namss.B-15-77-AK.mcs.airgun/Velocity/SP77-019_SP0732.tif	0.5765
https://walrus.wr.usgs.gov/namss/data/1977/namss.B-15-77-AK.mcs.airgun/Velocity/SP77-019_SP0792.tif	0.5931000000000001
https://walrus.wr.usgs.gov/namss/data/1977/namss.B-15-77-AK.mcs.airgun/Velocity/SP77-019_SP0852.tif	0.6001000000000001
https://walrus.wr.usgs.gov/namss/data/1977/namss.B-15-77-AK.mcs.airgun/Velocity/SP77-019_SP0912.tif	0.5839
https://walrus.wr.usgs.gov/namss/data/1977/namss.B-15-77-AK.mcs.airgun/Velocity/SP77-019_SP0972.tif	0.5451
https://walrus.wr.usgs.gov/namss/data/1977/namss.B-15-77-AK.mcs.airgun/Velocity/SP77-019_SP1032.tif	0.5806
https://walrus.wr.usgs.gov/namss/data/1977/namss.B-15-77-AK.mcs.airgun/Velocity/SP77-019_SP1092.tif	0.5812
https://walrus.wr.usgs.gov/namss/data/1977/namss.B-15-77-AK.mcs.airgun/Velocity/SP77-019_SP1152.tif	0.5792
https://walrus.wr.usgs.gov/namss/data/1977/namss.B-15-77-AK.mcs.airgun/Velocity/SP77-019_SP1212.tif	0.5822
https://walrus.wr.usgs.gov/namss/data/1977/namss.B-15-77-AK.mcs.airgun/Velocity/SP77-019_SP1272.tif	0.5842999999999999
https://walrus.wr.usgs.gov/namss/data/1977/namss.B-15-77-AK.mcs.airgun/Velocity/SP77-019_SP1332.tif	0.5965
https://walrus.wr.usgs.gov/namss/data/1977/namss.B-15-77-AK.mcs.airgun/Velocity/SP77-019_SP1392.tif	0.5991000000000001
https://walrus.wr.usgs.gov/namss/data/1977/namss.B-15-77-AK.mcs.airgun/Velocity/SP77-019_SP1452.tif	0.5722
https://walrus.wr.usgs.gov/namss/data/1977/namss.B-15-77-AK.mcs.airgun/Velocity/SP77-019_SP1512.tif	0.5905
https://walrus.wr.usgs.gov/namss/data/1977/namss.B-15-77-AK.mcs.airgun/Velocity/SP77-019_SP1572.tif	0.6467
https://walrus.wr.usgs.gov/namss/data/1977/namss.B-15-77-AK.mcs.airgun/Velocity/SP77-019_SP1632.tif	0.6174
https://walrus.wr.usgs.gov/namss/data/1977/namss.B-15-77-AK.mcs.airgun/Velocity/SP77-020_SP0004.tif	0.5438
https://walrus.wr.usgs.gov/namss/data/1977/namss.B-15-77-AK.mcs.airgun/Velocity/SP77-020_SP0064.tif	0.5443
https://walrus.wr.usgs.gov/namss/data/1977/namss.B-15-77-AK.mcs.airgun/Velocity/SP77-020_SP0124.tif	0.531
https://walrus.wr.usgs.gov/namss/data/1977/namss.B-15-77-AK.mcs.airgun/Velocity/SP77-020_SP0184.tif	0.5563
https://walrus.wr.usgs.gov/namss/data/1977/namss.B-15-77-AK.mcs.airgun/Velocity/SP77-020_SP0244.tif	0.5464
https://walrus.wr.usgs.gov/namss/data/1977/namss.B-15-77-AK.mcs.airgun/Velocity/SP77-020_SP0304.tif	0.5858
https://walrus.wr.usgs.gov/namss/data/1977/namss.B-15-77-AK.mcs.airgun/Velocity/SP77-020_SP0364.tif	0.4665
https://walrus.wr.usgs.gov/namss/data/1977/namss.B-15-77-AK.mcs.airgun/Velocity/SP77-020_SP0424.tif	0.7723
https://walrus.wr.usgs.gov/namss/data/1977/namss.B-15-77-AK.mcs.airgun/Velocity/SP77-020_SP0484.tif	0.785
https://walrus.wr.usgs.gov/namss/data/1977/namss.B-15-77-AK.mcs.airgun/Velocity/SP77-020_SP0544.tif	0.8182999999999999
https://walrus.wr.usgs.gov/namss/data/1977/namss.B-15-77-AK.mcs.airgun/Velocity/SP77-020_SP0604.tif	0.8541000000000001
https://walrus.wr.usgs.gov/namss/data/1977/namss.B-15-77-AK.mcs.airgun/Velocity/SP77-020_SP0664.tif	0.9167000000000001
https://walrus.wr.usgs.gov/namss/data/1977/namss.B-15-77-AK.mcs.airgun/Velocity/SP77-020_SP0724.tif	0.5487000000000001
https://walrus.wr.usgs.gov/namss/data/1977/namss.B-15-77-AK.mcs.airgun/Velocity/SP77-020_SP0784.tif	0.5093
https://walrus.wr.usgs.gov/namss/data/1977/namss.B-15-77-AK.mcs.airgun/Velocity/SP77-020_SP0844.tif	0.5315
https://walrus.wr.usgs.gov/namss/data/1977/namss.B-15-77-AK.mcs.airgun/Velocity/SP77-020_SP0904.tif	0.6728999999999999
https://walrus.wr.usgs.gov/namss/data/1977/namss.B-15-77-AK.mcs.airgun/Velocity/SP77-020_SP0964.tif	0.5432
https://walrus.wr.usgs.gov/namss/data/1977/namss.B-15-77-AK.mcs.airgun/Velocity/SP77-020_SP1024.tif	0.5740000000000001
https://walrus.wr.usgs.gov/namss/data/1977/namss.B-15-77-AK.mcs.airgun/Velocity/SP77-020_SP1084.tif	0.5927
https://walrus.wr.usgs.gov/namss/data/1977/namss.B-15-77-AK.mcs.airgun/Velocity/SP77-020_SP1144.tif	0.5696
https://walrus.wr.usgs.gov/namss/data/1977/namss.B-15-77-AK.mcs.airgun/Velocity/SP77-020_SP1204.tif	0.8566
https://walrus.wr.usgs.gov/namss/data/1977/namss.B-15-77-AK.mcs.airgun/Velocity/SP77-020_SP1264.tif	0.923
https://walrus.wr.usgs.gov/namss/data/1977/namss.B-15-77-AK.mcs.airgun/Velocity/SP77-020_SP1324.tif	0.8528
https://walrus.wr.usgs.gov/namss/data/1977/namss.B-15-77-AK.mcs.airgun/Velocity/SP77-020_SP1384.tif	0.5961000000000001
https://walrus.wr.usgs.gov/namss/data/1977/namss.B-15-77-AK.mcs.airgun/Velocity/SP77-020_SP1444.tif	0.6025
https://walrus.wr.usgs.gov/namss/data/1977/namss.B-15-77-AK.mcs.airgun/Velocity/SP77-020_SP1504.tif	0.5859
https://walrus.wr.usgs.gov/namss/data/1977/namss.B-15-77-AK.mcs.airgun/Velocity/SP77-020_SP1564.tif	0.6113999999999999
https://walrus.wr.usgs.gov/namss/data/1977/namss.B-15-77-AK.mcs.airgun/Velocity/SP77-020_SP1624.tif	0.6205
https://walrus.wr.usgs.gov/namss/data/1977/namss.B-15-77-AK.mcs.airgun/Velocity/SP77-020_SP1684.tif	0.7655000000000001
https://walrus.wr.usgs.gov/namss/data/1977/namss.B-15-77-AK.mcs.airgun/Velocity/SP77-020_SP1744.tif	0.8375
https://walrus.wr.usgs.gov/namss/data/1977/namss.B-15-77-AK.mcs.airgun/Velocity/SP77-020_SP1804.tif	0.5501
https://walrus.wr.usgs.gov/namss/data/1977/namss.B-15-77-AK.mcs.airgun/Velocity/SP77-020_SP1864.tif	0.5299
https://walrus.wr.usgs.gov/namss/data/1977/namss.B-15-77-AK.mcs.airgun/Velocity/SP77-020_SP1924.tif	0.5971000000000001
https://walrus.wr.usgs.gov/namss/data/1977/namss.B-15-77-AK.mcs.airgun/Velocity/SP77-020_SP1984.tif	0.5817000000000001
https://walrus.wr.usgs.gov/namss/data/1977/namss.B-15-77-AK.mcs.airgun/Velocity/SP77-020_SP2044.tif	0.5927
https://walrus.wr.usgs.gov/namss/data/1977/namss.B-15-77-AK.mcs.airgun/Velocity/SP77-021_SP0004.tif	0.5666
https://walrus.wr.usgs.gov/namss/data/1977/namss.B-15-77-AK.mcs.airgun/Velocity/SP77-021_SP0064.tif	0.5448
https://walrus.wr.usgs.gov/namss/data/1977/namss.B-15-77-AK.mcs.airgun/Velocity/SP77-021_SP0124.tif	0.5524
https://walrus.wr.usgs.gov/namss/data/1977/namss.B-15-77-AK.mcs.airgun/Velocity/SP77-021_SP0184.tif	0.5781000000000001
https://walrus.wr.usgs.gov/namss/data/1977/namss.B-15-77-AK.mcs.airgun/Velocity/SP77-021_SP0244.tif	0.6092000000000001
https://walrus.wr.usgs.gov/namss/data/1977/namss.B-15-77-AK.mcs.airgun/Velocity/SP77-021_SP0304.tif	0.5257000000000001
https://walrus.wr.usgs.gov/namss/data/1977/namss.B-15-77-AK.mcs.airgun/Velocity/SP77-021_SP0364.tif	0.5116
https://walrus.wr.usgs.gov/namss/data/1977/namss.B-15-77-AK.mcs.airgun/Velocity/SP77-021_SP0424.tif	0.5779
https://walrus.wr.usgs.gov/namss/data/1977/namss.B-15-77-AK.mcs.airgun/Velocity/SP77-021_SP0484.tif	0.5941000000000001
https://walrus.wr.usgs.gov/namss/data/1977/namss.B-15-77-AK.mcs.airgun/Velocity/SP77-021_SP0544.tif	0.5586
https://walrus.wr.usgs.gov/namss/data/1977/namss.B-15-77-AK.mcs.airgun/Velocity/SP77-021_SP0604.tif	0.5504
https://walrus.wr.usgs.gov/namss/data/1977/namss.B-15-77-AK.mcs.airgun/Velocity/SP77-021_SP0664.tif	0.5601
https://walrus.wr.usgs.gov/namss/data/1977/namss.B-15-77-AK.mcs.airgun/Velocity/SP77-021_SP0724.tif	0.54
https://walrus.wr.usgs.gov/namss/data/1977/namss.B-15-77-AK.mcs.airgun/Velocity/SP77-021_SP0784.tif	0.5691
https://walrus.wr.usgs.gov/namss/data/1977/namss.B-15-77-AK.mcs.airgun/Velocity/SP77-021_SP0844.tif	0.5253
https://walrus.wr.usgs.gov/namss/data/1977/namss.B-15-77-AK.mcs.airgun/Velocity/SP77-021_SP0904.tif	0.5696
https://walrus.wr.usgs.gov/namss/data/1977/namss.B-15-77-AK.mcs.airgun/Velocity/SP77-021_SP0964.tif	0.5961000000000001
https://walrus.wr.usgs.gov/namss/data/1977/namss.B-15-77-AK.mcs.airgun/Velocity/SP77-021_SP1024.tif	0.5904
https://walrus.wr.usgs.gov/namss/data/1977/namss.B-15-77-AK.mcs.airgun/Velocity/SP77-021_SP1084.tif	0.5854
https://walrus.wr.usgs.gov/namss/data/1977/namss.B-15-77-AK.mcs.airgun/Velocity/SP77-021_SP1144.tif	0.5958
https://walrus.wr.usgs.gov/namss/data/1977/namss.B-15-77-AK.mcs.airgun/Velocity/SP77-021_SP1204.tif	0.5832
https://walrus.wr.usgs.gov/namss/data/1977/namss.B-15-77-AK.mcs.airgun/Velocity/SP77-021_SP1264.tif	0.5576
https://walrus.wr.usgs.gov/namss/data/1977/namss.B-15-77-AK.mcs.airgun/Velocity/SP77-021_SP1324.tif	0.6031000000000001
https://walrus.wr.usgs.gov/namss/data/1977/namss.B-15-77-AK.mcs.airgun/Velocity/SP77-021_SP1384.tif	0.5603
https://walrus.wr.usgs.gov/namss/data/1977/namss.B-15-77-AK.mcs.airgun/Velocity/SP77-021_SP1444.tif	0.6008
https://walrus.wr.usgs.gov/namss/data/1977/namss.B-15-77-AK.mcs.airgun/Velocity/SP77-021_SP1504.tif	0.5109
https://walrus.wr.usgs.gov/namss/data/1977/namss.B-15-77-AK.mcs.airgun/Velocity/SP77-021_SP1564.tif	0.594
https://walrus.wr.usgs.gov/namss/data/1977/namss.B-15-77-AK.mcs.airgun/Velocity/SP77-021_SP1624.tif	0.5867000000000001
https://walrus.wr.usgs.gov/namss/data/1977/namss.B-15-77-AK.mcs.airgun/Velocity/SP77-021_SP1684.tif	0.5563
https://walrus.wr.usgs.gov/namss/data/1977/namss.B-15-77-AK.mcs.airgun/Velocity/SP77-022_SP0004.tif	1.0086
https://walrus.wr.usgs.gov/namss/data/1977/namss.B-15-77-AK.mcs.airgun/Velocity/SP77-022_SP0064.tif	0.6703
https://walrus.wr.usgs.gov/namss/data/1977/namss.B-15-77-AK.mcs.airgun/Velocity/SP77-022_SP0124.tif	0.7228
https://walrus.wr.usgs.gov/namss/data/1977/namss.B-15-77-AK.mcs.airgun/Velocity/SP77-022_SP0184.tif	0.7092999999999999
https://walrus.wr.usgs.gov/namss/data/1977/namss.B-15-77-AK.mcs.airgun/Velocity/SP77-022_SP0244.tif	1.1
https://walrus.wr.usgs.gov/namss/data/1977/namss.B-15-77-AK.mcs.airgun/Velocity/SP77-022_SP0304.tif	0.8683
https://walrus.wr.usgs.gov/namss/data/1977/namss.B-15-77-AK.mcs.airgun/Velocity/SP77-022_SP0364.tif	0.9837
https://walrus.wr.usgs.gov/namss/data/1977/namss.B-15-77-AK.mcs.airgun/Velocity/SP77-022_SP0424.tif	0.9969
https://walrus.wr.usgs.gov/namss/data/1977/namss.B-15-77-AK.mcs.airgun/Velocity/SP77-022_SP0484.tif	0.9977
https://walrus.wr.usgs.gov/namss/data/1977/namss.B-15-77-AK.mcs.airgun/Velocity/SP77-022_SP0544.tif	0.9906
https://walrus.wr.usgs.gov/namss/data/1977/namss.B-15-77-AK.mcs.airgun/Velocity/SP77-022_SP0604.tif	0.9647000000000001
https://walrus.wr.usgs.gov/namss/data/1977/namss.B-15-77-AK.mcs.airgun/Velocity/SP77-022_SP0664.tif	0.9415
https://walrus.wr.usgs.gov/namss/data/1977/namss.B-15-77-AK.mcs.airgun/Velocity/SP77-022_SP0724.tif	0.8553
https://walrus.wr.usgs.gov/namss/data/1977/namss.B-15-77-AK.mcs.airgun/Velocity/SP77-022_SP0784.tif	0.8963
https://walrus.wr.usgs.gov/namss/data/1977/namss.B-15-77-AK.mcs.airgun/Velocity/SP77-022_SP0844.tif	0.9631000000000001
https://walrus.wr.usgs.gov/namss/data/1977/namss.B-15-77-AK.mcs.airgun/Velocity/SP77-022_SP0904.tif	0.9147000000000001
https://walrus.wr.usgs.gov/namss/data/1977/namss.B-15-77-AK.mcs.airgun/Velocity/SP77-022_SP0964.tif	0.9410000000000001
https://walrus.wr.usgs.gov/namss/data/1977/namss.B-15-77-AK.mcs.airgun/Velocity/SP77-022_SP1024.tif	0.6794
https://walrus.wr.usgs.gov/namss/data/1977/namss.B-15-77-AK.mcs.airgun/Velocity/SP77-022_SP1084.tif	1.1
https://walrus.wr.usgs.gov/namss/data/1977/namss.B-15-77-AK.mcs.airgun/Velocity/SP77-022_SP1144.tif	0.9372
https://walrus.wr.usgs.gov/namss/data/1977/namss.B-15-77-AK.mcs.airgun/Velocity/SP77-022_SP1204.tif	0.9292
https://walrus.wr.usgs.gov/namss/data/1977/namss.B-15-77-AK.mcs.airgun/Velocity/SP77-022_SP1264.tif	1.0
https://walrus.wr.usgs.gov/namss/data/1977/namss.B-15-77-AK.mcs.airgun/Velocity/SP77-022_SP1324.tif	1.0
https://walrus.wr.usgs.gov/namss/data/1977/namss.B-15-77-AK.mcs.airgun/Velocity/SP77-022_SP1384.tif	1.0
https://walrus.wr.usgs.gov/namss/data/1977/namss.B-15-77-AK.mcs.airgun/Velocity/SP77-022_SP1444.tif	1.0004
https://walrus.wr.usgs.gov/namss/data/1977/namss.B-15-77-AK.mcs.airgun/Velocity/SP77-023_SP0004.tif	0.5157999999999999
https://walrus.wr.usgs.gov/namss/data/1977/namss.B-15-77-AK.mcs.airgun/Velocity/SP77-023_SP0064.tif	0.51
https://walrus.wr.usgs.gov/namss/data/1977/namss.B-15-77-AK.mcs.airgun/Velocity/SP77-023_SP0124.tif	0.5690000000000001
https://walrus.wr.usgs.gov/namss/data/1977/namss.B-15-77-AK.mcs.airgun/Velocity/SP77-023_SP0184.tif	0.5487000000000001
https://walrus.wr.usgs.gov/namss/data/1977/namss.B-15-77-AK.mcs.airgun/Velocity/SP77-023_SP0244.tif	0.5488
https://walrus.wr.usgs.gov/namss/data/1977/namss.B-15-77-AK.mcs.airgun/Velocity/SP77-023_SP0304.tif	0.5311
https://walrus.wr.usgs.gov/namss/data/1977/namss.B-15-77-AK.mcs.airgun/Velocity/SP77-023_SP0364.tif	0.5046
https://walrus.wr.usgs.gov/namss/data/1977/namss.B-15-77-AK.mcs.airgun/Velocity/SP77-023_SP0424.tif	0.4954
https://walrus.wr.usgs.gov/namss/data/1977/namss.B-15-77-AK.mcs.airgun/Velocity/SP77-023_SP0484.tif	0.5043
https://walrus.wr.usgs.gov/namss/data/1977/namss.B-15-77-AK.mcs.airgun/Velocity/SP77-023_SP0544.tif	0.465
https://walrus.wr.usgs.gov/namss/data/1977/namss.B-15-77-AK.mcs.airgun/Velocity/SP77-023_SP0604.tif	0.42210000000000003
https://walrus.wr.usgs.gov/namss/data/1977/namss.B-15-77-AK.mcs.airgun/Velocity/SP77-023_SP0664.tif	0.445
https://walrus.wr.usgs.gov/namss/data/1977/namss.B-15-77-AK.mcs.airgun/Velocity/SP77-023_SP0724.tif	0.4517
https://walrus.wr.usgs.gov/namss/data/1977/namss.B-15-77-AK.mcs.airgun/Velocity/SP77-023_SP0784.tif	0.4791
https://walrus.wr.usgs.gov/namss/data/1977/namss.B-15-77-AK.mcs.airgun/Velocity/SP77-023_SP0844.tif	0.4751
https://walrus.wr.usgs.gov/namss/data/1977/namss.B-15-77-AK.mcs.airgun/Velocity/SP77-023_SP0904.tif	0.4766
https://walrus.wr.usgs.gov/namss/data/1977/namss.B-15-77-AK.mcs.airgun/Velocity/SP77-023_SP0964.tif	0.4129
https://walrus.wr.usgs.gov/namss/data/1977/namss.B-15-77-AK.mcs.airgun/Velocity/SP77-023_SP1024.tif	0.48410000000000003
https://walrus.wr.usgs.gov/namss/data/1977/namss.B-15-77-AK.mcs.airgun/Velocity/SP77-023_SP1084.tif	0.4783
https://walrus.wr.usgs.gov/namss/data/1977/namss.B-15-77-AK.mcs.airgun/Velocity/SP77-023_SP1144.tif	0.4835
https://walrus.wr.usgs.gov/namss/data/1977/namss.B-15-77-AK.mcs.airgun/Velocity/SP77-023_SP1204.tif	0.5206000000000001
https://walrus.wr.usgs.gov/namss/data/1977/namss.B-15-77-AK.mcs.airgun/Velocity/SP77-023_SP1264.tif	0.45680000000000004
https://walrus.wr.usgs.gov/namss/data/1977/namss.B-15-77-AK.mcs.airgun/Velocity/SP77-023_SP1324.tif	0.461
https://walrus.wr.usgs.gov/namss/data/1977/namss.B-15-77-AK.mcs.airgun/Velocity/SP77-023_SP1384.tif	0.4329
https://walrus.wr.usgs.gov/namss/data/1977/namss.B-15-77-AK.mcs.airgun/Velocity/SP77-023_SP1444.tif	0.4667
https://walrus.wr.usgs.gov/namss/data/1977/namss.B-15-77-AK.mcs.airgun/Velocity/SP77-023_SP1504.tif	0.4631
https://walrus.wr.usgs.gov/namss/data/1977/namss.B-15-77-AK.mcs.airgun/Velocity/SP77-023_SP1564.tif	0.4413
https://walrus.wr.usgs.gov/namss/data/1977/namss.B-15-77-AK.mcs.airgun/Velocity/SP77-023_SP1624.tif	0.4671
https://walrus.wr.usgs.gov/namss/data/1977/namss.B-15-77-AK.mcs.airgun/Velocity/SP77-023_SP1684.tif	0.4651
https://walrus.wr.usgs.gov/namss/data/1977/namss.B-15-77-AK.mcs.airgun/Velocity/SP77-024_SP0004.tif	0.6402000000000001
https://walrus.wr.usgs.gov/namss/data/1977/namss.B-15-77-AK.mcs.airgun/Velocity/SP77-024_SP0064.tif	0.6354
https://walrus.wr.usgs.gov/namss/data/1977/namss.B-15-77-AK.mcs.airgun/Velocity/SP77-024_SP0124.tif	0.6733
https://walrus.wr.usgs.gov/namss/data/1977/namss.B-15-77-AK.mcs.airgun/Velocity/SP77-024_SP0184.tif	0.6356
https://walrus.wr.usgs.gov/namss/data/1977/namss.B-15-77-AK.mcs.airgun/Velocity/SP77-024_SP0244.tif	0.6367999999999999
https://walrus.wr.usgs.gov/namss/data/1977/namss.B-15-77-AK.mcs.airgun/Velocity/SP77-024_SP0304.tif	0.6068
https://walrus.wr.usgs.gov/namss/data/1977/namss.B-15-77-AK.mcs.airgun/Velocity/SP77-024_SP0364.tif	0.6364
https://walrus.wr.usgs.gov/namss/data/1977/namss.B-15-77-AK.mcs.airgun/Velocity/SP77-024_SP0424.tif	0.6835
https://walrus.wr.usgs.gov/namss/data/1977/namss.B-15-77-AK.mcs.airgun/Velocity/SP77-024_SP0484.tif	0.6111000000000001
https://walrus.wr.usgs.gov/namss/data/1977/namss.B-15-77-AK.mcs.airgun/Velocity/SP77-024_SP0544.tif	0.6331
https://walrus.wr.usgs.gov/namss/data/1977/namss.B-15-77-AK.mcs.airgun/Velocity/SP77-024_SP0604.tif	0.6445
https://walrus.wr.usgs.gov/namss/data/1977/namss.B-15-77-AK.mcs.airgun/Velocity/SP77-024_SP0664.tif	0.6359
https://walrus.wr.usgs.gov/namss/data/1977/namss.B-15-77-AK.mcs.airgun/Velocity/SP77-024_SP0724.tif	0.6275000000000001
https://walrus.wr.usgs.gov/namss/data/1977/namss.B-15-77-AK.mcs.airgun/Velocity/SP77-024_SP0784.tif	0.5976
https://walrus.wr.usgs.gov/namss/data/1977/namss.B-15-77-AK.mcs.airgun/Velocity/SP77-024_SP0844.tif	0.6141000000000001
https://walrus.wr.usgs.gov/namss/data/1977/namss.B-15-77-AK.mcs.airgun/Velocity/SP77-024_SP0904.tif	0.6146
https://walrus.wr.usgs.gov/namss/data/1977/namss.B-15-77-AK.mcs.airgun/Velocity/SP77-024_SP0964.tif	0.6645
https://walrus.wr.usgs.gov/namss/data/1977/namss.B-15-77-AK.mcs.airgun/Velocity/SP77-024_SP1024.tif	0.6437999999999999
https://walrus.wr.usgs.gov/namss/data/1977/namss.B-15-77-AK.mcs.airgun/Velocity/SP77-024_SP1084.tif	0.6389
https://walrus.wr.usgs.gov/namss/data/1977/namss.B-15-77-AK.mcs.airgun/Velocity/SP77-024_SP1144.tif	0.6327999999999999
https://walrus.wr.usgs.gov/namss/data/1977/namss.B-15-77-AK.mcs.airgun/Velocity/SP77-024_SP1204.tif	0.6449
https://walrus.wr.usgs.gov/namss/data/1977/namss.B-15-77-AK.mcs.airgun/Velocity/SP77-024_SP1264.tif	0.6049
https://walrus.wr.usgs.gov/namss/data/1977/namss.B-15-77-AK.mcs.airgun/Velocity/SP77-024_SP1324.tif	0.6543
https://walrus.wr.usgs.gov/namss/data/1977/namss.B-15-77-AK.mcs.airgun/Velocity/SP77-025_SP0004.tif	1.2
https://walrus.wr.usgs.gov/namss/data/1977/namss.B-15-77-AK.mcs.airgun/Velocity/SP77-025_SP0064.tif	0.9346000000000001
https://walrus.wr.usgs.gov/namss/data/1977/namss.B-15-77-AK.mcs.airgun/Velocity/SP77-025_SP0124.tif	0.8396
https://walrus.wr.usgs.gov/namss/data/1977/namss.B-15-77-AK.mcs.airgun/Velocity/SP77-025_SP0184.tif	0.7843
https://walrus.wr.usgs.gov/namss/data/1977/namss.B-15-77-AK.mcs.airgun/Velocity/SP77-025_SP0244.tif	0.7544
https://walrus.wr.usgs.gov/namss/data/1977/namss.B-15-77-AK.mcs.airgun/Velocity/SP77-025_SP0304.tif	0.8265
https://walrus.wr.usgs.gov/namss/data/1977/namss.B-15-77-AK.mcs.airgun/Velocity/SP77-025_SP0364.tif	0.8346
https://walrus.wr.usgs.gov/namss/data/1977/namss.B-15-77-AK.mcs.airgun/Velocity/SP77-025_SP0424.tif	0.7899
https://walrus.wr.usgs.gov/namss/data/1977/namss.B-15-77-AK.mcs.airgun/Velocity/SP77-025_SP0484.tif	0.7938
https://walrus.wr.usgs.gov/namss/data/1977/namss.B-15-77-AK.mcs.airgun/Velocity/SP77-025_SP0544.tif	0.7685
https://walrus.wr.usgs.gov/namss/data/1977/namss.B-15-77-AK.mcs.airgun/Velocity/SP77-025_SP0604.tif	0.7912
https://walrus.wr.usgs.gov/namss/data/1977/namss.B-15-77-AK.mcs.airgun/Velocity/SP77-025_SP0664.tif	0.8001
https://walrus.wr.usgs.gov/namss/data/1977/namss.B-15-77-AK.mcs.airgun/Velocity/SP77-025_SP0724.tif	0.7819
https://walrus.wr.usgs.gov/namss/data/1977/namss.B-15-77-AK.mcs.airgun/Velocity/SP77-025_SP0784.tif	0.7703
https://walrus.wr.usgs.gov/namss/data/1977/namss.B-15-77-AK.mcs.airgun/Velocity/SP77-025_SP0844.tif	0.7757999999999999
https://walrus.wr.usgs.gov/namss/data/1977/namss.B-15-77-AK.mcs.airgun/Velocity/SP77-025_SP0904.tif	0.7984
https://walrus.wr.usgs.gov/namss/data/1977/namss.B-15-77-AK.mcs.airgun/Velocity/SP77-025_SP0964.tif	0.8084
https://walrus.wr.usgs.gov/namss/data/1977/namss.B-15-77-AK.mcs.airgun/Velocity/SP77-025_SP1024.tif	0.7885
https://walrus.wr.usgs.gov/namss/data/1977/namss.B-15-77-AK.mcs.airgun/Velocity/SP77-025_SP1084.tif	0.7936000000000001
https://walrus.wr.usgs.gov/namss/data/1977/namss.B-15-77-AK.mcs.airgun/Velocity/SP77-025_SP1144.tif	0.7577999999999999
https://walrus.wr.usgs.gov/namss/data/1977/namss.B-15-77-AK.mcs.airgun/Velocity/SP77-025_SP1204.tif	0.7445
https://walrus.wr.usgs.gov/namss/data/1977/namss.B-15-77-AK.mcs.airgun/Velocity/SP77-025_SP1264.tif	0.7605000000000001
https://walrus.wr.usgs.gov/namss/data/1977/namss.B-15-77-AK.mcs.airgun/Velocity/SP77-025_SP1324.tif	0.7162000000000001
https://walrus.wr.usgs.gov/namss/data/1977/namss.B-15-77-AK.mcs.airgun/Velocity/SP77-025_SP1384.tif	0.7772000000000001
https://walrus.wr.usgs.gov/namss/data/1977/namss.B-15-77-AK.mcs.airgun/Velocity/SP77-025_SP1444.tif	0.8043
https://walrus.wr.usgs.gov/namss/data/1977/namss.B-15-77-AK.mcs.airgun/Velocity/SP77-025_SP1504.tif	0.8300000000000001
https://walrus.wr.usgs.gov/namss/data/1977/namss.B-15-77-AK.mcs.airgun/Velocity/SP77-025_SP1564.tif	0.7696000000000001
https://walrus.wr.usgs.gov/namss/data/1977/namss.B-15-77-AK.mcs.airgun/Velocity/SP77-025_SP1624.tif	0.7574
https://walrus.wr.usgs.gov/namss/data/1977/namss.B-15-77-AK.mcs.airgun/Velocity/SP77-025_SP1684.tif	0.7644
https://walrus.wr.usgs.gov/namss/data/1977/namss.B-15-77-AK.mcs.airgun/Velocity/SP77-026_SP0004.tif	0.7156
https://walrus.wr.usgs.gov/namss/data/1977/namss.B-15-77-AK.mcs.airgun/Velocity/SP77-026_SP0064.tif	0.8099
https://walrus.wr.usgs.gov/namss/data/1977/namss.B-15-77-AK.mcs.airgun/Velocity/SP77-026_SP0124.tif	0.788
https://walrus.wr.usgs.gov/namss/data/1977/namss.B-15-77-AK.mcs.airgun/Velocity/SP77-026_SP0244.tif	0.7732000000000001
https://walrus.wr.usgs.gov/namss/data/1977/namss.B-15-77-AK.mcs.airgun/Velocity/SP77-026_SP0304.tif	0.7646000000000001
https://walrus.wr.usgs.gov/namss/data/1977/namss.B-15-77-AK.mcs.airgun/Velocity/SP77-026_SP0364.tif	0.6926
https://walrus.wr.usgs.gov/namss/data/1977/namss.B-15-77-AK.mcs.airgun/Velocity/SP77-026_SP0424.tif	0.7891
https://walrus.wr.usgs.gov/namss/data/1977/namss.B-15-77-AK.mcs.airgun/Velocity/SP77-026_SP0484.tif	0.7224
https://walrus.wr.usgs.gov/namss/data/1977/namss.B-15-77-AK.mcs.airgun/Velocity/SP77-026_SP0544.tif	0.7615000000000001
https://walrus.wr.usgs.gov/namss/data/1977/namss.B-15-77-AK.mcs.airgun/Velocity/SP77-026_SP0604.tif	0.7645000000000001
https://walrus.wr.usgs.gov/namss/data/1977/namss.B-15-77-AK.mcs.airgun/Velocity/SP77-026_SP0664.tif	0.7904
https://walrus.wr.usgs.gov/namss/data/1977/namss.B-15-77-AK.mcs.airgun/Velocity/SP77-026_SP0724.tif	0.7438
https://walrus.wr.usgs.gov/namss/data/1977/namss.B-15-77-AK.mcs.airgun/Velocity/SP77-026_SP0784.tif	0.7938
https://walrus.wr.usgs.gov/namss/data/1977/namss.B-15-77-AK.mcs.airgun/Velocity/SP77-026_SP0844.tif	0.7662000000000001
https://walrus.wr.usgs.gov/namss/data/1977/namss.B-15-77-AK.mcs.airgun/Velocity/SP77-026_SP0904.tif	0.7495
https://walrus.wr.usgs.gov/namss/data/1977/namss.B-15-77-AK.mcs.airgun/Velocity/SP77-026_SP0964.tif	0.7795
https://walrus.wr.usgs.gov/namss/data/1977/namss.B-15-77-AK.mcs.airgun/Velocity/SP77-026_SP1024.tif	0.7418
https://walrus.wr.usgs.gov/namss/data/1977/namss.B-15-77-AK.mcs.airgun/Velocity/SP77-026_SP1084.tif	0.7683
https://walrus.wr.usgs.gov/namss/data/1977/namss.B-15-77-AK.mcs.airgun/Velocity/SP77-026_SP1144.tif	0.8753
https://walrus.wr.usgs.gov/namss/data/1977/namss.B-15-77-AK.mcs.airgun/Velocity/SP77-026_SP1204.tif	0.792
https://walrus.wr.usgs.gov/namss/data/1977/namss.B-15-77-AK.mcs.airgun/Velocity/SP77-026_SP1264.tif	0.759
https://walrus.wr.usgs.gov/namss/data/1977/namss.B-15-77-AK.mcs.airgun/Velocity/SP77-027_SP0004.tif	1.0
https://walrus.wr.usgs.gov/namss/data/1977/namss.B-15-77-AK.mcs.airgun/Velocity/SP77-027_SP0064.tif	1.0
https://walrus.wr.usgs.gov/namss/data/1977/namss.B-15-77-AK.mcs.airgun/Velocity/SP77-027_SP0124.tif	0.8911
https://walrus.wr.usgs.gov/namss/data/1977/namss.B-15-77-AK.mcs.airgun/Velocity/SP77-027_SP0184.tif	0.7938999999999999
https://walrus.wr.usgs.gov/namss/data/1977/namss.B-15-77-AK.mcs.airgun/Velocity/SP77-027_SP0244.tif	0.981
https://walrus.wr.usgs.gov/namss/data/1977/namss.B-15-77-AK.mcs.airgun/Velocity/SP77-027_SP0304.tif	1.0
https://walrus.wr.usgs.gov/namss/data/1977/namss.B-15-77-AK.mcs.airgun/Velocity/SP77-027_SP0364.tif	0.9334
https://walrus.wr.usgs.gov/namss/data/1977/namss.B-15-77-AK.mcs.airgun/Velocity/SP77-027_SP0424.tif	1.0
https://walrus.wr.usgs.gov/namss/data/1977/namss.B-15-77-AK.mcs.airgun/Velocity/SP77-027_SP0484.tif	0.9213
https://walrus.wr.usgs.gov/namss/data/1977/namss.B-15-77-AK.mcs.airgun/Velocity/SP77-027_SP0544.tif	1.1
https://walrus.wr.usgs.gov/namss/data/1977/namss.B-15-77-AK.mcs.airgun/Velocity/SP77-027_SP0604.tif	0.9554
https://walrus.wr.usgs.gov/namss/data/1977/namss.B-15-77-AK.mcs.airgun/Velocity/SP77-027_SP0664.tif	0.7996000000000001
https://walrus.wr.usgs.gov/namss/data/1977/namss.B-15-77-AK.mcs.airgun/Velocity/SP77-027_SP0704.tif	0.9057999999999999
https://walrus.wr.usgs.gov/namss/data/1977/namss.B-15-77-AK.mcs.airgun/Velocity/SP77-027_SP0764.tif	0.9184
https://walrus.wr.usgs.gov/namss/data/1977/namss.B-15-77-AK.mcs.airgun/Velocity/SP77-027_SP0824.tif	0.9344
https://walrus.wr.usgs.gov/namss/data/1977/namss.B-15-77-AK.mcs.airgun/Velocity/SP77-027_SP0884.tif	0.8812000000000001
https://walrus.wr.usgs.gov/namss/data/1977/namss.B-15-77-AK.mcs.airgun/Velocity/SP77-027_SP0944.tif	0.8816
https://walrus.wr.usgs.gov/namss/data/1977/namss.B-15-77-AK.mcs.airgun/Velocity/SP77-027_SP1004.tif	0.9598
https://walrus.wr.usgs.gov/namss/data/1977/namss.B-15-77-AK.mcs.airgun/Velocity/SP77-027_SP1064.tif	0.8176
https://walrus.wr.usgs.gov/namss/data/1977/namss.B-15-77-AK.mcs.airgun/Velocity/SP77-027_SP1124.tif	0.9047999999999999
https://walrus.wr.usgs.gov/namss/data/1977/namss.B-15-77-AK.mcs.airgun/Velocity/SP77-027_SP1184.tif	0.877
https://walrus.wr.usgs.gov/namss/data/1977/namss.B-15-77-AK.mcs.airgun/Velocity/SP77-027_SP1244.tif	0.9837
https://walrus.wr.usgs.gov/namss/data/1977/namss.B-15-77-AK.mcs.airgun/Velocity/SP77-027_SP1304.tif	0.8492999999999999
https://walrus.wr.usgs.gov/namss/data/1977/namss.B-15-77-AK.mcs.airgun/Velocity/SP77-027_SP1364.tif	0.8062
https://walrus.wr.usgs.gov/namss/data/1977/namss.B-15-77-AK.mcs.airgun/Velocity/SP77-027_SP1444.tif	1.0
https://walrus.wr.usgs.gov/namss/data/1977/namss.B-15-77-AK.mcs.airgun/Velocity/SP77-027_SP1504.tif	0.9141
https://walrus.wr.usgs.gov/namss/data/1977/namss.B-15-77-AK.mcs.airgun/Velocity/SP77-027_SP1564.tif	0.8835000000000001
https://walrus.wr.usgs.gov/namss/data/1977/namss.B-15-77-AK.mcs.airgun/Velocity/SP77-027_SP1644.tif	0.8902000000000001
https://walrus.wr.usgs.gov/namss/data/1977/namss.B-15-77-AK.mcs.airgun/Velocity/SP77-027_SP1704.tif	0.9672000000000001
https://walrus.wr.usgs.gov/namss/data/1977/namss.B-15-77-AK.mcs.airgun/Velocity/SP77-027_SP1764.tif	0.8691000000000001
https://walrus.wr.usgs.gov/namss/data/1977/namss.B-15-77-AK.mcs.airgun/Velocity/SP77-027_SP1844.tif	0.7951
https://walrus.wr.usgs.gov/namss/data/1977/namss.B-15-77-AK.mcs.airgun/Velocity/SP77-027_SP1904.tif	0.9224
https://walrus.wr.usgs.gov/namss/data/1977/namss.B-15-77-AK.mcs.airgun/Velocity/SP77-027_SP1964.tif	0.9482
https://walrus.wr.usgs.gov/namss/data/1977/namss.B-15-77-AK.mcs.airgun/Velocity/SP77-027_SP2024.tif	1.1
https://walrus.wr.usgs.gov/namss/data/1977/namss.B-15-77-AK.mcs.airgun/Velocity/SP77-027_SP2084.tif	0.96
https://walrus.wr.usgs.gov/namss/data/1977/namss.B-15-77-AK.mcs.airgun/Velocity/SP77-028_SP0004.tif	0.5758
https://walrus.wr.usgs.gov/namss/data/1977/namss.B-15-77-AK.mcs.airgun/Velocity/SP77-028_SP0064.tif	0.5453
https://walrus.wr.usgs.gov/namss/data/1977/namss.B-15-77-AK.mcs.airgun/Velocity/SP77-028_SP0124.tif	0.5557000000000001
https://walrus.wr.usgs.gov/namss/data/1977/namss.B-15-77-AK.mcs.airgun/Velocity/SP77-028_SP0184.tif	0.518
https://walrus.wr.usgs.gov/namss/data/1977/namss.B-15-77-AK.mcs.airgun/Velocity/SP77-028_SP0244.tif	0.5659
https://walrus.wr.usgs.gov/namss/data/1977/namss.B-15-77-AK.mcs.airgun/Velocity/SP77-028_SP0304.tif	0.5066
https://walrus.wr.usgs.gov/namss/data/1977/namss.B-15-77-AK.mcs.airgun/Velocity/SP77-028_SP0364.tif	0.5955
https://walrus.wr.usgs.gov/namss/data/1977/namss.B-15-77-AK.mcs.airgun/Velocity/SP77-028_SP0424.tif	0.5836
https://walrus.wr.usgs.gov/namss/data/1977/namss.B-15-77-AK.mcs.airgun/Velocity/SP77-028_SP0484.tif	0.5828
https://walrus.wr.usgs.gov/namss/data/1977/namss.B-15-77-AK.mcs.airgun/Velocity/SP77-028_SP0544.tif	0.6132000000000001
https://walrus.wr.usgs.gov/namss/data/1977/namss.B-15-77-AK.mcs.airgun/Velocity/SP77-028_SP0604.tif	0.5467000000000001
https://walrus.wr.usgs.gov/namss/data/1977/namss.B-15-77-AK.mcs.airgun/Velocity/SP77-028_SP0664.tif	0.5911000000000001
https://walrus.wr.usgs.gov/namss/data/1977/namss.B-15-77-AK.mcs.airgun/Velocity/SP77-028_SP0724.tif	0.6457
https://walrus.wr.usgs.gov/namss/data/1977/namss.B-15-77-AK.mcs.airgun/Velocity/SP77-028_SP0784.tif	0.5886
https://walrus.wr.usgs.gov/namss/data/1977/namss.B-15-77-AK.mcs.airgun/Velocity/SP77-028_SP0844.tif	0.594
https://walrus.wr.usgs.gov/namss/data/1977/namss.B-15-77-AK.mcs.airgun/Velocity/SP77-028_SP0904.tif	0.6151
https://walrus.wr.usgs.gov/namss/data/1977/namss.B-15-77-AK.mcs.airgun/Velocity/SP77-028_SP0964.tif	0.5486000000000001
https://walrus.wr.usgs.gov/namss/data/1977/namss.B-15-77-AK.mcs.airgun/Velocity/SP77-028_SP0995.tif	0.5804
https://walrus.wr.usgs.gov/namss/data/1977/namss.B-15-77-AK.mcs.airgun/Velocity/SP77-028_SP1024.tif	0.6131000000000001
https://walrus.wr.usgs.gov/namss/data/1977/namss.B-15-77-AK.mcs.airgun/Velocity/SP77-028_SP1055.tif	0.5706
https://walrus.wr.usgs.gov/namss/data/1977/namss.B-15-77-AK.mcs.airgun/Velocity/SP77-028_SP1115.tif	0.5768
https://walrus.wr.usgs.gov/namss/data/1977/namss.B-15-77-AK.mcs.airgun/Velocity/SP77-029_SP0004.tif	0.5745
https://walrus.wr.usgs.gov/namss/data/1977/namss.B-15-77-AK.mcs.airgun/Velocity/SP77-029_SP0064.tif	0.5762999999999999
https://walrus.wr.usgs.gov/namss/data/1977/namss.B-15-77-AK.mcs.airgun/Velocity/SP77-029_SP0124.tif	0.5876
https://walrus.wr.usgs.gov/namss/data/1977/namss.B-15-77-AK.mcs.airgun/Velocity/SP77-029_SP0184.tif	0.5656
https://walrus.wr.usgs.gov/namss/data/1977/namss.B-15-77-AK.mcs.airgun/Velocity/SP77-029_SP0244.tif	0.5866
https://walrus.wr.usgs.gov/namss/data/1977/namss.B-15-77-AK.mcs.airgun/Velocity/SP77-029_SP0304.tif	0.5866
https://walrus.wr.usgs.gov/namss/data/1977/namss.B-15-77-AK.mcs.airgun/Velocity/SP77-029_SP0364.tif	0.5932999999999999
https://walrus.wr.usgs.gov/namss/data/1977/namss.B-15-77-AK.mcs.airgun/Velocity/SP77-029_SP0424.tif	0.5812999999999999
https://walrus.wr.usgs.gov/namss/data/1977/namss.B-15-77-AK.mcs.airgun/Velocity/SP77-029_SP0484.tif	0.6033
https://walrus.wr.usgs.gov/namss/data/1977/namss.B-15-77-AK.mcs.airgun/Velocity/SP77-029_SP0544.tif	0.5700000000000001
https://walrus.wr.usgs.gov/namss/data/1977/namss.B-15-77-AK.mcs.airgun/Velocity/SP77-029_SP0604.tif	0.5868
https://walrus.wr.usgs.gov/namss/data/1977/namss.B-15-77-AK.mcs.airgun/Velocity/SP77-029_SP0664.tif	0.5984
https://walrus.wr.usgs.gov/namss/data/1977/namss.B-15-77-AK.mcs.airgun/Velocity/SP77-029_SP0724.tif	0.5786
https://walrus.wr.usgs.gov/namss/data/1977/namss.B-15-77-AK.mcs.airgun/Velocity/SP77-029_SP0787.tif	0.6092000000000001
https://walrus.wr.usgs.gov/namss/data/1977/namss.B-15-77-AK.mcs.airgun/Velocity/SP77-029_SP0907.tif	0.6082000000000001
https://walrus.wr.usgs.gov/namss/data/1977/namss.B-15-77-AK.mcs.airgun/Velocity/SP77-029_SP0967.tif	0.5819
https://walrus.wr.usgs.gov/namss/data/1977/namss.B-15-77-AK.mcs.airgun/Velocity/SP77-029_SP1027.tif	0.6025
https://walrus.wr.usgs.gov/namss/data/1977/namss.B-15-77-AK.mcs.airgun/Velocity/SP77-029_SP1087.tif	0.5977
https://walrus.wr.usgs.gov/namss/data/1977/namss.B-15-77-AK.mcs.airgun/Velocity/SP77-029_SP1147.tif	0.6073999999999999
https://walrus.wr.usgs.gov/namss/data/1977/namss.B-15-77-AK.mcs.airgun/Velocity/SP77-029_SP1207.tif	0.6063
https://walrus.wr.usgs.gov/namss/data/1977/namss.B-15-77-AK.mcs.airgun/Velocity/SP77-029_SP1267.tif	0.6216
https://walrus.wr.usgs.gov/namss/data/1977/namss.B-15-77-AK.mcs.airgun/Velocity/SP77-029_SP1327.tif	0.6137
https://walrus.wr.usgs.gov/namss/data/1977/namss.B-15-77-AK.mcs.airgun/Velocity/SP77-029_SP1387.tif	0.6229
https://walrus.wr.usgs.gov/namss/data/1977/namss.B-15-77-AK.mcs.airgun/Velocity/SP77-029_SP1447.tif	0.5929
https://walrus.wr.usgs.gov/namss/data/1977/namss.B-15-77-AK.mcs.airgun/Velocity/SP77-029_SP1507.tif	0.6047
https://walrus.wr.usgs.gov/namss/data/1977/namss.B-15-77-AK.mcs.airgun/Velocity/SP77-029_SP1567.tif	0.6003
https://walrus.wr.usgs.gov/namss/data/1977/namss.B-15-77-AK.mcs.airgun/Velocity/SP77-029_SP1627.tif	0.5720000000000001
https://walrus.wr.usgs.gov/namss/data/1977/namss.B-15-77-AK.mcs.airgun/Velocity/SP77-029_SP1687.tif	0.5882999999999999
https://walrus.wr.usgs.gov/namss/data/1977/namss.B-15-77-AK.mcs.airgun/Velocity/SP77-029_SP1747.tif	0.6201
https://walrus.wr.usgs.gov/namss/data/1977/namss.B-15-77-AK.mcs.airgun/Velocity/SP77-029_SP1807.tif	0.6153
https://walrus.wr.usgs.gov/namss/data/1977/namss.B-15-77-AK.mcs.airgun/Velocity/SP77-029_SP1867.tif	0.6599
https://walrus.wr.usgs.gov/namss/data/1977/namss.B-15-77-AK.mcs.airgun/Velocity/SP77-029_SP1927.tif	0.6106
https://walrus.wr.usgs.gov/namss/data/1977/namss.B-15-77-AK.mcs.airgun/Velocity/SP77-030_SP0004.tif	0.5965
https://walrus.wr.usgs.gov/namss/data/1977/namss.B-15-77-AK.mcs.airgun/Velocity/SP77-030_SP0104.tif	0.6025
https://walrus.wr.usgs.gov/namss/data/1977/namss.B-15-77-AK.mcs.airgun/Velocity/SP77-030_SP0164.tif	0.6027
https://walrus.wr.usgs.gov/namss/data/1977/namss.B-15-77-AK.mcs.airgun/Velocity/SP77-030_SP0224.tif	0.591
https://walrus.wr.usgs.gov/namss/data/1977/namss.B-15-77-AK.mcs.airgun/Velocity/SP77-030_SP0284.tif	0.5948
https://walrus.wr.usgs.gov/namss/data/1977/namss.B-15-77-AK.mcs.airgun/Velocity/SP77-030_SP0344.tif	0.5752999999999999
https://walrus.wr.usgs.gov/namss/data/1977/namss.B-15-77-AK.mcs.airgun/Velocity/SP77-030_SP0404.tif	0.8226
https://walrus.wr.usgs.gov/namss/data/1977/namss.B-15-77-AK.mcs.airgun/Velocity/SP77-030_SP0464.tif	0.603
https://walrus.wr.usgs.gov/namss/data/1977/namss.B-15-77-AK.mcs.airgun/Velocity/SP77-030_SP0524.tif	0.5925
https://walrus.wr.usgs.gov/namss/data/1977/namss.B-15-77-AK.mcs.airgun/Velocity/SP77-030_SP0584.tif	0.5756
https://walrus.wr.usgs.gov/namss/data/1977/namss.B-15-77-AK.mcs.airgun/Velocity/SP77-030_SP0644.tif	0.6604
https://walrus.wr.usgs.gov/namss/data/1977/namss.B-15-77-AK.mcs.airgun/Velocity/SP77-030_SP0704.tif	0.6181
https://walrus.wr.usgs.gov/namss/data/1977/namss.B-15-77-AK.mcs.airgun/Velocity/SP77-030_SP0764.tif	0.6205
https://walrus.wr.usgs.gov/namss/data/1977/namss.B-15-77-AK.mcs.airgun/Velocity/SP77-030_SP0824.tif	0.6045
https://walrus.wr.usgs.gov/namss/data/1977/namss.B-15-77-AK.mcs.airgun/Velocity/SP77-030_SP0884.tif	0.611
https://walrus.wr.usgs.gov/namss/data/1977/namss.B-15-77-AK.mcs.airgun/Velocity/SP77-030_SP0944.tif	0.5981000000000001
https://walrus.wr.usgs.gov/namss/data/1977/namss.B-15-77-AK.mcs.airgun/Velocity/SP77-030_SP1004.tif	0.6302000000000001
https://walrus.wr.usgs.gov/namss/data/1977/namss.B-15-77-AK.mcs.airgun/Velocity/SP77-030_SP1064.tif	0.6175
https://walrus.wr.usgs.gov/namss/data/1977/namss.B-15-77-AK.mcs.airgun/Velocity/SP77-030_SP1124.tif	0.6161
https://walrus.wr.usgs.gov/namss/data/1977/namss.B-15-77-AK.mcs.airgun/Velocity/SP77-030_SP1184.tif	0.6106
https://walrus.wr.usgs.gov/namss/data/1977/namss.B-15-77-AK.mcs.airgun/Velocity/SP77-030_SP1244.tif	0.5926
https://walrus.wr.usgs.gov/namss/data/1977/namss.B-15-77-AK.mcs.airgun/Velocity/SP77-031_SP0004.tif	0.5427000000000001
https://walrus.wr.usgs.gov/namss/data/1977/namss.B-15-77-AK.mcs.airgun/Velocity/SP77-031_SP0064.tif	0.5155
https://walrus.wr.usgs.gov/namss/data/1977/namss.B-15-77-AK.mcs.airgun/Velocity/SP77-031_SP0124.tif	0.5177
https://walrus.wr.usgs.gov/namss/data/1977/namss.B-15-77-AK.mcs.airgun/Velocity/SP77-031_SP0184.tif	0.5293
https://walrus.wr.usgs.gov/namss/data/1977/namss.B-15-77-AK.mcs.airgun/Velocity/SP77-031_SP0244.tif	0.5018
https://walrus.wr.usgs.gov/namss/data/1977/namss.B-15-77-AK.mcs.airgun/Velocity/SP77-031_SP0304.tif	0.5207999999999999
https://walrus.wr.usgs.gov/namss/data/1977/namss.B-15-77-AK.mcs.airgun/Velocity/SP77-031_SP0364.tif	0.5062
https://walrus.wr.usgs.gov/namss/data/1977/namss.B-15-77-AK.mcs.airgun/Velocity/SP77-031_SP0424.tif	0.49560000000000004
https://walrus.wr.usgs.gov/namss/data/1977/namss.B-15-77-AK.mcs.airgun/Velocity/SP77-031_SP0484.tif	0.49510000000000004
https://walrus.wr.usgs.gov/namss/data/1977/namss.B-15-77-AK.mcs.airgun/Velocity/SP77-031_SP0544.tif	0.5215
https://walrus.wr.usgs.gov/namss/data/1977/namss.B-15-77-AK.mcs.airgun/Velocity/SP77-031_SP0604.tif	0.5256000000000001
https://walrus.wr.usgs.gov/namss/data/1977/namss.B-15-77-AK.mcs.airgun/Velocity/SP77-031_SP0664.tif	0.5431
https://walrus.wr.usgs.gov/namss/data/1977/namss.B-15-77-AK.mcs.airgun/Velocity/SP77-031_SP0724.tif	0.5495
https://walrus.wr.usgs.gov/namss/data/1977/namss.B-15-77-AK.mcs.airgun/Velocity/SP77-031_SP0784.tif	0.5304
https://walrus.wr.usgs.gov/namss/data/1977/namss.B-15-77-AK.mcs.airgun/Velocity/SP77-031_SP0844.tif	0.5267000000000001
https://walrus.wr.usgs.gov/namss/data/1977/namss.B-15-77-AK.mcs.airgun/Velocity/SP77-031_SP0904.tif	0.5336000000000001
https://walrus.wr.usgs.gov/namss/data/1977/namss.B-15-77-AK.mcs.airgun/Velocity/SP77-031_SP0964.tif	0.5154
https://walrus.wr.usgs.gov/namss/data/1977/namss.B-15-77-AK.mcs.airgun/Velocity/SP77-031_SP1024.tif	0.44680000000000003
https://walrus.wr.usgs.gov/namss/data/1977/namss.B-15-77-AK.mcs.airgun/Velocity/SP77-031_SP1084.tif	0.5136000000000001
https://walrus.wr.usgs.gov/namss/data/1977/namss.B-15-77-AK.mcs.airgun/Velocity/SP77-031_SP1144.tif	0.4736
https://walrus.wr.usgs.gov/namss/data/1977/namss.B-15-77-AK.mcs.airgun/Velocity/SP77-031_SP1204.tif	0.45260000000000006
https://walrus.wr.usgs.gov/namss/data/1977/namss.B-15-77-AK.mcs.airgun/Velocity/SP77-031_SP1264.tif	0.4094
https://walrus.wr.usgs.gov/namss/data/1977/namss.B-15-77-AK.mcs.airgun/Velocity/SP77-031_SP1324.tif	0.4053
https://walrus.wr.usgs.gov/namss/data/1977/namss.B-15-77-AK.mcs.airgun/Velocity/SP77-031_SP1384.tif	0.4141
https://walrus.wr.usgs.gov/namss/data/1977/namss.B-15-77-AK.mcs.airgun/Velocity/SP77-031_SP1444.tif	0.41200000000000003
https://walrus.wr.usgs.gov/namss/data/1977/namss.B-15-77-AK.mcs.airgun/Velocity/SP77-031_SP1504.tif	0.4659
https://walrus.wr.usgs.gov/namss/data/1977/namss.B-15-77-AK.mcs.airgun/Velocity/SP77-031_SP1564.tif	0.4713
https://walrus.wr.usgs.gov/namss/data/1977/namss.B-15-77-AK.mcs.airgun/Velocity/SP77-031_SP1624.tif	0.4605
https://walrus.wr.usgs.gov/namss/data/1977/namss.B-15-77-AK.mcs.airgun/Velocity/SP77-031_SP1684.tif	0.4778
https://walrus.wr.usgs.gov/namss/data/1977/namss.B-15-77-AK.mcs.airgun/Velocity/SP77-031_SP1744.tif	0.482
https://walrus.wr.usgs.gov/namss/data/1977/namss.B-15-77-AK.mcs.airgun/Velocity/SP77-031_SP1804.tif	0.4771
https://walrus.wr.usgs.gov/namss/data/1977/namss.B-15-77-AK.mcs.airgun/Velocity/SP77-031_SP1864.tif	0.41300000000000003
https://walrus.wr.usgs.gov/namss/data/1977/namss.B-15-77-AK.mcs.airgun/Velocity/SP77-032_SP0005.tif	0.6301
https://walrus.wr.usgs.gov/namss/data/1977/namss.B-15-77-AK.mcs.airgun/Velocity/SP77-032_SP0065.tif	0.631
https://walrus.wr.usgs.gov/namss/data/1977/namss.B-15-77-AK.mcs.airgun/Velocity/SP77-032_SP0125.tif	0.6579
https://walrus.wr.usgs.gov/namss/data/1977/namss.B-15-77-AK.mcs.airgun/Velocity/SP77-032_SP0185.tif	0.6452000000000001
https://walrus.wr.usgs.gov/namss/data/1977/namss.B-15-77-AK.mcs.airgun/Velocity/SP77-032_SP0245.tif	0.6349
https://walrus.wr.usgs.gov/namss/data/1977/namss.B-15-77-AK.mcs.airgun/Velocity/SP77-032_SP0305.tif	0.6472000000000001
https://walrus.wr.usgs.gov/namss/data/1977/namss.B-15-77-AK.mcs.airgun/Velocity/SP77-032_SP0365.tif	0.6625
https://walrus.wr.usgs.gov/namss/data/1977/namss.B-15-77-AK.mcs.airgun/Velocity/SP77-032_SP0425.tif	0.6419
https://walrus.wr.usgs.gov/namss/data/1977/namss.B-15-77-AK.mcs.airgun/Velocity/SP77-032_SP0485.tif	0.6419
https://walrus.wr.usgs.gov/namss/data/1977/namss.B-15-77-AK.mcs.airgun/Velocity/SP77-032_SP0545.tif	0.6766000000000001
https://walrus.wr.usgs.gov/namss/data/1977/namss.B-15-77-AK.mcs.airgun/Velocity/SP77-032_SP0605.tif	0.685
https://walrus.wr.usgs.gov/namss/data/1977/namss.B-15-77-AK.mcs.airgun/Velocity/SP77-032_SP0665.tif	0.6976
https://walrus.wr.usgs.gov/namss/data/1977/namss.B-15-77-AK.mcs.airgun/Velocity/SP77-032_SP0725.tif	0.669
https://walrus.wr.usgs.gov/namss/data/1977/namss.B-15-77-AK.mcs.airgun/Velocity/SP77-032_SP0785.tif	0.6970000000000001
https://walrus.wr.usgs.gov/namss/data/1977/namss.B-15-77-AK.mcs.airgun/Velocity/SP77-032_SP0845.tif	0.7061000000000001
https://walrus.wr.usgs.gov/namss/data/1977/namss.B-15-77-AK.mcs.airgun/Velocity/SP77-032_SP0905.tif	0.6753
https://walrus.wr.usgs.gov/namss/data/1977/namss.B-15-77-AK.mcs.airgun/Velocity/SP77-032_SP0965.tif	0.7054
https://walrus.wr.usgs.gov/namss/data/1977/namss.B-15-77-AK.mcs.airgun/Velocity/SP77-032_SP1025.tif	0.6806
https://walrus.wr.usgs.gov/namss/data/1977/namss.B-15-77-AK.mcs.airgun/Velocity/SP77-032_SP1085.tif	0.6868
https://walrus.wr.usgs.gov/namss/data/1977/namss.B-15-77-AK.mcs.airgun/Velocity/SP77-032_SP1145.tif	0.7084
https://walrus.wr.usgs.gov/namss/data/1977/namss.B-15-77-AK.mcs.airgun/Velocity/SP77-032_SP1205.tif	0.6814
https://walrus.wr.usgs.gov/namss/data/1977/namss.B-15-77-AK.mcs.airgun/Velocity/SP77-032_SP1265.tif	0.7008
https://walrus.wr.usgs.gov/namss/data/1977/namss.B-15-77-AK.mcs.airgun/Velocity/SP77-032_SP1325.tif	0.7048
https://walrus.wr.usgs.gov/namss/data/1977/namss.B-15-77-AK.mcs.airgun/Velocity/SP77-032_SP1385.tif	0.718
https://walrus.wr.usgs.gov/namss/data/1977/namss.B-15-77-AK.mcs.airgun/Velocity/SP77-032_SP1445.tif	0.7882
https://walrus.wr.usgs.gov/namss/data/1977/namss.B-15-77-AK.mcs.airgun/Velocity/SP77-033_SP0004.tif	0.5745
https://walrus.wr.usgs.gov/namss/data/1977/namss.B-15-77-AK.mcs.airgun/Velocity/SP77-033_SP0064.tif	0.5757000000000001
https://walrus.wr.usgs.gov/namss/data/1977/namss.B-15-77-AK.mcs.airgun/Velocity/SP77-033_SP0124.tif	0.5678
https://walrus.wr.usgs.gov/namss/data/1977/namss.B-15-77-AK.mcs.airgun/Velocity/SP77-033_SP0184.tif	0.5756
https://walrus.wr.usgs.gov/namss/data/1977/namss.B-15-77-AK.mcs.airgun/Velocity/SP77-033_SP0244.tif	0.5333
https://walrus.wr.usgs.gov/namss/data/1977/namss.B-15-77-AK.mcs.airgun/Velocity/SP77-033_SP0304.tif	0.5584
https://walrus.wr.usgs.gov/namss/data/1977/namss.B-15-77-AK.mcs.airgun/Velocity/SP77-033_SP0364.tif	0.5502
https://walrus.wr.usgs.gov/namss/data/1977/namss.B-15-77-AK.mcs.airgun/Velocity/SP77-033_SP0424.tif	0.5905
https://walrus.wr.usgs.gov/namss/data/1977/namss.B-15-77-AK.mcs.airgun/Velocity/SP77-033_SP0484.tif	0.5512
https://walrus.wr.usgs.gov/namss/data/1977/namss.B-15-77-AK.mcs.airgun/Velocity/SP77-033_SP0544.tif	0.5732
https://walrus.wr.usgs.gov/namss/data/1977/namss.B-15-77-AK.mcs.airgun/Velocity/SP77-033_SP0604.tif	0.595
https://walrus.wr.usgs.gov/namss/data/1977/namss.B-15-77-AK.mcs.airgun/Velocity/SP77-033_SP0664.tif	0.5488999999999999
https://walrus.wr.usgs.gov/namss/data/1977/namss.B-15-77-AK.mcs.airgun/Velocity/SP77-033_SP0724.tif	0.5742999999999999
https://walrus.wr.usgs.gov/namss/data/1977/namss.B-15-77-AK.mcs.airgun/Velocity/SP77-033_SP0784.tif	0.5825
https://walrus.wr.usgs.gov/namss/data/1977/namss.B-15-77-AK.mcs.airgun/Velocity/SP77-033_SP0844.tif	0.5512
https://walrus.wr.usgs.gov/namss/data/1977/namss.B-15-77-AK.mcs.airgun/Velocity/SP77-033_SP0904.tif	0.5871000000000001
https://walrus.wr.usgs.gov/namss/data/1977/namss.B-15-77-AK.mcs.airgun/Velocity/SP77-033_SP0964.tif	0.5749
https://walrus.wr.usgs.gov/namss/data/1977/namss.B-15-77-AK.mcs.airgun/Velocity/SP77-033_SP1024.tif	0.5657000000000001
https://walrus.wr.usgs.gov/namss/data/1977/namss.B-15-77-AK.mcs.airgun/Velocity/SP77-033_SP1084.tif	0.6208
https://walrus.wr.usgs.gov/namss/data/1977/namss.B-15-77-AK.mcs.airgun/Velocity/SP77-033_SP1144.tif	0.5764
https://walrus.wr.usgs.gov/namss/data/1977/namss.B-15-77-AK.mcs.airgun/Velocity/SP77-033_SP1204.tif	0.5832
https://walrus.wr.usgs.gov/namss/data/1977/namss.B-15-77-AK.mcs.airgun/Velocity/SP77-033_SP1264.tif	0.5732
https://walrus.wr.usgs.gov/namss/data/1977/namss.B-15-77-AK.mcs.airgun/Velocity/SP77-033_SP1324.tif	0.5404
https://walrus.wr.usgs.gov/namss/data/1977/namss.B-15-77-AK.mcs.airgun/Velocity/SP77-033_SP1384.tif	0.5485
https://walrus.wr.usgs.gov/namss/data/1977/namss.B-15-77-AK.mcs.airgun/Velocity/SP77-033_SP1444.tif	0.556
https://walrus.wr.usgs.gov/namss/data/1977/namss.B-15-77-AK.mcs.airgun/Velocity/SP77-033_SP1504.tif	0.6067
https://walrus.wr.usgs.gov/namss/data/1977/namss.B-15-77-AK.mcs.airgun/Velocity/SP77-033_SP1564.tif	0.6075
https://walrus.wr.usgs.gov/namss/data/1977/namss.B-15-77-AK.mcs.airgun/Velocity/SP77-033_SP1624.tif	0.6175
https://walrus.wr.usgs.gov/namss/data/1977/namss.B-15-77-AK.mcs.airgun/Velocity/SP77-033_SP1684.tif	0.5988
https://walrus.wr.usgs.gov/namss/data/1977/namss.B-15-77-AK.mcs.airgun/Velocity/SP77-033_SP1744.tif	0.5644
https://walrus.wr.usgs.gov/namss/data/1977/namss.B-15-77-AK.mcs.airgun/Velocity/SP77-034_SP0004.tif	0.6206
https://walrus.wr.usgs.gov/namss/data/1977/namss.B-15-77-AK.mcs.airgun/Velocity/SP77-034_SP0064.tif	0.6477999999999999
https://walrus.wr.usgs.gov/namss/data/1977/namss.B-15-77-AK.mcs.airgun/Velocity/SP77-034_SP0124.tif	0.6557000000000001
https://walrus.wr.usgs.gov/namss/data/1977/namss.B-15-77-AK.mcs.airgun/Velocity/SP77-034_SP0184.tif	0.6373
https://walrus.wr.usgs.gov/namss/data/1977/namss.B-15-77-AK.mcs.airgun/Velocity/SP77-034_SP0244.tif	0.6357
https://walrus.wr.usgs.gov/namss/data/1977/namss.B-15-77-AK.mcs.airgun/Velocity/SP77-034_SP0304.tif	0.6277
https://walrus.wr.usgs.gov/namss/data/1977/namss.B-15-77-AK.mcs.airgun/Velocity/SP77-034_SP0364.tif	0.6389
https://walrus.wr.usgs.gov/namss/data/1977/namss.B-15-77-AK.mcs.airgun/Velocity/SP77-034_SP0424.tif	0.629
https://walrus.wr.usgs.gov/namss/data/1977/namss.B-15-77-AK.mcs.airgun/Velocity/SP77-034_SP0484.tif	0.6237
https://walrus.wr.usgs.gov/namss/data/1977/namss.B-15-77-AK.mcs.airgun/Velocity/SP77-034_SP0544.tif	0.6583
https://walrus.wr.usgs.gov/namss/data/1977/namss.B-15-77-AK.mcs.airgun/Velocity/SP77-034_SP0604.tif	0.6175
https://walrus.wr.usgs.gov/namss/data/1977/namss.B-15-77-AK.mcs.airgun/Velocity/SP77-034_SP0664.tif	0.6023
https://walrus.wr.usgs.gov/namss/data/1977/namss.B-15-77-AK.mcs.airgun/Velocity/SP77-034_SP0724.tif	0.6607000000000001
https://walrus.wr.usgs.gov/namss/data/1977/namss.B-15-77-AK.mcs.airgun/Velocity/SP77-034_SP0784.tif	0.5317999999999999
https://walrus.wr.usgs.gov/namss/data/1977/namss.B-15-77-AK.mcs.airgun/Velocity/SP77-034_SP0844.tif	0.6216
https://walrus.wr.usgs.gov/namss/data/1977/namss.B-15-77-AK.mcs.airgun/Velocity/SP77-034_SP0904.tif	0.6063999999999999
https://walrus.wr.usgs.gov/namss/data/1977/namss.B-15-77-AK.mcs.airgun/Velocity/SP77-034_SP0964.tif	0.6106
https://walrus.wr.usgs.gov/namss/data/1977/namss.B-15-77-AK.mcs.airgun/Velocity/SP77-034_SP1084.tif	0.6349
https://walrus.wr.usgs.gov/namss/data/1977/namss.B-15-77-AK.mcs.airgun/Velocity/SP77-035_SP0004.tif	0.6341
https://walrus.wr.usgs.gov/namss/data/1977/namss.B-15-77-AK.mcs.airgun/Velocity/SP77-035_SP0064.tif	0.6178
https://walrus.wr.usgs.gov/namss/data/1977/namss.B-15-77-AK.mcs.airgun/Velocity/SP77-035_SP0124.tif	0.6025
https://walrus.wr.usgs.gov/namss/data/1977/namss.B-15-77-AK.mcs.airgun/Velocity/SP77-035_SP0184.tif	0.5819
https://walrus.wr.usgs.gov/namss/data/1977/namss.B-15-77-AK.mcs.airgun/Velocity/SP77-035_SP0244.tif	0.5996
https://walrus.wr.usgs.gov/namss/data/1977/namss.B-15-77-AK.mcs.airgun/Velocity/SP77-035_SP0304.tif	0.5832999999999999
https://walrus.wr.usgs.gov/namss/data/1977/namss.B-15-77-AK.mcs.airgun/Velocity/SP77-035_SP0364.tif	0.5894
https://walrus.wr.usgs.gov/namss/data/1977/namss.B-15-77-AK.mcs.airgun/Velocity/SP77-035_SP0424.tif	0.642
https://walrus.wr.usgs.gov/namss/data/1977/namss.B-15-77-AK.mcs.airgun/Velocity/SP77-035_SP0484.tif	0.6136
https://walrus.wr.usgs.gov/namss/data/1977/namss.B-15-77-AK.mcs.airgun/Velocity/SP77-035_SP0544.tif	0.6718999999999999
https://walrus.wr.usgs.gov/namss/data/1977/namss.B-15-77-AK.mcs.airgun/Velocity/SP77-035_SP0604.tif	0.6165
https://walrus.wr.usgs.gov/namss/data/1977/namss.B-15-77-AK.mcs.airgun/Velocity/SP77-035_SP0664.tif	0.608
https://walrus.wr.usgs.gov/namss/data/1977/namss.B-15-77-AK.mcs.airgun/Velocity/SP77-035_SP0724.tif	0.6507999999999999
https://walrus.wr.usgs.gov/namss/data/1977/namss.B-15-77-AK.mcs.airgun/Velocity/SP77-035_SP0784.tif	0.6164
https://walrus.wr.usgs.gov/namss/data/1977/namss.B-15-77-AK.mcs.airgun/Velocity/SP77-035_SP0844.tif	0.6038
https://walrus.wr.usgs.gov/namss/data/1977/namss.B-15-77-AK.mcs.airgun/Velocity/SP77-035_SP0904.tif	0.6447
https://walrus.wr.usgs.gov/namss/data/1977/namss.B-15-77-AK.mcs.airgun/Velocity/SP77-035_SP0964.tif	0.6151
https://walrus.wr.usgs.gov/namss/data/1977/namss.B-15-77-AK.mcs.airgun/Velocity/SP77-035_SP1024.tif	0.5665
https://walrus.wr.usgs.gov/namss/data/1977/namss.B-15-77-AK.mcs.airgun/Velocity/SP77-035_SP1084.tif	0.6249
https://walrus.wr.usgs.gov/namss/data/1977/namss.B-15-77-AK.mcs.airgun/Velocity/SP77-035_SP1144.tif	0.5282
https://walrus.wr.usgs.gov/namss/data/1977/namss.B-15-77-AK.mcs.airgun/Velocity/SP77-035_SP1204.tif	0.5905
https://walrus.wr.usgs.gov/namss/data/1977/namss.B-15-77-AK.mcs.airgun/Velocity/SP77-035_SP1264.tif	0.5652999999999999
https://walrus.wr.usgs.gov/namss/data/1977/namss.B-15-77-AK.mcs.airgun/Velocity/SP77-035_SP1324.tif	0.5541
https://walrus.wr.usgs.gov/namss/data/1977/namss.B-15-77-AK.mcs.airgun/Velocity/SP77-035_SP1384.tif	0.5902999999999999
https://walrus.wr.usgs.gov/namss/data/1977/namss.B-15-77-AK.mcs.airgun/Velocity/SP77-035_SP1444.tif	0.599
https://walrus.wr.usgs.gov/namss/data/1977/namss.B-15-77-AK.mcs.airgun/Velocity/SP77-035_SP1504.tif	0.6307
https://walrus.wr.usgs.gov/namss/data/1977/namss.B-15-77-AK.mcs.airgun/Velocity/SP77-035_SP1564.tif	0.6339
https://walrus.wr.usgs.gov/namss/data/1977/namss.B-15-77-AK.mcs.airgun/Velocity/SP77-035_SP1624.tif	0.42510000000000003
https://walrus.wr.usgs.gov/namss/data/1977/namss.B-15-77-AK.mcs.airgun/Velocity/SP77-035_SP1684.tif	0.6075
https://walrus.wr.usgs.gov/namss/data/1977/namss.B-15-77-AK.mcs.airgun/Velocity/SP77-036_SP0004.tif	0.4515
https://walrus.wr.usgs.gov/namss/data/1977/namss.B-15-77-AK.mcs.airgun/Velocity/SP77-036_SP0064.tif	0.4004
https://walrus.wr.usgs.gov/namss/data/1977/namss.B-15-77-AK.mcs.airgun/Velocity/SP77-036_SP0124.tif	0.3882
https://walrus.wr.usgs.gov/namss/data/1977/namss.B-15-77-AK.mcs.airgun/Velocity/SP77-036_SP0184.tif	0.3969
https://walrus.wr.usgs.gov/namss/data/1977/namss.B-15-77-AK.mcs.airgun/Velocity/SP77-036_SP0244.tif	0.5847000000000001
https://walrus.wr.usgs.gov/namss/data/1977/namss.B-15-77-AK.mcs.airgun/Velocity/SP77-036_SP0304.tif	0.5971000000000001
https://walrus.wr.usgs.gov/namss/data/1977/namss.B-15-77-AK.mcs.airgun/Velocity/SP77-036_SP0366.tif	0.601
https://walrus.wr.usgs.gov/namss/data/1977/namss.B-15-77-AK.mcs.airgun/Velocity/SP77-036_SP0424.tif	0.5794
https://walrus.wr.usgs.gov/namss/data/1977/namss.B-15-77-AK.mcs.airgun/Velocity/SP77-036_SP0484.tif	0.587
https://walrus.wr.usgs.gov/namss/data/1977/namss.B-15-77-AK.mcs.airgun/Velocity/SP77-036_SP0544.tif	0.5617000000000001
https://walrus.wr.usgs.gov/namss/data/1977/namss.B-15-77-AK.mcs.airgun/Velocity/SP77-036_SP0604.tif	0.5921000000000001
https://walrus.wr.usgs.gov/namss/data/1977/namss.B-15-77-AK.mcs.airgun/Velocity/SP77-036_SP0664.tif	0.5935
https://walrus.wr.usgs.gov/namss/data/1977/namss.B-15-77-AK.mcs.airgun/Velocity/SP77-036_SP0724.tif	0.6037
https://walrus.wr.usgs.gov/namss/data/1977/namss.B-15-77-AK.mcs.airgun/Velocity/SP77-036_SP0784.tif	0.5772
https://walrus.wr.usgs.gov/namss/data/1977/namss.B-15-77-AK.mcs.airgun/Velocity/SP77-036_SP0844.tif	0.5832
https://walrus.wr.usgs.gov/namss/data/1977/namss.B-15-77-AK.mcs.airgun/Velocity/SP77-036_SP0904.tif	0.5862999999999999
https://walrus.wr.usgs.gov/namss/data/1977/namss.B-15-77-AK.mcs.airgun/Velocity/SP77-036_SP0964.tif	0.5966
https://walrus.wr.usgs.gov/namss/data/1977/namss.B-15-77-AK.mcs.airgun/Velocity/SP77-036_SP1024.tif	0.5764
https://walrus.wr.usgs.gov/namss/data/1977/namss.B-15-77-AK.mcs.airgun/Velocity/SP77-036_SP1084.tif	0.5679
https://walrus.wr.usgs.gov/namss/data/1977/namss.B-15-77-AK.mcs.airgun/Velocity/SP77-037_SP0004.tif	0.606
https://walrus.wr.usgs.gov/namss/data/1977/namss.B-15-77-AK.mcs.airgun/Velocity/SP77-037_SP0064.tif	0.6915
https://walrus.wr.usgs.gov/namss/data/1977/namss.B-15-77-AK.mcs.airgun/Velocity/SP77-037_SP0124.tif	0.6164
https://walrus.wr.usgs.gov/namss/data/1977/namss.B-15-77-AK.mcs.airgun/Velocity/SP77-037_SP0184.tif	0.5881000000000001
https://walrus.wr.usgs.gov/namss/data/1977/namss.B-15-77-AK.mcs.airgun/Velocity/SP77-037_SP0244.tif	0.6657000000000001
https://walrus.wr.usgs.gov/namss/data/1977/namss.B-15-77-AK.mcs.airgun/Velocity/SP77-037_SP0304.tif	0.6099
https://walrus.wr.usgs.gov/namss/data/1977/namss.B-15-77-AK.mcs.airgun/Velocity/SP77-037_SP0364.tif	0.6108
https://walrus.wr.usgs.gov/namss/data/1977/namss.B-15-77-AK.mcs.airgun/Velocity/SP77-037_SP0424.tif	0.6337
https://walrus.wr.usgs.gov/namss/data/1977/namss.B-15-77-AK.mcs.airgun/Velocity/SP77-037_SP0484.tif	0.636
https://walrus.wr.usgs.gov/namss/data/1977/namss.B-15-77-AK.mcs.airgun/Velocity/SP77-037_SP0544.tif	0.5589
https://walrus.wr.usgs.gov/namss/data/1977/namss.B-15-77-AK.mcs.airgun/Velocity/SP77-037_SP0604.tif	0.5985
https://walrus.wr.usgs.gov/namss/data/1977/namss.B-15-77-AK.mcs.airgun/Velocity/SP77-037_SP0664.tif	0.4859
https://walrus.wr.usgs.gov/namss/data/1977/namss.B-15-77-AK.mcs.airgun/Velocity/SP77-037_SP0724.tif	0.5279
https://walrus.wr.usgs.gov/namss/data/1977/namss.B-15-77-AK.mcs.airgun/Velocity/SP77-037_SP0784.tif	0.527
https://walrus.wr.usgs.gov/namss/data/1977/namss.B-15-77-AK.mcs.airgun/Velocity/SP77-037_SP0844.tif	0.4656
https://walrus.wr.usgs.gov/namss/data/1977/namss.B-15-77-AK.mcs.airgun/Velocity/SP77-037_SP0904.tif	0.4958
https://walrus.wr.usgs.gov/namss/data/1977/namss.B-15-77-AK.mcs.airgun/Velocity/SP77-037_SP0964.tif	0.5796
https://walrus.wr.usgs.gov/namss/data/1977/namss.B-15-77-AK.mcs.airgun/Velocity/SP77-037_SP1024.tif	0.5645
https://walrus.wr.usgs.gov/namss/data/1977/namss.B-15-77-AK.mcs.airgun/Velocity/SP77-037_SP1084.tif	0.5533
https://walrus.wr.usgs.gov/namss/data/1977/namss.B-15-77-AK.mcs.airgun/Velocity/SP77-037_SP1144.tif	0.5301
https://walrus.wr.usgs.gov/namss/data/1977/namss.B-15-77-AK.mcs.airgun/Velocity/SP77-037_SP1204.tif	0.5473
https://walrus.wr.usgs.gov/namss/data/1977/namss.B-15-77-AK.mcs.airgun/Velocity/SP77-037_SP1264.tif	0.428
https://walrus.wr.usgs.gov/namss/data/1977/namss.B-15-77-AK.mcs.airgun/Velocity/SP77-037_SP1324.tif	0.5908
https://walrus.wr.usgs.gov/namss/data/1977/namss.B-15-77-AK.mcs.airgun/Velocity/SP77-037_SP1384.tif	0.6705
https://walrus.wr.usgs.gov/namss/data/1977/namss.B-15-77-AK.mcs.airgun/Velocity/SP77-037_SP1444.tif	0.6336
https://walrus.wr.usgs.gov/namss/data/1977/namss.B-15-77-AK.mcs.airgun/Velocity/SP77-037_SP1504.tif	0.5995
https://walrus.wr.usgs.gov/namss/data/1977/namss.B-15-77-AK.mcs.airgun/Velocity/SP77-037_SP1564.tif	0.5968
https://walrus.wr.usgs.gov/namss/data/1977/namss.B-15-77-AK.mcs.airgun/Velocity/SP77-037_SP1624.tif	0.5966
https://walrus.wr.usgs.gov/namss/data/1977/namss.B-15-77-AK.mcs.airgun/Velocity/SP77-037_SP1684.tif	0.5794
https://walrus.wr.usgs.gov/namss/data/1977/namss.B-15-77-AK.mcs.airgun/Velocity/SP77-039_SP0004.tif	0.5106
https://walrus.wr.usgs.gov/namss/data/1977/namss.B-15-77-AK.mcs.airgun/Velocity/SP77-039_SP0064.tif	0.5046
https://walrus.wr.usgs.gov/namss/data/1977/namss.B-15-77-AK.mcs.airgun/Velocity/SP77-039_SP0124.tif	0.4723
https://walrus.wr.usgs.gov/namss/data/1977/namss.B-15-77-AK.mcs.airgun/Velocity/SP77-039_SP0184.tif	0.5111
https://walrus.wr.usgs.gov/namss/data/1977/namss.B-15-77-AK.mcs.airgun/Velocity/SP77-039_SP0244.tif	0.47900000000000004
https://walrus.wr.usgs.gov/namss/data/1977/namss.B-15-77-AK.mcs.airgun/Velocity/SP77-039_SP0304.tif	0.5794
https://walrus.wr.usgs.gov/namss/data/1977/namss.B-15-77-AK.mcs.airgun/Velocity/SP77-039_SP0364.tif	0.4807
https://walrus.wr.usgs.gov/namss/data/1977/namss.B-15-77-AK.mcs.airgun/Velocity/SP77-039_SP0424.tif	0.4205
https://walrus.wr.usgs.gov/namss/data/1977/namss.B-15-77-AK.mcs.airgun/Velocity/SP77-039_SP0484.tif	0.4773
https://walrus.wr.usgs.gov/namss/data/1977/namss.B-15-77-AK.mcs.airgun/Velocity/SP77-039_SP0544.tif	0.5387000000000001
https://walrus.wr.usgs.gov/namss/data/1977/namss.B-15-77-AK.mcs.airgun/Velocity/SP77-039_SP0604.tif	0.5418
https://walrus.wr.usgs.gov/namss/data/1977/namss.B-15-77-AK.mcs.airgun/Velocity/SP77-039_SP0664.tif	0.5453
https://walrus.wr.usgs.gov/namss/data/1977/namss.B-15-77-AK.mcs.airgun/Velocity/SP77-039_SP0724.tif	0.5309
https://walrus.wr.usgs.gov/namss/data/1977/namss.B-15-77-AK.mcs.airgun/Velocity/SP77-039_SP0784.tif	0.49369999999999997
https://walrus.wr.usgs.gov/namss/data/1977/namss.B-15-77-AK.mcs.airgun/Velocity/SP77-039_SP0844.tif	0.513
https://walrus.wr.usgs.gov/namss/data/1977/namss.B-15-77-AK.mcs.airgun/Velocity/SP77-039_SP0904.tif	0.5602
https://walrus.wr.usgs.gov/namss/data/1977/namss.B-15-77-AK.mcs.airgun/Velocity/SP77-039_SP0964.tif	0.536
https://walrus.wr.usgs.gov/namss/data/1977/namss.B-15-77-AK.mcs.airgun/Velocity/SP77-039_SP1024.tif	0.44880000000000003
https://walrus.wr.usgs.gov/namss/data/1977/namss.B-15-77-AK.mcs.airgun/Velocity/SP77-039_SP1084.tif	0.4952
https://walrus.wr.usgs.gov/namss/data/1977/namss.B-15-77-AK.mcs.airgun/Velocity/SP77-039_SP1144.tif	0.4532
https://walrus.wr.usgs.gov/namss/data/1977/namss.B-15-77-AK.mcs.airgun/Velocity/SP77-039_SP1204.tif	0.6086
https://walrus.wr.usgs.gov/namss/data/1977/namss.B-15-77-AK.mcs.airgun/Velocity/SP77-047_SP0004.tif	0.8567
https://walrus.wr.usgs.gov/namss/data/1977/namss.B-15-77-AK.mcs.airgun/Velocity/SP77-047_SP0064.tif	0.78
https://walrus.wr.usgs.gov/namss/data/1977/namss.B-15-77-AK.mcs.airgun/Velocity/SP77-047_SP0244.tif	1.0162
https://walrus.wr.usgs.gov/namss/data/1977/namss.B-15-77-AK.mcs.airgun/Velocity/SP77-047_SP0304.tif	0.8716
https://walrus.wr.usgs.gov/namss/data/1977/namss.B-15-77-AK.mcs.airgun/Velocity/SP77-047_SP0364.tif	0.8553
https://walrus.wr.usgs.gov/namss/data/1977/namss.B-15-77-AK.mcs.airgun/Velocity/SP77-047_SP0424.tif	0.7474
https://walrus.wr.usgs.gov/namss/data/1977/namss.B-15-77-AK.mcs.airgun/Velocity/SP77-047_SP0484.tif	0.848
https://walrus.wr.usgs.gov/namss/data/1977/namss.B-15-77-AK.mcs.airgun/Velocity/SP77-051_SP0006.tif	0.9886
https://walrus.wr.usgs.gov/namss/data/1977/namss.B-15-77-AK.mcs.airgun/Velocity/SP77-051_SP0066.tif	0.7532000000000001
https://walrus.wr.usgs.gov/namss/data/1977/namss.B-15-77-AK.mcs.airgun/Velocity/SP77-051_SP0126.tif	0.7351000000000001
https://walrus.wr.usgs.gov/namss/data/1977/namss.B-15-77-AK.mcs.airgun/Velocity/SP77-051_SP0186.tif	0.7475
https://walrus.wr.usgs.gov/namss/data/1977/namss.B-15-77-AK.mcs.airgun/Velocity/SP77-051_SP0246.tif	0.7403
https://walrus.wr.usgs.gov/namss/data/1977/namss.B-15-77-AK.mcs.airgun/Velocity/SP77-051_SP0306.tif	0.6868
https://walrus.wr.usgs.gov/namss/data/1977/namss.B-15-77-AK.mcs.airgun/Velocity/SP77-051_SP0366.tif	0.715
https://walrus.wr.usgs.gov/namss/data/1977/namss.B-15-77-AK.mcs.airgun/Velocity/SP77-051_SP0426.tif	0.7285
https://walrus.wr.usgs.gov/namss/data/1977/namss.B-15-77-AK.mcs.airgun/Velocity/SP77-051_SP0486.tif	0.7944
https://walrus.wr.usgs.gov/namss/data/1977/namss.B-15-77-AK.mcs.airgun/Velocity/SP77-051_SP0546.tif	0.6604
https://walrus.wr.usgs.gov/namss/data/1977/namss.B-15-77-AK.mcs.airgun/Velocity/SP77-051_SP0606.tif	0.8118
https://walrus.wr.usgs.gov/namss/data/1977/namss.B-15-77-AK.mcs.airgun/Velocity/SP77-051_SP0666.tif	0.8006000000000001
https://walrus.wr.usgs.gov/namss/data/1977/namss.B-15-77-AK.mcs.airgun/Velocity/SP77-051_SP0726.tif	0.7928
https://walrus.wr.usgs.gov/namss/data/1977/namss.B-15-77-AK.mcs.airgun/Velocity/SP77-051_SP0786.tif	0.7762000000000001
https://walrus.wr.usgs.gov/namss/data/1977/namss.B-15-77-AK.mcs.airgun/Velocity/SP77-051_SP0846.tif	0.8923
https://walrus.wr.usgs.gov/namss/data/1977/namss.B-15-77-AK.mcs.airgun/Velocity/SP77-051_SP0906.tif	0.7352000000000001
https://walrus.wr.usgs.gov/namss/data/1977/namss.B-15-77-AK.mcs.airgun/Velocity/SP77-051_SP0966.tif	0.8663
https://walrus.wr.usgs.gov/namss/data/1977/namss.B-15-77-AK.mcs.airgun/Velocity/SP77-051_SP1026.tif	0.7512000000000001
https://walrus.wr.usgs.gov/namss/data/1977/namss.B-15-77-AK.mcs.airgun/Velocity/SP77-051_SP1086.tif	0.7856000000000001
https://walrus.wr.usgs.gov/namss/data/1977/namss.B-15-77-AK.mcs.airgun/Velocity/SP77-051_SP1146.tif	0.7843
https://walrus.wr.usgs.gov/namss/data/1977/namss.B-15-77-AK.mcs.airgun/Velocity/SP77-051_SP1206.tif	0.7867999999999999
https://walrus.wr.usgs.gov/namss/data/1977/namss.B-15-77-AK.mcs.airgun/Velocity/SP77-051_SP1266.tif	0.8269
https://walrus.wr.usgs.gov/namss/data/1977/namss.B-15-77-AK.mcs.airgun/Velocity/SP77-051_SP1326.tif	1.1
https://walrus.wr.usgs.gov/namss/data/1977/namss.B-15-77-AK.mcs.airgun/Velocity/SP77-051_SP1386.tif	0.8562000000000001
https://walrus.wr.usgs.gov/namss/data/1977/namss.B-15-77-AK.mcs.airgun/Velocity/SP77-051_SP1446.tif	0.8501000000000001
https://walrus.wr.usgs.gov/namss/data/1977/namss.B-15-77-AK.mcs.airgun/Velocity/SP77-051_SP1506.tif	0.7378
https://walrus.wr.usgs.gov/namss/data/1977/namss.B-15-77-AK.mcs.airgun/Velocity/SP77-051_SP1566.tif	0.744
https://walrus.wr.usgs.gov/namss/data/1977/namss.B-15-77-AK.mcs.airgun/Velocity/SP77-051_SP1626.tif	0.8992000000000001
https://walrus.wr.usgs.gov/namss/data/1977/namss.B-15-77-AK.mcs.airgun/Velocity/SP77-053_SP0004.tif	0.7612000000000001
https://walrus.wr.usgs.gov/namss/data/1977/namss.B-15-77-AK.mcs.airgun/Velocity/SP77-053_SP0064.tif	0.7831
https://walrus.wr.usgs.gov/namss/data/1977/namss.B-15-77-AK.mcs.airgun/Velocity/SP77-053_SP0124.tif	0.8291000000000001
https://walrus.wr.usgs.gov/namss/data/1977/namss.B-15-77-AK.mcs.airgun/Velocity/SP77-053_SP0184.tif	0.7487
https://walrus.wr.usgs.gov/namss/data/1977/namss.B-15-77-AK.mcs.airgun/Velocity/SP77-053_SP0244.tif	0.8823
https://walrus.wr.usgs.gov/namss/data/1977/namss.B-15-77-AK.mcs.airgun/Velocity/SP77-053_SP0304.tif	0.7544
https://walrus.wr.usgs.gov/namss/data/1977/namss.B-15-77-AK.mcs.airgun/Velocity/SP77-053_SP0364.tif	0.8078
https://walrus.wr.usgs.gov/namss/data/1977/namss.B-15-77-AK.mcs.airgun/Velocity/SP77-053_SP0424.tif	0.7859
https://walrus.wr.usgs.gov/namss/data/1977/namss.B-15-77-AK.mcs.airgun/Velocity/SP77-053_SP0484.tif	0.7821
https://walrus.wr.usgs.gov/namss/data/1977/namss.B-15-77-AK.mcs.airgun/Velocity/SP77-053_SP0544.tif	0.7697999999999999
https://walrus.wr.usgs.gov/namss/data/1977/namss.B-15-77-AK.mcs.airgun/Velocity/SP77-053_SP0604.tif	0.85
https://walrus.wr.usgs.gov/namss/data/1977/namss.B-15-77-AK.mcs.airgun/Velocity/SP77-053_SP0664.tif	0.7785
https://walrus.wr.usgs.gov/namss/data/1977/namss.B-15-77-AK.mcs.airgun/Velocity/SP77-053_SP0724.tif	0.759
https://walrus.wr.usgs.gov/namss/data/1977/namss.B-15-77-AK.mcs.airgun/Velocity/SP77-053_SP0784.tif	0.7657999999999999
https://walrus.wr.usgs.gov/namss/data/1977/namss.B-15-77-AK.mcs.airgun/Velocity/SP77-053_SP0844.tif	0.9017000000000001
https://walrus.wr.usgs.gov/namss/data/1977/namss.B-15-77-AK.mcs.airgun/Velocity/SP77-053_SP0904.tif	0.7295
https://walrus.wr.usgs.gov/namss/data/1977/namss.B-15-77-AK.mcs.airgun/Velocity/SP77-053_SP0964.tif	0.7536
https://walrus.wr.usgs.gov/namss/data/1977/namss.B-15-77-AK.mcs.airgun/Velocity/SP77-053_SP1024.tif	0.7295
https://walrus.wr.usgs.gov/namss/data/1977/namss.B-15-77-AK.mcs.airgun/Velocity/SP77-053_SP1084.tif	0.7384
https://walrus.wr.usgs.gov/namss/data/1977/namss.B-15-77-AK.mcs.airgun/Velocity/SP77-053_SP1144.tif	0.8101
https://walrus.wr.usgs.gov/namss/data/1977/namss.B-15-77-AK.mcs.airgun/Velocity/SP77-053_SP1204.tif	0.7577
https://walrus.wr.usgs.gov/namss/data/1977/namss.B-15-77-AK.mcs.airgun/Velocity/SP77-053_SP1264.tif	0.7654
https://walrus.wr.usgs.gov/namss/data/1977/namss.B-15-77-AK.mcs.airgun/Velocity/SP77-053_SP1324.tif	0.7927000000000001
https://walrus.wr.usgs.gov/namss/data/1977/namss.B-15-77-AK.mcs.airgun/Velocity/SP77-053_SP1384.tif	0.8793
https://walrus.wr.usgs.gov/namss/data/1977/namss.B-15-77-AK.mcs.airgun/Velocity/SP77-053_SP1444.tif	0.8733
https://walrus.wr.usgs.gov/namss/data/1977/namss.B-15-77-AK.mcs.airgun/Velocity/SP77-053_SP1504.tif	0.7017000000000001
https://walrus.wr.usgs.gov/namss/data/1977/namss.B-15-77-AK.mcs.airgun/Velocity/SP77-053_SP1564.tif	0.7621
https://walrus.wr.usgs.gov/namss/data/1977/namss.B-15-77-AK.mcs.airgun/Velocity/SP77-053_SP1624.tif	0.7237
https://walrus.wr.usgs.gov/namss/data/1977/namss.B-15-77-AK.mcs.airgun/Velocity/SP77-055_SP0004.tif	0.5806
https://walrus.wr.usgs.gov/namss/data/1977/namss.B-15-77-AK.mcs.airgun/Velocity/SP77-055_SP0064.tif	0.5543
https://walrus.wr.usgs.gov/namss/data/1977/namss.B-15-77-AK.mcs.airgun/Velocity/SP77-055_SP0124.tif	0.5487000000000001
https://walrus.wr.usgs.gov/namss/data/1977/namss.B-15-77-AK.mcs.airgun/Velocity/SP77-055_SP0184.tif	0.5293
https://walrus.wr.usgs.gov/namss/data/1977/namss.B-15-77-AK.mcs.airgun/Velocity/SP77-055_SP0244.tif	0.5517000000000001
https://walrus.wr.usgs.gov/namss/data/1977/namss.B-15-77-AK.mcs.airgun/Velocity/SP77-055_SP0304.tif	0.5428999999999999
https://walrus.wr.usgs.gov/namss/data/1977/namss.B-15-77-AK.mcs.airgun/Velocity/SP77-055_SP0364.tif	0.543
https://walrus.wr.usgs.gov/namss/data/1977/namss.B-15-77-AK.mcs.airgun/Velocity/SP77-055_SP0424.tif	0.5269
https://walrus.wr.usgs.gov/namss/data/1977/namss.B-15-77-AK.mcs.airgun/Velocity/SP77-055_SP0484.tif	0.5387000000000001
https://walrus.wr.usgs.gov/namss/data/1977/namss.B-15-77-AK.mcs.airgun/Velocity/SP77-055_SP0544.tif	0.5012
https://walrus.wr.usgs.gov/namss/data/1977/namss.B-15-77-AK.mcs.airgun/Velocity/SP77-055_SP0604.tif	0.5181
https://walrus.wr.usgs.gov/namss/data/1977/namss.B-15-77-AK.mcs.airgun/Velocity/SP77-055_SP0664.tif	0.5201
https://walrus.wr.usgs.gov/namss/data/1977/namss.B-15-77-AK.mcs.airgun/Velocity/SP77-055_SP0724.tif	0.5339
https://walrus.wr.usgs.gov/namss/data/1977/namss.B-15-77-AK.mcs.airgun/Velocity/SP77-055_SP0784.tif	0.5284
https://walrus.wr.usgs.gov/namss/data/1977/namss.B-15-77-AK.mcs.airgun/Velocity/SP77-055_SP0844.tif	0.5367000000000001
https://walrus.wr.usgs.gov/namss/data/1977/namss.B-15-77-AK.mcs.airgun/Velocity/SP77-055_SP0904.tif	0.5123
https://walrus.wr.usgs.gov/namss/data/1977/namss.B-15-77-AK.mcs.airgun/Velocity/SP77-055_SP0964.tif	0.4904
https://walrus.wr.usgs.gov/namss/data/1977/namss.B-15-77-AK.mcs.airgun/Velocity/SP77-055_SP1024.tif	0.53
https://walrus.wr.usgs.gov/namss/data/1977/namss.B-15-77-AK.mcs.airgun/Velocity/SP77-055_SP1084.tif	0.5458999999999999
https://walrus.wr.usgs.gov/namss/data/1977/namss.B-15-77-AK.mcs.airgun/Velocity/SP77-055_SP1144.tif	0.5215
https://walrus.wr.usgs.gov/namss/data/1977/namss.B-15-77-AK.mcs.airgun/Velocity/SP77-055_SP1204.tif	0.5107
https://walrus.wr.usgs.gov/namss/data/1977/namss.B-15-77-AK.mcs.airgun/Velocity/SP77-055_SP1264.tif	0.5084
https://walrus.wr.usgs.gov/namss/data/1977/namss.B-15-77-AK.mcs.airgun/Velocity/SP77-055_SP1324.tif	0.5287999999999999
https://walrus.wr.usgs.gov/namss/data/1977/namss.B-15-77-AK.mcs.airgun/Velocity/SP77-055_SP1384.tif	0.4525
https://walrus.wr.usgs.gov/namss/data/1977/namss.B-15-77-AK.mcs.airgun/Velocity/SP77-055_SP1444.tif	0.5365
https://walrus.wr.usgs.gov/namss/data/1977/namss.B-15-77-AK.mcs.airgun/Velocity/SP77-055_SP1504.tif	0.4569
https://walrus.wr.usgs.gov/namss/data/1977/namss.B-15-77-AK.mcs.airgun/Velocity/SP77-055_SP1564.tif	0.5287999999999999
https://walrus.wr.usgs.gov/namss/data/1977/namss.B-15-77-AK.mcs.airgun/Velocity/SP77-057_SP0004.tif	0.837
https://walrus.wr.usgs.gov/namss/data/1977/namss.B-15-77-AK.mcs.airgun/Velocity/SP77-057_SP0064.tif	0.7993
https://walrus.wr.usgs.gov/namss/data/1977/namss.B-15-77-AK.mcs.airgun/Velocity/SP77-057_SP0124.tif	0.7782000000000001
https://walrus.wr.usgs.gov/namss/data/1977/namss.B-15-77-AK.mcs.airgun/Velocity/SP77-057_SP0184.tif	0.8161
https://walrus.wr.usgs.gov/namss/data/1977/namss.B-15-77-AK.mcs.airgun/Velocity/SP77-057_SP0244.tif	0.7883
https://walrus.wr.usgs.gov/namss/data/1977/namss.B-15-77-AK.mcs.airgun/Velocity/SP77-057_SP0304.tif	0.7755
https://walrus.wr.usgs.gov/namss/data/1977/namss.B-15-77-AK.mcs.airgun/Velocity/SP77-057_SP0364.tif	0.8042
https://walrus.wr.usgs.gov/namss/data/1977/namss.B-15-77-AK.mcs.airgun/Velocity/SP77-057_SP0424.tif	0.7727999999999999
https://walrus.wr.usgs.gov/namss/data/1977/namss.B-15-77-AK.mcs.airgun/Velocity/SP77-057_SP0484.tif	0.8123
https://walrus.wr.usgs.gov/namss/data/1977/namss.B-15-77-AK.mcs.airgun/Velocity/SP77-057_SP0544.tif	0.7709
https://walrus.wr.usgs.gov/namss/data/1977/namss.B-15-77-AK.mcs.airgun/Velocity/SP77-057_SP0604.tif	0.7697999999999999
https://walrus.wr.usgs.gov/namss/data/1977/namss.B-15-77-AK.mcs.airgun/Velocity/SP77-057_SP0664.tif	0.7418
https://walrus.wr.usgs.gov/namss/data/1977/namss.B-15-77-AK.mcs.airgun/Velocity/SP77-057_SP0724.tif	0.7617
https://walrus.wr.usgs.gov/namss/data/1977/namss.B-15-77-AK.mcs.airgun/Velocity/SP77-057_SP0784.tif	0.8053
https://walrus.wr.usgs.gov/namss/data/1977/namss.B-15-77-AK.mcs.airgun/Velocity/SP77-057_SP0844.tif	0.7315
https://walrus.wr.usgs.gov/namss/data/1977/namss.B-15-77-AK.mcs.airgun/Velocity/SP77-057_SP0904.tif	0.7687999999999999
https://walrus.wr.usgs.gov/namss/data/1977/namss.B-15-77-AK.mcs.airgun/Velocity/SP77-057_SP0964.tif	0.7626000000000001
https://walrus.wr.usgs.gov/namss/data/1977/namss.B-15-77-AK.mcs.airgun/Velocity/SP77-057_SP1024.tif	0.8384
https://walrus.wr.usgs.gov/namss/data/1977/namss.B-15-77-AK.mcs.airgun/Velocity/SP77-057_SP1084.tif	0.7857999999999999
https://walrus.wr.usgs.gov/namss/data/1977/namss.B-15-77-AK.mcs.airgun/Velocity/SP77-057_SP1144.tif	0.7672000000000001
https://walrus.wr.usgs.gov/namss/data/1977/namss.B-15-77-AK.mcs.airgun/Velocity/SP77-057_SP1204.tif	0.7747
https://walrus.wr.usgs.gov/namss/data/1977/namss.B-15-77-AK.mcs.airgun/Velocity/SP77-057_SP1264.tif	0.7543
https://walrus.wr.usgs.gov/namss/data/1977/namss.B-15-77-AK.mcs.airgun/Velocity/SP77-057_SP1324.tif	0.8278
https://walrus.wr.usgs.gov/namss/data/1977/namss.B-15-77-AK.mcs.airgun/Velocity/SP77-057_SP1384.tif	0.8472000000000001
https://walrus.wr.usgs.gov/namss/data/1977/namss.B-15-77-AK.mcs.airgun/Velocity/SP77-057_SP1444.tif	0.7384
https://walrus.wr.usgs.gov/namss/data/1977/namss.B-15-77-AK.mcs.airgun/Velocity/SP77-057_SP1504.tif	0.7816000000000001
https://walrus.wr.usgs.gov/namss/data/1977/namss.B-15-77-AK.mcs.airgun/Velocity/SP77-057_SP1564.tif	0.8261000000000001
https://walrus.wr.usgs.gov/namss/data/1977/namss.B-15-77-AK.mcs.airgun/Velocity/SP77-059_SP0004.tif	0.8599
https://walrus.wr.usgs.gov/namss/data/1977/namss.B-15-77-AK.mcs.airgun/Velocity/SP77-059_SP0064.tif	0.9293
https://walrus.wr.usgs.gov/namss/data/1977/namss.B-15-77-AK.mcs.airgun/Velocity/SP77-059_SP0124.tif	0.8366
https://walrus.wr.usgs.gov/namss/data/1977/namss.B-15-77-AK.mcs.airgun/Velocity/SP77-059_SP0184.tif	0.8738
https://walrus.wr.usgs.gov/namss/data/1977/namss.B-15-77-AK.mcs.airgun/Velocity/SP77-059_SP0244.tif	0.8214
https://walrus.wr.usgs.gov/namss/data/1977/namss.B-15-77-AK.mcs.airgun/Velocity/SP77-059_SP0304.tif	0.9218999999999999
https://walrus.wr.usgs.gov/namss/data/1977/namss.B-15-77-AK.mcs.airgun/Velocity/SP77-059_SP0364.tif	0.9413
https://walrus.wr.usgs.gov/namss/data/1977/namss.B-15-77-AK.mcs.airgun/Velocity/SP77-059_SP0424.tif	0.8578
https://walrus.wr.usgs.gov/namss/data/1977/namss.B-15-77-AK.mcs.airgun/Velocity/SP77-059_SP0484.tif	0.8613
https://walrus.wr.usgs.gov/namss/data/1977/namss.B-15-77-AK.mcs.airgun/Velocity/SP77-059_SP0544.tif	0.8200000000000001
https://walrus.wr.usgs.gov/namss/data/1977/namss.B-15-77-AK.mcs.airgun/Velocity/SP77-059_SP0604.tif	0.8474
https://walrus.wr.usgs.gov/namss/data/1977/namss.B-15-77-AK.mcs.airgun/Velocity/SP77-059_SP0664.tif	0.9132
https://walrus.wr.usgs.gov/namss/data/1977/namss.B-15-77-AK.mcs.airgun/Velocity/SP77-059_SP0724.tif	0.8292999999999999
https://walrus.wr.usgs.gov/namss/data/1977/namss.B-15-77-AK.mcs.airgun/Velocity/SP77-059_SP0784.tif	0.9685
https://walrus.wr.usgs.gov/namss/data/1977/namss.B-15-77-AK.mcs.airgun/Velocity/SP77-059_SP0844.tif	0.8583
https://walrus.wr.usgs.gov/namss/data/1977/namss.B-15-77-AK.mcs.airgun/Velocity/SP77-059_SP0904.tif	0.8615
https://walrus.wr.usgs.gov/namss/data/1977/namss.B-15-77-AK.mcs.airgun/Velocity/SP77-059_SP0964.tif	0.8132
https://walrus.wr.usgs.gov/namss/data/1977/namss.B-15-77-AK.mcs.airgun/Velocity/SP77-059_SP1024.tif	0.7571
https://walrus.wr.usgs.gov/namss/data/1977/namss.B-15-77-AK.mcs.airgun/Velocity/SP77-059_SP1084.tif	0.8324
https://walrus.wr.usgs.gov/namss/data/1977/namss.B-15-77-AK.mcs.airgun/Velocity/SP77-061_SP0004.tif	0.6037
https://walrus.wr.usgs.gov/namss/data/1977/namss.B-15-77-AK.mcs.airgun/Velocity/SP77-061_SP0064.tif	0.6213
https://walrus.wr.usgs.gov/namss/data/1977/namss.B-15-77-AK.mcs.airgun/Velocity/SP77-061_SP0124.tif	0.5759
https://walrus.wr.usgs.gov/namss/data/1977/namss.B-15-77-AK.mcs.airgun/Velocity/SP77-061_SP0184.tif	0.5994
https://walrus.wr.usgs.gov/namss/data/1977/namss.B-15-77-AK.mcs.airgun/Velocity/SP77-061_SP0244.tif	0.5798
https://walrus.wr.usgs.gov/namss/data/1977/namss.B-15-77-AK.mcs.airgun/Velocity/SP77-061_SP0304.tif	0.5688
https://walrus.wr.usgs.gov/namss/data/1977/namss.B-15-77-AK.mcs.airgun/Velocity/SP77-061_SP0364.tif	0.6305000000000001
https://walrus.wr.usgs.gov/namss/data/1977/namss.B-15-77-AK.mcs.airgun/Velocity/SP77-061_SP0424.tif	0.6235
https://walrus.wr.usgs.gov/namss/data/1977/namss.B-15-77-AK.mcs.airgun/Velocity/SP77-061_SP0484.tif	0.5788
https://walrus.wr.usgs.gov/namss/data/1977/namss.B-15-77-AK.mcs.airgun/Velocity/SP77-061_SP0544.tif	0.5961000000000001
https://walrus.wr.usgs.gov/namss/data/1977/namss.B-15-77-AK.mcs.airgun/Velocity/SP77-061_SP0604.tif	0.589
https://walrus.wr.usgs.gov/namss/data/1977/namss.B-15-77-AK.mcs.airgun/Velocity/SP77-061_SP0644.tif	0.5477000000000001
https://walrus.wr.usgs.gov/namss/data/1977/namss.B-15-77-AK.mcs.airgun/Velocity/SP77-061_SP0724.tif	0.5885
https://walrus.wr.usgs.gov/namss/data/1977/namss.B-15-77-AK.mcs.airgun/Velocity/SP77-061_SP0784.tif	0.7731
https://walrus.wr.usgs.gov/namss/data/1977/namss.B-15-77-AK.mcs.airgun/Velocity/SP77-061_SP0844.tif	0.5882000000000001
https://walrus.wr.usgs.gov/namss/data/1977/namss.B-15-77-AK.mcs.airgun/Velocity/SP77-061_SP0904.tif	0.5816
https://walrus.wr.usgs.gov/namss/data/1977/namss.B-15-77-AK.mcs.airgun/Velocity/SP77-061_SP0964.tif	0.5871000000000001
https://walrus.wr.usgs.gov/namss/data/1977/namss.B-15-77-AK.mcs.airgun/Velocity/SP77-061_SP1024.tif	0.599
https://walrus.wr.usgs.gov/namss/data/1977/namss.B-15-77-AK.mcs.airgun/Velocity/SP77-061_SP1084.tif	0.5886
https://walrus.wr.usgs.gov/namss/data/1977/namss.B-15-77-AK.mcs.airgun/Velocity/SP77-061_SP1144.tif	0.5901000000000001
https://walrus.wr.usgs.gov/namss/data/1977/namss.B-15-77-AK.mcs.airgun/Velocity/SP77-061_SP1204.tif	0.5949
https://walrus.wr.usgs.gov/namss/data/1977/namss.B-15-77-AK.mcs.airgun/Velocity/SP77-061_SP1264.tif	0.5915
https://walrus.wr.usgs.gov/namss/data/1977/namss.B-15-77-AK.mcs.airgun/Velocity/SP77-061_SP1324.tif	0.6211
https://walrus.wr.usgs.gov/namss/data/1977/namss.B-15-77-AK.mcs.airgun/Velocity/SP77-061_SP1384.tif	0.5847000000000001
https://walrus.wr.usgs.gov/namss/data/1977/namss.B-15-77-AK.mcs.airgun/Velocity/SP77-063_SP0004.tif	1.1
https://walrus.wr.usgs.gov/namss/data/1977/namss.B-15-77-AK.mcs.airgun/Velocity/SP77-063_SP0064.tif	1.1
https://walrus.wr.usgs.gov/namss/data/1977/namss.B-15-77-AK.mcs.airgun/Velocity/SP77-063_SP0124.tif	1.0238
https://walrus.wr.usgs.gov/namss/data/1977/namss.B-15-77-AK.mcs.airgun/Velocity/SP77-063_SP0184.tif	1.0
https://walrus.wr.usgs.gov/namss/data/1977/namss.B-15-77-AK.mcs.airgun/Velocity/SP77-063_SP0244.tif	1.0124
https://walrus.wr.usgs.gov/namss/data/1977/namss.B-15-77-AK.mcs.airgun/Velocity/SP77-063_SP0304.tif	1.1
https://walrus.wr.usgs.gov/namss/data/1977/namss.B-15-77-AK.mcs.airgun/Velocity/SP77-063_SP0366.tif	0.9433
https://walrus.wr.usgs.gov/namss/data/1977/namss.B-15-77-AK.mcs.airgun/Velocity/SP77-063_SP0424.tif	1.1
https://walrus.wr.usgs.gov/namss/data/1977/namss.B-15-77-AK.mcs.airgun/Velocity/SP77-063_SP0484.tif	0.8664
https://walrus.wr.usgs.gov/namss/data/1977/namss.B-15-77-AK.mcs.airgun/Velocity/SP77-063_SP0544.tif	1.0
https://walrus.wr.usgs.gov/namss/data/1977/namss.B-15-77-AK.mcs.airgun/Velocity/SP77-063_SP0604.tif	1.2
https://walrus.wr.usgs.gov/namss/data/1977/namss.B-15-77-AK.mcs.airgun/Velocity/SP77-063_SP0664.tif	0.98
https://walrus.wr.usgs.gov/namss/data/1977/namss.B-15-77-AK.mcs.airgun/Velocity/SP77-063_SP0724.tif	1.0218
https://walrus.wr.usgs.gov/namss/data/1977/namss.B-15-77-AK.mcs.airgun/Velocity/SP77-063_SP0784.tif	1.0
https://walrus.wr.usgs.gov/namss/data/1977/namss.B-15-77-AK.mcs.airgun/Velocity/SP77-063_SP0844.tif	1.0
https://walrus.wr.usgs.gov/namss/data/1977/namss.B-15-77-AK.mcs.airgun/Velocity/SP77-063_SP0904.tif	0.9506
https://walrus.wr.usgs.gov/namss/data/1977/namss.B-15-77-AK.mcs.airgun/Velocity/SP77-063_SP0964.tif	1.0231000000000001
https://walrus.wr.usgs.gov/namss/data/1977/namss.B-15-77-AK.mcs.airgun/Velocity/SP77-063_SP1024.tif	1.2
https://walrus.wr.usgs.gov/namss/data/1977/namss.B-15-77-AK.mcs.airgun/Velocity/SP77-063_SP1084.tif	1.0
https://walrus.wr.usgs.gov/namss/data/1977/namss.B-15-77-AK.mcs.airgun/Velocity/SP77-063_SP1144.tif	1.0115
https://walrus.wr.usgs.gov/namss/data/1977/namss.B-15-77-AK.mcs.airgun/Velocity/SP77-063_SP1204.tif	1.0
https://walrus.wr.usgs.gov/namss/data/1977/namss.B-15-77-AK.mcs.airgun/Velocity/SP77-063_SP1264.tif	1.0212999999999999
https://walrus.wr.usgs.gov/namss/data/1977/namss.B-15-77-AK.mcs.airgun/Velocity/SP77-063_SP1324.tif	1.0188
https://walrus.wr.usgs.gov/namss/data/1977/namss.B-15-77-AK.mcs.airgun/Velocity/SP77-063_SP1384.tif	1.0
https://walrus.wr.usgs.gov/namss/data/1977/namss.B-15-77-AK.mcs.airgun/Velocity/SP77-065_SP0004.tif	1.1
https://walrus.wr.usgs.gov/namss/data/1977/namss.B-15-77-AK.mcs.airgun/Velocity/SP77-065_SP0064.tif	0.9896
https://walrus.wr.usgs.gov/namss/data/1977/namss.B-15-77-AK.mcs.airgun/Velocity/SP77-065_SP0124.tif	1.0201
https://walrus.wr.usgs.gov/namss/data/1977/namss.B-15-77-AK.mcs.airgun/Velocity/SP77-065_SP0184.tif	0.9267000000000001
https://walrus.wr.usgs.gov/namss/data/1977/namss.B-15-77-AK.mcs.airgun/Velocity/SP77-065_SP0244.tif	0.9443
https://walrus.wr.usgs.gov/namss/data/1977/namss.B-15-77-AK.mcs.airgun/Velocity/SP77-065_SP0304.tif	0.8779
https://walrus.wr.usgs.gov/namss/data/1977/namss.B-15-77-AK.mcs.airgun/Velocity/SP77-065_SP0364.tif	0.9333
https://walrus.wr.usgs.gov/namss/data/1977/namss.B-15-77-AK.mcs.airgun/Velocity/SP77-065_SP0424.tif	0.9245
https://walrus.wr.usgs.gov/namss/data/1977/namss.B-15-77-AK.mcs.airgun/Velocity/SP77-065_SP0484.tif	0.9354
https://walrus.wr.usgs.gov/namss/data/1977/namss.B-15-77-AK.mcs.airgun/Velocity/SP77-065_SP0544.tif	0.9114
https://walrus.wr.usgs.gov/namss/data/1977/namss.B-15-77-AK.mcs.airgun/Velocity/SP77-065_SP0604.tif	1.0
https://walrus.wr.usgs.gov/namss/data/1977/namss.B-15-77-AK.mcs.airgun/Velocity/SP77-065_SP0664.tif	0.8587
https://walrus.wr.usgs.gov/namss/data/1977/namss.B-15-77-AK.mcs.airgun/Velocity/SP77-065_SP0724.tif	0.9475
https://walrus.wr.usgs.gov/namss/data/1977/namss.B-15-77-AK.mcs.airgun/Velocity/SP77-065_SP0784.tif	1.0011
https://walrus.wr.usgs.gov/namss/data/1977/namss.B-15-77-AK.mcs.airgun/Velocity/SP77-065_SP0844.tif	0.979
https://walrus.wr.usgs.gov/namss/data/1977/namss.B-15-77-AK.mcs.airgun/Velocity/SP77-065_SP0904.tif	0.9435
https://walrus.wr.usgs.gov/namss/data/1977/namss.B-15-77-AK.mcs.airgun/Velocity/SP77-065_SP0964.tif	0.8806
https://walrus.wr.usgs.gov/namss/data/1977/namss.B-15-77-AK.mcs.airgun/Velocity/SP77-065_SP1024.tif	0.9162
https://walrus.wr.usgs.gov/namss/data/1977/namss.B-15-77-AK.mcs.airgun/Velocity/SP77-065_SP1084.tif	0.9858
https://walrus.wr.usgs.gov/namss/data/1977/namss.B-15-77-AK.mcs.airgun/Velocity/SP77-065_SP1144.tif	0.9357000000000001
https://walrus.wr.usgs.gov/namss/data/1977/namss.B-15-77-AK.mcs.airgun/Velocity/SP77-065_SP1204.tif	0.9530000000000001
https://walrus.wr.usgs.gov/namss/data/1977/namss.B-15-77-AK.mcs.airgun/Velocity/SP77-065_SP1264.tif	0.8573
https://walrus.wr.usgs.gov/namss/data/1977/namss.B-15-77-AK.mcs.airgun/Velocity/SP77-065_SP1324.tif	0.8274
https://walrus.wr.usgs.gov/namss/data/1977/namss.B-15-77-AK.mcs.airgun/Velocity/SP77-065_SP1384.tif	0.9016000000000001
https://walrus.wr.usgs.gov/namss/data/1977/namss.B-15-77-AK.mcs.airgun/Velocity/SP77-065_SP1444.tif	0.9343
https://walrus.wr.usgs.gov/namss/data/1977/namss.B-15-77-AK.mcs.airgun/Velocity/SP77-065_SP1504.tif	0.9729
https://walrus.wr.usgs.gov/namss/data/1977/namss.B-15-77-AK.mcs.airgun/Velocity/SP77-065_SP1564.tif	0.9595
https://walrus.wr.usgs.gov/namss/data/1977/namss.B-15-77-AK.mcs.airgun/Velocity/SP77-065_SP1624.tif	0.9400000000000001
https://walrus.wr.usgs.gov/namss/data/1977/namss.B-15-77-AK.mcs.airgun/Velocity/SP77-065_SP1684.tif	0.8973
https://walrus.wr.usgs.gov/namss/data/1977/namss.B-15-77-AK.mcs.airgun/Velocity/SP77-065_SP1744.tif	1.0
https://walrus.wr.usgs.gov/namss/data/1977/namss.B-15-77-AK.mcs.airgun/Velocity/SP77-065_SP1804.tif	0.8636
https://walrus.wr.usgs.gov/namss/data/1977/namss.B-15-77-AK.mcs.airgun/Velocity/SP77-065_SP1864.tif	0.8755000000000001
https://walrus.wr.usgs.gov/namss/data/1977/namss.B-15-77-AK.mcs.airgun/Velocity/SP77-067_SP0004.tif	1.1
https://walrus.wr.usgs.gov/namss/data/1977/namss.B-15-77-AK.mcs.airgun/Velocity/SP77-067_SP0064.tif	1.0
https://walrus.wr.usgs.gov/namss/data/1977/namss.B-15-77-AK.mcs.airgun/Velocity/SP77-067_SP0124.tif	1.0176
https://walrus.wr.usgs.gov/namss/data/1977/namss.B-15-77-AK.mcs.airgun/Velocity/SP77-067_SP0184.tif	0.9696
https://walrus.wr.usgs.gov/namss/data/1977/namss.B-15-77-AK.mcs.airgun/Velocity/SP77-067_SP0244.tif	0.9065
https://walrus.wr.usgs.gov/namss/data/1977/namss.B-15-77-AK.mcs.airgun/Velocity/SP77-067_SP0304.tif	1.1
https://walrus.wr.usgs.gov/namss/data/1977/namss.B-15-77-AK.mcs.airgun/Velocity/SP77-067_SP0364.tif	0.9079
https://walrus.wr.usgs.gov/namss/data/1977/namss.B-15-77-AK.mcs.airgun/Velocity/SP77-067_SP0424.tif	1.0
https://walrus.wr.usgs.gov/namss/data/1977/namss.B-15-77-AK.mcs.airgun/Velocity/SP77-067_SP0484.tif	0.9267000000000001
https://walrus.wr.usgs.gov/namss/data/1977/namss.B-15-77-AK.mcs.airgun/Velocity/SP77-067_SP0544.tif	1.0050000000000001
https://walrus.wr.usgs.gov/namss/data/1977/namss.B-15-77-AK.mcs.airgun/Velocity/SP77-067_SP0604.tif	1.1
https://walrus.wr.usgs.gov/namss/data/1977/namss.B-15-77-AK.mcs.airgun/Velocity/SP77-067_SP0664.tif	1.0182
https://walrus.wr.usgs.gov/namss/data/1977/namss.B-15-77-AK.mcs.airgun/Velocity/SP77-067_SP0724.tif	1.2
https://walrus.wr.usgs.gov/namss/data/1977/namss.B-15-77-AK.mcs.airgun/Velocity/SP77-067_SP0784.tif	1.0
https://walrus.wr.usgs.gov/namss/data/1977/namss.B-15-77-AK.mcs.airgun/Velocity/SP77-067_SP0844.tif	0.8875000000000001
https://walrus.wr.usgs.gov/namss/data/1977/namss.B-15-77-AK.mcs.airgun/Velocity/SP77-067_SP0904.tif	1.1
https://walrus.wr.usgs.gov/namss/data/1977/namss.B-15-77-AK.mcs.airgun/Velocity/SP77-067_SP0964.tif	1.0
https://walrus.wr.usgs.gov/namss/data/1977/namss.B-15-77-AK.mcs.airgun/Velocity/SP77-067_SP1024.tif	0.9984
https://walrus.wr.usgs.gov/namss/data/1977/namss.B-15-77-AK.mcs.airgun/Velocity/SP77-067_SP1084.tif	1.2
https://walrus.wr.usgs.gov/namss/data/1977/namss.B-15-77-AK.mcs.airgun/Velocity/SP77-067_SP1144.tif	1.2
https://walrus.wr.usgs.gov/namss/data/1977/namss.B-15-77-AK.mcs.airgun/Velocity/SP77-067_SP1204.tif	1.0
https://walrus.wr.usgs.gov/namss/data/1977/namss.B-15-77-AK.mcs.airgun/Velocity/SP77-067_SP1264.tif	0.9722000000000001
https://walrus.wr.usgs.gov/namss/data/1977/namss.B-15-77-AK.mcs.airgun/Velocity/SP77-067_SP1324.tif	1.1
https://walrus.wr.usgs.gov/namss/data/1977/namss.B-15-77-AK.mcs.airgun/Velocity/SP77-067_SP1384.tif	1.0
https://walrus.wr.usgs.gov/namss/data/1977/namss.B-15-77-AK.mcs.airgun/Velocity/SP77-067_SP1444.tif	1.0
https://walrus.wr.usgs.gov/namss/data/1977/namss.B-15-77-AK.mcs.airgun/Velocity/SP77-067_SP1504.tif	1.0
https://walrus.wr.usgs.gov/namss/data/1977/namss.B-15-77-AK.mcs.airgun/Velocity/SP77-067_SP1564.tif	1.1
https://walrus.wr.usgs.gov/namss/data/1977/namss.B-15-77-AK.mcs.airgun/Velocity/SP77-067_SP1624.tif	1.0
https://walrus.wr.usgs.gov/namss/data/1977/namss.B-15-77-AK.mcs.airgun/Velocity/SP77-074_SP0004.tif	0.6089
https://walrus.wr.usgs.gov/namss/data/1977/namss.B-15-77-AK.mcs.airgun/Velocity/SP77-074_SP0064.tif	0.601
https://walrus.wr.usgs.gov/namss/data/1977/namss.B-15-77-AK.mcs.airgun/Velocity/SP77-074_SP0124.tif	0.6837000000000001
https://walrus.wr.usgs.gov/namss/data/1977/namss.B-15-77-AK.mcs.airgun/Velocity/SP77-074_SP0184.tif	0.6013999999999999
https://walrus.wr.usgs.gov/namss/data/1977/namss.B-15-77-AK.mcs.airgun/Velocity/SP77-074_SP0244.tif	0.5899
https://walrus.wr.usgs.gov/namss/data/1977/namss.B-15-77-AK.mcs.airgun/Velocity/SP77-074_SP0304.tif	0.5975
https://walrus.wr.usgs.gov/namss/data/1977/namss.B-15-77-AK.mcs.airgun/Velocity/SP77-074_SP0364.tif	0.5739
https://walrus.wr.usgs.gov/namss/data/1977/namss.B-15-77-AK.mcs.airgun/Velocity/SP77-074_SP0424.tif	0.5589
https://walrus.wr.usgs.gov/namss/data/1977/namss.B-15-77-AK.mcs.airgun/Velocity/SP77-074_SP0484.tif	0.5696
https://walrus.wr.usgs.gov/namss/data/1977/namss.B-15-77-AK.mcs.airgun/Velocity/SP77-074_SP0544.tif	0.5782999999999999
https://walrus.wr.usgs.gov/namss/data/1977/namss.B-15-77-AK.mcs.airgun/Velocity/SP77-074_SP0604.tif	0.5871000000000001
https://walrus.wr.usgs.gov/namss/data/1977/namss.B-15-77-AK.mcs.airgun/Velocity/SP77-074_SP0664.tif	0.5916
https://walrus.wr.usgs.gov/namss/data/1977/namss.B-15-77-AK.mcs.airgun/Velocity/SP77-074_SP0724.tif	0.5721
https://walrus.wr.usgs.gov/namss/data/1977/namss.B-15-77-AK.mcs.airgun/Velocity/SP77-074_SP0784.tif	0.5962999999999999
https://walrus.wr.usgs.gov/namss/data/1977/namss.B-15-77-AK.mcs.airgun/Velocity/SP77-074_SP0844.tif	0.5782999999999999
https://walrus.wr.usgs.gov/namss/data/1977/namss.B-15-77-AK.mcs.airgun/Velocity/SP77-086_SP0004.tif	0.6274
https://walrus.wr.usgs.gov/namss/data/1977/namss.B-15-77-AK.mcs.airgun/Velocity/SP77-086_SP0064.tif	0.615
https://walrus.wr.usgs.gov/namss/data/1977/namss.B-15-77-AK.mcs.airgun/Velocity/SP77-086_SP0124.tif	0.6062000000000001
https://walrus.wr.usgs.gov/namss/data/1977/namss.B-15-77-AK.mcs.airgun/Velocity/SP77-086_SP0184.tif	0.6246
https://walrus.wr.usgs.gov/namss/data/1977/namss.B-15-77-AK.mcs.airgun/Velocity/SP77-086_SP0244.tif	0.6045
https://walrus.wr.usgs.gov/namss/data/1977/namss.B-15-77-AK.mcs.airgun/Velocity/SP77-086_SP0304.tif	0.6116
https://walrus.wr.usgs.gov/namss/data/1977/namss.B-15-77-AK.mcs.airgun/Velocity/SP77-086_SP0364.tif	0.5700000000000001
https://walrus.wr.usgs.gov/namss/data/1977/namss.B-15-77-AK.mcs.airgun/Velocity/SP77-086_SP0424.tif	0.6032000000000001
https://walrus.wr.usgs.gov/namss/data/1977/namss.B-15-77-AK.mcs.airgun/Velocity/SP77-086_SP0484.tif	0.6419
https://walrus.wr.usgs.gov/namss/data/1977/namss.B-15-77-AK.mcs.airgun/Velocity/SP77-086_SP0544.tif	0.625
https://walrus.wr.usgs.gov/namss/data/1977/namss.B-15-77-AK.mcs.airgun/Velocity/SP77-086_SP0604.tif	0.6355000000000001
https://walrus.wr.usgs.gov/namss/data/1977/namss.B-15-77-AK.mcs.airgun/Velocity/SP77-086_SP0664.tif	0.6151
https://walrus.wr.usgs.gov/namss/data/1977/namss.B-15-77-AK.mcs.airgun/Velocity/SP77-086_SP0724.tif	0.6122000000000001
https://walrus.wr.usgs.gov/namss/data/1977/namss.B-15-77-AK.mcs.airgun/Velocity/SP77-086_SP0784.tif	0.6128
https://walrus.wr.usgs.gov/namss/data/1977/namss.B-15-77-AK.mcs.airgun/Velocity/SP77-086_SP0844.tif	0.6487999999999999
https://walrus.wr.usgs.gov/namss/data/1977/namss.B-15-77-AK.mcs.airgun/Velocity/SP77-086_SP0904.tif	0.6811
https://walrus.wr.usgs.gov/namss/data/1977/namss.B-15-77-AK.mcs.airgun/Velocity/SP77-086_SP0964.tif	0.6125
https://walrus.wr.usgs.gov/namss/data/1977/namss.B-15-77-AK.mcs.airgun/Velocity/SP77-086_SP1024.tif	0.608
https://walrus.wr.usgs.gov/namss/data/1977/namss.B-15-77-AK.mcs.airgun/Velocity/SP77-086_SP1084.tif	0.6073
https://walrus.wr.usgs.gov/namss/data/1977/namss.B-15-77-AK.mcs.airgun/Velocity/SP77-086_SP1144.tif	0.5986
https://walrus.wr.usgs.gov/namss/data/1977/namss.B-15-77-AK.mcs.airgun/Velocity/SP77-086_SP1204.tif	0.5942999999999999
https://walrus.wr.usgs.gov/namss/data/1977/namss.B-15-77-AK.mcs.airgun/Velocity/SP77-086_SP1264.tif	0.602
https://walrus.wr.usgs.gov/namss/data/1977/namss.B-15-77-AK.mcs.airgun/Velocity/SP77-086_SP1324.tif	0.6407999999999999
https://walrus.wr.usgs.gov/namss/data/1977/namss.B-15-77-AK.mcs.airgun/Velocity/SP77-086_SP1384.tif	0.6125
https://walrus.wr.usgs.gov/namss/data/1977/namss.B-15-77-AK.mcs.airgun/Velocity/SP77-086_SP1444.tif	0.6178
https://walrus.wr.usgs.gov/namss/data/1977/namss.B-15-77-AK.mcs.airgun/Velocity/SP77-088_SP0007.tif	0.5760000000000001
https://walrus.wr.usgs.gov/namss/data/1977/namss.B-15-77-AK.mcs.airgun/Velocity/SP77-088_SP0067.tif	0.6186
https://walrus.wr.usgs.gov/namss/data/1977/namss.B-15-77-AK.mcs.airgun/Velocity/SP77-088_SP0127.tif	0.8957999999999999
https://walrus.wr.usgs.gov/namss/data/1977/namss.B-15-77-AK.mcs.airgun/Velocity/SP77-088_SP0187.tif	0.6097
https://walrus.wr.usgs.gov/namss/data/1977/namss.B-15-77-AK.mcs.airgun/Velocity/SP77-088_SP0247.tif	0.6136
https://walrus.wr.usgs.gov/namss/data/1977/namss.B-15-77-AK.mcs.airgun/Velocity/SP77-088_SP0307.tif	0.5906
https://walrus.wr.usgs.gov/namss/data/1977/namss.B-15-77-AK.mcs.airgun/Velocity/SP77-088_SP0367.tif	0.5788
https://walrus.wr.usgs.gov/namss/data/1977/namss.B-15-77-AK.mcs.airgun/Velocity/SP77-088_SP0427.tif	0.5976
https://walrus.wr.usgs.gov/namss/data/1977/namss.B-15-77-AK.mcs.airgun/Velocity/SP77-088_SP0487.tif	0.6026
https://walrus.wr.usgs.gov/namss/data/1977/namss.B-15-77-AK.mcs.airgun/Velocity/SP77-088_SP0547.tif	0.6092000000000001
https://walrus.wr.usgs.gov/namss/data/1977/namss.B-15-77-AK.mcs.airgun/Velocity/SP77-088_SP0607.tif	0.6125
https://walrus.wr.usgs.gov/namss/data/1977/namss.B-15-77-AK.mcs.airgun/Velocity/SP77-088_SP0667.tif	0.6076
https://walrus.wr.usgs.gov/namss/data/1977/namss.B-15-77-AK.mcs.airgun/Velocity/SP77-088_SP0727.tif	0.5985
https://walrus.wr.usgs.gov/namss/data/1977/namss.B-15-77-AK.mcs.airgun/Velocity/SP77-088_SP0787.tif	0.6339
https://walrus.wr.usgs.gov/namss/data/1977/namss.B-15-77-AK.mcs.airgun/Velocity/SP77-088_SP0847.tif	0.6317
https://walrus.wr.usgs.gov/namss/data/1977/namss.B-15-77-AK.mcs.airgun/Velocity/SP77-088_SP0907.tif	0.6295000000000001
https://walrus.wr.usgs.gov/namss/data/1977/namss.B-15-77-AK.mcs.airgun/Velocity/SP77-088_SP0967.tif	0.6175
https://walrus.wr.usgs.gov/namss/data/1977/namss.B-15-77-AK.mcs.airgun/Velocity/SP77-088_SP1027.tif	0.6337999999999999
https://walrus.wr.usgs.gov/namss/data/1977/namss.B-15-77-AK.mcs.airgun/Velocity/SP77-088_SP1087.tif	0.6231
https://walrus.wr.usgs.gov/namss/data/1977/namss.B-15-77-AK.mcs.airgun/Velocity/SP77-088_SP1147.tif	0.6267
https://walrus.wr.usgs.gov/namss/data/1977/namss.B-15-77-AK.mcs.airgun/Velocity/SP77-088_SP1207.tif	0.6216
https://walrus.wr.usgs.gov/namss/data/1977/namss.B-15-77-AK.mcs.airgun/Velocity/SP77-088_SP1267.tif	0.5622999999999999
https://walrus.wr.usgs.gov/namss/data/1977/namss.B-15-77-AK.mcs.airgun/Velocity/SP77-090_SP0004.tif	0.6016
https://walrus.wr.usgs.gov/namss/data/1977/namss.B-15-77-AK.mcs.airgun/Velocity/SP77-090_SP0064.tif	0.6067
https://walrus.wr.usgs.gov/namss/data/1977/namss.B-15-77-AK.mcs.airgun/Velocity/SP77-090_SP0124.tif	0.6742
https://walrus.wr.usgs.gov/namss/data/1977/namss.B-15-77-AK.mcs.airgun/Velocity/SP77-090_SP0184.tif	0.6317
https://walrus.wr.usgs.gov/namss/data/1977/namss.B-15-77-AK.mcs.airgun/Velocity/SP77-090_SP0244.tif	0.6226
https://walrus.wr.usgs.gov/namss/data/1977/namss.B-15-77-AK.mcs.airgun/Velocity/SP77-090_SP0304.tif	0.5978
https://walrus.wr.usgs.gov/namss/data/1977/namss.B-15-77-AK.mcs.airgun/Velocity/SP77-090_SP0364.tif	0.6119
https://walrus.wr.usgs.gov/namss/data/1977/namss.B-15-77-AK.mcs.airgun/Velocity/SP77-090_SP0424.tif	0.5902000000000001
https://walrus.wr.usgs.gov/namss/data/1977/namss.B-15-77-AK.mcs.airgun/Velocity/SP77-090_SP0484.tif	0.6012000000000001
https://walrus.wr.usgs.gov/namss/data/1977/namss.B-15-77-AK.mcs.airgun/Velocity/SP77-090_SP0544.tif	0.5819
https://walrus.wr.usgs.gov/namss/data/1977/namss.B-15-77-AK.mcs.airgun/Velocity/SP77-090_SP0604.tif	0.5731
https://walrus.wr.usgs.gov/namss/data/1977/namss.B-15-77-AK.mcs.airgun/Velocity/SP77-090_SP0664.tif	0.5525
https://walrus.wr.usgs.gov/namss/data/1977/namss.B-15-77-AK.mcs.airgun/Velocity/SP77-090_SP0724.tif	0.588
https://walrus.wr.usgs.gov/namss/data/1977/namss.B-15-77-AK.mcs.airgun/Velocity/SP77-090_SP0784.tif	0.6109
https://walrus.wr.usgs.gov/namss/data/1977/namss.B-15-77-AK.mcs.airgun/Velocity/SP77-090_SP0844.tif	0.6095
https://walrus.wr.usgs.gov/namss/data/1977/namss.B-15-77-AK.mcs.airgun/Velocity/SP77-090_SP0904.tif	0.6085
https://walrus.wr.usgs.gov/namss/data/1977/namss.B-15-77-AK.mcs.airgun/Velocity/SP77-090_SP0964.tif	0.5798
https://walrus.wr.usgs.gov/namss/data/1977/namss.B-15-77-AK.mcs.airgun/Velocity/SP77-090_SP1024.tif	0.5841000000000001
https://walrus.wr.usgs.gov/namss/data/1977/namss.B-15-77-AK.mcs.airgun/Velocity/SP77-090_SP1084.tif	0.5921000000000001
https://walrus.wr.usgs.gov/namss/data/1977/namss.B-15-77-AK.mcs.airgun/Velocity/SP77-090_SP1144.tif	0.5982000000000001
https://walrus.wr.usgs.gov/namss/data/1977/namss.B-15-77-AK.mcs.airgun/Velocity/SP77-090_SP1204.tif	0.6085
https://walrus.wr.usgs.gov/namss/data/1977/namss.B-15-77-AK.mcs.airgun/Velocity/SP77-090_SP1264.tif	0.6223
https://walrus.wr.usgs.gov/namss/data/1977/namss.B-15-77-AK.mcs.airgun/Velocity/SP77-092_SP0004.tif	1.0
https://walrus.wr.usgs.gov/namss/data/1977/namss.B-15-77-AK.mcs.airgun/Velocity/SP77-092_SP0064.tif	0.9079
https://walrus.wr.usgs.gov/namss/data/1977/namss.B-15-77-AK.mcs.airgun/Velocity/SP77-092_SP0124.tif	1.1
https://walrus.wr.usgs.gov/namss/data/1977/namss.B-15-77-AK.mcs.airgun/Velocity/SP77-092_SP0184.tif	1.0
https://walrus.wr.usgs.gov/namss/data/1977/namss.B-15-77-AK.mcs.airgun/Velocity/SP77-092_SP0244.tif	1.1
https://walrus.wr.usgs.gov/namss/data/1977/namss.B-15-77-AK.mcs.airgun/Velocity/SP77-092_SP0304.tif	1.1
https://walrus.wr.usgs.gov/namss/data/1977/namss.B-15-77-AK.mcs.airgun/Velocity/SP77-092_SP0364.tif	0.8501000000000001
https://walrus.wr.usgs.gov/namss/data/1977/namss.B-15-77-AK.mcs.airgun/Velocity/SP77-092_SP0424.tif	0.9123
https://walrus.wr.usgs.gov/namss/data/1977/namss.B-15-77-AK.mcs.airgun/Velocity/SP77-092_SP0484.tif	0.9586
https://walrus.wr.usgs.gov/namss/data/1977/namss.B-15-77-AK.mcs.airgun/Velocity/SP77-092_SP0544.tif	0.9754
https://walrus.wr.usgs.gov/namss/data/1977/namss.B-15-77-AK.mcs.airgun/Velocity/SP77-092_SP0604.tif	1.1
https://walrus.wr.usgs.gov/namss/data/1977/namss.B-15-77-AK.mcs.airgun/Velocity/SP77-092_SP0664.tif	1.2
https://walrus.wr.usgs.gov/namss/data/1977/namss.B-15-77-AK.mcs.airgun/Velocity/SP77-094_SP0004.tif	0.6605
https://walrus.wr.usgs.gov/namss/data/1977/namss.B-15-77-AK.mcs.airgun/Velocity/SP77-094_SP0064.tif	0.6309
https://walrus.wr.usgs.gov/namss/data/1977/namss.B-15-77-AK.mcs.airgun/Velocity/SP77-094_SP0124.tif	0.6362000000000001
https://walrus.wr.usgs.gov/namss/data/1977/namss.B-15-77-AK.mcs.airgun/Velocity/SP77-094_SP0184.tif	0.6005
https://walrus.wr.usgs.gov/namss/data/1977/namss.B-15-77-AK.mcs.airgun/Velocity/SP77-094_SP0244.tif	0.5636
https://walrus.wr.usgs.gov/namss/data/1977/namss.B-15-77-AK.mcs.airgun/Velocity/SP77-094_SP0304.tif	0.6089
https://walrus.wr.usgs.gov/namss/data/1977/namss.B-15-77-AK.mcs.airgun/Velocity/SP77-094_SP0364.tif	0.5946
https://walrus.wr.usgs.gov/namss/data/1977/namss.B-15-77-AK.mcs.airgun/Velocity/SP77-094_SP0424.tif	0.7226
https://walrus.wr.usgs.gov/namss/data/1977/namss.B-15-77-AK.mcs.airgun/Velocity/SP77-094_SP0484.tif	0.5631
https://walrus.wr.usgs.gov/namss/data/1977/namss.B-15-77-AK.mcs.airgun/Velocity/SP77-094_SP0544.tif	0.5674
https://walrus.wr.usgs.gov/namss/data/1977/namss.B-15-77-AK.mcs.airgun/Velocity/SP77-094_SP0604.tif	0.622
https://walrus.wr.usgs.gov/namss/data/1977/namss.B-15-77-AK.mcs.airgun/Velocity/SP77-094_SP0664.tif	0.6284
https://walrus.wr.usgs.gov/namss/data/1977/namss.B-15-77-AK.mcs.airgun/Velocity/SP77-094_SP0724.tif	0.6067
https://walrus.wr.usgs.gov/namss/data/1977/namss.B-15-77-AK.mcs.airgun/Velocity/SP77-094_SP0784.tif	0.6484
https://walrus.wr.usgs.gov/namss/data/1977/namss.B-15-77-AK.mcs.airgun/Velocity/SP77-094_SP0844.tif	0.6093
https://walrus.wr.usgs.gov/namss/data/1977/namss.B-15-77-AK.mcs.airgun/Velocity/SP77-094_SP0904.tif	0.6267
https://walrus.wr.usgs.gov/namss/data/1977/namss.B-15-77-AK.mcs.airgun/Velocity/SP77-094_SP0964.tif	0.6165
https://walrus.wr.usgs.gov/namss/data/1977/namss.B-15-77-AK.mcs.airgun/Velocity/SP77-094_SP1024.tif	0.626
https://walrus.wr.usgs.gov/namss/data/1977/namss.B-15-77-AK.mcs.airgun/Velocity/SP77-094_SP1084.tif	0.6293
https://walrus.wr.usgs.gov/namss/data/1977/namss.B-15-77-AK.mcs.airgun/Velocity/SP77-094_SP1144.tif	0.4398
https://walrus.wr.usgs.gov/namss/data/1977/namss.B-15-77-AK.mcs.airgun/Velocity/SP77-094_SP1204.tif	0.5756
https://walrus.wr.usgs.gov/namss/data/1977/namss.B-15-77-AK.mcs.airgun/Velocity/SP77-094_SP1264.tif	0.5047
https://walrus.wr.usgs.gov/namss/data/1977/namss.B-15-77-AK.mcs.airgun/Velocity/SP77-094_SP1324.tif	0.615
https://walrus.wr.usgs.gov/namss/data/1977/namss.B-15-77-AK.mcs.airgun/Velocity/SP77-096_SP0004.tif	0.8531000000000001
https://walrus.wr.usgs.gov/namss/data/1977/namss.B-15-77-AK.mcs.airgun/Velocity/SP77-096_SP0064.tif	0.8188
https://walrus.wr.usgs.gov/namss/data/1977/namss.B-15-77-AK.mcs.airgun/Velocity/SP77-096_SP0124.tif	0.9480000000000001
https://walrus.wr.usgs.gov/namss/data/1977/namss.B-15-77-AK.mcs.airgun/Velocity/SP77-096_SP0184.tif	0.8556
https://walrus.wr.usgs.gov/namss/data/1977/namss.B-15-77-AK.mcs.airgun/Velocity/SP77-096_SP0244.tif	0.8425
https://walrus.wr.usgs.gov/namss/data/1977/namss.B-15-77-AK.mcs.airgun/Velocity/SP77-096_SP0304.tif	0.9039
https://walrus.wr.usgs.gov/namss/data/1977/namss.B-15-77-AK.mcs.airgun/Velocity/SP77-096_SP0364.tif	0.8586
https://walrus.wr.usgs.gov/namss/data/1977/namss.B-15-77-AK.mcs.airgun/Velocity/SP77-096_SP0424.tif	0.9055
https://walrus.wr.usgs.gov/namss/data/1977/namss.B-15-77-AK.mcs.airgun/Velocity/SP77-096_SP0484.tif	0.8926000000000001
https://walrus.wr.usgs.gov/namss/data/1977/namss.B-15-77-AK.mcs.airgun/Velocity/SP77-096_SP0544.tif	0.8024
https://walrus.wr.usgs.gov/namss/data/1977/namss.B-15-77-AK.mcs.airgun/Velocity/SP77-096_SP0604.tif	0.8017000000000001
https://walrus.wr.usgs.gov/namss/data/1977/namss.B-15-77-AK.mcs.airgun/Velocity/SP77-096_SP0664.tif	1.0
https://walrus.wr.usgs.gov/namss/data/1977/namss.B-15-77-AK.mcs.airgun/Velocity/SP77-096_SP0724.tif	0.9283
https://walrus.wr.usgs.gov/namss/data/1977/namss.B-15-77-AK.mcs.airgun/Velocity/SP77-096_SP0784.tif	0.9871000000000001
https://walrus.wr.usgs.gov/namss/data/1977/namss.B-15-77-AK.mcs.airgun/Velocity/SP77-096_SP0844.tif	0.7938999999999999
https://walrus.wr.usgs.gov/namss/data/1977/namss.B-15-77-AK.mcs.airgun/Velocity/SP77-096_SP0904.tif	0.7435
https://walrus.wr.usgs.gov/namss/data/1977/namss.B-15-77-AK.mcs.airgun/Velocity/SP77-096_SP0964.tif	0.7727
https://walrus.wr.usgs.gov/namss/data/1977/namss.B-15-77-AK.mcs.airgun/Velocity/SP77-096_SP1024.tif	0.78
https://walrus.wr.usgs.gov/namss/data/1977/namss.B-15-77-AK.mcs.airgun/Velocity/SP77-096_SP1084.tif	0.9097000000000001
https://walrus.wr.usgs.gov/namss/data/1977/namss.B-15-77-AK.mcs.airgun/Velocity/SP77-096_SP1144.tif	0.8374
https://walrus.wr.usgs.gov/namss/data/1977/namss.B-15-77-AK.mcs.airgun/Velocity/SP77-096_SP1204.tif	0.885
https://walrus.wr.usgs.gov/namss/data/1977/namss.B-15-77-AK.mcs.airgun/Velocity/SP77-096_SP1264.tif	0.7714
https://walrus.wr.usgs.gov/namss/data/1977/namss.B-15-77-AK.mcs.airgun/Velocity/SP77-096_SP1324.tif	0.8752000000000001
https://walrus.wr.usgs.gov/namss/data/1977/namss.B-15-77-AK.mcs.airgun/Velocity/SP77-098_SP0004.tif	0.5932000000000001
https://walrus.wr.usgs.gov/namss/data/1977/namss.B-15-77-AK.mcs.airgun/Velocity/SP77-098_SP0064.tif	0.6051000000000001
https://walrus.wr.usgs.gov/namss/data/1977/namss.B-15-77-AK.mcs.airgun/Velocity/SP77-098_SP0124.tif	0.6243
https://walrus.wr.usgs.gov/namss/data/1977/namss.B-15-77-AK.mcs.airgun/Velocity/SP77-098_SP0184.tif	0.5514
https://walrus.wr.usgs.gov/namss/data/1977/namss.B-15-77-AK.mcs.airgun/Velocity/SP77-098_SP0244.tif	0.5593
https://walrus.wr.usgs.gov/namss/data/1977/namss.B-15-77-AK.mcs.airgun/Velocity/SP77-098_SP0304.tif	0.5700000000000001
https://walrus.wr.usgs.gov/namss/data/1977/namss.B-15-77-AK.mcs.airgun/Velocity/SP77-098_SP0364.tif	0.5835
https://walrus.wr.usgs.gov/namss/data/1977/namss.B-15-77-AK.mcs.airgun/Velocity/SP77-098_SP0424.tif	0.6027
https://walrus.wr.usgs.gov/namss/data/1977/namss.B-15-77-AK.mcs.airgun/Velocity/SP77-098_SP0484.tif	0.5882000000000001
https://walrus.wr.usgs.gov/namss/data/1977/namss.B-15-77-AK.mcs.airgun/Velocity/SP77-098_SP0544.tif	0.5678
https://walrus.wr.usgs.gov/namss/data/1977/namss.B-15-77-AK.mcs.airgun/Velocity/SP77-098_SP0604.tif	0.5299
https://walrus.wr.usgs.gov/namss/data/1977/namss.B-15-77-AK.mcs.airgun/Velocity/SP77-098_SP0664.tif	0.4767
https://walrus.wr.usgs.gov/namss/data/1977/namss.B-15-77-AK.mcs.airgun/Velocity/SP77-098_SP0724.tif	0.5466000000000001
https://walrus.wr.usgs.gov/namss/data/1977/namss.B-15-77-AK.mcs.airgun/Velocity/SP77-098_SP0784.tif	0.6008
https://walrus.wr.usgs.gov/namss/data/1977/namss.B-15-77-AK.mcs.airgun/Velocity/SP77-098_SP0844.tif	0.5018
https://walrus.wr.usgs.gov/namss/data/1977/namss.B-15-77-AK.mcs.airgun/Velocity/SP77-098_SP0904.tif	0.4768
https://walrus.wr.usgs.gov/namss/data/1977/namss.B-15-77-AK.mcs.airgun/Velocity/SP77-098_SP0964.tif	0.5083
https://walrus.wr.usgs.gov/namss/data/1977/namss.B-15-77-AK.mcs.airgun/Velocity/SP77-098_SP1024.tif	0.6059
https://walrus.wr.usgs.gov/namss/data/1977/namss.B-15-77-AK.mcs.airgun/Velocity/SP77-100_SP0004.tif	0.5425
https://walrus.wr.usgs.gov/namss/data/1977/namss.B-15-77-AK.mcs.airgun/Velocity/SP77-100_SP0064.tif	0.5944
https://walrus.wr.usgs.gov/namss/data/1977/namss.B-15-77-AK.mcs.airgun/Velocity/SP77-100_SP0124.tif	0.596
https://walrus.wr.usgs.gov/namss/data/1977/namss.B-15-77-AK.mcs.airgun/Velocity/SP77-100_SP0184.tif	0.5536
https://walrus.wr.usgs.gov/namss/data/1977/namss.B-15-77-AK.mcs.airgun/Velocity/SP77-100_SP0244.tif	0.5336000000000001
https://walrus.wr.usgs.gov/namss/data/1977/namss.B-15-77-AK.mcs.airgun/Velocity/SP77-100_SP0304.tif	0.486
https://walrus.wr.usgs.gov/namss/data/1977/namss.B-15-77-AK.mcs.airgun/Velocity/SP77-100_SP0364.tif	0.512
https://walrus.wr.usgs.gov/namss/data/1977/namss.B-15-77-AK.mcs.airgun/Velocity/SP77-100_SP0424.tif	0.5361
https://walrus.wr.usgs.gov/namss/data/1977/namss.B-15-77-AK.mcs.airgun/Velocity/SP77-100_SP0484.tif	0.5434
https://walrus.wr.usgs.gov/namss/data/1977/namss.B-15-77-AK.mcs.airgun/Velocity/SP77-100_SP0544.tif	0.4825
https://walrus.wr.usgs.gov/namss/data/1977/namss.B-15-77-AK.mcs.airgun/Velocity/SP77-100_SP0604.tif	0.48160000000000003
https://walrus.wr.usgs.gov/namss/data/1977/namss.B-15-77-AK.mcs.airgun/Velocity/SP77-100_SP0664.tif	0.5760000000000001
https://walrus.wr.usgs.gov/namss/data/1977/namss.B-15-77-AK.mcs.airgun/Velocity/SP77-100_SP0724.tif	0.6148
https://walrus.wr.usgs.gov/namss/data/1977/namss.B-15-77-AK.mcs.airgun/Velocity/SP77-100_SP0784.tif	0.6439
https://walrus.wr.usgs.gov/namss/data/1977/namss.B-15-77-AK.mcs.airgun/Velocity/SP77-100_SP0844.tif	0.6004
https://walrus.wr.usgs.gov/namss/data/1977/namss.B-15-77-AK.mcs.airgun/Velocity/SP77-100_SP0904.tif	0.6297999999999999
https://walrus.wr.usgs.gov/namss/data/1977/namss.B-15-77-AK.mcs.airgun/Velocity/SP77-100_SP0964.tif	0.6556000000000001
