https://walrus.wr.usgs.gov/namss/data/1977/namss.B-25-77-AK.mcs.airgun/Documentation/77_25map.tif	0.0361
https://walrus.wr.usgs.gov/namss/data/1977/namss.B-25-77-AK.mcs.airgun/Documentation/77_25map1.TIF	156.3
https://walrus.wr.usgs.gov/namss/data/1977/namss.B-25-77-AK.mcs.airgun/Documentation/77_25map1.pdf	3.3
https://walrus.wr.usgs.gov/namss/data/1977/namss.B-25-77-AK.mcs.airgun/Documentation/77_25map10.TIF	143.8
https://walrus.wr.usgs.gov/namss/data/1977/namss.B-25-77-AK.mcs.airgun/Documentation/77_25map10.pdf	3.2
https://walrus.wr.usgs.gov/namss/data/1977/namss.B-25-77-AK.mcs.airgun/Documentation/77_25map11.TIF	141.4
https://walrus.wr.usgs.gov/namss/data/1977/namss.B-25-77-AK.mcs.airgun/Documentation/77_25map11.pdf	3.1
https://walrus.wr.usgs.gov/namss/data/1977/namss.B-25-77-AK.mcs.airgun/Documentation/77_25map12.TIF	140.2
https://walrus.wr.usgs.gov/namss/data/1977/namss.B-25-77-AK.mcs.airgun/Documentation/77_25map12.pdf	3.0
https://walrus.wr.usgs.gov/namss/data/1977/namss.B-25-77-AK.mcs.airgun/Documentation/77_25map13.TIF	142.2
https://walrus.wr.usgs.gov/namss/data/1977/namss.B-25-77-AK.mcs.airgun/Documentation/77_25map13.pdf	3.2
https://walrus.wr.usgs.gov/namss/data/1977/namss.B-25-77-AK.mcs.airgun/Documentation/77_25map14.TIF	140.4
https://walrus.wr.usgs.gov/namss/data/1977/namss.B-25-77-AK.mcs.airgun/Documentation/77_25map14.pdf	3.0
https://walrus.wr.usgs.gov/namss/data/1977/namss.B-25-77-AK.mcs.airgun/Documentation/77_25map15.TIF	140.6
https://walrus.wr.usgs.gov/namss/data/1977/namss.B-25-77-AK.mcs.airgun/Documentation/77_25map15.pdf	3.1
https://walrus.wr.usgs.gov/namss/data/1977/namss.B-25-77-AK.mcs.airgun/Documentation/77_25map16.TIF	141.2
https://walrus.wr.usgs.gov/namss/data/1977/namss.B-25-77-AK.mcs.airgun/Documentation/77_25map16.pdf	3.2
https://walrus.wr.usgs.gov/namss/data/1977/namss.B-25-77-AK.mcs.airgun/Documentation/77_25map17.TIF	142.4
https://walrus.wr.usgs.gov/namss/data/1977/namss.B-25-77-AK.mcs.airgun/Documentation/77_25map17.pdf	3.1
https://walrus.wr.usgs.gov/namss/data/1977/namss.B-25-77-AK.mcs.airgun/Documentation/77_25map18.TIF	141.5
https://walrus.wr.usgs.gov/namss/data/1977/namss.B-25-77-AK.mcs.airgun/Documentation/77_25map18.pdf	3.0
https://walrus.wr.usgs.gov/namss/data/1977/namss.B-25-77-AK.mcs.airgun/Documentation/77_25map19.TIF	142.2
https://walrus.wr.usgs.gov/namss/data/1977/namss.B-25-77-AK.mcs.airgun/Documentation/77_25map19.pdf	2.9
https://walrus.wr.usgs.gov/namss/data/1977/namss.B-25-77-AK.mcs.airgun/Documentation/77_25map20.TIF	140.7
https://walrus.wr.usgs.gov/namss/data/1977/namss.B-25-77-AK.mcs.airgun/Documentation/77_25map20.pdf	2.9
https://walrus.wr.usgs.gov/namss/data/1977/namss.B-25-77-AK.mcs.airgun/Documentation/77_25map21.TIF	140.9
https://walrus.wr.usgs.gov/namss/data/1977/namss.B-25-77-AK.mcs.airgun/Documentation/77_25map21.pdf	3.1
https://walrus.wr.usgs.gov/namss/data/1977/namss.B-25-77-AK.mcs.airgun/Documentation/77_25map22.TIF	142.0
https://walrus.wr.usgs.gov/namss/data/1977/namss.B-25-77-AK.mcs.airgun/Documentation/77_25map22.pdf	2.8
https://walrus.wr.usgs.gov/namss/data/1977/namss.B-25-77-AK.mcs.airgun/Documentation/77_25map3.TIF	155.1
https://walrus.wr.usgs.gov/namss/data/1977/namss.B-25-77-AK.mcs.airgun/Documentation/77_25map3.pdf	3.2
https://walrus.wr.usgs.gov/namss/data/1977/namss.B-25-77-AK.mcs.airgun/Documentation/77_25map4.TIF	154.3
https://walrus.wr.usgs.gov/namss/data/1977/namss.B-25-77-AK.mcs.airgun/Documentation/77_25map4.pdf	3.2
https://walrus.wr.usgs.gov/namss/data/1977/namss.B-25-77-AK.mcs.airgun/Documentation/77_25map6.TIF	155.9
https://walrus.wr.usgs.gov/namss/data/1977/namss.B-25-77-AK.mcs.airgun/Documentation/77_25map6.pdf	3.3
https://walrus.wr.usgs.gov/namss/data/1977/namss.B-25-77-AK.mcs.airgun/Documentation/77_25map7.TIF	155.9
https://walrus.wr.usgs.gov/namss/data/1977/namss.B-25-77-AK.mcs.airgun/Documentation/77_25map7.pdf	3.2
https://walrus.wr.usgs.gov/namss/data/1977/namss.B-25-77-AK.mcs.airgun/Documentation/77_25map8.TIF	140.5
https://walrus.wr.usgs.gov/namss/data/1977/namss.B-25-77-AK.mcs.airgun/Documentation/77_25map8.pdf	3.1
https://walrus.wr.usgs.gov/namss/data/1977/namss.B-25-77-AK.mcs.airgun/Documentation/77_25map9.TIF	139.5
https://walrus.wr.usgs.gov/namss/data/1977/namss.B-25-77-AK.mcs.airgun/Documentation/77_25map9.pdf	3.0
https://walrus.wr.usgs.gov/namss/data/1977/namss.B-25-77-AK.mcs.airgun/Documentation/mmspermit77-25addendum.pdf	0.03
https://walrus.wr.usgs.gov/namss/data/1977/namss.B-25-77-AK.mcs.airgun/Documentation/mmspermit77-25announcement.pdf	0.050100000000000006
https://walrus.wr.usgs.gov/namss/data/1977/namss.B-25-77-AK.mcs.airgun/navigation/77-25.n83.nav.txt	0.7442000000000001
https://walrus.wr.usgs.gov/namss/data/1977/namss.B-25-77-AK.mcs.airgun/navigation/mms77-25.m77.txt	1.4
https://walrus.wr.usgs.gov/namss/data/1977/namss.B-25-77-AK.mcs.airgun/navigation/mmspermit77-25nav.n83.txt	0.998
https://walrus.wr.usgs.gov/namss/data/1977/namss.B-25-77-AK.mcs.airgun/segy/area17_migrated/WB-001_705587.sgy	71.8
https://walrus.wr.usgs.gov/namss/data/1977/namss.B-25-77-AK.mcs.airgun/segy/area17_migrated/WB-003A_939027.sgy	4.4
https://walrus.wr.usgs.gov/namss/data/1977/namss.B-25-77-AK.mcs.airgun/segy/area17_migrated/WB-003_705587.sgy	74.1
https://walrus.wr.usgs.gov/namss/data/1977/namss.B-25-77-AK.mcs.airgun/segy/area17_migrated/WB-009_705587.sgy	20.3
https://walrus.wr.usgs.gov/namss/data/1977/namss.B-25-77-AK.mcs.airgun/segy/area17_migrated/WB-011_1_729198.sgy	10.9
https://walrus.wr.usgs.gov/namss/data/1977/namss.B-25-77-AK.mcs.airgun/segy/area17_migrated/WB-011_729198.sgy	2.3
https://walrus.wr.usgs.gov/namss/data/1977/namss.B-25-77-AK.mcs.airgun/segy/area17_migrated/WB-013_729198-1.sgy	25.8
https://walrus.wr.usgs.gov/namss/data/1977/namss.B-25-77-AK.mcs.airgun/segy/area17_migrated/WB-013_729198-2.sgy	14.7
https://walrus.wr.usgs.gov/namss/data/1977/namss.B-25-77-AK.mcs.airgun/segy/area17_migrated/WB-013_729198.sgy	24.2
https://walrus.wr.usgs.gov/namss/data/1977/namss.B-25-77-AK.mcs.airgun/segy/area17_migrated/WB-015A_729144.sgy	8.7
https://walrus.wr.usgs.gov/namss/data/1977/namss.B-25-77-AK.mcs.airgun/segy/area17_migrated/WB-015A_729198.sgy	29.1
https://walrus.wr.usgs.gov/namss/data/1977/namss.B-25-77-AK.mcs.airgun/segy/area17_migrated/WB-015_729198.sgy	23.3
https://walrus.wr.usgs.gov/namss/data/1977/namss.B-25-77-AK.mcs.airgun/segy/area17_migrated/WB-017_729144.sgy	5.0
https://walrus.wr.usgs.gov/namss/data/1977/namss.B-25-77-AK.mcs.airgun/segy/area17_migrated/WB-037_729144.sgy	45.3
https://walrus.wr.usgs.gov/namss/data/1977/namss.B-25-77-AK.mcs.airgun/segy/area17_migrated/WB-068_728931.sgy	7.4
https://walrus.wr.usgs.gov/namss/data/1977/namss.B-25-77-AK.mcs.airgun/segy/area17_migrated/WB-070_728931.sgy	7.5
https://walrus.wr.usgs.gov/namss/data/1977/namss.B-25-77-AK.mcs.airgun/segy/area17_migrated/WB-072_728931.sgy	7.6
https://walrus.wr.usgs.gov/namss/data/1977/namss.B-25-77-AK.mcs.airgun/segy/area17_migrated/WB-074_728931.sgy	8.5
https://walrus.wr.usgs.gov/namss/data/1977/namss.B-25-77-AK.mcs.airgun/segy/area17_migrated/WB-076_728931.sgy	9.1
https://walrus.wr.usgs.gov/namss/data/1977/namss.B-25-77-AK.mcs.airgun/segy/area17_migrated/WB-078_728931.sgy	7.7
https://walrus.wr.usgs.gov/namss/data/1977/namss.B-25-77-AK.mcs.airgun/segy/area17_migrated/WB-080_728931.sgy	7.6
https://walrus.wr.usgs.gov/namss/data/1977/namss.B-25-77-AK.mcs.airgun/segy/area17_migrated/WB-082_728931.sgy	7.8
https://walrus.wr.usgs.gov/namss/data/1977/namss.B-25-77-AK.mcs.airgun/segy/area17_migrated/WB-084_728931.sgy	9.2
https://walrus.wr.usgs.gov/namss/data/1977/namss.B-25-77-AK.mcs.airgun/segy/area17_migrated/WB-086_728931.sgy	9.2
https://walrus.wr.usgs.gov/namss/data/1977/namss.B-25-77-AK.mcs.airgun/segy/area17_migrated/WB-088_728931.sgy	5.3
https://walrus.wr.usgs.gov/namss/data/1977/namss.B-25-77-AK.mcs.airgun/segy/area17_migrated/WB-090_728931.sgy	10.4
https://walrus.wr.usgs.gov/namss/data/1977/namss.B-25-77-AK.mcs.airgun/segy/area17_migrated/WB-092_784523.sgy	11.5
https://walrus.wr.usgs.gov/namss/data/1977/namss.B-25-77-AK.mcs.airgun/segy/area17_migrated/WB-094_784523.sgy	11.6
https://walrus.wr.usgs.gov/namss/data/1977/namss.B-25-77-AK.mcs.airgun/segy/area17_migrated/WB-096_784523.sgy	11.1
https://walrus.wr.usgs.gov/namss/data/1977/namss.B-25-77-AK.mcs.airgun/segy/area17_migrated/WB-097_784523.sgy	12.1
https://walrus.wr.usgs.gov/namss/data/1977/namss.B-25-77-AK.mcs.airgun/segy/area17_migrated/WB-098_784523.sgy	12.2
https://walrus.wr.usgs.gov/namss/data/1977/namss.B-25-77-AK.mcs.airgun/segy/area17_migrated/WB-100_784523.sgy	11.7
https://walrus.wr.usgs.gov/namss/data/1977/namss.B-25-77-AK.mcs.airgun/segy/area17_migrated/WB-102_784523.sgy	12.1
https://walrus.wr.usgs.gov/namss/data/1977/namss.B-25-77-AK.mcs.airgun/segy/area17_migrated/WB-104_784523.sgy	10.6
https://walrus.wr.usgs.gov/namss/data/1977/namss.B-25-77-AK.mcs.airgun/segy/area17_migrated/WB-106_784523.sgy	9.3
https://walrus.wr.usgs.gov/namss/data/1977/namss.B-25-77-AK.mcs.airgun/segy/area17_migrated/WB-108_784523-1.sgy	4.5
https://walrus.wr.usgs.gov/namss/data/1977/namss.B-25-77-AK.mcs.airgun/segy/area17_migrated/WB-108_784523.sgy	4.2
https://walrus.wr.usgs.gov/namss/data/1977/namss.B-25-77-AK.mcs.airgun/segy/area17_migrated/WB-110_784523.sgy	8.7
https://walrus.wr.usgs.gov/namss/data/1977/namss.B-25-77-AK.mcs.airgun/segy/area17_migrated/WB-112_784523.sgy	8.4
https://walrus.wr.usgs.gov/namss/data/1977/namss.B-25-77-AK.mcs.airgun/segy/area17_migrated/WB-114_784523.sgy	8.6
https://walrus.wr.usgs.gov/namss/data/1977/namss.B-25-77-AK.mcs.airgun/segy/area17_migrated/WB-116_725517.sgy	8.4
https://walrus.wr.usgs.gov/namss/data/1977/namss.B-25-77-AK.mcs.airgun/segy/area17_migrated/WB-118_725517.sgy	9.1
https://walrus.wr.usgs.gov/namss/data/1977/namss.B-25-77-AK.mcs.airgun/segy/area17_stacked/WB-001_750986.sgy	74.1
https://walrus.wr.usgs.gov/namss/data/1977/namss.B-25-77-AK.mcs.airgun/segy/area17_stacked/WB-003A_785597.sgy	4.5
https://walrus.wr.usgs.gov/namss/data/1977/namss.B-25-77-AK.mcs.airgun/segy/area17_stacked/WB-003_750986.sgy	76.5
https://walrus.wr.usgs.gov/namss/data/1977/namss.B-25-77-AK.mcs.airgun/segy/area17_stacked/WB-009_750986.sgy	20.9
https://walrus.wr.usgs.gov/namss/data/1977/namss.B-25-77-AK.mcs.airgun/segy/area17_stacked/WB-011_1_750986.sgy	11.2
https://walrus.wr.usgs.gov/namss/data/1977/namss.B-25-77-AK.mcs.airgun/segy/area17_stacked/WB-011_750986.sgy	2.3
https://walrus.wr.usgs.gov/namss/data/1977/namss.B-25-77-AK.mcs.airgun/segy/area17_stacked/WB-013_789096-1.sgy	26.6
https://walrus.wr.usgs.gov/namss/data/1977/namss.B-25-77-AK.mcs.airgun/segy/area17_stacked/WB-013_789096-2.sgy	14.9
https://walrus.wr.usgs.gov/namss/data/1977/namss.B-25-77-AK.mcs.airgun/segy/area17_stacked/WB-013_789096.sgy	25.0
https://walrus.wr.usgs.gov/namss/data/1977/namss.B-25-77-AK.mcs.airgun/segy/area17_stacked/WB-015A_789096-1.sgy	9.0
https://walrus.wr.usgs.gov/namss/data/1977/namss.B-25-77-AK.mcs.airgun/segy/area17_stacked/WB-015A_789096.sgy	30.1
https://walrus.wr.usgs.gov/namss/data/1977/namss.B-25-77-AK.mcs.airgun/segy/area17_stacked/WB-015_789096.sgy	24.1
https://walrus.wr.usgs.gov/namss/data/1977/namss.B-25-77-AK.mcs.airgun/segy/area17_stacked/WB-017_789096.sgy	5.2
https://walrus.wr.usgs.gov/namss/data/1977/namss.B-25-77-AK.mcs.airgun/segy/area17_stacked/WB-037_789505.sgy	46.8
https://walrus.wr.usgs.gov/namss/data/1977/namss.B-25-77-AK.mcs.airgun/segy/area17_stacked/WB-068_762389.sgy	7.7
https://walrus.wr.usgs.gov/namss/data/1977/namss.B-25-77-AK.mcs.airgun/segy/area17_stacked/WB-070_762389.sgy	7.8
https://walrus.wr.usgs.gov/namss/data/1977/namss.B-25-77-AK.mcs.airgun/segy/area17_stacked/WB-072_762389.sgy	7.8
https://walrus.wr.usgs.gov/namss/data/1977/namss.B-25-77-AK.mcs.airgun/segy/area17_stacked/WB-074_762389.sgy	8.8
https://walrus.wr.usgs.gov/namss/data/1977/namss.B-25-77-AK.mcs.airgun/segy/area17_stacked/WB-076_762389.sgy	9.4
https://walrus.wr.usgs.gov/namss/data/1977/namss.B-25-77-AK.mcs.airgun/segy/area17_stacked/WB-078_762389.sgy	7.9
https://walrus.wr.usgs.gov/namss/data/1977/namss.B-25-77-AK.mcs.airgun/segy/area17_stacked/WB-080_762389.sgy	7.9
https://walrus.wr.usgs.gov/namss/data/1977/namss.B-25-77-AK.mcs.airgun/segy/area17_stacked/WB-082_762389.sgy	8.1
https://walrus.wr.usgs.gov/namss/data/1977/namss.B-25-77-AK.mcs.airgun/segy/area17_stacked/WB-084_762389.sgy	9.5
https://walrus.wr.usgs.gov/namss/data/1977/namss.B-25-77-AK.mcs.airgun/segy/area17_stacked/WB-086_762389.sgy	9.5
https://walrus.wr.usgs.gov/namss/data/1977/namss.B-25-77-AK.mcs.airgun/segy/area17_stacked/WB-088_762389.sgy	5.4
https://walrus.wr.usgs.gov/namss/data/1977/namss.B-25-77-AK.mcs.airgun/segy/area17_stacked/WB-090_762389.sgy	10.7
https://walrus.wr.usgs.gov/namss/data/1977/namss.B-25-77-AK.mcs.airgun/segy/area17_stacked/WB-092_762389.sgy	11.8
https://walrus.wr.usgs.gov/namss/data/1977/namss.B-25-77-AK.mcs.airgun/segy/area17_stacked/WB-094_762369.sgy	12.0
https://walrus.wr.usgs.gov/namss/data/1977/namss.B-25-77-AK.mcs.airgun/segy/area17_stacked/WB-096_762369.sgy	11.5
https://walrus.wr.usgs.gov/namss/data/1977/namss.B-25-77-AK.mcs.airgun/segy/area17_stacked/WB-097_762369.sgy	12.5
https://walrus.wr.usgs.gov/namss/data/1977/namss.B-25-77-AK.mcs.airgun/segy/area17_stacked/WB-098_762369.sgy	12.6
https://walrus.wr.usgs.gov/namss/data/1977/namss.B-25-77-AK.mcs.airgun/segy/area17_stacked/WB-100_762369.sgy	12.1
https://walrus.wr.usgs.gov/namss/data/1977/namss.B-25-77-AK.mcs.airgun/segy/area17_stacked/WB-102_762369.sgy	12.5
https://walrus.wr.usgs.gov/namss/data/1977/namss.B-25-77-AK.mcs.airgun/segy/area17_stacked/WB-104_762369.sgy	10.8
https://walrus.wr.usgs.gov/namss/data/1977/namss.B-25-77-AK.mcs.airgun/segy/area17_stacked/WB-106_762369.sgy	9.7
https://walrus.wr.usgs.gov/namss/data/1977/namss.B-25-77-AK.mcs.airgun/segy/area17_stacked/WB-108_762369-1.sgy	4.6
https://walrus.wr.usgs.gov/namss/data/1977/namss.B-25-77-AK.mcs.airgun/segy/area17_stacked/WB-108_762369.sgy	4.4
https://walrus.wr.usgs.gov/namss/data/1977/namss.B-25-77-AK.mcs.airgun/segy/area17_stacked/WB-110_762369.sgy	9.0
https://walrus.wr.usgs.gov/namss/data/1977/namss.B-25-77-AK.mcs.airgun/segy/area17_stacked/WB-112_762369.sgy	8.7
https://walrus.wr.usgs.gov/namss/data/1977/namss.B-25-77-AK.mcs.airgun/segy/area17_stacked/WB-114_762369.sgy	8.9
https://walrus.wr.usgs.gov/namss/data/1977/namss.B-25-77-AK.mcs.airgun/segy/area17_stacked/WB-116_783935.sgy	8.6
https://walrus.wr.usgs.gov/namss/data/1977/namss.B-25-77-AK.mcs.airgun/segy/area17_stacked/WB-118_783935.sgy	9.4
https://walrus.wr.usgs.gov/namss/data/1977/namss.B-25-77-AK.mcs.airgun/segy/area18_migrated/WB-020_729144.sgy	10.0
https://walrus.wr.usgs.gov/namss/data/1977/namss.B-25-77-AK.mcs.airgun/segy/area18_migrated/WB-022_729144.sgy	9.5
https://walrus.wr.usgs.gov/namss/data/1977/namss.B-25-77-AK.mcs.airgun/segy/area18_migrated/WB-024_729144.sgy	12.1
https://walrus.wr.usgs.gov/namss/data/1977/namss.B-25-77-AK.mcs.airgun/segy/area18_migrated/WB-026_729144.sgy	11.7
https://walrus.wr.usgs.gov/namss/data/1977/namss.B-25-77-AK.mcs.airgun/segy/area18_migrated/WB-028_729144.sgy	12.2
https://walrus.wr.usgs.gov/namss/data/1977/namss.B-25-77-AK.mcs.airgun/segy/area18_migrated/WB-030_729144.sgy	11.6
https://walrus.wr.usgs.gov/namss/data/1977/namss.B-25-77-AK.mcs.airgun/segy/area18_migrated/WB-032_729144.sgy	8.3
https://walrus.wr.usgs.gov/namss/data/1977/namss.B-25-77-AK.mcs.airgun/segy/area18_migrated/WB-034_729144.sgy	9.1
https://walrus.wr.usgs.gov/namss/data/1977/namss.B-25-77-AK.mcs.airgun/segy/area18_migrated/WB-036_729144.sgy	9.1
https://walrus.wr.usgs.gov/namss/data/1977/namss.B-25-77-AK.mcs.airgun/segy/area18_migrated/WB-038_729126.sgy	9.2
https://walrus.wr.usgs.gov/namss/data/1977/namss.B-25-77-AK.mcs.airgun/segy/area18_migrated/WB-039_729126.sgy	32.4
https://walrus.wr.usgs.gov/namss/data/1977/namss.B-25-77-AK.mcs.airgun/segy/area18_migrated/WB-040_729126.sgy	9.6
https://walrus.wr.usgs.gov/namss/data/1977/namss.B-25-77-AK.mcs.airgun/segy/area18_migrated/WB-042_729126.sgy	9.9
https://walrus.wr.usgs.gov/namss/data/1977/namss.B-25-77-AK.mcs.airgun/segy/area18_migrated/WB-044_729126.sgy	9.8
https://walrus.wr.usgs.gov/namss/data/1977/namss.B-25-77-AK.mcs.airgun/segy/area18_migrated/WB-046_729126.sgy	6.1
https://walrus.wr.usgs.gov/namss/data/1977/namss.B-25-77-AK.mcs.airgun/segy/area18_migrated/WB-048_729126.sgy	9.9
https://walrus.wr.usgs.gov/namss/data/1977/namss.B-25-77-AK.mcs.airgun/segy/area18_migrated/WB-050_729126.sgy	10.6
https://walrus.wr.usgs.gov/namss/data/1977/namss.B-25-77-AK.mcs.airgun/segy/area18_migrated/WB-052_729126.sgy	7.1
https://walrus.wr.usgs.gov/namss/data/1977/namss.B-25-77-AK.mcs.airgun/segy/area18_migrated/WB-054_729126.sgy	7.6
https://walrus.wr.usgs.gov/namss/data/1977/namss.B-25-77-AK.mcs.airgun/segy/area18_migrated/WB-056_729126.sgy	7.6
https://walrus.wr.usgs.gov/namss/data/1977/namss.B-25-77-AK.mcs.airgun/segy/area18_migrated/WB-058_729126.sgy	7.5
https://walrus.wr.usgs.gov/namss/data/1977/namss.B-25-77-AK.mcs.airgun/segy/area18_migrated/WB-060_728931.sgy	7.9
https://walrus.wr.usgs.gov/namss/data/1977/namss.B-25-77-AK.mcs.airgun/segy/area18_migrated/WB-062_728931.sgy	8.5
https://walrus.wr.usgs.gov/namss/data/1977/namss.B-25-77-AK.mcs.airgun/segy/area18_migrated/WB-064_728931.sgy	10.4
https://walrus.wr.usgs.gov/namss/data/1977/namss.B-25-77-AK.mcs.airgun/segy/area18_migrated/WB-066_728931.sgy	7.7
https://walrus.wr.usgs.gov/namss/data/1977/namss.B-25-77-AK.mcs.airgun/segy/area18_migrated/WB-140_725517.sgy	9.1
https://walrus.wr.usgs.gov/namss/data/1977/namss.B-25-77-AK.mcs.airgun/segy/area18_migrated/WB-142_725517.sgy	11.2
https://walrus.wr.usgs.gov/namss/data/1977/namss.B-25-77-AK.mcs.airgun/segy/area18_migrated/WB-144_725517.sgy	11.5
https://walrus.wr.usgs.gov/namss/data/1977/namss.B-25-77-AK.mcs.airgun/segy/area18_migrated/WB-146_725517.sgy	8.8
https://walrus.wr.usgs.gov/namss/data/1977/namss.B-25-77-AK.mcs.airgun/segy/area18_migrated/WB-148_725517.sgy	8.8
https://walrus.wr.usgs.gov/namss/data/1977/namss.B-25-77-AK.mcs.airgun/segy/area18_migrated/WB-150_725517.sgy	8.3
https://walrus.wr.usgs.gov/namss/data/1977/namss.B-25-77-AK.mcs.airgun/segy/area18_migrated/WB-152_725517.sgy	8.9
https://walrus.wr.usgs.gov/namss/data/1977/namss.B-25-77-AK.mcs.airgun/segy/area18_migrated/WB-154_725517.sgy	9.0
https://walrus.wr.usgs.gov/namss/data/1977/namss.B-25-77-AK.mcs.airgun/segy/area18_migrated/WB-156_725517.sgy	9.2
https://walrus.wr.usgs.gov/namss/data/1977/namss.B-25-77-AK.mcs.airgun/segy/area18_migrated/WB-158_725517.sgy	8.7
https://walrus.wr.usgs.gov/namss/data/1977/namss.B-25-77-AK.mcs.airgun/segy/area18_migrated/WB-160_725517.sgy	8.1
https://walrus.wr.usgs.gov/namss/data/1977/namss.B-25-77-AK.mcs.airgun/segy/area18_migrated/WB-162_725517.sgy	8.0
https://walrus.wr.usgs.gov/namss/data/1977/namss.B-25-77-AK.mcs.airgun/segy/area18_migrated/WB-164_725517.sgy	7.3
https://walrus.wr.usgs.gov/namss/data/1977/namss.B-25-77-AK.mcs.airgun/segy/area18_migrated/WB-166_725517.sgy	7.4
https://walrus.wr.usgs.gov/namss/data/1977/namss.B-25-77-AK.mcs.airgun/segy/area18_migrated/WB-168_725544.sgy	7.8
https://walrus.wr.usgs.gov/namss/data/1977/namss.B-25-77-AK.mcs.airgun/segy/area18_migrated/WB-170_725544.sgy	7.2
https://walrus.wr.usgs.gov/namss/data/1977/namss.B-25-77-AK.mcs.airgun/segy/area18_migrated/WB-172_725544.sgy	8.7
https://walrus.wr.usgs.gov/namss/data/1977/namss.B-25-77-AK.mcs.airgun/segy/area18_migrated/WB-174_725544.sgy	15.1
https://walrus.wr.usgs.gov/namss/data/1977/namss.B-25-77-AK.mcs.airgun/segy/area18_migrated/WB-176_725544.sgy	1.8
https://walrus.wr.usgs.gov/namss/data/1977/namss.B-25-77-AK.mcs.airgun/segy/area18_migrated/WB-334_725544.sgy	8.3
https://walrus.wr.usgs.gov/namss/data/1977/namss.B-25-77-AK.mcs.airgun/segy/area18_migrated/WB-500_725544.sgy	20.0
https://walrus.wr.usgs.gov/namss/data/1977/namss.B-25-77-AK.mcs.airgun/segy/area18_stacked/WB-020_789505.sgy	10.4
https://walrus.wr.usgs.gov/namss/data/1977/namss.B-25-77-AK.mcs.airgun/segy/area18_stacked/WB-022_789505.sgy	9.8
https://walrus.wr.usgs.gov/namss/data/1977/namss.B-25-77-AK.mcs.airgun/segy/area18_stacked/WB-024_789505.sgy	12.5
https://walrus.wr.usgs.gov/namss/data/1977/namss.B-25-77-AK.mcs.airgun/segy/area18_stacked/WB-026_789505.sgy	12.0
https://walrus.wr.usgs.gov/namss/data/1977/namss.B-25-77-AK.mcs.airgun/segy/area18_stacked/WB-028_789505.sgy	12.6
https://walrus.wr.usgs.gov/namss/data/1977/namss.B-25-77-AK.mcs.airgun/segy/area18_stacked/WB-030_789505.sgy	11.9
https://walrus.wr.usgs.gov/namss/data/1977/namss.B-25-77-AK.mcs.airgun/segy/area18_stacked/WB-032_789505.sgy	8.6
https://walrus.wr.usgs.gov/namss/data/1977/namss.B-25-77-AK.mcs.airgun/segy/area18_stacked/WB-034_789505.sgy	9.4
https://walrus.wr.usgs.gov/namss/data/1977/namss.B-25-77-AK.mcs.airgun/segy/area18_stacked/WB-036_789505.sgy	9.4
https://walrus.wr.usgs.gov/namss/data/1977/namss.B-25-77-AK.mcs.airgun/segy/area18_stacked/WB-038_789606.sgy	9.5
https://walrus.wr.usgs.gov/namss/data/1977/namss.B-25-77-AK.mcs.airgun/segy/area18_stacked/WB-039_789606.sgy	33.5
https://walrus.wr.usgs.gov/namss/data/1977/namss.B-25-77-AK.mcs.airgun/segy/area18_stacked/WB-040_789606.sgy	9.9
https://walrus.wr.usgs.gov/namss/data/1977/namss.B-25-77-AK.mcs.airgun/segy/area18_stacked/WB-042_789606.sgy	10.2
https://walrus.wr.usgs.gov/namss/data/1977/namss.B-25-77-AK.mcs.airgun/segy/area18_stacked/WB-044_789606.sgy	10.2
https://walrus.wr.usgs.gov/namss/data/1977/namss.B-25-77-AK.mcs.airgun/segy/area18_stacked/WB-046_789606.sgy	6.3
https://walrus.wr.usgs.gov/namss/data/1977/namss.B-25-77-AK.mcs.airgun/segy/area18_stacked/WB-048_789606.sgy	10.3
https://walrus.wr.usgs.gov/namss/data/1977/namss.B-25-77-AK.mcs.airgun/segy/area18_stacked/WB-050_789606.sgy	11.0
https://walrus.wr.usgs.gov/namss/data/1977/namss.B-25-77-AK.mcs.airgun/segy/area18_stacked/WB-052_789606.sgy	7.3
https://walrus.wr.usgs.gov/namss/data/1977/namss.B-25-77-AK.mcs.airgun/segy/area18_stacked/WB-054_789606.sgy	7.9
https://walrus.wr.usgs.gov/namss/data/1977/namss.B-25-77-AK.mcs.airgun/segy/area18_stacked/WB-056_789606.sgy	7.8
https://walrus.wr.usgs.gov/namss/data/1977/namss.B-25-77-AK.mcs.airgun/segy/area18_stacked/WB-058_789606.sgy	7.6
https://walrus.wr.usgs.gov/namss/data/1977/namss.B-25-77-AK.mcs.airgun/segy/area18_stacked/WB-060_789606.sgy	8.2
https://walrus.wr.usgs.gov/namss/data/1977/namss.B-25-77-AK.mcs.airgun/segy/area18_stacked/WB-062_762389.sgy	8.8
https://walrus.wr.usgs.gov/namss/data/1977/namss.B-25-77-AK.mcs.airgun/segy/area18_stacked/WB-064_762389.sgy	10.7
https://walrus.wr.usgs.gov/namss/data/1977/namss.B-25-77-AK.mcs.airgun/segy/area18_stacked/WB-066_762389.sgy	7.9
https://walrus.wr.usgs.gov/namss/data/1977/namss.B-25-77-AK.mcs.airgun/segy/area18_stacked/WB-140_783935.sgy	9.3
https://walrus.wr.usgs.gov/namss/data/1977/namss.B-25-77-AK.mcs.airgun/segy/area18_stacked/WB-142_783935.sgy	11.5
https://walrus.wr.usgs.gov/namss/data/1977/namss.B-25-77-AK.mcs.airgun/segy/area18_stacked/WB-144_783935.sgy	11.9
https://walrus.wr.usgs.gov/namss/data/1977/namss.B-25-77-AK.mcs.airgun/segy/area18_stacked/WB-146_783935.sgy	9.1
https://walrus.wr.usgs.gov/namss/data/1977/namss.B-25-77-AK.mcs.airgun/segy/area18_stacked/WB-148_783935.sgy	9.1
https://walrus.wr.usgs.gov/namss/data/1977/namss.B-25-77-AK.mcs.airgun/segy/area18_stacked/WB-150_783935.sgy	8.6
https://walrus.wr.usgs.gov/namss/data/1977/namss.B-25-77-AK.mcs.airgun/segy/area18_stacked/WB-152_783935.sgy	9.2
https://walrus.wr.usgs.gov/namss/data/1977/namss.B-25-77-AK.mcs.airgun/segy/area18_stacked/WB-154_783935.sgy	9.3
https://walrus.wr.usgs.gov/namss/data/1977/namss.B-25-77-AK.mcs.airgun/segy/area18_stacked/WB-156_783935.sgy	9.5
https://walrus.wr.usgs.gov/namss/data/1977/namss.B-25-77-AK.mcs.airgun/segy/area18_stacked/WB-158_783935.sgy	9.0
https://walrus.wr.usgs.gov/namss/data/1977/namss.B-25-77-AK.mcs.airgun/segy/area18_stacked/WB-160_783935.sgy	8.4
https://walrus.wr.usgs.gov/namss/data/1977/namss.B-25-77-AK.mcs.airgun/segy/area18_stacked/WB-162_783935.sgy	8.3
https://walrus.wr.usgs.gov/namss/data/1977/namss.B-25-77-AK.mcs.airgun/segy/area18_stacked/WB-164_783935.sgy	7.5
https://walrus.wr.usgs.gov/namss/data/1977/namss.B-25-77-AK.mcs.airgun/segy/area18_stacked/WB-166_783935.sgy	7.6
https://walrus.wr.usgs.gov/namss/data/1977/namss.B-25-77-AK.mcs.airgun/segy/area18_stacked/WB-168_783956.sgy	8.0
https://walrus.wr.usgs.gov/namss/data/1977/namss.B-25-77-AK.mcs.airgun/segy/area18_stacked/WB-170_783956.sgy	7.5
https://walrus.wr.usgs.gov/namss/data/1977/namss.B-25-77-AK.mcs.airgun/segy/area18_stacked/WB-172_783956.sgy	8.9
https://walrus.wr.usgs.gov/namss/data/1977/namss.B-25-77-AK.mcs.airgun/segy/area18_stacked/WB-174_783956.sgy	15.6
https://walrus.wr.usgs.gov/namss/data/1977/namss.B-25-77-AK.mcs.airgun/segy/area18_stacked/WB-176_783956.sgy	1.8
https://walrus.wr.usgs.gov/namss/data/1977/namss.B-25-77-AK.mcs.airgun/segy/area18_stacked/WB-334_783956.sgy	8.6
https://walrus.wr.usgs.gov/namss/data/1977/namss.B-25-77-AK.mcs.airgun/segy/area18_stacked/WB-500_783956.sgy	20.7
https://walrus.wr.usgs.gov/namss/data/1977/namss.B-25-77-AK.mcs.airgun/segy/area5_migrated/WB-007__758597-1.sgy	11.3
https://walrus.wr.usgs.gov/namss/data/1977/namss.B-25-77-AK.mcs.airgun/segy/area5_migrated/WB-007__758597.sgy	1.2
https://walrus.wr.usgs.gov/namss/data/1977/namss.B-25-77-AK.mcs.airgun/segy/area5_migrated/WB-016A__758597.sgy	1.4
https://walrus.wr.usgs.gov/namss/data/1977/namss.B-25-77-AK.mcs.airgun/segy/area5_migrated/WB-019__758597.sgy	11.5
https://walrus.wr.usgs.gov/namss/data/1977/namss.B-25-77-AK.mcs.airgun/segy/area5_migrated/WB-021__758597-1.sgy	0.7111000000000001
https://walrus.wr.usgs.gov/namss/data/1977/namss.B-25-77-AK.mcs.airgun/segy/area5_migrated/WB-021__758597.sgy	7.0
https://walrus.wr.usgs.gov/namss/data/1977/namss.B-25-77-AK.mcs.airgun/segy/area5_migrated/WB-022A__758597.sgy	3.8
https://walrus.wr.usgs.gov/namss/data/1977/namss.B-25-77-AK.mcs.airgun/segy/area5_migrated/WB-023__758597.sgy	6.3
https://walrus.wr.usgs.gov/namss/data/1977/namss.B-25-77-AK.mcs.airgun/segy/area5_migrated/WB-024A__758597.sgy	3.2
https://walrus.wr.usgs.gov/namss/data/1977/namss.B-25-77-AK.mcs.airgun/segy/area5_migrated/WB-025__758597.sgy	3.5
https://walrus.wr.usgs.gov/namss/data/1977/namss.B-25-77-AK.mcs.airgun/segy/area5_migrated/WB-027__758597.sgy	9.5
https://walrus.wr.usgs.gov/namss/data/1977/namss.B-25-77-AK.mcs.airgun/segy/area5_migrated/WB-028A__758597.sgy	1.4
https://walrus.wr.usgs.gov/namss/data/1977/namss.B-25-77-AK.mcs.airgun/segy/area5_migrated/WB-029__758597.sgy	6.8
https://walrus.wr.usgs.gov/namss/data/1977/namss.B-25-77-AK.mcs.airgun/segy/area5_migrated/WB-031__758597.sgy	6.4
https://walrus.wr.usgs.gov/namss/data/1977/namss.B-25-77-AK.mcs.airgun/segy/area5_migrated/WB-033__758597-1.sgy	3.3
https://walrus.wr.usgs.gov/namss/data/1977/namss.B-25-77-AK.mcs.airgun/segy/area5_migrated/WB-033__758597.sgy	3.2
https://walrus.wr.usgs.gov/namss/data/1977/namss.B-25-77-AK.mcs.airgun/segy/area5_migrated/WB-035__758597.sgy	11.6
https://walrus.wr.usgs.gov/namss/data/1977/namss.B-25-77-AK.mcs.airgun/segy/area5_migrated/WB-038A__758597.sgy	3.0
https://walrus.wr.usgs.gov/namss/data/1977/namss.B-25-77-AK.mcs.airgun/segy/area5_migrated/WB-040A__758597.sgy	2.1
https://walrus.wr.usgs.gov/namss/data/1977/namss.B-25-77-AK.mcs.airgun/segy/area5_migrated/WB-042A__758597-1.sgy	1.9
https://walrus.wr.usgs.gov/namss/data/1977/namss.B-25-77-AK.mcs.airgun/segy/area5_migrated/WB-042A__758597.sgy	1.2
https://walrus.wr.usgs.gov/namss/data/1977/namss.B-25-77-AK.mcs.airgun/segy/area5_migrated/WB-044A__758597.sgy	0.843
https://walrus.wr.usgs.gov/namss/data/1977/namss.B-25-77-AK.mcs.airgun/segy/area5_migrated/WB-064A__758597.sgy	1.9
https://walrus.wr.usgs.gov/namss/data/1977/namss.B-25-77-AK.mcs.airgun/segy/area5_migrated/WB-066A__758597.sgy	3.1
https://walrus.wr.usgs.gov/namss/data/1977/namss.B-25-77-AK.mcs.airgun/segy/area5_migrated/WB-068A__758597.sgy	3.2
https://walrus.wr.usgs.gov/namss/data/1977/namss.B-25-77-AK.mcs.airgun/segy/area5_migrated/WB-072A__758597.sgy	3.5
https://walrus.wr.usgs.gov/namss/data/1977/namss.B-25-77-AK.mcs.airgun/segy/area5_migrated/WB-076A__758597.sgy	1.2
https://walrus.wr.usgs.gov/namss/data/1977/namss.B-25-77-AK.mcs.airgun/segy/area5_migrated/WB-120__758597.sgy	1.9
https://walrus.wr.usgs.gov/namss/data/1977/namss.B-25-77-AK.mcs.airgun/segy/area5_migrated/WB-122__758597.sgy	1.5
https://walrus.wr.usgs.gov/namss/data/1977/namss.B-25-77-AK.mcs.airgun/segy/area5_migrated/WB-124__758597.sgy	1.7
https://walrus.wr.usgs.gov/namss/data/1977/namss.B-25-77-AK.mcs.airgun/segy/area5_migrated/WB-126__758597.sgy	2.0
https://walrus.wr.usgs.gov/namss/data/1977/namss.B-25-77-AK.mcs.airgun/segy/area5_migrated/WB-128__758597.sgy	2.1
https://walrus.wr.usgs.gov/namss/data/1977/namss.B-25-77-AK.mcs.airgun/segy/area5_migrated/WB-130__758597.sgy	2.5
https://walrus.wr.usgs.gov/namss/data/1977/namss.B-25-77-AK.mcs.airgun/segy/area5_migrated/WB-132__758597.sgy	2.5
https://walrus.wr.usgs.gov/namss/data/1977/namss.B-25-77-AK.mcs.airgun/segy/area5_migrated/WB-134__758597.sgy	1.6
https://walrus.wr.usgs.gov/namss/data/1977/namss.B-25-77-AK.mcs.airgun/segy/area5_migrated/WB-136__758597.sgy	1.8
https://walrus.wr.usgs.gov/namss/data/1977/namss.B-25-77-AK.mcs.airgun/segy/area5_migrated/WB-138__766398.sgy	1.2
https://walrus.wr.usgs.gov/namss/data/1977/namss.B-25-77-AK.mcs.airgun/segy/area5_migrated/WB-200__766398.sgy	2.4
https://walrus.wr.usgs.gov/namss/data/1977/namss.B-25-77-AK.mcs.airgun/segy/area5_migrated/WB-201__766398.sgy	11.2
https://walrus.wr.usgs.gov/namss/data/1977/namss.B-25-77-AK.mcs.airgun/segy/area5_migrated/WB-202__766398.sgy	2.7
https://walrus.wr.usgs.gov/namss/data/1977/namss.B-25-77-AK.mcs.airgun/segy/area5_migrated/WB-203__766398.sgy	2.0
https://walrus.wr.usgs.gov/namss/data/1977/namss.B-25-77-AK.mcs.airgun/segy/area5_migrated/WB-204__766398.sgy	2.1
https://walrus.wr.usgs.gov/namss/data/1977/namss.B-25-77-AK.mcs.airgun/segy/area5_migrated/WB-205__766398.sgy	2.7
https://walrus.wr.usgs.gov/namss/data/1977/namss.B-25-77-AK.mcs.airgun/segy/area5_migrated/WB-206__766398.sgy	2.7
https://walrus.wr.usgs.gov/namss/data/1977/namss.B-25-77-AK.mcs.airgun/segy/area5_migrated/WB-207__766398.sgy	1.8
https://walrus.wr.usgs.gov/namss/data/1977/namss.B-25-77-AK.mcs.airgun/segy/area5_migrated/WB-208__766398.sgy	2.3
https://walrus.wr.usgs.gov/namss/data/1977/namss.B-25-77-AK.mcs.airgun/segy/area5_migrated/WB-209__766398.sgy	2.4
https://walrus.wr.usgs.gov/namss/data/1977/namss.B-25-77-AK.mcs.airgun/segy/area5_migrated/WB-210__766398.sgy	3.5
https://walrus.wr.usgs.gov/namss/data/1977/namss.B-25-77-AK.mcs.airgun/segy/area5_migrated/WB-211__766398.sgy	1.6
https://walrus.wr.usgs.gov/namss/data/1977/namss.B-25-77-AK.mcs.airgun/segy/area5_migrated/WB-213__766398.sgy	1.1
https://walrus.wr.usgs.gov/namss/data/1977/namss.B-25-77-AK.mcs.airgun/segy/area5_migrated/WB-214__766398.sgy	3.3
https://walrus.wr.usgs.gov/namss/data/1977/namss.B-25-77-AK.mcs.airgun/segy/area5_migrated/WB-215__766398.sgy	2.7
https://walrus.wr.usgs.gov/namss/data/1977/namss.B-25-77-AK.mcs.airgun/segy/area5_migrated/WB-216__766398.sgy	2.8
https://walrus.wr.usgs.gov/namss/data/1977/namss.B-25-77-AK.mcs.airgun/segy/area5_migrated/WB-217__766398.sgy	2.7
https://walrus.wr.usgs.gov/namss/data/1977/namss.B-25-77-AK.mcs.airgun/segy/area5_migrated/WB-218__766398.sgy	2.2
https://walrus.wr.usgs.gov/namss/data/1977/namss.B-25-77-AK.mcs.airgun/segy/area5_migrated/WB-219__766398.sgy	2.8
https://walrus.wr.usgs.gov/namss/data/1977/namss.B-25-77-AK.mcs.airgun/segy/area5_migrated/WB-220__766398.sgy	2.2
https://walrus.wr.usgs.gov/namss/data/1977/namss.B-25-77-AK.mcs.airgun/segy/area5_migrated/WB-221__766398.sgy	2.7
https://walrus.wr.usgs.gov/namss/data/1977/namss.B-25-77-AK.mcs.airgun/segy/area5_migrated/WB-222__766398.sgy	4.0
https://walrus.wr.usgs.gov/namss/data/1977/namss.B-25-77-AK.mcs.airgun/segy/area5_migrated/WB-602A__766398.sgy	1.6
https://walrus.wr.usgs.gov/namss/data/1977/namss.B-25-77-AK.mcs.airgun/segy/area5_migrated/WB-604A__766398.sgy	3.9
https://walrus.wr.usgs.gov/namss/data/1977/namss.B-25-77-AK.mcs.airgun/segy/area5_migrated/WB-606A__766398.sgy	2.8
https://walrus.wr.usgs.gov/namss/data/1977/namss.B-25-77-AK.mcs.airgun/segy/area5_migrated/WB-608A__766398.sgy	3.1
https://walrus.wr.usgs.gov/namss/data/1977/namss.B-25-77-AK.mcs.airgun/segy/area5_stacked/WB-007__746057-1.sgy	11.6
https://walrus.wr.usgs.gov/namss/data/1977/namss.B-25-77-AK.mcs.airgun/segy/area5_stacked/WB-007__746057.sgy	1.3
https://walrus.wr.usgs.gov/namss/data/1977/namss.B-25-77-AK.mcs.airgun/segy/area5_stacked/WB-016A__746057.sgy	1.4
https://walrus.wr.usgs.gov/namss/data/1977/namss.B-25-77-AK.mcs.airgun/segy/area5_stacked/WB-019__746057.sgy	11.8
https://walrus.wr.usgs.gov/namss/data/1977/namss.B-25-77-AK.mcs.airgun/segy/area5_stacked/WB-021__746057-1.sgy	0.7341000000000001
https://walrus.wr.usgs.gov/namss/data/1977/namss.B-25-77-AK.mcs.airgun/segy/area5_stacked/WB-021__746057.sgy	7.2
https://walrus.wr.usgs.gov/namss/data/1977/namss.B-25-77-AK.mcs.airgun/segy/area5_stacked/WB-022A__746057.sgy	3.9
https://walrus.wr.usgs.gov/namss/data/1977/namss.B-25-77-AK.mcs.airgun/segy/area5_stacked/WB-023__746057.sgy	6.5
https://walrus.wr.usgs.gov/namss/data/1977/namss.B-25-77-AK.mcs.airgun/segy/area5_stacked/WB-024A__746057.sgy	3.3
https://walrus.wr.usgs.gov/namss/data/1977/namss.B-25-77-AK.mcs.airgun/segy/area5_stacked/WB-025__746057.sgy	3.7
https://walrus.wr.usgs.gov/namss/data/1977/namss.B-25-77-AK.mcs.airgun/segy/area5_stacked/WB-027__746057.sgy	9.8
https://walrus.wr.usgs.gov/namss/data/1977/namss.B-25-77-AK.mcs.airgun/segy/area5_stacked/WB-028A__746057.sgy	1.5
https://walrus.wr.usgs.gov/namss/data/1977/namss.B-25-77-AK.mcs.airgun/segy/area5_stacked/WB-029__746057.sgy	7.0
https://walrus.wr.usgs.gov/namss/data/1977/namss.B-25-77-AK.mcs.airgun/segy/area5_stacked/WB-031__746057.sgy	6.6
https://walrus.wr.usgs.gov/namss/data/1977/namss.B-25-77-AK.mcs.airgun/segy/area5_stacked/WB-033__746057-1.sgy	3.4
https://walrus.wr.usgs.gov/namss/data/1977/namss.B-25-77-AK.mcs.airgun/segy/area5_stacked/WB-033__746057.sgy	3.3
https://walrus.wr.usgs.gov/namss/data/1977/namss.B-25-77-AK.mcs.airgun/segy/area5_stacked/WB-035__746057.sgy	12.0
https://walrus.wr.usgs.gov/namss/data/1977/namss.B-25-77-AK.mcs.airgun/segy/area5_stacked/WB-038A__746057.sgy	3.1
https://walrus.wr.usgs.gov/namss/data/1977/namss.B-25-77-AK.mcs.airgun/segy/area5_stacked/WB-040A__746057.sgy	2.1
https://walrus.wr.usgs.gov/namss/data/1977/namss.B-25-77-AK.mcs.airgun/segy/area5_stacked/WB-042A__746057-1.sgy	2.0
https://walrus.wr.usgs.gov/namss/data/1977/namss.B-25-77-AK.mcs.airgun/segy/area5_stacked/WB-042A__746057.sgy	1.2
https://walrus.wr.usgs.gov/namss/data/1977/namss.B-25-77-AK.mcs.airgun/segy/area5_stacked/WB-044A__746057.sgy	0.8703
https://walrus.wr.usgs.gov/namss/data/1977/namss.B-25-77-AK.mcs.airgun/segy/area5_stacked/WB-064A__746057.sgy	1.9
https://walrus.wr.usgs.gov/namss/data/1977/namss.B-25-77-AK.mcs.airgun/segy/area5_stacked/WB-066A__746057.sgy	3.2
https://walrus.wr.usgs.gov/namss/data/1977/namss.B-25-77-AK.mcs.airgun/segy/area5_stacked/WB-068A__746057.sgy	3.3
https://walrus.wr.usgs.gov/namss/data/1977/namss.B-25-77-AK.mcs.airgun/segy/area5_stacked/WB-072A__746057.sgy	3.6
https://walrus.wr.usgs.gov/namss/data/1977/namss.B-25-77-AK.mcs.airgun/segy/area5_stacked/WB-076A__746057.sgy	1.3
https://walrus.wr.usgs.gov/namss/data/1977/namss.B-25-77-AK.mcs.airgun/segy/area5_stacked/WB-120__746057.sgy	1.9
https://walrus.wr.usgs.gov/namss/data/1977/namss.B-25-77-AK.mcs.airgun/segy/area5_stacked/WB-122__746057.sgy	1.5
https://walrus.wr.usgs.gov/namss/data/1977/namss.B-25-77-AK.mcs.airgun/segy/area5_stacked/WB-124__746057.sgy	1.7
https://walrus.wr.usgs.gov/namss/data/1977/namss.B-25-77-AK.mcs.airgun/segy/area5_stacked/WB-126__746057.sgy	2.0
https://walrus.wr.usgs.gov/namss/data/1977/namss.B-25-77-AK.mcs.airgun/segy/area5_stacked/WB-128__746057.sgy	2.1
https://walrus.wr.usgs.gov/namss/data/1977/namss.B-25-77-AK.mcs.airgun/segy/area5_stacked/WB-130__746057.sgy	2.6
https://walrus.wr.usgs.gov/namss/data/1977/namss.B-25-77-AK.mcs.airgun/segy/area5_stacked/WB-132__746057.sgy	2.6
https://walrus.wr.usgs.gov/namss/data/1977/namss.B-25-77-AK.mcs.airgun/segy/area5_stacked/WB-134__746057.sgy	1.7
https://walrus.wr.usgs.gov/namss/data/1977/namss.B-25-77-AK.mcs.airgun/segy/area5_stacked/WB-136__746057.sgy	1.8
https://walrus.wr.usgs.gov/namss/data/1977/namss.B-25-77-AK.mcs.airgun/segy/area5_stacked/WB-138__746896.sgy	1.2
https://walrus.wr.usgs.gov/namss/data/1977/namss.B-25-77-AK.mcs.airgun/segy/area5_stacked/WB-200__746896.sgy	2.5
https://walrus.wr.usgs.gov/namss/data/1977/namss.B-25-77-AK.mcs.airgun/segy/area5_stacked/WB-201__746896.sgy	11.5
https://walrus.wr.usgs.gov/namss/data/1977/namss.B-25-77-AK.mcs.airgun/segy/area5_stacked/WB-202__746896.sgy	2.8
https://walrus.wr.usgs.gov/namss/data/1977/namss.B-25-77-AK.mcs.airgun/segy/area5_stacked/WB-203__746896.sgy	2.1
https://walrus.wr.usgs.gov/namss/data/1977/namss.B-25-77-AK.mcs.airgun/segy/area5_stacked/WB-204__746896.sgy	2.1
https://walrus.wr.usgs.gov/namss/data/1977/namss.B-25-77-AK.mcs.airgun/segy/area5_stacked/WB-205__746896.sgy	2.8
https://walrus.wr.usgs.gov/namss/data/1977/namss.B-25-77-AK.mcs.airgun/segy/area5_stacked/WB-206__746896.sgy	2.8
https://walrus.wr.usgs.gov/namss/data/1977/namss.B-25-77-AK.mcs.airgun/segy/area5_stacked/WB-207__746896.sgy	1.9
https://walrus.wr.usgs.gov/namss/data/1977/namss.B-25-77-AK.mcs.airgun/segy/area5_stacked/WB-208__746896.sgy	2.4
https://walrus.wr.usgs.gov/namss/data/1977/namss.B-25-77-AK.mcs.airgun/segy/area5_stacked/WB-209__746896.sgy	2.4
https://walrus.wr.usgs.gov/namss/data/1977/namss.B-25-77-AK.mcs.airgun/segy/area5_stacked/WB-210__746896.sgy	3.7
https://walrus.wr.usgs.gov/namss/data/1977/namss.B-25-77-AK.mcs.airgun/segy/area5_stacked/WB-211__746896.sgy	1.6
https://walrus.wr.usgs.gov/namss/data/1977/namss.B-25-77-AK.mcs.airgun/segy/area5_stacked/WB-213__746896.sgy	1.2
https://walrus.wr.usgs.gov/namss/data/1977/namss.B-25-77-AK.mcs.airgun/segy/area5_stacked/WB-214__746896.sgy	3.4
https://walrus.wr.usgs.gov/namss/data/1977/namss.B-25-77-AK.mcs.airgun/segy/area5_stacked/WB-215__746896.sgy	2.8
https://walrus.wr.usgs.gov/namss/data/1977/namss.B-25-77-AK.mcs.airgun/segy/area5_stacked/WB-216__746896.sgy	2.9
https://walrus.wr.usgs.gov/namss/data/1977/namss.B-25-77-AK.mcs.airgun/segy/area5_stacked/WB-217__746896.sgy	2.8
https://walrus.wr.usgs.gov/namss/data/1977/namss.B-25-77-AK.mcs.airgun/segy/area5_stacked/WB-218__746896.sgy	2.2
https://walrus.wr.usgs.gov/namss/data/1977/namss.B-25-77-AK.mcs.airgun/segy/area5_stacked/WB-219__746896.sgy	2.9
https://walrus.wr.usgs.gov/namss/data/1977/namss.B-25-77-AK.mcs.airgun/segy/area5_stacked/WB-220__746896.sgy	2.3
https://walrus.wr.usgs.gov/namss/data/1977/namss.B-25-77-AK.mcs.airgun/segy/area5_stacked/WB-221__746896.sgy	2.8
https://walrus.wr.usgs.gov/namss/data/1977/namss.B-25-77-AK.mcs.airgun/segy/area5_stacked/WB-222__746896.sgy	4.1
https://walrus.wr.usgs.gov/namss/data/1977/namss.B-25-77-AK.mcs.airgun/segy/area5_stacked/WB-602A__746896.sgy	1.6
https://walrus.wr.usgs.gov/namss/data/1977/namss.B-25-77-AK.mcs.airgun/segy/area5_stacked/WB-604A__746896.sgy	4.1
https://walrus.wr.usgs.gov/namss/data/1977/namss.B-25-77-AK.mcs.airgun/segy/area5_stacked/WB-606A__746896.sgy	2.9
https://walrus.wr.usgs.gov/namss/data/1977/namss.B-25-77-AK.mcs.airgun/segy/area5_stacked/WB-608A__746896.sgy	3.2
https://walrus.wr.usgs.gov/namss/data/1977/namss.B-25-77-AK.mcs.airgun/tiff/version_1/AK77-25_LineWB-001_SP1000-100.tif	121.4
https://walrus.wr.usgs.gov/namss/data/1977/namss.B-25-77-AK.mcs.airgun/tiff/version_1/AK77-25_LineWB-001_SP10720-9760.tif	120.4
https://walrus.wr.usgs.gov/namss/data/1977/namss.B-25-77-AK.mcs.airgun/tiff/version_1/AK77-25_LineWB-001_SP11140-10750.tif	57.3
https://walrus.wr.usgs.gov/namss/data/1977/namss.B-25-77-AK.mcs.airgun/tiff/version_1/AK77-25_LineWB-001_SP11980-11077B.tif	119.6
https://walrus.wr.usgs.gov/namss/data/1977/namss.B-25-77-AK.mcs.airgun/tiff/version_1/AK77-25_LineWB-001_SP11980-11077Bv2.tif	121.6
https://walrus.wr.usgs.gov/namss/data/1977/namss.B-25-77-AK.mcs.airgun/tiff/version_1/AK77-25_LineWB-001_SP12310-10660.tif	209.8
https://walrus.wr.usgs.gov/namss/data/1977/namss.B-25-77-AK.mcs.airgun/tiff/version_1/AK77-25_LineWB-001_SP12310-12010.tif	49.3
https://walrus.wr.usgs.gov/namss/data/1977/namss.B-25-77-AK.mcs.airgun/tiff/version_1/AK77-25_LineWB-001_SP1780-1687.tif	31.6
https://walrus.wr.usgs.gov/namss/data/1977/namss.B-25-77-AK.mcs.airgun/tiff/version_1/AK77-25_LineWB-001_SP1828A-1030.tif	101.9
https://walrus.wr.usgs.gov/namss/data/1977/namss.B-25-77-AK.mcs.airgun/tiff/version_1/AK77-25_LineWB-001_SP2440-1732.tif	94.9
https://walrus.wr.usgs.gov/namss/data/1977/namss.B-25-77-AK.mcs.airgun/tiff/version_1/AK77-25_LineWB-001_SP3373A-2470.tif	121.0
https://walrus.wr.usgs.gov/namss/data/1977/namss.B-25-77-AK.mcs.airgun/tiff/version_1/AK77-25_LineWB-001_SP3640-3325.tif	49.8
https://walrus.wr.usgs.gov/namss/data/1977/namss.B-25-77-AK.mcs.airgun/tiff/version_1/AK77-25_LineWB-001_SP4570A-3670.tif	120.2
https://walrus.wr.usgs.gov/namss/data/1977/namss.B-25-77-AK.mcs.airgun/tiff/version_1/AK77-25_LineWB-001_SP5050-4523.tif	77.3
https://walrus.wr.usgs.gov/namss/data/1977/namss.B-25-77-AK.mcs.airgun/tiff/version_1/AK77-25_LineWB-001_SP6040-5080.tif	122.0
https://walrus.wr.usgs.gov/namss/data/1977/namss.B-25-77-AK.mcs.airgun/tiff/version_1/AK77-25_LineWB-001_SP6966-6070.tif	121.6
https://walrus.wr.usgs.gov/namss/data/1977/namss.B-25-77-AK.mcs.airgun/tiff/version_1/AK77-25_LineWB-001_SP7780-6871.tif	119.5
https://walrus.wr.usgs.gov/namss/data/1977/namss.B-25-77-AK.mcs.airgun/tiff/version_1/AK77-25_LineWB-001_SP8770-7810.tif	116.3
https://walrus.wr.usgs.gov/namss/data/1977/namss.B-25-77-AK.mcs.airgun/tiff/version_1/AK77-25_LineWB-001_SP9730-8800.tif	120.4
https://walrus.wr.usgs.gov/namss/data/1977/namss.B-25-77-AK.mcs.airgun/tiff/version_1/AK77-25_LineWB-001_SP9730-8800v2.tif	119.6
https://walrus.wr.usgs.gov/namss/data/1977/namss.B-25-77-AK.mcs.airgun/tiff/version_1/AK77-25_LineWB-003A_SP7390-5920.tif	204.6
https://walrus.wr.usgs.gov/namss/data/1977/namss.B-25-77-AK.mcs.airgun/tiff/version_1/AK77-25_LineWB-003A_SP7390-6880.tif	73.2
https://walrus.wr.usgs.gov/namss/data/1977/namss.B-25-77-AK.mcs.airgun/tiff/version_1/AK77-25_LineWB-003A_SP7549-6635.tif	120.1
https://walrus.wr.usgs.gov/namss/data/1977/namss.B-25-77-AK.mcs.airgun/tiff/version_1/AK77-25_LineWB-003_SP1000-100.tif	120.5
https://walrus.wr.usgs.gov/namss/data/1977/namss.B-25-77-AK.mcs.airgun/tiff/version_1/AK77-25_LineWB-003_SP10270-9340.tif	124.0
https://walrus.wr.usgs.gov/namss/data/1977/namss.B-25-77-AK.mcs.airgun/tiff/version_1/AK77-25_LineWB-003_SP10270-9340ver2.tif	123.1
https://walrus.wr.usgs.gov/namss/data/1977/namss.B-25-77-AK.mcs.airgun/tiff/version_1/AK77-25_LineWB-003_SP11260-10300.tif	124.4
https://walrus.wr.usgs.gov/namss/data/1977/namss.B-25-77-AK.mcs.airgun/tiff/version_1/AK77-25_LineWB-003_SP11281-10300.tif	123.6
https://walrus.wr.usgs.gov/namss/data/1977/namss.B-25-77-AK.mcs.airgun/tiff/version_1/AK77-25_LineWB-003_SP11629-11290.tif	53.3
https://walrus.wr.usgs.gov/namss/data/1977/namss.B-25-77-AK.mcs.airgun/tiff/version_1/AK77-25_LineWB-003_SP11629-11629.tif	51.7
https://walrus.wr.usgs.gov/namss/data/1977/namss.B-25-77-AK.mcs.airgun/tiff/version_1/AK77-25_LineWB-003_SP11770-11515A.tif	45.6
https://walrus.wr.usgs.gov/namss/data/1977/namss.B-25-77-AK.mcs.airgun/tiff/version_1/AK77-25_LineWB-003_SP12040-11515A.tif	72.8
https://walrus.wr.usgs.gov/namss/data/1977/namss.B-25-77-AK.mcs.airgun/tiff/version_1/AK77-25_LineWB-003_SP12709-11000.tif	217.2
https://walrus.wr.usgs.gov/namss/data/1977/namss.B-25-77-AK.mcs.airgun/tiff/version_1/AK77-25_LineWB-003_SP12709-11800.tif	123.9
https://walrus.wr.usgs.gov/namss/data/1977/namss.B-25-77-AK.mcs.airgun/tiff/version_1/AK77-25_LineWB-003_SP12709-12070.tif	90.7
https://walrus.wr.usgs.gov/namss/data/1977/namss.B-25-77-AK.mcs.airgun/tiff/version_1/AK77-25_LineWB-003_SP1798A-100.tif	227.6
https://walrus.wr.usgs.gov/namss/data/1977/namss.B-25-77-AK.mcs.airgun/tiff/version_1/AK77-25_LineWB-003_SP1798A-1030.tif	98.3
https://walrus.wr.usgs.gov/namss/data/1977/namss.B-25-77-AK.mcs.airgun/tiff/version_1/AK77-25_LineWB-003_SP2122-1747.tif	63.3
https://walrus.wr.usgs.gov/namss/data/1977/namss.B-25-77-AK.mcs.airgun/tiff/version_1/AK77-25_LineWB-003_SP2122-1747ver2.tif	63.2
https://walrus.wr.usgs.gov/namss/data/1977/namss.B-25-77-AK.mcs.airgun/tiff/version_1/AK77-25_LineWB-003_SP2596A-2071A.tif	78.6
https://walrus.wr.usgs.gov/namss/data/1977/namss.B-25-77-AK.mcs.airgun/tiff/version_1/AK77-25_LineWB-003_SP2596A-2071Aver2.tif	77.8
https://walrus.wr.usgs.gov/namss/data/1977/namss.B-25-77-AK.mcs.airgun/tiff/version_1/AK77-25_LineWB-003_SP3490-2548.tif	139.1
https://walrus.wr.usgs.gov/namss/data/1977/namss.B-25-77-AK.mcs.airgun/tiff/version_1/AK77-25_LineWB-003_SP3490-2548ver2.tif	127.7
https://walrus.wr.usgs.gov/namss/data/1977/namss.B-25-77-AK.mcs.airgun/tiff/version_1/AK77-25_LineWB-003_SP3490-2548ver3.tif	77.8
https://walrus.wr.usgs.gov/namss/data/1977/namss.B-25-77-AK.mcs.airgun/tiff/version_1/AK77-25_LineWB-003_SP3490-2548ver4.tif	20.5
https://walrus.wr.usgs.gov/namss/data/1977/namss.B-25-77-AK.mcs.airgun/tiff/version_1/AK77-25_LineWB-003_SP4042-3463A.tif	84.4
https://walrus.wr.usgs.gov/namss/data/1977/namss.B-25-77-AK.mcs.airgun/tiff/version_1/AK77-25_LineWB-003_SP4042-3463Aver2.tif	83.6
https://walrus.wr.usgs.gov/namss/data/1977/namss.B-25-77-AK.mcs.airgun/tiff/version_1/AK77-25_LineWB-003_SP4900-3994A.tif	123.7
https://walrus.wr.usgs.gov/namss/data/1977/namss.B-25-77-AK.mcs.airgun/tiff/version_1/AK77-25_LineWB-003_SP5890-3994A.tif	261.3
https://walrus.wr.usgs.gov/namss/data/1977/namss.B-25-77-AK.mcs.airgun/tiff/version_1/AK77-25_LineWB-003_SP6850-4930.tif	259.3
https://walrus.wr.usgs.gov/namss/data/1977/namss.B-25-77-AK.mcs.airgun/tiff/version_1/AK77-25_LineWB-003_SP7390-5920.tif	204.9
https://walrus.wr.usgs.gov/namss/data/1977/namss.B-25-77-AK.mcs.airgun/tiff/version_1/AK77-25_LineWB-003_SP7540-6640A.tif	125.1
https://walrus.wr.usgs.gov/namss/data/1977/namss.B-25-77-AK.mcs.airgun/tiff/version_1/AK77-25_LineWB-003_SP7549-6635.tif	120.7
https://walrus.wr.usgs.gov/namss/data/1977/namss.B-25-77-AK.mcs.airgun/tiff/version_1/AK77-25_LineWB-003_SP8440-7570.tif	116.0
https://walrus.wr.usgs.gov/namss/data/1977/namss.B-25-77-AK.mcs.airgun/tiff/version_1/AK77-25_LineWB-003_SP8446-7550.tif	112.5
https://walrus.wr.usgs.gov/namss/data/1977/namss.B-25-77-AK.mcs.airgun/tiff/version_1/AK77-25_LineWB-003_SP9310-8398A.tif	124.7
https://walrus.wr.usgs.gov/namss/data/1977/namss.B-25-77-AK.mcs.airgun/tiff/version_1/AK77-25_LineWB-003_SP9310-8398Aver2.tif	122.3
https://walrus.wr.usgs.gov/namss/data/1977/namss.B-25-77-AK.mcs.airgun/tiff/version_1/AK77-25_LineWB-007_SP1167-515A.tif	100.3
https://walrus.wr.usgs.gov/namss/data/1977/namss.B-25-77-AK.mcs.airgun/tiff/version_1/AK77-25_LineWB-007_SP1167-990.tif	53.3
https://walrus.wr.usgs.gov/namss/data/1977/namss.B-25-77-AK.mcs.airgun/tiff/version_1/AK77-25_LineWB-007_SP180-88.tif	38.3
https://walrus.wr.usgs.gov/namss/data/1977/namss.B-25-77-AK.mcs.airgun/tiff/version_1/AK77-25_LineWB-007_SP180-88ver2.tif	20.5
https://walrus.wr.usgs.gov/namss/data/1977/namss.B-25-77-AK.mcs.airgun/tiff/version_1/AK77-25_LineWB-007_SP306-216.tif	43.5
https://walrus.wr.usgs.gov/namss/data/1977/namss.B-25-77-AK.mcs.airgun/tiff/version_1/AK77-25_LineWB-007_SP306-216ver2.tif	21.5
https://walrus.wr.usgs.gov/namss/data/1977/namss.B-25-77-AK.mcs.airgun/tiff/version_1/AK77-25_LineWB-007_SP522-298.tif	74.6
https://walrus.wr.usgs.gov/namss/data/1977/namss.B-25-77-AK.mcs.airgun/tiff/version_1/AK77-25_LineWB-007_SP522-298A.tif	37.7
https://walrus.wr.usgs.gov/namss/data/1977/namss.B-25-77-AK.mcs.airgun/tiff/version_1/AK77-25_LineWB-007_SP522-298ver2.tif	37.9
https://walrus.wr.usgs.gov/namss/data/1977/namss.B-25-77-AK.mcs.airgun/tiff/version_1/AK77-25_LineWB-007_SP980-515A.tif	123.7
https://walrus.wr.usgs.gov/namss/data/1977/namss.B-25-77-AK.mcs.airgun/tiff/version_1/AK77-25_LineWB-009_SP1453A-52.tif	195.4
https://walrus.wr.usgs.gov/namss/data/1977/namss.B-25-77-AK.mcs.airgun/tiff/version_1/AK77-25_LineWB-009_SP1510-910.tif	82.9
https://walrus.wr.usgs.gov/namss/data/1977/namss.B-25-77-AK.mcs.airgun/tiff/version_1/AK77-25_LineWB-009_SP2041A-1405.tif	91.9
https://walrus.wr.usgs.gov/namss/data/1977/namss.B-25-77-AK.mcs.airgun/tiff/version_1/AK77-25_LineWB-009_SP2172-1993.tif	42.3
https://walrus.wr.usgs.gov/namss/data/1977/namss.B-25-77-AK.mcs.airgun/tiff/version_1/AK77-25_LineWB-009_SP2176-1540.tif	94.2
https://walrus.wr.usgs.gov/namss/data/1977/namss.B-25-77-AK.mcs.airgun/tiff/version_1/AK77-25_LineWB-009_SP3328-2128.tif	174.9
https://walrus.wr.usgs.gov/namss/data/1977/namss.B-25-77-AK.mcs.airgun/tiff/version_1/AK77-25_LineWB-009_SP3466-2128.tif	183.8
https://walrus.wr.usgs.gov/namss/data/1977/namss.B-25-77-AK.mcs.airgun/tiff/version_1/AK77-25_LineWB-009_SP3466-3280.tif	42.2
https://walrus.wr.usgs.gov/namss/data/1977/namss.B-25-77-AK.mcs.airgun/tiff/version_1/AK77-25_LineWB-009_SP880-52.tif	107.3
https://walrus.wr.usgs.gov/namss/data/1977/namss.B-25-77-AK.mcs.airgun/tiff/version_1/AK77-25_LineWB-011_SP1411A-691.tif	100.6
https://walrus.wr.usgs.gov/namss/data/1977/namss.B-25-77-AK.mcs.airgun/tiff/version_1/AK77-25_LineWB-011_SP1570-691.tif	123.1
https://walrus.wr.usgs.gov/namss/data/1977/namss.B-25-77-AK.mcs.airgun/tiff/version_1/AK77-25_LineWB-011_SP2500-1315.tif	166.1
https://walrus.wr.usgs.gov/namss/data/1977/namss.B-25-77-AK.mcs.airgun/tiff/version_1/AK77-25_LineWB-011_SP2500-1600.tif	735.3
https://walrus.wr.usgs.gov/namss/data/1977/namss.B-25-77-AK.mcs.airgun/tiff/version_1/AK77-25_LineWB-011_SP310-1.tif	56.6
https://walrus.wr.usgs.gov/namss/data/1977/namss.B-25-77-AK.mcs.airgun/tiff/version_1/AK77-25_LineWB-011_SP340-1.tif	57.5
https://walrus.wr.usgs.gov/namss/data/1977/namss.B-25-77-AK.mcs.airgun/tiff/version_1/AK77-25_LineWB-013_SP10291-10000.tif	47.5
https://walrus.wr.usgs.gov/namss/data/1977/namss.B-25-77-AK.mcs.airgun/tiff/version_1/AK77-25_LineWB-013_SP10291-8410.tif	240.3
https://walrus.wr.usgs.gov/namss/data/1977/namss.B-25-77-AK.mcs.airgun/tiff/version_1/AK77-25_LineWB-013_SP10291-9073A.tif	172.6
https://walrus.wr.usgs.gov/namss/data/1977/namss.B-25-77-AK.mcs.airgun/tiff/version_1/AK77-25_LineWB-013_SP1354A-460.tif	121.7
https://walrus.wr.usgs.gov/namss/data/1977/namss.B-25-77-AK.mcs.airgun/tiff/version_1/AK77-25_LineWB-013_SP1354A-52.tif	180.1
https://walrus.wr.usgs.gov/namss/data/1977/namss.B-25-77-AK.mcs.airgun/tiff/version_1/AK77-25_LineWB-013_SP1870-1302.tif	77.0
https://walrus.wr.usgs.gov/namss/data/1977/namss.B-25-77-AK.mcs.airgun/tiff/version_1/AK77-25_LineWB-013_SP1884-1302.tif	78.6
https://walrus.wr.usgs.gov/namss/data/1977/namss.B-25-77-AK.mcs.airgun/tiff/version_1/AK77-25_LineWB-013_SP2868-1885.tif	124.9
https://walrus.wr.usgs.gov/namss/data/1977/namss.B-25-77-AK.mcs.airgun/tiff/version_1/AK77-25_LineWB-013_SP3784-1900.tif	255.3
https://walrus.wr.usgs.gov/namss/data/1977/namss.B-25-77-AK.mcs.airgun/tiff/version_1/AK77-25_LineWB-013_SP3784-2869.tif	124.7
https://walrus.wr.usgs.gov/namss/data/1977/namss.B-25-77-AK.mcs.airgun/tiff/version_1/AK77-25_LineWB-013_SP4135A-3670A.tif	70.9
https://walrus.wr.usgs.gov/namss/data/1977/namss.B-25-77-AK.mcs.airgun/tiff/version_1/AK77-25_LineWB-013_SP4135A-3673.tif	69.7
https://walrus.wr.usgs.gov/namss/data/1977/namss.B-25-77-AK.mcs.airgun/tiff/version_1/AK77-25_LineWB-013_SP430-52.tif	57.9
https://walrus.wr.usgs.gov/namss/data/1977/namss.B-25-77-AK.mcs.airgun/tiff/version_1/AK77-25_LineWB-013_SP4600-4090.tif	71.4
https://walrus.wr.usgs.gov/namss/data/1977/namss.B-25-77-AK.mcs.airgun/tiff/version_1/AK77-25_LineWB-013_SP5140A-4090.tif	140.6
https://walrus.wr.usgs.gov/namss/data/1977/namss.B-25-77-AK.mcs.airgun/tiff/version_1/AK77-25_LineWB-013_SP5140A-4630.tif	78.0
https://walrus.wr.usgs.gov/namss/data/1977/namss.B-25-77-AK.mcs.airgun/tiff/version_1/AK77-25_LineWB-013_SP6220-5095.tif	142.3
https://walrus.wr.usgs.gov/namss/data/1977/namss.B-25-77-AK.mcs.airgun/tiff/version_1/AK77-25_LineWB-013_SP7051-5095.tif	256.2
https://walrus.wr.usgs.gov/namss/data/1977/namss.B-25-77-AK.mcs.airgun/tiff/version_1/AK77-25_LineWB-013_SP7051-6250.tif	112.2
https://walrus.wr.usgs.gov/namss/data/1977/namss.B-25-77-AK.mcs.airgun/tiff/version_1/AK77-25_LineWB-013_SP7930-7024A.tif	121.9
https://walrus.wr.usgs.gov/namss/data/1977/namss.B-25-77-AK.mcs.airgun/tiff/version_1/AK77-25_LineWB-013_SP8170-7780.tif	57.1
https://walrus.wr.usgs.gov/namss/data/1977/namss.B-25-77-AK.mcs.airgun/tiff/version_1/AK77-25_LineWB-013_SP8440-7780.tif	87.0
https://walrus.wr.usgs.gov/namss/data/1977/namss.B-25-77-AK.mcs.airgun/tiff/version_1/AK77-25_LineWB-013_SP8497-7960.tif	76.9
https://walrus.wr.usgs.gov/namss/data/1977/namss.B-25-77-AK.mcs.airgun/tiff/version_1/AK77-25_LineWB-013_SP9100-8200.tif	124.0
https://walrus.wr.usgs.gov/namss/data/1977/namss.B-25-77-AK.mcs.airgun/tiff/version_1/AK77-25_LineWB-013_SP9100-8470.tif	91.0
https://walrus.wr.usgs.gov/namss/data/1977/namss.B-25-77-AK.mcs.airgun/tiff/version_1/AK77-25_LineWB-013_SP9970-9073A.tif	124.0
https://walrus.wr.usgs.gov/namss/data/1977/namss.B-25-77-AK.mcs.airgun/tiff/version_1/AK77-25_LineWB-015A_SP1540-2470.tif	117.7
https://walrus.wr.usgs.gov/namss/data/1977/namss.B-25-77-AK.mcs.airgun/tiff/version_1/AK77-25_LineWB-015A_SP1540-2470ver2.tif	117.7
https://walrus.wr.usgs.gov/namss/data/1977/namss.B-25-77-AK.mcs.airgun/tiff/version_1/AK77-25_LineWB-015A_SP2500-3430.tif	120.1
https://walrus.wr.usgs.gov/namss/data/1977/namss.B-25-77-AK.mcs.airgun/tiff/version_1/AK77-25_LineWB-015A_SP2500-3430ver2.tif	117.4
https://walrus.wr.usgs.gov/namss/data/1977/namss.B-25-77-AK.mcs.airgun/tiff/version_1/AK77-25_LineWB-015A_SP3460-4390.tif	119.6
https://walrus.wr.usgs.gov/namss/data/1977/namss.B-25-77-AK.mcs.airgun/tiff/version_1/AK77-25_LineWB-015A_SP3460-4390ver2.tif	117.8
https://walrus.wr.usgs.gov/namss/data/1977/namss.B-25-77-AK.mcs.airgun/tiff/version_1/AK77-25_LineWB-015A_SP4420-5350.tif	121.0
https://walrus.wr.usgs.gov/namss/data/1977/namss.B-25-77-AK.mcs.airgun/tiff/version_1/AK77-25_LineWB-015A_SP4420-5350ver2.tif	118.6
https://walrus.wr.usgs.gov/namss/data/1977/namss.B-25-77-AK.mcs.airgun/tiff/version_1/AK77-25_LineWB-015A_SP5380-5560.tif	36.3
https://walrus.wr.usgs.gov/namss/data/1977/namss.B-25-77-AK.mcs.airgun/tiff/version_1/AK77-25_LineWB-015A_SP5380-5560ver2.tif	36.1
https://walrus.wr.usgs.gov/namss/data/1977/namss.B-25-77-AK.mcs.airgun/tiff/version_1/AK77-25_LineWB-015A_SP5503A-6400.tif	122.1
https://walrus.wr.usgs.gov/namss/data/1977/namss.B-25-77-AK.mcs.airgun/tiff/version_1/AK77-25_LineWB-015A_SP5503A-6940.tif	195.5
https://walrus.wr.usgs.gov/namss/data/1977/namss.B-25-77-AK.mcs.airgun/tiff/version_1/AK77-25_LineWB-015A_SP640-1510.tif	120.1
https://walrus.wr.usgs.gov/namss/data/1977/namss.B-25-77-AK.mcs.airgun/tiff/version_1/AK77-25_LineWB-015A_SP640-1510ver2.tif	118.7
https://walrus.wr.usgs.gov/namss/data/1977/namss.B-25-77-AK.mcs.airgun/tiff/version_1/AK77-25_LineWB-015A_SP640-2520.tif	244.5
https://walrus.wr.usgs.gov/namss/data/1977/namss.B-25-77-AK.mcs.airgun/tiff/version_1/AK77-25_LineWB-015A_SP6430-6940.tif	71.6
https://walrus.wr.usgs.gov/namss/data/1977/namss.B-25-77-AK.mcs.airgun/tiff/version_1/AK77-25_LineWB-015B_SP576-52.tif	71.2
https://walrus.wr.usgs.gov/namss/data/1977/namss.B-25-77-AK.mcs.airgun/tiff/version_1/AK77-25_LineWB-015_SP1198-100.tif	156.2
https://walrus.wr.usgs.gov/namss/data/1977/namss.B-25-77-AK.mcs.airgun/tiff/version_1/AK77-25_LineWB-015_SP1198-650.tif	74.3
https://walrus.wr.usgs.gov/namss/data/1977/namss.B-25-77-AK.mcs.airgun/tiff/version_1/AK77-25_LineWB-015_SP2050-1150A.tif	123.4
https://walrus.wr.usgs.gov/namss/data/1977/namss.B-25-77-AK.mcs.airgun/tiff/version_1/AK77-25_LineWB-015_SP2066-1150A.tif	127.4
https://walrus.wr.usgs.gov/namss/data/1977/namss.B-25-77-AK.mcs.airgun/tiff/version_1/AK77-25_LineWB-015_SP3040-2080.tif	122.3
https://walrus.wr.usgs.gov/namss/data/1977/namss.B-25-77-AK.mcs.airgun/tiff/version_1/AK77-25_LineWB-015_SP3050-2067.tif	125.6
https://walrus.wr.usgs.gov/namss/data/1977/namss.B-25-77-AK.mcs.airgun/tiff/version_1/AK77-25_LineWB-015_SP4034-3051.tif	123.7
https://walrus.wr.usgs.gov/namss/data/1977/namss.B-25-77-AK.mcs.airgun/tiff/version_1/AK77-25_LineWB-015_SP4036-3070.tif	120.3
https://walrus.wr.usgs.gov/namss/data/1977/namss.B-25-77-AK.mcs.airgun/tiff/version_1/AK77-25_LineWB-015_SP649-100.tif	80.2
https://walrus.wr.usgs.gov/namss/data/1977/namss.B-25-77-AK.mcs.airgun/tiff/version_1/AK77-25_LineWB-016A_SP344-241.tif	39.9
https://walrus.wr.usgs.gov/namss/data/1977/namss.B-25-77-AK.mcs.airgun/tiff/version_1/AK77-25_LineWB-017_SP1222-418.tif	112.2
https://walrus.wr.usgs.gov/namss/data/1977/namss.B-25-77-AK.mcs.airgun/tiff/version_1/AK77-25_LineWB-017_SP1222-41ver28.tif	111.5
https://walrus.wr.usgs.gov/namss/data/1977/namss.B-25-77-AK.mcs.airgun/tiff/version_1/AK77-25_LineWB-019_SP1318-875A.tif	125.9
https://walrus.wr.usgs.gov/namss/data/1977/namss.B-25-77-AK.mcs.airgun/tiff/version_1/AK77-25_LineWB-019_SP1318-875Aver2.tif	65.9
https://walrus.wr.usgs.gov/namss/data/1977/namss.B-25-77-AK.mcs.airgun/tiff/version_1/AK77-25_LineWB-019_SP750-351.tif	102.5
https://walrus.wr.usgs.gov/namss/data/1977/namss.B-25-77-AK.mcs.airgun/tiff/version_1/AK77-25_LineWB-019_SP757-351.tif	60.5
https://walrus.wr.usgs.gov/namss/data/1977/namss.B-25-77-AK.mcs.airgun/tiff/version_1/AK77-25_LineWB-019_SP886-351.tif	138.1
https://walrus.wr.usgs.gov/namss/data/1977/namss.B-25-77-AK.mcs.airgun/tiff/version_1/AK77-25_LineWB-019_SP886-758.tif	23.4
https://walrus.wr.usgs.gov/namss/data/1977/namss.B-25-77-AK.mcs.airgun/tiff/version_1/AK77-25_LineWB-019_SP886-760.tif	41.4
https://walrus.wr.usgs.gov/namss/data/1977/namss.B-25-77-AK.mcs.airgun/tiff/version_1/AK77-25_LineWB-020_SP1000-100.tif	123.5
https://walrus.wr.usgs.gov/namss/data/1977/namss.B-25-77-AK.mcs.airgun/tiff/version_1/AK77-25_LineWB-020_SP1009-100.tif	125.0
https://walrus.wr.usgs.gov/namss/data/1977/namss.B-25-77-AK.mcs.airgun/tiff/version_1/AK77-25_LineWB-020_SP1765-100.tif	216.9
https://walrus.wr.usgs.gov/namss/data/1977/namss.B-25-77-AK.mcs.airgun/tiff/version_1/AK77-25_LineWB-020_SP1765-1010.tif	98.7
https://walrus.wr.usgs.gov/namss/data/1977/namss.B-25-77-AK.mcs.airgun/tiff/version_1/AK77-25_LineWB-020_SP1765-1030.tif	99.5
https://walrus.wr.usgs.gov/namss/data/1977/namss.B-25-77-AK.mcs.airgun/tiff/version_1/AK77-25_LineWB-021_SP447-136.tif	87.1
https://walrus.wr.usgs.gov/namss/data/1977/namss.B-25-77-AK.mcs.airgun/tiff/version_1/AK77-25_LineWB-021_SP447-136_v2.tif	87.1
https://walrus.wr.usgs.gov/namss/data/1977/namss.B-25-77-AK.mcs.airgun/tiff/version_1/AK77-25_LineWB-021_SP447-136ver2.tif	87.0
https://walrus.wr.usgs.gov/namss/data/1977/namss.B-25-77-AK.mcs.airgun/tiff/version_1/AK77-25_LineWB-021_SP730-442A.tif	81.2
https://walrus.wr.usgs.gov/namss/data/1977/namss.B-25-77-AK.mcs.airgun/tiff/version_1/AK77-25_LineWB-021_SP732-442A.tif	80.7
https://walrus.wr.usgs.gov/namss/data/1977/namss.B-25-77-AK.mcs.airgun/tiff/version_1/AK77-25_LineWB-021_SP732-442aver2.tif	83.0
https://walrus.wr.usgs.gov/namss/data/1977/namss.B-25-77-AK.mcs.airgun/tiff/version_1/AK77-25_LineWB-021_SP767-720A.tif	28.6
https://walrus.wr.usgs.gov/namss/data/1977/namss.B-25-77-AK.mcs.airgun/tiff/version_1/AK77-25_LineWB-021_SP767-720A_v2.tif	28.9
https://walrus.wr.usgs.gov/namss/data/1977/namss.B-25-77-AK.mcs.airgun/tiff/version_1/AK77-25_LineWB-021_SP767-720aver2.tif	28.4
https://walrus.wr.usgs.gov/namss/data/1977/namss.B-25-77-AK.mcs.airgun/tiff/version_1/AK77-25_LineWB-022A_SP250-100.tif	49.4
https://walrus.wr.usgs.gov/namss/data/1977/namss.B-25-77-AK.mcs.airgun/tiff/version_1/AK77-25_LineWB-022A_SP250-100_v2.tif	50.0
https://walrus.wr.usgs.gov/namss/data/1977/namss.B-25-77-AK.mcs.airgun/tiff/version_1/AK77-25_LineWB-022A_SP423-242A.tif	55.5
https://walrus.wr.usgs.gov/namss/data/1977/namss.B-25-77-AK.mcs.airgun/tiff/version_1/AK77-25_LineWB-022_SP1330-695.tif	84.0
https://walrus.wr.usgs.gov/namss/data/1977/namss.B-25-77-AK.mcs.airgun/tiff/version_1/AK77-25_LineWB-022_SP1330-700.tif	84.7
https://walrus.wr.usgs.gov/namss/data/1977/namss.B-25-77-AK.mcs.airgun/tiff/version_1/AK77-25_LineWB-022_SP2261-1360.tif	122.8
https://walrus.wr.usgs.gov/namss/data/1977/namss.B-25-77-AK.mcs.airgun/tiff/version_1/AK77-25_LineWB-022_SP2261-1360ver2.tif	122.9
https://walrus.wr.usgs.gov/namss/data/1977/namss.B-25-77-AK.mcs.airgun/tiff/version_1/AK77-25_LineWB-022_SP2261-695.tif	213.6
https://walrus.wr.usgs.gov/namss/data/1977/namss.B-25-77-AK.mcs.airgun/tiff/version_1/AK77-25_LineWB-023_SP457-122.tif	91.5
https://walrus.wr.usgs.gov/namss/data/1977/namss.B-25-77-AK.mcs.airgun/tiff/version_1/AK77-25_LineWB-023_SP457-122ver2.tif	92.8
https://walrus.wr.usgs.gov/namss/data/1977/namss.B-25-77-AK.mcs.airgun/tiff/version_1/AK77-25_LineWB-023_SP666-451A.tif	63.9
https://walrus.wr.usgs.gov/namss/data/1977/namss.B-25-77-AK.mcs.airgun/tiff/version_1/AK77-25_LineWB-023_SP666-451A_v2.tif	66.1
https://walrus.wr.usgs.gov/namss/data/1977/namss.B-25-77-AK.mcs.airgun/tiff/version_1/AK77-25_LineWB-023_SP666-451aver2.tif	63.3
https://walrus.wr.usgs.gov/namss/data/1977/namss.B-25-77-AK.mcs.airgun/tiff/version_1/AK77-25_LineWB-024A_SP244A-88.tif	52.3
https://walrus.wr.usgs.gov/namss/data/1977/namss.B-25-77-AK.mcs.airgun/tiff/version_1/AK77-25_LineWB-024A_SP244A-88_v2.tif	53.1
https://walrus.wr.usgs.gov/namss/data/1977/namss.B-25-77-AK.mcs.airgun/tiff/version_1/AK77-25_LineWB-024A_SP347-237.tif	41.8
https://walrus.wr.usgs.gov/namss/data/1977/namss.B-25-77-AK.mcs.airgun/tiff/version_1/AK77-25_LineWB-024_SP1810-910.tif	114.8
https://walrus.wr.usgs.gov/namss/data/1977/namss.B-25-77-AK.mcs.airgun/tiff/version_1/AK77-25_LineWB-024_SP2672-1840.tif	114.1
https://walrus.wr.usgs.gov/namss/data/1977/namss.B-25-77-AK.mcs.airgun/tiff/version_1/AK77-25_LineWB-024_SP2672-650.tif	260.8
https://walrus.wr.usgs.gov/namss/data/1977/namss.B-25-77-AK.mcs.airgun/tiff/version_1/AK77-25_LineWB-024_SP2672-650ver2.tif	270.2
https://walrus.wr.usgs.gov/namss/data/1977/namss.B-25-77-AK.mcs.airgun/tiff/version_1/AK77-25_LineWB-024_SP880-650.tif	42.4
https://walrus.wr.usgs.gov/namss/data/1977/namss.B-25-77-AK.mcs.airgun/tiff/version_1/AK77-25_LineWB-025_SP391-100.tif	80.2
https://walrus.wr.usgs.gov/namss/data/1977/namss.B-25-77-AK.mcs.airgun/tiff/version_1/AK77-25_LineWB-026_SP1810-940.tif	63.8
https://walrus.wr.usgs.gov/namss/data/1977/namss.B-25-77-AK.mcs.airgun/tiff/version_1/AK77-25_LineWB-026_SP2047-106.tif	250.4
https://walrus.wr.usgs.gov/namss/data/1977/namss.B-25-77-AK.mcs.airgun/tiff/version_1/AK77-25_LineWB-026_SP2047-106ver2.tif	246.6
https://walrus.wr.usgs.gov/namss/data/1977/namss.B-25-77-AK.mcs.airgun/tiff/version_1/AK77-25_LineWB-026_SP2047-1840.tif	40.7
https://walrus.wr.usgs.gov/namss/data/1977/namss.B-25-77-AK.mcs.airgun/tiff/version_1/AK77-25_LineWB-026_SP910-106.tif	113.6
https://walrus.wr.usgs.gov/namss/data/1977/namss.B-25-77-AK.mcs.airgun/tiff/version_1/AK77-25_LineWB-027_SP378A-121.tif	75.7
https://walrus.wr.usgs.gov/namss/data/1977/namss.B-25-77-AK.mcs.airgun/tiff/version_1/AK77-25_LineWB-027_SP378A-121v2.tif	75.8
https://walrus.wr.usgs.gov/namss/data/1977/namss.B-25-77-AK.mcs.airgun/tiff/version_1/AK77-25_LineWB-027_SP378A-121v3.tif	85.1
https://walrus.wr.usgs.gov/namss/data/1977/namss.B-25-77-AK.mcs.airgun/tiff/version_1/AK77-25_LineWB-027_SP378A-121ver2.tif	41.8
https://walrus.wr.usgs.gov/namss/data/1977/namss.B-25-77-AK.mcs.airgun/tiff/version_1/AK77-25_LineWB-027_SP474-355.tif	44.1
https://walrus.wr.usgs.gov/namss/data/1977/namss.B-25-77-AK.mcs.airgun/tiff/version_1/AK77-25_LineWB-027_SP474-355ver2.tif	24.0
https://walrus.wr.usgs.gov/namss/data/1977/namss.B-25-77-AK.mcs.airgun/tiff/version_1/AK77-25_LineWB-027_SP516-462A.tif	33.6
https://walrus.wr.usgs.gov/namss/data/1977/namss.B-25-77-AK.mcs.airgun/tiff/version_1/AK77-25_LineWB-027_SP516-462Aver2.tif	16.2
https://walrus.wr.usgs.gov/namss/data/1977/namss.B-25-77-AK.mcs.airgun/tiff/version_1/AK77-25_LineWB-027_SP919-504A.tif	120.0
https://walrus.wr.usgs.gov/namss/data/1977/namss.B-25-77-AK.mcs.airgun/tiff/version_1/AK77-25_LineWB-027_SP919-504Aver2.tif	62.4
https://walrus.wr.usgs.gov/namss/data/1977/namss.B-25-77-AK.mcs.airgun/tiff/version_1/AK77-25_LineWB-028A_SP1462-1351.tif	42.1
https://walrus.wr.usgs.gov/namss/data/1977/namss.B-25-77-AK.mcs.airgun/tiff/version_1/AK77-25_LineWB-028_SP1870-970.tif	120.6
https://walrus.wr.usgs.gov/namss/data/1977/namss.B-25-77-AK.mcs.airgun/tiff/version_1/AK77-25_LineWB-028_SP2134-100.tif	268.1
https://walrus.wr.usgs.gov/namss/data/1977/namss.B-25-77-AK.mcs.airgun/tiff/version_1/AK77-25_LineWB-028_SP2134-1900.tif	40.1
https://walrus.wr.usgs.gov/namss/data/1977/namss.B-25-77-AK.mcs.airgun/tiff/version_1/AK77-25_LineWB-028_SP2134-1900_v2.tif	39.2
https://walrus.wr.usgs.gov/namss/data/1977/namss.B-25-77-AK.mcs.airgun/tiff/version_1/AK77-25_LineWB-028_SP2134-962.tif	154.9
https://walrus.wr.usgs.gov/namss/data/1977/namss.B-25-77-AK.mcs.airgun/tiff/version_1/AK77-25_LineWB-028_SP940-100.tif	118.5
https://walrus.wr.usgs.gov/namss/data/1977/namss.B-25-77-AK.mcs.airgun/tiff/version_1/AK77-25_LineWB-028_SP940-100ver2.tif	358.4
https://walrus.wr.usgs.gov/namss/data/1977/namss.B-25-77-AK.mcs.airgun/tiff/version_1/AK77-25_LineWB-029_SP158A-107.tif	30.4
https://walrus.wr.usgs.gov/namss/data/1977/namss.B-25-77-AK.mcs.airgun/tiff/version_1/AK77-25_LineWB-029_SP158A-107v2.tif	36.4
https://walrus.wr.usgs.gov/namss/data/1977/namss.B-25-77-AK.mcs.airgun/tiff/version_1/AK77-25_LineWB-029_SP158A-107ver2.tif	16.4
https://walrus.wr.usgs.gov/namss/data/1977/namss.B-25-77-AK.mcs.airgun/tiff/version_1/AK77-25_LineWB-029_SP408-146.tif	39.2
https://walrus.wr.usgs.gov/namss/data/1977/namss.B-25-77-AK.mcs.airgun/tiff/version_1/AK77-25_LineWB-029_SP580-146.tif	113.6
https://walrus.wr.usgs.gov/namss/data/1977/namss.B-25-77-AK.mcs.airgun/tiff/version_1/AK77-25_LineWB-029_SP676-146.tif	79.2
https://walrus.wr.usgs.gov/namss/data/1977/namss.B-25-77-AK.mcs.airgun/tiff/version_1/AK77-25_LineWB-029_SP676-409.tif	43.4
https://walrus.wr.usgs.gov/namss/data/1977/namss.B-25-77-AK.mcs.airgun/tiff/version_1/AK77-25_LineWB-029_SP676-590.tif	37.3
https://walrus.wr.usgs.gov/namss/data/1977/namss.B-25-77-AK.mcs.airgun/tiff/version_1/AK77-25_LineWB-030_SP1164-277.tif	115.5
https://walrus.wr.usgs.gov/namss/data/1977/namss.B-25-77-AK.mcs.airgun/tiff/version_1/AK77-25_LineWB-030_SP1164-277ver2.tif	110.2
https://walrus.wr.usgs.gov/namss/data/1977/namss.B-25-77-AK.mcs.airgun/tiff/version_1/AK77-25_LineWB-030_SP1978-1165.tif	114.1
https://walrus.wr.usgs.gov/namss/data/1977/namss.B-25-77-AK.mcs.airgun/tiff/version_1/AK77-25_LineWB-030_SP1978-1165ver2.tif	109.9
https://walrus.wr.usgs.gov/namss/data/1977/namss.B-25-77-AK.mcs.airgun/tiff/version_1/AK77-25_LineWB-030_SP1978-52.tif	252.2
https://walrus.wr.usgs.gov/namss/data/1977/namss.B-25-77-AK.mcs.airgun/tiff/version_1/AK77-25_LineWB-030_SP276-52.tif	40.7
https://walrus.wr.usgs.gov/namss/data/1977/namss.B-25-77-AK.mcs.airgun/tiff/version_1/AK77-25_LineWB-030_SP276-52ver2.tif	38.5
https://walrus.wr.usgs.gov/namss/data/1977/namss.B-25-77-AK.mcs.airgun/tiff/version_1/AK77-25_LineWB-031_SP158A-111.tif	29.0
https://walrus.wr.usgs.gov/namss/data/1977/namss.B-25-77-AK.mcs.airgun/tiff/version_1/AK77-25_LineWB-031_SP158A-111ver2.tif	16.1
https://walrus.wr.usgs.gov/namss/data/1977/namss.B-25-77-AK.mcs.airgun/tiff/version_1/AK77-25_LineWB-031_SP390-144.tif	73.8
https://walrus.wr.usgs.gov/namss/data/1977/namss.B-25-77-AK.mcs.airgun/tiff/version_1/AK77-25_LineWB-031_SP390-144ver2.tif	38.6
https://walrus.wr.usgs.gov/namss/data/1977/namss.B-25-77-AK.mcs.airgun/tiff/version_1/AK77-25_LineWB-031_SP640-144.tif	74.2
https://walrus.wr.usgs.gov/namss/data/1977/namss.B-25-77-AK.mcs.airgun/tiff/version_1/AK77-25_LineWB-031_SP640-400.tif	40.8
https://walrus.wr.usgs.gov/namss/data/1977/namss.B-25-77-AK.mcs.airgun/tiff/version_1/AK77-25_LineWB-031_SP641-400.tif	75.6
https://walrus.wr.usgs.gov/namss/data/1977/namss.B-25-77-AK.mcs.airgun/tiff/version_1/AK77-25_LineWB-032_SP1009-100.tif	122.0
https://walrus.wr.usgs.gov/namss/data/1977/namss.B-25-77-AK.mcs.airgun/tiff/version_1/AK77-25_LineWB-032_SP1477-100.tif	190.1
https://walrus.wr.usgs.gov/namss/data/1977/namss.B-25-77-AK.mcs.airgun/tiff/version_1/AK77-25_LineWB-032_SP1477-100ver2.tif	104.2
https://walrus.wr.usgs.gov/namss/data/1977/namss.B-25-77-AK.mcs.airgun/tiff/version_1/AK77-25_LineWB-032_SP1477-1010.tif	65.0
https://walrus.wr.usgs.gov/namss/data/1977/namss.B-25-77-AK.mcs.airgun/tiff/version_1/AK77-25_LineWB-033_SP364A-104.tif	81.2
https://walrus.wr.usgs.gov/namss/data/1977/namss.B-25-77-AK.mcs.airgun/tiff/version_1/AK77-25_LineWB-033_SP364A-104ver2.tif	43.3
https://walrus.wr.usgs.gov/namss/data/1977/namss.B-25-77-AK.mcs.airgun/tiff/version_1/AK77-25_LineWB-033_SP547A-353.tif	62.2
https://walrus.wr.usgs.gov/namss/data/1977/namss.B-25-77-AK.mcs.airgun/tiff/version_1/AK77-25_LineWB-033_SP547A-353ver2.tif	33.8
https://walrus.wr.usgs.gov/namss/data/1977/namss.B-25-77-AK.mcs.airgun/tiff/version_1/AK77-25_LineWB-033_SP624-535.tif	36.5
https://walrus.wr.usgs.gov/namss/data/1977/namss.B-25-77-AK.mcs.airgun/tiff/version_1/AK77-25_LineWB-033_SP624-535ver2.tif	37.5
https://walrus.wr.usgs.gov/namss/data/1977/namss.B-25-77-AK.mcs.airgun/tiff/version_1/AK77-25_LineWB-034_SP1000-100.tif	121.2
https://walrus.wr.usgs.gov/namss/data/1977/namss.B-25-77-AK.mcs.airgun/tiff/version_1/AK77-25_LineWB-034_SP1009-100.tif	128.6
https://walrus.wr.usgs.gov/namss/data/1977/namss.B-25-77-AK.mcs.airgun/tiff/version_1/AK77-25_LineWB-034_SP1600-100.tif	196.3
https://walrus.wr.usgs.gov/namss/data/1977/namss.B-25-77-AK.mcs.airgun/tiff/version_1/AK77-25_LineWB-034_SP1600-1010.tif	80.4
https://walrus.wr.usgs.gov/namss/data/1977/namss.B-25-77-AK.mcs.airgun/tiff/version_1/AK77-25_LineWB-034_SP1600-1030.tif	78.3
https://walrus.wr.usgs.gov/namss/data/1977/namss.B-25-77-AK.mcs.airgun/tiff/version_1/AK77-25_LineWB-035_SP1167-892A.tif	79.2
https://walrus.wr.usgs.gov/namss/data/1977/namss.B-25-77-AK.mcs.airgun/tiff/version_1/AK77-25_LineWB-035_SP1167-892Aver2.tif	43.2
https://walrus.wr.usgs.gov/namss/data/1977/namss.B-25-77-AK.mcs.airgun/tiff/version_1/AK77-25_LineWB-035_SP523A-175.tif	99.2
https://walrus.wr.usgs.gov/namss/data/1977/namss.B-25-77-AK.mcs.airgun/tiff/version_1/AK77-25_LineWB-035_SP523A-175ver2.tif	55.0
https://walrus.wr.usgs.gov/namss/data/1977/namss.B-25-77-AK.mcs.airgun/tiff/version_1/AK77-25_LineWB-035_SP560A-515.tif	29.9
https://walrus.wr.usgs.gov/namss/data/1977/namss.B-25-77-AK.mcs.airgun/tiff/version_1/AK77-25_LineWB-035_SP560A-515ver2.tif	16.4
https://walrus.wr.usgs.gov/namss/data/1977/namss.B-25-77-AK.mcs.airgun/tiff/version_1/AK77-25_LineWB-035_SP681-553.tif	46.3
https://walrus.wr.usgs.gov/namss/data/1977/namss.B-25-77-AK.mcs.airgun/tiff/version_1/AK77-25_LineWB-035_SP681-553ver2.tif	25.1
https://walrus.wr.usgs.gov/namss/data/1977/namss.B-25-77-AK.mcs.airgun/tiff/version_1/AK77-25_LineWB-035_SP900-673.tif	69.0
https://walrus.wr.usgs.gov/namss/data/1977/namss.B-25-77-AK.mcs.airgun/tiff/version_1/AK77-25_LineWB-035_SP900-673ver2.tif	37.2
https://walrus.wr.usgs.gov/namss/data/1977/namss.B-25-77-AK.mcs.airgun/tiff/version_1/AK77-25_LineWB-036_SP1561-52.tif	203.9
https://walrus.wr.usgs.gov/namss/data/1977/namss.B-25-77-AK.mcs.airgun/tiff/version_1/AK77-25_LineWB-036_SP1561-670.tif	123.0
https://walrus.wr.usgs.gov/namss/data/1977/namss.B-25-77-AK.mcs.airgun/tiff/version_1/AK77-25_LineWB-036_SP640-52.tif	79.7
https://walrus.wr.usgs.gov/namss/data/1977/namss.B-25-77-AK.mcs.airgun/tiff/version_1/AK77-25_LineWB-037A_SP2950-100.tif	373.3
https://walrus.wr.usgs.gov/namss/data/1977/namss.B-25-77-AK.mcs.airgun/tiff/version_1/AK77-25_LineWB-037A_SP6910-4960.tif	246.6
https://walrus.wr.usgs.gov/namss/data/1977/namss.B-25-77-AK.mcs.airgun/tiff/version_1/AK77-25_LineWB-037_SP1930-1000.tif	118.5
https://walrus.wr.usgs.gov/namss/data/1977/namss.B-25-77-AK.mcs.airgun/tiff/version_1/AK77-25_LineWB-037_SP2890-1960.tif	121.0
https://walrus.wr.usgs.gov/namss/data/1977/namss.B-25-77-AK.mcs.airgun/tiff/version_1/AK77-25_LineWB-037_SP3121-2920.tif	37.1
https://walrus.wr.usgs.gov/namss/data/1977/namss.B-25-77-AK.mcs.airgun/tiff/version_1/AK77-25_LineWB-037_SP3973-3058A.tif	122.9
https://walrus.wr.usgs.gov/namss/data/1977/namss.B-25-77-AK.mcs.airgun/tiff/version_1/AK77-25_LineWB-037_SP4930-2980.tif	256.2
https://walrus.wr.usgs.gov/namss/data/1977/namss.B-25-77-AK.mcs.airgun/tiff/version_1/AK77-25_LineWB-037_SP4930-4000.tif	121.8
https://walrus.wr.usgs.gov/namss/data/1977/namss.B-25-77-AK.mcs.airgun/tiff/version_1/AK77-25_LineWB-037_SP5941-4958.tif	122.1
https://walrus.wr.usgs.gov/namss/data/1977/namss.B-25-77-AK.mcs.airgun/tiff/version_1/AK77-25_LineWB-037_SP6910-5950.tif	122.6
https://walrus.wr.usgs.gov/namss/data/1977/namss.B-25-77-AK.mcs.airgun/tiff/version_1/AK77-25_LineWB-037_SP7795-6010.tif	227.2
https://walrus.wr.usgs.gov/namss/data/1977/namss.B-25-77-AK.mcs.airgun/tiff/version_1/AK77-25_LineWB-037_SP7795-6940.tif	110.6
https://walrus.wr.usgs.gov/namss/data/1977/namss.B-25-77-AK.mcs.airgun/tiff/version_1/AK77-25_LineWB-037_SP970-100.tif	119.9
https://walrus.wr.usgs.gov/namss/data/1977/namss.B-25-77-AK.mcs.airgun/tiff/version_1/AK77-25_LineWB-038A_790-545.tif	71.2
https://walrus.wr.usgs.gov/namss/data/1977/namss.B-25-77-AK.mcs.airgun/tiff/version_1/AK77-25_LineWB-038A_SP791-545.tif	71.6
https://walrus.wr.usgs.gov/namss/data/1977/namss.B-25-77-AK.mcs.airgun/tiff/version_1/AK77-25_LineWB-038_SP1000-100.tif	121.5
https://walrus.wr.usgs.gov/namss/data/1977/namss.B-25-77-AK.mcs.airgun/tiff/version_1/AK77-25_LineWB-038_SP1009-100.tif	122.2
https://walrus.wr.usgs.gov/namss/data/1977/namss.B-25-77-AK.mcs.airgun/tiff/version_1/AK77-25_LineWB-038_SP1615-1030.tif	81.7
https://walrus.wr.usgs.gov/namss/data/1977/namss.B-25-77-AK.mcs.airgun/tiff/version_1/AK77-25_LineWB-038_SP791-545.tif	70.3
https://walrus.wr.usgs.gov/namss/data/1977/namss.B-25-77-AK.mcs.airgun/tiff/version_1/AK77-25_LineWB-039_SP1660-700.tif	124.4
https://walrus.wr.usgs.gov/namss/data/1977/namss.B-25-77-AK.mcs.airgun/tiff/version_1/AK77-25_LineWB-039_SP2650-1690.tif	125.3
https://walrus.wr.usgs.gov/namss/data/1977/namss.B-25-77-AK.mcs.airgun/tiff/version_1/AK77-25_LineWB-039_SP3610-2680.tif	120.7
https://walrus.wr.usgs.gov/namss/data/1977/namss.B-25-77-AK.mcs.airgun/tiff/version_1/AK77-25_LineWB-039_SP4600-3640.tif	123.3
https://walrus.wr.usgs.gov/namss/data/1977/namss.B-25-77-AK.mcs.airgun/tiff/version_1/AK77-25_LineWB-039_SP4600-36401.tif	117.1
https://walrus.wr.usgs.gov/namss/data/1977/namss.B-25-77-AK.mcs.airgun/tiff/version_1/AK77-25_LineWB-039_SP5539-4360.tif	162.0
https://walrus.wr.usgs.gov/namss/data/1977/namss.B-25-77-AK.mcs.airgun/tiff/version_1/AK77-25_LineWB-039_SP5539-4630.tif	120.8
https://walrus.wr.usgs.gov/namss/data/1977/namss.B-25-77-AK.mcs.airgun/tiff/version_1/AK77-25_LineWB-039_SP670-52.tif	84.0
https://walrus.wr.usgs.gov/namss/data/1977/namss.B-25-77-AK.mcs.airgun/tiff/version_1/AK77-25_LineWB-040A_SP768-603.tif	52.2
https://walrus.wr.usgs.gov/namss/data/1977/namss.B-25-77-AK.mcs.airgun/tiff/version_1/AK77-25_LineWB-040_SP1333-430.tif	125.9
https://walrus.wr.usgs.gov/namss/data/1977/namss.B-25-77-AK.mcs.airgun/tiff/version_1/AK77-25_LineWB-040_SP1648-1219A.tif	68.6
https://walrus.wr.usgs.gov/namss/data/1977/namss.B-25-77-AK.mcs.airgun/tiff/version_1/AK77-25_LineWB-040_SP1648-760.tif	120.6
https://walrus.wr.usgs.gov/namss/data/1977/namss.B-25-77-AK.mcs.airgun/tiff/version_1/AK77-25_LineWB-040_SP400-52.tif	55.6
https://walrus.wr.usgs.gov/namss/data/1977/namss.B-25-77-AK.mcs.airgun/tiff/version_1/AK77-25_LineWB-040_SP732-52.tif	88.7
https://walrus.wr.usgs.gov/namss/data/1977/namss.B-25-77-AK.mcs.airgun/tiff/version_1/AK77-25_LineWB-042A_SP664A-568.tif	39.3
https://walrus.wr.usgs.gov/namss/data/1977/namss.B-25-77-AK.mcs.airgun/tiff/version_1/AK77-25_LineWB-042A_SP717-657.tif	30.0
https://walrus.wr.usgs.gov/namss/data/1977/namss.B-25-77-AK.mcs.airgun/tiff/version_1/AK77-25_LineWB-042A_SP840-750.tif	36.3
https://walrus.wr.usgs.gov/namss/data/1977/namss.B-25-77-AK.mcs.airgun/tiff/version_1/AK77-25_LineWB-042_SP1030-100.tif	122.6
https://walrus.wr.usgs.gov/namss/data/1977/namss.B-25-77-AK.mcs.airgun/tiff/version_1/AK77-25_LineWB-042_SP1343-100.tif	168.4
https://walrus.wr.usgs.gov/namss/data/1977/namss.B-25-77-AK.mcs.airgun/tiff/version_1/AK77-25_LineWB-042_SP1343-1060.tif	48.1
https://walrus.wr.usgs.gov/namss/data/1977/namss.B-25-77-AK.mcs.airgun/tiff/version_1/AK77-25_LineWB-042_SP1738-1285A.tif	71.8
https://walrus.wr.usgs.gov/namss/data/1977/namss.B-25-77-AK.mcs.airgun/tiff/version_1/AK77-25_LineWB-042_SP1738-1285A0001.tif	71.3
https://walrus.wr.usgs.gov/namss/data/1977/namss.B-25-77-AK.mcs.airgun/tiff/version_1/AK77-25_LineWB-042_SP840-750.tif	37.6
https://walrus.wr.usgs.gov/namss/data/1977/namss.B-25-77-AK.mcs.airgun/tiff/version_1/AK77-25_LineWB-044A_SP786-750.tif	26.0
https://walrus.wr.usgs.gov/namss/data/1977/namss.B-25-77-AK.mcs.airgun/tiff/version_1/AK77-25_LineWB-044_SP1333-430.tif	121.6
https://walrus.wr.usgs.gov/namss/data/1977/namss.B-25-77-AK.mcs.airgun/tiff/version_1/AK77-25_LineWB-044_SP1740-1285A.tif	71.3
https://walrus.wr.usgs.gov/namss/data/1977/namss.B-25-77-AK.mcs.airgun/tiff/version_1/AK77-25_LineWB-044_SP1740-760.tif	120.1
https://walrus.wr.usgs.gov/namss/data/1977/namss.B-25-77-AK.mcs.airgun/tiff/version_1/AK77-25_LineWB-044_SP400-52.tif	54.8
https://walrus.wr.usgs.gov/namss/data/1977/namss.B-25-77-AK.mcs.airgun/tiff/version_1/AK77-25_LineWB-044_SP708-650.tif	29.1
https://walrus.wr.usgs.gov/namss/data/1977/namss.B-25-77-AK.mcs.airgun/tiff/version_1/AK77-25_LineWB-044_SP730-52.tif	93.9
https://walrus.wr.usgs.gov/namss/data/1977/namss.B-25-77-AK.mcs.airgun/tiff/version_1/AK77-25_LineWB-044_SP786-750.tif	27.3
https://walrus.wr.usgs.gov/namss/data/1977/namss.B-25-77-AK.mcs.airgun/tiff/version_1/AK77-25_LineWB-046_SP1090-101.tif	129.5
https://walrus.wr.usgs.gov/namss/data/1977/namss.B-25-77-AK.mcs.airgun/tiff/version_1/AK77-25_LineWB-046_SP1090-850.tif	42.4
https://walrus.wr.usgs.gov/namss/data/1977/namss.B-25-77-AK.mcs.airgun/tiff/version_1/AK77-25_LineWB-046_SP1093-101.tif	140.7
https://walrus.wr.usgs.gov/namss/data/1977/namss.B-25-77-AK.mcs.airgun/tiff/version_1/AK77-25_LineWB-046_SP820-101.tif	101.4
https://walrus.wr.usgs.gov/namss/data/1977/namss.B-25-77-AK.mcs.airgun/tiff/version_1/AK77-25_LineWB-048_SP1099-52.tif	135.8
https://walrus.wr.usgs.gov/namss/data/1977/namss.B-25-77-AK.mcs.airgun/tiff/version_1/AK77-25_LineWB-048_SP1702-820.tif	121.6
https://walrus.wr.usgs.gov/namss/data/1977/namss.B-25-77-AK.mcs.airgun/tiff/version_1/AK77-25_LineWB-048_SP1702-982A.tif	102.6
https://walrus.wr.usgs.gov/namss/data/1977/namss.B-25-77-AK.mcs.airgun/tiff/version_1/AK77-25_LineWB-048_SP790-52.tif	94.1
https://walrus.wr.usgs.gov/namss/data/1977/namss.B-25-77-AK.mcs.airgun/tiff/version_1/AK77-25_LineWB-050_SP1030-100.tif	123.7
https://walrus.wr.usgs.gov/namss/data/1977/namss.B-25-77-AK.mcs.airgun/tiff/version_1/AK77-25_LineWB-050_SP1351-100.tif	161.3
https://walrus.wr.usgs.gov/namss/data/1977/namss.B-25-77-AK.mcs.airgun/tiff/version_1/AK77-25_LineWB-050_SP1867-1060.tif	104.4
https://walrus.wr.usgs.gov/namss/data/1977/namss.B-25-77-AK.mcs.airgun/tiff/version_1/AK77-25_LineWB-050_SP1867-1291A.tif	85.2
https://walrus.wr.usgs.gov/namss/data/1977/namss.B-25-77-AK.mcs.airgun/tiff/version_1/AK77-25_LineWB-052_SP1222-52.tif	149.7
https://walrus.wr.usgs.gov/namss/data/1977/namss.B-25-77-AK.mcs.airgun/tiff/version_1/AK77-25_LineWB-052_SP1222-827.tif	64.6
https://walrus.wr.usgs.gov/namss/data/1977/namss.B-25-77-AK.mcs.airgun/tiff/version_1/AK77-25_LineWB-052_SP874A-52.tif	113.5
https://walrus.wr.usgs.gov/namss/data/1977/namss.B-25-77-AK.mcs.airgun/tiff/version_1/AK77-25_LineWB-054_SP1057-139.tif	126.2
https://walrus.wr.usgs.gov/namss/data/1977/namss.B-25-77-AK.mcs.airgun/tiff/version_1/AK77-25_LineWB-054_SP1057-139_v2.tif	123.3
https://walrus.wr.usgs.gov/namss/data/1977/namss.B-25-77-AK.mcs.airgun/tiff/version_1/AK77-25_LineWB-054_SP1390-1058.tif	50.2
https://walrus.wr.usgs.gov/namss/data/1977/namss.B-25-77-AK.mcs.airgun/tiff/version_1/AK77-25_LineWB-054_SP1390-139.tif	158.2
https://walrus.wr.usgs.gov/namss/data/1977/namss.B-25-77-AK.mcs.airgun/tiff/version_1/AK77-25_LineWB-056_SP1309-400.tif	123.6
https://walrus.wr.usgs.gov/namss/data/1977/namss.B-25-77-AK.mcs.airgun/tiff/version_1/AK77-25_LineWB-056_SP1309-52.tif	171.9
https://walrus.wr.usgs.gov/namss/data/1977/namss.B-25-77-AK.mcs.airgun/tiff/version_1/AK77-25_LineWB-056_SP370-52.tif	53.9
https://walrus.wr.usgs.gov/namss/data/1977/namss.B-25-77-AK.mcs.airgun/tiff/version_1/AK77-25_LineWB-058_SP1000-100.tif	120.9
https://walrus.wr.usgs.gov/namss/data/1977/namss.B-25-77-AK.mcs.airgun/tiff/version_1/AK77-25_LineWB-058_SP1336-1030.tif	50.8
https://walrus.wr.usgs.gov/namss/data/1977/namss.B-25-77-AK.mcs.airgun/tiff/version_1/AK77-25_LineWB-060_SP1357-460.tif	122.8
https://walrus.wr.usgs.gov/namss/data/1977/namss.B-25-77-AK.mcs.airgun/tiff/version_1/AK77-25_LineWB-060_SP1357-52.tif	171.9
https://walrus.wr.usgs.gov/namss/data/1977/namss.B-25-77-AK.mcs.airgun/tiff/version_1/AK77-25_LineWB-060_SP430-52.tif	58.5
https://walrus.wr.usgs.gov/namss/data/1977/namss.B-25-77-AK.mcs.airgun/tiff/version_1/AK77-25_LineWB-062_SP1000-100.tif	126.0
https://walrus.wr.usgs.gov/namss/data/1977/namss.B-25-77-AK.mcs.airgun/tiff/version_1/AK77-25_LineWB-062_SP1000-100ver2.tif	123.5
https://walrus.wr.usgs.gov/namss/data/1977/namss.B-25-77-AK.mcs.airgun/tiff/version_1/AK77-25_LineWB-062_SP1504-1030.tif	69.8
https://walrus.wr.usgs.gov/namss/data/1977/namss.B-25-77-AK.mcs.airgun/tiff/version_1/AK77-25_LineWB-062_SP1504-1030ver2.tif	68.9
https://walrus.wr.usgs.gov/namss/data/1977/namss.B-25-77-AK.mcs.airgun/tiff/version_1/AK77-25_LineWB-064A_SP247-100.tif	50.4
https://walrus.wr.usgs.gov/namss/data/1977/namss.B-25-77-AK.mcs.airgun/tiff/version_1/AK77-25_LineWB-064A_SP247-100ver2.tif	29.4
https://walrus.wr.usgs.gov/namss/data/1977/namss.B-25-77-AK.mcs.airgun/tiff/version_1/AK77-25_LineWB-064_SP1768-880.tif	122.7
https://walrus.wr.usgs.gov/namss/data/1977/namss.B-25-77-AK.mcs.airgun/tiff/version_1/AK77-25_LineWB-064_SP1786-58.tif	215.4
https://walrus.wr.usgs.gov/namss/data/1977/namss.B-25-77-AK.mcs.airgun/tiff/version_1/AK77-25_LineWB-064_SP850-70.tif	104.4
https://walrus.wr.usgs.gov/namss/data/1977/namss.B-25-77-AK.mcs.airgun/tiff/version_1/AK77-25_LineWB-066A_SP364-110.tif	76.0
https://walrus.wr.usgs.gov/namss/data/1977/namss.B-25-77-AK.mcs.airgun/tiff/version_1/AK77-25_LineWB-066A_SP364-110ver2.tif	41.8
https://walrus.wr.usgs.gov/namss/data/1977/namss.B-25-77-AK.mcs.airgun/tiff/version_1/AK77-25_LineWB-066_SP1030-136.tif	122.9
https://walrus.wr.usgs.gov/namss/data/1977/namss.B-25-77-AK.mcs.airgun/tiff/version_1/AK77-25_LineWB-066_SP1030-136_v2.tif	124.4
https://walrus.wr.usgs.gov/namss/data/1977/namss.B-25-77-AK.mcs.airgun/tiff/version_1/AK77-25_LineWB-066_SP1030-136ver2.tif	124.2
https://walrus.wr.usgs.gov/namss/data/1977/namss.B-25-77-AK.mcs.airgun/tiff/version_1/AK77-25_LineWB-066_SP1396-1060.tif	54.0
https://walrus.wr.usgs.gov/namss/data/1977/namss.B-25-77-AK.mcs.airgun/tiff/version_1/AK77-25_LineWB-066_SP1396-1060ver2.tif	52.5
https://walrus.wr.usgs.gov/namss/data/1977/namss.B-25-77-AK.mcs.airgun/tiff/version_1/AK77-25_LineWB-068A_SP400-140.tif	77.8
https://walrus.wr.usgs.gov/namss/data/1977/namss.B-25-77-AK.mcs.airgun/tiff/version_1/AK77-25_LineWB-068A_SP400-140v2.tif	80.2
https://walrus.wr.usgs.gov/namss/data/1977/namss.B-25-77-AK.mcs.airgun/tiff/version_1/AK77-25_LineWB-068A_SP400-140ver2.tif	41.7
https://walrus.wr.usgs.gov/namss/data/1977/namss.B-25-77-AK.mcs.airgun/tiff/version_1/AK77-25_LineWB-068_SP1300-400.tif	127.8
https://walrus.wr.usgs.gov/namss/data/1977/namss.B-25-77-AK.mcs.airgun/tiff/version_1/AK77-25_LineWB-068_SP1300-52.tif	523.0
https://walrus.wr.usgs.gov/namss/data/1977/namss.B-25-77-AK.mcs.airgun/tiff/version_1/AK77-25_LineWB-068_SP370-52.tif	50.1
https://walrus.wr.usgs.gov/namss/data/1977/namss.B-25-77-AK.mcs.airgun/tiff/version_1/AK77-25_LineWB-070_SP1000-100.tif	370.4
https://walrus.wr.usgs.gov/namss/data/1977/namss.B-25-77-AK.mcs.airgun/tiff/version_1/AK77-25_LineWB-070_SP1336-100.tif	163.2
https://walrus.wr.usgs.gov/namss/data/1977/namss.B-25-77-AK.mcs.airgun/tiff/version_1/AK77-25_LineWB-070_SP1336-1030.tif	49.7
https://walrus.wr.usgs.gov/namss/data/1977/namss.B-25-77-AK.mcs.airgun/tiff/version_1/AK77-25_LineWB-072A_SP460-180.tif	45.2
https://walrus.wr.usgs.gov/namss/data/1977/namss.B-25-77-AK.mcs.airgun/tiff/version_1/AK77-25_LineWB-072A_SP462-178.tif	80.7
https://walrus.wr.usgs.gov/namss/data/1977/namss.B-25-77-AK.mcs.airgun/tiff/version_1/AK77-25_LineWB-072_SP1312-400.tif	121.3
https://walrus.wr.usgs.gov/namss/data/1977/namss.B-25-77-AK.mcs.airgun/tiff/version_1/AK77-25_LineWB-072_SP1312-64.tif	158.0
https://walrus.wr.usgs.gov/namss/data/1977/namss.B-25-77-AK.mcs.airgun/tiff/version_1/AK77-25_LineWB-072_SP1312-64ver2.tif	1004.1
https://walrus.wr.usgs.gov/namss/data/1977/namss.B-25-77-AK.mcs.airgun/tiff/version_1/AK77-25_LineWB-072_SP370-64.tif	51.2
https://walrus.wr.usgs.gov/namss/data/1977/namss.B-25-77-AK.mcs.airgun/tiff/version_1/AK77-25_LineWB-072a_SP462-178ver2.tif	82.9
https://walrus.wr.usgs.gov/namss/data/1977/namss.B-25-77-AK.mcs.airgun/tiff/version_1/AK77-25_LineWB-074_SP1486-571.tif	134.1
https://walrus.wr.usgs.gov/namss/data/1977/namss.B-25-77-AK.mcs.airgun/tiff/version_1/AK77-25_LineWB-074_SP1486-577.tif	125.6
https://walrus.wr.usgs.gov/namss/data/1977/namss.B-25-77-AK.mcs.airgun/tiff/version_1/AK77-25_LineWB-074_SP576-52.tif	72.0
https://walrus.wr.usgs.gov/namss/data/1977/namss.B-25-77-AK.mcs.airgun/tiff/version_1/AK77-25_LineWB-074_SP688-52.tif	92.9
https://walrus.wr.usgs.gov/namss/data/1977/namss.B-25-77-AK.mcs.airgun/tiff/version_1/AK77-25_LineWB-076A_SP380-290.tif	40.2
https://walrus.wr.usgs.gov/namss/data/1977/namss.B-25-77-AK.mcs.airgun/tiff/version_1/AK77-25_LineWB-076A_SP380-290ver2.tif	20.2
https://walrus.wr.usgs.gov/namss/data/1977/namss.B-25-77-AK.mcs.airgun/tiff/version_1/AK77-25_LineWB-076A_SP382-290.tif	36.9
https://walrus.wr.usgs.gov/namss/data/1977/namss.B-25-77-AK.mcs.airgun/tiff/version_1/AK77-25_LineWB-076_SP1600-811.tif	108.8
https://walrus.wr.usgs.gov/namss/data/1977/namss.B-25-77-AK.mcs.airgun/tiff/version_1/AK77-25_LineWB-076_SP1611-100.tif	202.0
https://walrus.wr.usgs.gov/namss/data/1977/namss.B-25-77-AK.mcs.airgun/tiff/version_1/AK77-25_LineWB-076_SP871-100.tif	104.2
https://walrus.wr.usgs.gov/namss/data/1977/namss.B-25-77-AK.mcs.airgun/tiff/version_1/AK77-25_LineWB-078_SP1312-400.tif	123.4
https://walrus.wr.usgs.gov/namss/data/1977/namss.B-25-77-AK.mcs.airgun/tiff/version_1/AK77-25_LineWB-078_SP1312-400ver2.tif	382.2
https://walrus.wr.usgs.gov/namss/data/1977/namss.B-25-77-AK.mcs.airgun/tiff/version_1/AK77-25_LineWB-078_SP370-52.tif	53.7
https://walrus.wr.usgs.gov/namss/data/1977/namss.B-25-77-AK.mcs.airgun/tiff/version_1/AK77-25_LineWB-078_SP370-52ver2.tif	54.2
https://walrus.wr.usgs.gov/namss/data/1977/namss.B-25-77-AK.mcs.airgun/tiff/version_1/AK77-25_LineWB-080_SP1009-100.tif	121.6
https://walrus.wr.usgs.gov/namss/data/1977/namss.B-25-77-AK.mcs.airgun/tiff/version_1/AK77-25_LineWB-080_SP1351-100.tif	176.1
https://walrus.wr.usgs.gov/namss/data/1977/namss.B-25-77-AK.mcs.airgun/tiff/version_1/AK77-25_LineWB-080_SP1351-1010.tif	52.5
https://walrus.wr.usgs.gov/namss/data/1977/namss.B-25-77-AK.mcs.airgun/tiff/version_1/AK77-25_LineWB-082_SP1348-323.tif	137.0
https://walrus.wr.usgs.gov/namss/data/1977/namss.B-25-77-AK.mcs.airgun/tiff/version_1/AK77-25_LineWB-082_SP1348-433.tif	119.9
https://walrus.wr.usgs.gov/namss/data/1977/namss.B-25-77-AK.mcs.airgun/tiff/version_1/AK77-25_LineWB-082_SP370A-52.tif	57.4
https://walrus.wr.usgs.gov/namss/data/1977/namss.B-25-77-AK.mcs.airgun/tiff/version_1/AK77-25_LineWB-082_SP370A-52_v2.tif	55.9
https://walrus.wr.usgs.gov/namss/data/1977/namss.B-25-77-AK.mcs.airgun/tiff/version_1/AK77-25_LineWB-082_SP432-52.tif	55.4
https://walrus.wr.usgs.gov/namss/data/1977/namss.B-25-77-AK.mcs.airgun/tiff/version_1/AK77-25_LineWB-084_SP1000-100.tif	120.0
https://walrus.wr.usgs.gov/namss/data/1977/namss.B-25-77-AK.mcs.airgun/tiff/version_1/AK77-25_LineWB-084_SP1615-100.tif	206.4
https://walrus.wr.usgs.gov/namss/data/1977/namss.B-25-77-AK.mcs.airgun/tiff/version_1/AK77-25_LineWB-084_SP1615-1030.tif	77.9
https://walrus.wr.usgs.gov/namss/data/1977/namss.B-25-77-AK.mcs.airgun/tiff/version_1/AK77-25_LineWB-086_SP1630-946A.tif	97.3
https://walrus.wr.usgs.gov/namss/data/1977/namss.B-25-77-AK.mcs.airgun/tiff/version_1/AK77-25_LineWB-086_SP1646-670.tif	120.4
https://walrus.wr.usgs.gov/namss/data/1977/namss.B-25-77-AK.mcs.airgun/tiff/version_1/AK77-25_LineWB-086_SP277A-76.tif	44.9
https://walrus.wr.usgs.gov/namss/data/1977/namss.B-25-77-AK.mcs.airgun/tiff/version_1/AK77-25_LineWB-086_SP421A-226.tif	42.2
https://walrus.wr.usgs.gov/namss/data/1977/namss.B-25-77-AK.mcs.airgun/tiff/version_1/AK77-25_LineWB-086_SP640-76.tif	78.0
https://walrus.wr.usgs.gov/namss/data/1977/namss.B-25-77-AK.mcs.airgun/tiff/version_1/AK77-25_LineWB-086_SP949-365.tif	85.8
https://walrus.wr.usgs.gov/namss/data/1977/namss.B-25-77-AK.mcs.airgun/tiff/version_1/AK77-25_LineWB-088_SP682A-52.tif	92.3
https://walrus.wr.usgs.gov/namss/data/1977/namss.B-25-77-AK.mcs.airgun/tiff/version_1/AK77-25_LineWB-088_SP901-52.tif	114.5
https://walrus.wr.usgs.gov/namss/data/1977/namss.B-25-77-AK.mcs.airgun/tiff/version_1/AK77-25_LineWB-088_SP901-637.tif	52.6
https://walrus.wr.usgs.gov/namss/data/1977/namss.B-25-77-AK.mcs.airgun/tiff/version_1/AK77-25_LineWB-090_SP1360-457.tif	120.9
https://walrus.wr.usgs.gov/namss/data/1977/namss.B-25-77-AK.mcs.airgun/tiff/version_1/AK77-25_LineWB-090_SP1825-1370.tif	62.1
https://walrus.wr.usgs.gov/namss/data/1977/namss.B-25-77-AK.mcs.airgun/tiff/version_1/AK77-25_LineWB-090_SP1825-457.tif	185.1
https://walrus.wr.usgs.gov/namss/data/1977/namss.B-25-77-AK.mcs.airgun/tiff/version_1/AK77-25_LineWB-090_SP310-100.tif	45.0
https://walrus.wr.usgs.gov/namss/data/1977/namss.B-25-77-AK.mcs.airgun/tiff/version_1/AK77-25_LineWB-090_SP310-100ver2.tif	44.1
https://walrus.wr.usgs.gov/namss/data/1977/namss.B-25-77-AK.mcs.airgun/tiff/version_1/AK77-25_LineWB-090_SP505A-280A.tif	47.6
https://walrus.wr.usgs.gov/namss/data/1977/namss.B-25-77-AK.mcs.airgun/tiff/version_1/AK77-25_LineWB-090_SP506A-280A.tif	48.3
https://walrus.wr.usgs.gov/namss/data/1977/namss.B-25-77-AK.mcs.airgun/tiff/version_1/AK77-25_LineWB-092_SP1150-310.tif	107.3
https://walrus.wr.usgs.gov/namss/data/1977/namss.B-25-77-AK.mcs.airgun/tiff/version_1/AK77-25_LineWB-092_SP1357A-769.tif	87.3
https://walrus.wr.usgs.gov/namss/data/1977/namss.B-25-77-AK.mcs.airgun/tiff/version_1/AK77-25_LineWB-092_SP1744A-1308.tif	68.8
https://walrus.wr.usgs.gov/namss/data/1977/namss.B-25-77-AK.mcs.airgun/tiff/version_1/AK77-25_LineWB-092_SP1960-1180.tif	107.1
https://walrus.wr.usgs.gov/namss/data/1977/namss.B-25-77-AK.mcs.airgun/tiff/version_1/AK77-25_LineWB-092_SP1960-1675.tif	52.0
https://walrus.wr.usgs.gov/namss/data/1977/namss.B-25-77-AK.mcs.airgun/tiff/version_1/AK77-25_LineWB-092_SP280-52.tif	41.3
https://walrus.wr.usgs.gov/namss/data/1977/namss.B-25-77-AK.mcs.airgun/tiff/version_1/AK77-25_LineWB-092_SP814A-52.tif	105.1
https://walrus.wr.usgs.gov/namss/data/1977/namss.B-25-77-AK.mcs.airgun/tiff/version_1/AK77-25_LineWB-094_SP1810-970.tif	107.2
https://walrus.wr.usgs.gov/namss/data/1977/namss.B-25-77-AK.mcs.airgun/tiff/version_1/AK77-25_LineWB-094_SP2080-1840.tif	40.9
https://walrus.wr.usgs.gov/namss/data/1977/namss.B-25-77-AK.mcs.airgun/tiff/version_1/AK77-25_LineWB-094_SP2080-970.tif	139.2
https://walrus.wr.usgs.gov/namss/data/1977/namss.B-25-77-AK.mcs.airgun/tiff/version_1/AK77-25_LineWB-094_SP2092-163.tif	240.4
https://walrus.wr.usgs.gov/namss/data/1977/namss.B-25-77-AK.mcs.airgun/tiff/version_1/AK77-25_LineWB-094_SP940-163.tif	104.5
https://walrus.wr.usgs.gov/namss/data/1977/namss.B-25-77-AK.mcs.airgun/tiff/version_1/AK77-25_LineWB-096_SP1030-52.tif	120.7
https://walrus.wr.usgs.gov/namss/data/1977/namss.B-25-77-AK.mcs.airgun/tiff/version_1/AK77-25_LineWB-096_SP1126A-52.tif	154.2
https://walrus.wr.usgs.gov/namss/data/1977/namss.B-25-77-AK.mcs.airgun/tiff/version_1/AK77-25_LineWB-096_SP1945-1025.tif	139.1
https://walrus.wr.usgs.gov/namss/data/1977/namss.B-25-77-AK.mcs.airgun/tiff/version_1/AK77-25_LineWB-096_SP1945-1060.tif	120.4
https://walrus.wr.usgs.gov/namss/data/1977/namss.B-25-77-AK.mcs.airgun/tiff/version_1/AK77-25_LineWB-097_SP1750-850.tif	114.2
https://walrus.wr.usgs.gov/namss/data/1977/namss.B-25-77-AK.mcs.airgun/tiff/version_1/AK77-25_LineWB-097_SP2017-1.tif	268.2
https://walrus.wr.usgs.gov/namss/data/1977/namss.B-25-77-AK.mcs.airgun/tiff/version_1/AK77-25_LineWB-097_SP2017-1780.tif	42.7
https://walrus.wr.usgs.gov/namss/data/1977/namss.B-25-77-AK.mcs.airgun/tiff/version_1/AK77-25_LineWB-097_SP820-1.tif	115.1
https://walrus.wr.usgs.gov/namss/data/1977/namss.B-25-77-AK.mcs.airgun/tiff/version_1/AK77-25_LineWB-098_SP1210-103.tif	158.6
https://walrus.wr.usgs.gov/namss/data/1977/namss.B-25-77-AK.mcs.airgun/tiff/version_1/AK77-25_LineWB-098_SP1597-1000.tif	79.9
https://walrus.wr.usgs.gov/namss/data/1977/namss.B-25-77-AK.mcs.airgun/tiff/version_1/AK77-25_LineWB-098_SP2143-1240.tif	114.1
https://walrus.wr.usgs.gov/namss/data/1977/namss.B-25-77-AK.mcs.airgun/tiff/version_1/AK77-25_LineWB-098_SP2143-1598.tif	74.6
https://walrus.wr.usgs.gov/namss/data/1977/namss.B-25-77-AK.mcs.airgun/tiff/version_1/AK77-25_LineWB-098_SP973-103.tif	115.4
https://walrus.wr.usgs.gov/namss/data/1977/namss.B-25-77-AK.mcs.airgun/tiff/version_1/AK77-25_LineWB-100_SP2005-52.tif	249.3
https://walrus.wr.usgs.gov/namss/data/1977/namss.B-25-77-AK.mcs.airgun/tiff/version_1/AK77-25_LineWB-102_SP1840-940.tif	113.2
https://walrus.wr.usgs.gov/namss/data/1977/namss.B-25-77-AK.mcs.airgun/tiff/version_1/AK77-25_LineWB-102_SP2110-1870.tif	43.3
https://walrus.wr.usgs.gov/namss/data/1977/namss.B-25-77-AK.mcs.airgun/tiff/version_1/AK77-25_LineWB-102_SP2116-100.tif	254.8
https://walrus.wr.usgs.gov/namss/data/1977/namss.B-25-77-AK.mcs.airgun/tiff/version_1/AK77-25_LineWB-102_SP910-100.tif	113.3
https://walrus.wr.usgs.gov/namss/data/1977/namss.B-25-77-AK.mcs.airgun/tiff/version_1/AK77-25_LineWB-104_SP1000-100.tif	123.7
https://walrus.wr.usgs.gov/namss/data/1977/namss.B-25-77-AK.mcs.airgun/tiff/version_1/AK77-25_LineWB-104_SP1867-100.tif	229.2
https://walrus.wr.usgs.gov/namss/data/1977/namss.B-25-77-AK.mcs.airgun/tiff/version_1/AK77-25_LineWB-104_SP1867-1030.tif	110.0
https://walrus.wr.usgs.gov/namss/data/1977/namss.B-25-77-AK.mcs.airgun/tiff/version_1/AK77-25_LineWB-106_SP1312A-640.tif	96.4
https://walrus.wr.usgs.gov/namss/data/1977/namss.B-25-77-AK.mcs.airgun/tiff/version_1/AK77-25_LineWB-106_SP1600-1264.tif	58.4
https://walrus.wr.usgs.gov/namss/data/1977/namss.B-25-77-AK.mcs.airgun/tiff/version_1/AK77-25_LineWB-106_SP1600-700.tif	122.9
https://walrus.wr.usgs.gov/namss/data/1977/namss.B-25-77-AK.mcs.airgun/tiff/version_1/AK77-25_LineWB-106_SP610-70.tif	81.7
https://walrus.wr.usgs.gov/namss/data/1977/namss.B-25-77-AK.mcs.airgun/tiff/version_1/AK77-25_LineWB-106_SP670-52.tif	84.5
https://walrus.wr.usgs.gov/namss/data/1977/namss.B-25-77-AK.mcs.airgun/tiff/version_1/AK77-25_LineWB-108_SP1444-727A.tif	99.7
https://walrus.wr.usgs.gov/namss/data/1977/namss.B-25-77-AK.mcs.airgun/tiff/version_1/AK77-25_LineWB-108_SP775-100.tif	94.6
https://walrus.wr.usgs.gov/namss/data/1977/namss.B-25-77-AK.mcs.airgun/tiff/version_1/AK77-25_LineWB-110_SP1510-100.tif	193.4
https://walrus.wr.usgs.gov/namss/data/1977/namss.B-25-77-AK.mcs.airgun/tiff/version_1/AK77-25_LineWB-112_SP1441-52.tif	192.7
https://walrus.wr.usgs.gov/namss/data/1977/namss.B-25-77-AK.mcs.airgun/tiff/version_1/AK77-25_LineWB-112_SP1441-550.tif	122.0
https://walrus.wr.usgs.gov/namss/data/1977/namss.B-25-77-AK.mcs.airgun/tiff/version_1/AK77-25_LineWB-112_SP520-52.tif	64.2
https://walrus.wr.usgs.gov/namss/data/1977/namss.B-25-77-AK.mcs.airgun/tiff/version_1/AK77-25_LineWB-114_SP1030-100.tif	125.0
https://walrus.wr.usgs.gov/namss/data/1977/namss.B-25-77-AK.mcs.airgun/tiff/version_1/AK77-25_LineWB-114_SP1032-100.tif	120.7
https://walrus.wr.usgs.gov/namss/data/1977/namss.B-25-77-AK.mcs.airgun/tiff/version_1/AK77-25_LineWB-114_SP1516-1060.tif	67.3
https://walrus.wr.usgs.gov/namss/data/1977/namss.B-25-77-AK.mcs.airgun/tiff/version_1/AK77-25_LineWB-116_SP1432-517.tif	121.2
https://walrus.wr.usgs.gov/namss/data/1977/namss.B-25-77-AK.mcs.airgun/tiff/version_1/AK77-25_LineWB-116_SP1432-520.tif	125.6
https://walrus.wr.usgs.gov/namss/data/1977/namss.B-25-77-AK.mcs.airgun/tiff/version_1/AK77-25_LineWB-116_SP490-52.tif	67.5
https://walrus.wr.usgs.gov/namss/data/1977/namss.B-25-77-AK.mcs.airgun/tiff/version_1/AK77-25_LineWB-116_SP516-52.tif	65.0
https://walrus.wr.usgs.gov/namss/data/1977/namss.B-25-77-AK.mcs.airgun/tiff/version_1/AK77-25_LineWB-118_SP1000-100.tif	120.9
https://walrus.wr.usgs.gov/namss/data/1977/namss.B-25-77-AK.mcs.airgun/tiff/version_1/AK77-25_LineWB-118_SP1600-1011.tif	78.4
https://walrus.wr.usgs.gov/namss/data/1977/namss.B-25-77-AK.mcs.airgun/tiff/version_1/AK77-25_LineWB-120_SP246-100.tif	54.3
https://walrus.wr.usgs.gov/namss/data/1977/namss.B-25-77-AK.mcs.airgun/tiff/version_1/AK77-25_LineWB-120_SP246-100ver2.tif	28.4
https://walrus.wr.usgs.gov/namss/data/1977/namss.B-25-77-AK.mcs.airgun/tiff/version_1/AK77-25_LineWB-122_SP240-127.tif	42.3
https://walrus.wr.usgs.gov/namss/data/1977/namss.B-25-77-AK.mcs.airgun/tiff/version_1/AK77-25_LineWB-122_SP240-127ver2.tif	23.8
https://walrus.wr.usgs.gov/namss/data/1977/namss.B-25-77-AK.mcs.airgun/tiff/version_1/AK77-25_LineWB-124_SP254-125.tif	46.1
https://walrus.wr.usgs.gov/namss/data/1977/namss.B-25-77-AK.mcs.airgun/tiff/version_1/AK77-25_LineWB-124_SP254-125v2.tif	46.1
https://walrus.wr.usgs.gov/namss/data/1977/namss.B-25-77-AK.mcs.airgun/tiff/version_1/AK77-25_LineWB-124_SP254-125ver2.tif	44.8
https://walrus.wr.usgs.gov/namss/data/1977/namss.B-25-77-AK.mcs.airgun/tiff/version_1/AK77-25_LineWB-126_SP280-124.tif	52.9
https://walrus.wr.usgs.gov/namss/data/1977/namss.B-25-77-AK.mcs.airgun/tiff/version_1/AK77-25_LineWB-126_SP280-124v2.tif	29.0
https://walrus.wr.usgs.gov/namss/data/1977/namss.B-25-77-AK.mcs.airgun/tiff/version_1/AK77-25_LineWB-126_SP280-124ver2.tif	29.4
https://walrus.wr.usgs.gov/namss/data/1977/namss.B-25-77-AK.mcs.airgun/tiff/version_1/AK77-25_LineWB-128_SP319-156.tif	56.2
https://walrus.wr.usgs.gov/namss/data/1977/namss.B-25-77-AK.mcs.airgun/tiff/version_1/AK77-25_LineWB-128_SP319-156v2.tif	62.5
https://walrus.wr.usgs.gov/namss/data/1977/namss.B-25-77-AK.mcs.airgun/tiff/version_1/AK77-25_LineWB-128_SP319-156ver2.tif	30.8
https://walrus.wr.usgs.gov/namss/data/1977/namss.B-25-77-AK.mcs.airgun/tiff/version_1/AK77-25_LineWB-130_SP300-100.tif	33.8
https://walrus.wr.usgs.gov/namss/data/1977/namss.B-25-77-AK.mcs.airgun/tiff/version_1/AK77-25_LineWB-130_SP300-99.tif	59.8
https://walrus.wr.usgs.gov/namss/data/1977/namss.B-25-77-AK.mcs.airgun/tiff/version_1/AK77-25_LineWB-132_SP318-114.tif	64.5
https://walrus.wr.usgs.gov/namss/data/1977/namss.B-25-77-AK.mcs.airgun/tiff/version_1/AK77-25_LineWB-132_SP318-114ver2.tif	35.4
https://walrus.wr.usgs.gov/namss/data/1977/namss.B-25-77-AK.mcs.airgun/tiff/version_1/AK77-25_LineWB-134_SP215-88.tif	47.6
https://walrus.wr.usgs.gov/namss/data/1977/namss.B-25-77-AK.mcs.airgun/tiff/version_1/AK77-25_LineWB-134_SP215-88v2.tif	52.4
https://walrus.wr.usgs.gov/namss/data/1977/namss.B-25-77-AK.mcs.airgun/tiff/version_1/AK77-25_LineWB-134_SP215-88ver2.tif	25.0
https://walrus.wr.usgs.gov/namss/data/1977/namss.B-25-77-AK.mcs.airgun/tiff/version_1/AK77-25_LineWB-136_SP260-120.tif	50.9
https://walrus.wr.usgs.gov/namss/data/1977/namss.B-25-77-AK.mcs.airgun/tiff/version_1/AK77-25_LineWB-136_SP260-120ver2.tif	26.5
https://walrus.wr.usgs.gov/namss/data/1977/namss.B-25-77-AK.mcs.airgun/tiff/version_1/AK77-25_LineWB-138_SP210-120.tif	39.6
https://walrus.wr.usgs.gov/namss/data/1977/namss.B-25-77-AK.mcs.airgun/tiff/version_1/AK77-25_LineWB-138_SP211-120.tif	21.7
https://walrus.wr.usgs.gov/namss/data/1977/namss.B-25-77-AK.mcs.airgun/tiff/version_1/AK77-25_LineWB-138_SP211-120v2.tif	22.1
https://walrus.wr.usgs.gov/namss/data/1977/namss.B-25-77-AK.mcs.airgun/tiff/version_1/AK77-25_LineWB-140_SP1000-100.tif	122.8
https://walrus.wr.usgs.gov/namss/data/1977/namss.B-25-77-AK.mcs.airgun/tiff/version_1/AK77-25_LineWB-140_SP1000-100ver2.tif	121.0
https://walrus.wr.usgs.gov/namss/data/1977/namss.B-25-77-AK.mcs.airgun/tiff/version_1/AK77-25_LineWB-140_SP1615-1030.tif	80.0
https://walrus.wr.usgs.gov/namss/data/1977/namss.B-25-77-AK.mcs.airgun/tiff/version_1/AK77-25_LineWB-140_SP1615-1030ver2.tif	78.5
https://walrus.wr.usgs.gov/namss/data/1977/namss.B-25-77-AK.mcs.airgun/tiff/version_1/AK77-25_LineWB-142_SP1912-1000.tif	122.1
https://walrus.wr.usgs.gov/namss/data/1977/namss.B-25-77-AK.mcs.airgun/tiff/version_1/AK77-25_LineWB-142_SP1912-1000ver2.tif	121.1
https://walrus.wr.usgs.gov/namss/data/1977/namss.B-25-77-AK.mcs.airgun/tiff/version_1/AK77-25_LineWB-142_SP970-52.tif	120.6
https://walrus.wr.usgs.gov/namss/data/1977/namss.B-25-77-AK.mcs.airgun/tiff/version_1/AK77-25_LineWB-142_SP970-52ver2.tif	118.3
https://walrus.wr.usgs.gov/namss/data/1977/namss.B-25-77-AK.mcs.airgun/tiff/version_1/AK77-25_LineWB-144_SP1780-940.tif	115.7
https://walrus.wr.usgs.gov/namss/data/1977/namss.B-25-77-AK.mcs.airgun/tiff/version_1/AK77-25_LineWB-144_SP1780-940ver2.tif	109.9
https://walrus.wr.usgs.gov/namss/data/1977/namss.B-25-77-AK.mcs.airgun/tiff/version_1/AK77-25_LineWB-144_SP2023-1802.tif	39.6
https://walrus.wr.usgs.gov/namss/data/1977/namss.B-25-77-AK.mcs.airgun/tiff/version_1/AK77-25_LineWB-144_SP2023-1810.tif	38.4
https://walrus.wr.usgs.gov/namss/data/1977/namss.B-25-77-AK.mcs.airgun/tiff/version_1/AK77-25_LineWB-144_SP910-100.tif	114.6
https://walrus.wr.usgs.gov/namss/data/1977/namss.B-25-77-AK.mcs.airgun/tiff/version_1/AK77-25_LineWB-144_SP910-100ver2.tif	112.1
https://walrus.wr.usgs.gov/namss/data/1977/namss.B-25-77-AK.mcs.airgun/tiff/version_1/AK77-25_LineWB-146_SP1519-601.tif	122.9
https://walrus.wr.usgs.gov/namss/data/1977/namss.B-25-77-AK.mcs.airgun/tiff/version_1/AK77-25_LineWB-146_SP1519-610.tif	121.9
https://walrus.wr.usgs.gov/namss/data/1977/namss.B-25-77-AK.mcs.airgun/tiff/version_1/AK77-25_LineWB-146_SP580-37.tif	75.5
https://walrus.wr.usgs.gov/namss/data/1977/namss.B-25-77-AK.mcs.airgun/tiff/version_1/AK77-25_LineWB-146_SP600-37.tif	77.6
https://walrus.wr.usgs.gov/namss/data/1977/namss.B-25-77-AK.mcs.airgun/tiff/version_1/AK77-25_LineWB-148_SP1000-100.tif	122.0
https://walrus.wr.usgs.gov/namss/data/1977/namss.B-25-77-AK.mcs.airgun/tiff/version_1/AK77-25_LineWB-148_SP1300-493A.tif	113.4
https://walrus.wr.usgs.gov/namss/data/1977/namss.B-25-77-AK.mcs.airgun/tiff/version_1/AK77-25_LineWB-148_SP1555-1030.tif	73.3
https://walrus.wr.usgs.gov/namss/data/1977/namss.B-25-77-AK.mcs.airgun/tiff/version_1/AK77-25_LineWB-148_SP1555-1330.tif	42.6
https://walrus.wr.usgs.gov/namss/data/1977/namss.B-25-77-AK.mcs.airgun/tiff/version_1/AK77-25_LineWB-148_SP550-100.tif	71.9
https://walrus.wr.usgs.gov/namss/data/1977/namss.B-25-77-AK.mcs.airgun/tiff/version_1/AK77-25_LineWB-150_SP1420-520.tif	121.2
https://walrus.wr.usgs.gov/namss/data/1977/namss.B-25-77-AK.mcs.airgun/tiff/version_1/AK77-25_LineWB-150_SP1423-505.tif	123.0
https://walrus.wr.usgs.gov/namss/data/1977/namss.B-25-77-AK.mcs.airgun/tiff/version_1/AK77-25_LineWB-150_SP490-52.tif	63.5
https://walrus.wr.usgs.gov/namss/data/1977/namss.B-25-77-AK.mcs.airgun/tiff/version_1/AK77-25_LineWB-150_SP504-52.tif	63.1
https://walrus.wr.usgs.gov/namss/data/1977/namss.B-25-77-AK.mcs.airgun/tiff/version_1/AK77-25_LineWB-152_SP1000-100.tif	120.8
https://walrus.wr.usgs.gov/namss/data/1977/namss.B-25-77-AK.mcs.airgun/tiff/version_1/AK77-25_LineWB-152_SP1009-100.tif	123.3
https://walrus.wr.usgs.gov/namss/data/1977/namss.B-25-77-AK.mcs.airgun/tiff/version_1/AK77-25_LineWB-152_SP1567-1010.tif	76.7
https://walrus.wr.usgs.gov/namss/data/1977/namss.B-25-77-AK.mcs.airgun/tiff/version_1/AK77-25_LineWB-152_SP1567-1030.tif	75.5
https://walrus.wr.usgs.gov/namss/data/1977/namss.B-25-77-AK.mcs.airgun/tiff/version_1/AK77-25_LineWB-154_SP1000-100.tif	122.5
https://walrus.wr.usgs.gov/namss/data/1977/namss.B-25-77-AK.mcs.airgun/tiff/version_1/AK77-25_LineWB-154_SP1009-100.tif	122.8
https://walrus.wr.usgs.gov/namss/data/1977/namss.B-25-77-AK.mcs.airgun/tiff/version_1/AK77-25_LineWB-154_SP1570-1030.tif	76.5
https://walrus.wr.usgs.gov/namss/data/1977/namss.B-25-77-AK.mcs.airgun/tiff/version_1/AK77-25_LineWB-154_SP1585-1010.tif	76.8
https://walrus.wr.usgs.gov/namss/data/1977/namss.B-25-77-AK.mcs.airgun/tiff/version_1/AK77-25_LineWB-156_SP1581-649.tif	120.9
https://walrus.wr.usgs.gov/namss/data/1977/namss.B-25-77-AK.mcs.airgun/tiff/version_1/AK77-25_LineWB-156_SP1588-670.tif	123.1
https://walrus.wr.usgs.gov/namss/data/1977/namss.B-25-77-AK.mcs.airgun/tiff/version_1/AK77-25_LineWB-156_SP648-52.tif	79.7
https://walrus.wr.usgs.gov/namss/data/1977/namss.B-25-77-AK.mcs.airgun/tiff/version_1/AK77-25_LineWB-156_SP648-52ver2.tif	79.0
https://walrus.wr.usgs.gov/namss/data/1977/namss.B-25-77-AK.mcs.airgun/tiff/version_1/AK77-25_LineWB-158_SP1495-577.tif	122.0
https://walrus.wr.usgs.gov/namss/data/1977/namss.B-25-77-AK.mcs.airgun/tiff/version_1/AK77-25_LineWB-158_SP1495-577_Part2.tif	44.6
https://walrus.wr.usgs.gov/namss/data/1977/namss.B-25-77-AK.mcs.airgun/tiff/version_1/AK77-25_LineWB-158_SP1495-577ver2.tif	94.4
https://walrus.wr.usgs.gov/namss/data/1977/namss.B-25-77-AK.mcs.airgun/tiff/version_1/AK77-25_LineWB-158_SP576-52.tif	71.4
https://walrus.wr.usgs.gov/namss/data/1977/namss.B-25-77-AK.mcs.airgun/tiff/version_1/AK77-25_LineWB-158_SP576-52ver2.tif	70.9
https://walrus.wr.usgs.gov/namss/data/1977/namss.B-25-77-AK.mcs.airgun/tiff/version_1/AK77-25_LineWB-160_SP1000-100.tif	125.2
https://walrus.wr.usgs.gov/namss/data/1977/namss.B-25-77-AK.mcs.airgun/tiff/version_1/AK77-25_LineWB-160_SP1000-100ver2.tif	122.1
https://walrus.wr.usgs.gov/namss/data/1977/namss.B-25-77-AK.mcs.airgun/tiff/version_1/AK77-25_LineWB-160_SP1420-1030.tif	61.0
https://walrus.wr.usgs.gov/namss/data/1977/namss.B-25-77-AK.mcs.airgun/tiff/version_1/AK77-25_LineWB-160_SP1420-1030ver2.tif	60.2
https://walrus.wr.usgs.gov/namss/data/1977/namss.B-25-77-AK.mcs.airgun/tiff/version_1/AK77-25_LineWB-162_SP1369-460.tif	121.1
https://walrus.wr.usgs.gov/namss/data/1977/namss.B-25-77-AK.mcs.airgun/tiff/version_1/AK77-25_LineWB-162_SP1369-460ver2.tif	121.4
https://walrus.wr.usgs.gov/namss/data/1977/namss.B-25-77-AK.mcs.airgun/tiff/version_1/AK77-25_LineWB-162_SP430-52.tif	57.6
https://walrus.wr.usgs.gov/namss/data/1977/namss.B-25-77-AK.mcs.airgun/tiff/version_1/AK77-25_LineWB-162_SP456-52.tif	57.8
https://walrus.wr.usgs.gov/namss/data/1977/namss.B-25-77-AK.mcs.airgun/tiff/version_1/AK77-25_LineWB-164_SP1000-100.tif	121.0
https://walrus.wr.usgs.gov/namss/data/1977/namss.B-25-77-AK.mcs.airgun/tiff/version_1/AK77-25_LineWB-164_SP1021-100.tif	124.4
https://walrus.wr.usgs.gov/namss/data/1977/namss.B-25-77-AK.mcs.airgun/tiff/version_1/AK77-25_LineWB-164_SP1297-1022.tif	45.0
https://walrus.wr.usgs.gov/namss/data/1977/namss.B-25-77-AK.mcs.airgun/tiff/version_1/AK77-25_LineWB-164_SP1297-1030.tif	43.7
https://walrus.wr.usgs.gov/namss/data/1977/namss.B-25-77-AK.mcs.airgun/tiff/version_1/AK77-25_LineWB-166_SP1261-370.tif	123.5
https://walrus.wr.usgs.gov/namss/data/1977/namss.B-25-77-AK.mcs.airgun/tiff/version_1/AK77-25_LineWB-166_SP1261-370ver2.tif	122.3
https://walrus.wr.usgs.gov/namss/data/1977/namss.B-25-77-AK.mcs.airgun/tiff/version_1/AK77-25_LineWB-166_SP340-52.tif	47.1
https://walrus.wr.usgs.gov/namss/data/1977/namss.B-25-77-AK.mcs.airgun/tiff/version_1/AK77-25_LineWB-166_SP348-52.tif	47.8
https://walrus.wr.usgs.gov/namss/data/1977/namss.B-25-77-AK.mcs.airgun/tiff/version_1/AK77-25_LineWB-168_SP1333-430.tif	122.4
https://walrus.wr.usgs.gov/namss/data/1977/namss.B-25-77-AK.mcs.airgun/tiff/version_1/AK77-25_LineWB-168_SP1333-52.tif	178.6
https://walrus.wr.usgs.gov/namss/data/1977/namss.B-25-77-AK.mcs.airgun/tiff/version_1/AK77-25_LineWB-168_SP400-52.tif	55.6
https://walrus.wr.usgs.gov/namss/data/1977/namss.B-25-77-AK.mcs.airgun/tiff/version_1/AK77-25_LineWB-168_SP670-52.tif	85.2
https://walrus.wr.usgs.gov/namss/data/1977/namss.B-25-77-AK.mcs.airgun/tiff/version_1/AK77-25_LineWB-170_SP1009-100.tif	122.6
https://walrus.wr.usgs.gov/namss/data/1977/namss.B-25-77-AK.mcs.airgun/tiff/version_1/AK77-25_LineWB-170_SP1285-100.tif	166.1
https://walrus.wr.usgs.gov/namss/data/1977/namss.B-25-77-AK.mcs.airgun/tiff/version_1/AK77-25_LineWB-170_SP1285-1010.tif	44.5
https://walrus.wr.usgs.gov/namss/data/1977/namss.B-25-77-AK.mcs.airgun/tiff/version_1/AK77-25_LineWB-200_SP189-380.tif	60.6
https://walrus.wr.usgs.gov/namss/data/1977/namss.B-25-77-AK.mcs.airgun/tiff/version_1/AK77-25_LineWB-200_SP189-380ver2.tif	59.6
https://walrus.wr.usgs.gov/namss/data/1977/namss.B-25-77-AK.mcs.airgun/tiff/version_1/AK77-25_LineWB-201_SP100-570.tif	125.1
https://walrus.wr.usgs.gov/namss/data/1977/namss.B-25-77-AK.mcs.airgun/tiff/version_1/AK77-25_LineWB-201_SP100-577.tif	124.3
https://walrus.wr.usgs.gov/namss/data/1977/namss.B-25-77-AK.mcs.airgun/tiff/version_1/AK77-25_LineWB-201_SP578-785.tif	60.8
https://walrus.wr.usgs.gov/namss/data/1977/namss.B-25-77-AK.mcs.airgun/tiff/version_1/AK77-25_LineWB-201_SP580-785.tif	59.9
https://walrus.wr.usgs.gov/namss/data/1977/namss.B-25-77-AK.mcs.airgun/tiff/version_1/AK77-25_LineWB-201_SP778A-1040.tif	76.1
https://walrus.wr.usgs.gov/namss/data/1977/namss.B-25-77-AK.mcs.airgun/tiff/version_1/AK77-25_LineWB-201_SP778a-1040ver2.tif	75.6
https://walrus.wr.usgs.gov/namss/data/1977/namss.B-25-77-AK.mcs.airgun/tiff/version_1/AK77-25_LineWB-201_SP780A-1040.tif	75.8
https://walrus.wr.usgs.gov/namss/data/1977/namss.B-25-77-AK.mcs.airgun/tiff/version_1/AK77-25_LineWB-202_SP808-1030.tif	65.7
https://walrus.wr.usgs.gov/namss/data/1977/namss.B-25-77-AK.mcs.airgun/tiff/version_1/AK77-25_LineWB-202_SP808-1030_v2.tif	67.2
https://walrus.wr.usgs.gov/namss/data/1977/namss.B-25-77-AK.mcs.airgun/tiff/version_1/AK77-25_LineWB-202_SP808-1030ver2.tif	67.3
https://walrus.wr.usgs.gov/namss/data/1977/namss.B-25-77-AK.mcs.airgun/tiff/version_1/AK77-25_LineWB-203_SP435-597.tif	51.8
https://walrus.wr.usgs.gov/namss/data/1977/namss.B-25-77-AK.mcs.airgun/tiff/version_1/AK77-25_LineWB-203_SP435-597ver2.tif	51.9
https://walrus.wr.usgs.gov/namss/data/1977/namss.B-25-77-AK.mcs.airgun/tiff/version_1/AK77-25_LineWB-204_SP199-100.tif	37.5
https://walrus.wr.usgs.gov/namss/data/1977/namss.B-25-77-AK.mcs.airgun/tiff/version_1/AK77-25_LineWB-204_SP199-100ver2.tif	37.7
https://walrus.wr.usgs.gov/namss/data/1977/namss.B-25-77-AK.mcs.airgun/tiff/version_1/AK77-25_LineWB-204_SP270-192A.tif	35.0
https://walrus.wr.usgs.gov/namss/data/1977/namss.B-25-77-AK.mcs.airgun/tiff/version_1/AK77-25_LineWB-204_SP271-192A.tif	35.2
https://walrus.wr.usgs.gov/namss/data/1977/namss.B-25-77-AK.mcs.airgun/tiff/version_1/AK77-25_LineWB-205_SP129-350.tif	65.8
https://walrus.wr.usgs.gov/namss/data/1977/namss.B-25-77-AK.mcs.airgun/tiff/version_1/AK77-25_LineWB-205_SP129-350_v2.tif	66.6
https://walrus.wr.usgs.gov/namss/data/1977/namss.B-25-77-AK.mcs.airgun/tiff/version_1/AK77-25_LineWB-205_SP129-350ver2.tif	66.0
https://walrus.wr.usgs.gov/namss/data/1977/namss.B-25-77-AK.mcs.airgun/tiff/version_1/AK77-25_LineWB-206_SP317-100.tif	64.2
https://walrus.wr.usgs.gov/namss/data/1977/namss.B-25-77-AK.mcs.airgun/tiff/version_1/AK77-25_LineWB-207_SP175-316.tif	48.3
https://walrus.wr.usgs.gov/namss/data/1977/namss.B-25-77-AK.mcs.airgun/tiff/version_1/AK77-25_LineWB-207_SP175-316ver2.tif	49.6
https://walrus.wr.usgs.gov/namss/data/1977/namss.B-25-77-AK.mcs.airgun/tiff/version_1/AK77-25_LineWB-208_SP110-293.tif	58.3
https://walrus.wr.usgs.gov/namss/data/1977/namss.B-25-77-AK.mcs.airgun/tiff/version_1/AK77-25_LineWB-208_SP110-293ver2.tif	57.9
https://walrus.wr.usgs.gov/namss/data/1977/namss.B-25-77-AK.mcs.airgun/tiff/version_1/AK77-25_LineWB-208_SP317-100ver2.tif	68.8
https://walrus.wr.usgs.gov/namss/data/1977/namss.B-25-77-AK.mcs.airgun/tiff/version_1/AK77-25_LineWB-209_SP155-276A.tif	41.9
https://walrus.wr.usgs.gov/namss/data/1977/namss.B-25-77-AK.mcs.airgun/tiff/version_1/AK77-25_LineWB-209_SP155-276aver2.tif	41.1
https://walrus.wr.usgs.gov/namss/data/1977/namss.B-25-77-AK.mcs.airgun/tiff/version_1/AK77-25_LineWB-209_SP269-345.tif	32.2
https://walrus.wr.usgs.gov/namss/data/1977/namss.B-25-77-AK.mcs.airgun/tiff/version_1/AK77-25_LineWB-209_SP269-345ver2.tif	18.4
https://walrus.wr.usgs.gov/namss/data/1977/namss.B-25-77-AK.mcs.airgun/tiff/version_1/AK77-25_LineWB-210_SP390-100.tif	80.7
https://walrus.wr.usgs.gov/namss/data/1977/namss.B-25-77-AK.mcs.airgun/tiff/version_1/AK77-25_LineWB-210_SP390-100ver2.tif	81.5
https://walrus.wr.usgs.gov/namss/data/1977/namss.B-25-77-AK.mcs.airgun/tiff/version_1/AK77-25_LineWB-211_SP225-100.tif	43.2
https://walrus.wr.usgs.gov/namss/data/1977/namss.B-25-77-AK.mcs.airgun/tiff/version_1/AK77-25_LineWB-211_SP225-100ver2.tif	43.6
https://walrus.wr.usgs.gov/namss/data/1977/namss.B-25-77-AK.mcs.airgun/tiff/version_1/AK77-25_LineWB-213_SP190-100.tif	36.2
https://walrus.wr.usgs.gov/namss/data/1977/namss.B-25-77-AK.mcs.airgun/tiff/version_1/AK77-25_LineWB-213_SP191-100.tif	36.1
https://walrus.wr.usgs.gov/namss/data/1977/namss.B-25-77-AK.mcs.airgun/tiff/version_1/AK77-25_LineWB-214_SP100-367.tif	77.6
https://walrus.wr.usgs.gov/namss/data/1977/namss.B-25-77-AK.mcs.airgun/tiff/version_1/AK77-25_LineWB-214_SP100-367ver2.tif	76.1
https://walrus.wr.usgs.gov/namss/data/1977/namss.B-25-77-AK.mcs.airgun/tiff/version_1/AK77-25_LineWB-215_SP320-100.tif	65.9
https://walrus.wr.usgs.gov/namss/data/1977/namss.B-25-77-AK.mcs.airgun/tiff/version_1/AK77-25_LineWB-215_SP320-100ver2.tif	65.8
https://walrus.wr.usgs.gov/namss/data/1977/namss.B-25-77-AK.mcs.airgun/tiff/version_1/AK77-25_LineWB-216_SP110-337.tif	66.6
https://walrus.wr.usgs.gov/namss/data/1977/namss.B-25-77-AK.mcs.airgun/tiff/version_1/AK77-25_LineWB-216_SP110-337ver2.tif	65.4
https://walrus.wr.usgs.gov/namss/data/1977/namss.B-25-77-AK.mcs.airgun/tiff/version_1/AK77-25_LineWB-217_SP327-102.tif	68.7
https://walrus.wr.usgs.gov/namss/data/1977/namss.B-25-77-AK.mcs.airgun/tiff/version_1/AK77-25_LineWB-217_SP327-102ver2.tif	68.2
https://walrus.wr.usgs.gov/namss/data/1977/namss.B-25-77-AK.mcs.airgun/tiff/version_1/AK77-25_LineWB-218_SP120-293.tif	59.5
https://walrus.wr.usgs.gov/namss/data/1977/namss.B-25-77-AK.mcs.airgun/tiff/version_1/AK77-25_LineWB-218_SP120-293ver2.tif	56.8
https://walrus.wr.usgs.gov/namss/data/1977/namss.B-25-77-AK.mcs.airgun/tiff/version_1/AK77-25_LineWB-219_SP342-110.tif	65.3
https://walrus.wr.usgs.gov/namss/data/1977/namss.B-25-77-AK.mcs.airgun/tiff/version_1/AK77-25_LineWB-219_SP342-110ver2.tif	68.4
https://walrus.wr.usgs.gov/namss/data/1977/namss.B-25-77-AK.mcs.airgun/tiff/version_1/AK77-25_LineWB-220_SP120-297.tif	58.1
https://walrus.wr.usgs.gov/namss/data/1977/namss.B-25-77-AK.mcs.airgun/tiff/version_1/AK77-25_LineWB-220_SP120-297ver2.tif	57.3
https://walrus.wr.usgs.gov/namss/data/1977/namss.B-25-77-AK.mcs.airgun/tiff/version_1/AK77-25_LineWB-221_SP324-107.tif	66.2
https://walrus.wr.usgs.gov/namss/data/1977/namss.B-25-77-AK.mcs.airgun/tiff/version_1/AK77-25_LineWB-221_SP324-107ver2.tif	65.0
https://walrus.wr.usgs.gov/namss/data/1977/namss.B-25-77-AK.mcs.airgun/tiff/version_1/AK77-25_LineWB-222_SP100-270.tif	54.8
https://walrus.wr.usgs.gov/namss/data/1977/namss.B-25-77-AK.mcs.airgun/tiff/version_1/AK77-25_LineWB-222_SP100-270_v2.tif	53.5
https://walrus.wr.usgs.gov/namss/data/1977/namss.B-25-77-AK.mcs.airgun/tiff/version_1/AK77-25_LineWB-222_SP100-270ver2.tif	54.2
https://walrus.wr.usgs.gov/namss/data/1977/namss.B-25-77-AK.mcs.airgun/tiff/version_1/AK77-25_LineWB-222_SP259-429.tif	54.7
https://walrus.wr.usgs.gov/namss/data/1977/namss.B-25-77-AK.mcs.airgun/tiff/version_1/AK77-25_LineWB-222_SP259A-429.tif	55.3
https://walrus.wr.usgs.gov/namss/data/1977/namss.B-25-77-AK.mcs.airgun/tiff/version_1/AK77-25_LineWB-24a_SP244a-88ver2.tif	53.4
https://walrus.wr.usgs.gov/namss/data/1977/namss.B-25-77-AK.mcs.airgun/tiff/version_1/AK77-25_LineWB-25_SP391-100ver2.tif	80.0
https://walrus.wr.usgs.gov/namss/data/1977/namss.B-25-77-AK.mcs.airgun/tiff/version_1/AK77-25_LineWB-306_SP1000-100.tif	121.1
https://walrus.wr.usgs.gov/namss/data/1977/namss.B-25-77-AK.mcs.airgun/tiff/version_1/AK77-25_LineWB-306_SP1531-100.tif	200.2
https://walrus.wr.usgs.gov/namss/data/1977/namss.B-25-77-AK.mcs.airgun/tiff/version_1/AK77-25_LineWB-306_SP1531-1030.tif	70.2
https://walrus.wr.usgs.gov/namss/data/1977/namss.B-25-77-AK.mcs.airgun/tiff/version_1/AK77-25_LineWB-308_SP1660-700.tif	122.5
https://walrus.wr.usgs.gov/namss/data/1977/namss.B-25-77-AK.mcs.airgun/tiff/version_1/AK77-25_LineWB-308_SP2578-1690.tif	121.7
https://walrus.wr.usgs.gov/namss/data/1977/namss.B-25-77-AK.mcs.airgun/tiff/version_1/AK77-25_LineWB-308_SP2578-52.tif	328.4
https://walrus.wr.usgs.gov/namss/data/1977/namss.B-25-77-AK.mcs.airgun/tiff/version_1/AK77-25_LineWB-308_SP670-52.tif	84.6
https://walrus.wr.usgs.gov/namss/data/1977/namss.B-25-77-AK.mcs.airgun/tiff/version_1/AK77-25_LineWB-310_SP2911-2659.tif	50.9
https://walrus.wr.usgs.gov/namss/data/1977/namss.B-25-77-AK.mcs.airgun/tiff/version_1/AK77-25_LineWB-334_SP2980-1624.tif	182.8
https://walrus.wr.usgs.gov/namss/data/1977/namss.B-25-77-AK.mcs.airgun/tiff/version_1/AK77-25_LineWB-334_SP2989-1624.tif	187.5
https://walrus.wr.usgs.gov/namss/data/1977/namss.B-25-77-AK.mcs.airgun/tiff/version_1/AK77-25_LineWB-33_SP364A-104v2.tif	84.6
https://walrus.wr.usgs.gov/namss/data/1977/namss.B-25-77-AK.mcs.airgun/tiff/version_1/AK77-25_LineWB-33_SP547A-353v2.tif	66.5
https://walrus.wr.usgs.gov/namss/data/1977/namss.B-25-77-AK.mcs.airgun/tiff/version_1/AK77-25_LineWB-500_SP1000-100.tif	123.1
https://walrus.wr.usgs.gov/namss/data/1977/namss.B-25-77-AK.mcs.airgun/tiff/version_1/AK77-25_LineWB-500_SP1009-100.tif	120.6
https://walrus.wr.usgs.gov/namss/data/1977/namss.B-25-77-AK.mcs.airgun/tiff/version_1/AK77-25_LineWB-500_SP1423-1010.tif	57.4
https://walrus.wr.usgs.gov/namss/data/1977/namss.B-25-77-AK.mcs.airgun/tiff/version_1/AK77-25_LineWB-500_SP1423-1010ver2.tif	60.0
https://walrus.wr.usgs.gov/namss/data/1977/namss.B-25-77-AK.mcs.airgun/tiff/version_1/AK77-25_LineWB-500_SP2260-1375A.tif	119.6
https://walrus.wr.usgs.gov/namss/data/1977/namss.B-25-77-AK.mcs.airgun/tiff/version_1/AK77-25_LineWB-500_SP2260-1375Aver2.tif	117.4
https://walrus.wr.usgs.gov/namss/data/1977/namss.B-25-77-AK.mcs.airgun/tiff/version_1/AK77-25_LineWB-500_SP3220-2290.tif	119.1
https://walrus.wr.usgs.gov/namss/data/1977/namss.B-25-77-AK.mcs.airgun/tiff/version_1/AK77-25_LineWB-500_SP3220-2290ver2.tif	118.8
https://walrus.wr.usgs.gov/namss/data/1977/namss.B-25-77-AK.mcs.airgun/tiff/version_1/AK77-25_LineWB-500_SP3475-1690.tif	234.0
https://walrus.wr.usgs.gov/namss/data/1977/namss.B-25-77-AK.mcs.airgun/tiff/version_1/AK77-25_LineWB-500_SP3475-3250.tif	39.3
https://walrus.wr.usgs.gov/namss/data/1977/namss.B-25-77-AK.mcs.airgun/tiff/version_1/AK77-25_LineWB-500_SP3475-3250ver2.tif	39.2
https://walrus.wr.usgs.gov/namss/data/1977/namss.B-25-77-AK.mcs.airgun/tiff/version_1/AK77-25_LineWB-602_SP100-223.tif	44.4
https://walrus.wr.usgs.gov/namss/data/1977/namss.B-25-77-AK.mcs.airgun/tiff/version_1/AK77-25_LineWB-602_SP100-233.tif	43.3
https://walrus.wr.usgs.gov/namss/data/1977/namss.B-25-77-AK.mcs.airgun/tiff/version_1/AK77-25_LineWB-604_SP537-166.tif	100.0
https://walrus.wr.usgs.gov/namss/data/1977/namss.B-25-77-AK.mcs.airgun/tiff/version_1/AK77-25_LineWB-604_SP537-166_v2.tif	99.7
https://walrus.wr.usgs.gov/namss/data/1977/namss.B-25-77-AK.mcs.airgun/tiff/version_1/AK77-25_LineWB-606_SP250-150.tif	37.5
https://walrus.wr.usgs.gov/namss/data/1977/namss.B-25-77-AK.mcs.airgun/tiff/version_1/AK77-25_LineWB-606_SP253-150.tif	35.9
https://walrus.wr.usgs.gov/namss/data/1977/namss.B-25-77-AK.mcs.airgun/tiff/version_1/AK77-25_LineWB-606_SP380-150.tif	64.1
https://walrus.wr.usgs.gov/namss/data/1977/namss.B-25-77-AK.mcs.airgun/tiff/version_1/AK77-25_LineWB-606_SP650A-253.tif	105.9
https://walrus.wr.usgs.gov/namss/data/1977/namss.B-25-77-AK.mcs.airgun/tiff/version_1/AK77-25_LineWB-606_SP650A-260.tif	105.9
https://walrus.wr.usgs.gov/namss/data/1977/namss.B-25-77-AK.mcs.airgun/tiff/version_1/AK77-25_LineWB-606_SP650A-390.tif	75.5
https://walrus.wr.usgs.gov/namss/data/1977/namss.B-25-77-AK.mcs.airgun/tiff/version_1/AK77-25_LineWB-606_SP733-639.tif	39.0
https://walrus.wr.usgs.gov/namss/data/1977/namss.B-25-77-AK.mcs.airgun/tiff/version_1/AK77-25_LineWB-606_SP733-639ver2.tif	39.4
https://walrus.wr.usgs.gov/namss/data/1977/namss.B-25-77-AK.mcs.airgun/tiff/version_1/AK77-25_LineWB-608_SP100-352.tif	71.5
https://walrus.wr.usgs.gov/namss/data/1977/namss.B-25-77-AK.mcs.airgun/tiff/version_1/AK77-25_LineWB-608_SP100-352ver2.tif	71.6
https://walrus.wr.usgs.gov/namss/data/1977/namss.B-25-77-AK.mcs.airgun/tiff/version_1/AK77-25_LineWB_SP100.tif	473.9
https://walrus.wr.usgs.gov/namss/data/1977/namss.B-25-77-AK.mcs.airgun/tiff/version_1/AK77-25_WB-310_SP2911-2659.tif	28.1
https://walrus.wr.usgs.gov/namss/data/1977/namss.B-25-77-AK.mcs.airgun/tiff/version_2/AK77-25_LineWB-001_SP1000-100.tif	121.4
https://walrus.wr.usgs.gov/namss/data/1977/namss.B-25-77-AK.mcs.airgun/tiff/version_2/AK77-25_LineWB-001_SP10720-9760.tif	120.7
https://walrus.wr.usgs.gov/namss/data/1977/namss.B-25-77-AK.mcs.airgun/tiff/version_2/AK77-25_LineWB-001_SP11140-10750.tif	58.0
https://walrus.wr.usgs.gov/namss/data/1977/namss.B-25-77-AK.mcs.airgun/tiff/version_2/AK77-25_LineWB-001_SP12310-12010.tif	49.7
https://walrus.wr.usgs.gov/namss/data/1977/namss.B-25-77-AK.mcs.airgun/tiff/version_2/AK77-25_LineWB-001_SP1780A-1687.tif	30.9
https://walrus.wr.usgs.gov/namss/data/1977/namss.B-25-77-AK.mcs.airgun/tiff/version_2/AK77-25_LineWB-001_SP1828A-1030.tif	103.1
https://walrus.wr.usgs.gov/namss/data/1977/namss.B-25-77-AK.mcs.airgun/tiff/version_2/AK77-25_LineWB-001_SP3373A-1732.tif	218.0
https://walrus.wr.usgs.gov/namss/data/1977/namss.B-25-77-AK.mcs.airgun/tiff/version_2/AK77-25_LineWB-001_SP4570A-3325.tif	474.3
https://walrus.wr.usgs.gov/namss/data/1977/namss.B-25-77-AK.mcs.airgun/tiff/version_2/AK77-25_LineWB-001_SP5050-4523.tif	73.8
https://walrus.wr.usgs.gov/namss/data/1977/namss.B-25-77-AK.mcs.airgun/tiff/version_2/AK77-25_LineWB-001_SP6040-5080.tif	119.9
https://walrus.wr.usgs.gov/namss/data/1977/namss.B-25-77-AK.mcs.airgun/tiff/version_2/AK77-25_LineWB-001_SP6966-6070.tif	121.1
https://walrus.wr.usgs.gov/namss/data/1977/namss.B-25-77-AK.mcs.airgun/tiff/version_2/AK77-25_LineWB-001_SP7780-6871.tif	121.6
https://walrus.wr.usgs.gov/namss/data/1977/namss.B-25-77-AK.mcs.airgun/tiff/version_2/AK77-25_LineWB-001_SP8770-7810.tif	120.7
https://walrus.wr.usgs.gov/namss/data/1977/namss.B-25-77-AK.mcs.airgun/tiff/version_2/AK77-25_LineWB-013_SP7930-7024A.tif	122.9
https://walrus.wr.usgs.gov/namss/data/1977/namss.B-25-77-AK.mcs.airgun/tiff/version_2/AK77-25_LineWB-013_SP8497-7960.tif	76.0
https://walrus.wr.usgs.gov/namss/data/1977/namss.B-25-77-AK.mcs.airgun/tiff/version_2/AK77-25_LineWB-016A_SP344-241.tif	38.8
https://walrus.wr.usgs.gov/namss/data/1977/namss.B-25-77-AK.mcs.airgun/tiff/version_2/AK77-25_LineWB-022A_SP250-100.tif	50.0
https://walrus.wr.usgs.gov/namss/data/1977/namss.B-25-77-AK.mcs.airgun/tiff/version_2/AK77-25_LineWB-022A_SP423-242A.tif	55.5
https://walrus.wr.usgs.gov/namss/data/1977/namss.B-25-77-AK.mcs.airgun/tiff/version_2/AK77-25_LineWB-024A_SP347-237.tif	42.4
https://walrus.wr.usgs.gov/namss/data/1977/namss.B-25-77-AK.mcs.airgun/tiff/version_2/AK77-25_LineWB-028A_SP1462-1351.tif	40.4
https://walrus.wr.usgs.gov/namss/data/1977/namss.B-25-77-AK.mcs.airgun/tiff/version_2/AK77-25_LineWB-037_SP7795-6940.tif	109.7
https://walrus.wr.usgs.gov/namss/data/1977/namss.B-25-77-AK.mcs.airgun/tiff/version_2/AK77-25_LineWB-038A_791-545.tif	71.3
https://walrus.wr.usgs.gov/namss/data/1977/namss.B-25-77-AK.mcs.airgun/tiff/version_2/AK77-25_LineWB-038_SP1615-1030.tif	81.4
https://walrus.wr.usgs.gov/namss/data/1977/namss.B-25-77-AK.mcs.airgun/tiff/version_2/AK77-25_LineWB-039_SP1660-700.tif	121.2
https://walrus.wr.usgs.gov/namss/data/1977/namss.B-25-77-AK.mcs.airgun/tiff/version_2/AK77-25_LineWB-039_SP2650-1690.tif	122.3
https://walrus.wr.usgs.gov/namss/data/1977/namss.B-25-77-AK.mcs.airgun/tiff/version_2/AK77-25_LineWB-039_SP3610-2680.tif	121.6
https://walrus.wr.usgs.gov/namss/data/1977/namss.B-25-77-AK.mcs.airgun/tiff/version_2/AK77-25_LineWB-039_SP5539-4630.tif	122.4
https://walrus.wr.usgs.gov/namss/data/1977/namss.B-25-77-AK.mcs.airgun/tiff/version_2/AK77-25_LineWB-040A_SP768-603.tif	54.0
https://walrus.wr.usgs.gov/namss/data/1977/namss.B-25-77-AK.mcs.airgun/tiff/version_2/AK77-25_LineWB-042A_SP664A-568.tif	39.8
https://walrus.wr.usgs.gov/namss/data/1977/namss.B-25-77-AK.mcs.airgun/tiff/version_2/AK77-25_LineWB-042A_SP717-657.tif	32.7
https://walrus.wr.usgs.gov/namss/data/1977/namss.B-25-77-AK.mcs.airgun/tiff/version_2/AK77-25_LineWB-058_SP1000-100.tif	122.7
https://walrus.wr.usgs.gov/namss/data/1977/namss.B-25-77-AK.mcs.airgun/tiff/version_2/AK77-25_LineWB-058_SP1336-1030.tif	50.2
https://walrus.wr.usgs.gov/namss/data/1977/namss.B-25-77-AK.mcs.airgun/tiff/version_2/AK77-25_LineWB-094_SP940-163.tif	107.1
https://walrus.wr.usgs.gov/namss/data/1977/namss.B-25-77-AK.mcs.airgun/tiff/version_2/AK77-25_LineWB-110_SP1540-100.tif	197.8
https://walrus.wr.usgs.gov/namss/data/1977/namss.B-25-77-AK.mcs.airgun/tiff/version_2/AK77-25_LineWB-114_SP1516-1060.tif	75.1
https://walrus.wr.usgs.gov/namss/data/1977/namss.B-25-77-AK.mcs.airgun/tiff/version_2/AK77-25_LineWB-116_SP490-52.tif	68.6
https://walrus.wr.usgs.gov/namss/data/1977/namss.B-25-77-AK.mcs.airgun/velocity/77-25veldata.txt	0.1004
