Survey ID (Name)	Contributor	Data Type	Year	Planning Area (Region)	Protraction Area	Other Survey Identifiers (Permit, etc.)	Link To Survey Web Page
A-1-00-SC Multichannel	Pacific Coastal and Marine Science Center	2D Multichannel Seismic	2000	Southern California	Long Beach,Los Angeles,San Diego,Santa Ana		https://walrus.wr.usgs.gov/namss/survey/a-1-00-sc-multichannel/
A-1-02-SC_gimcs	Pacific Coastal and Marine Science Center	2D Multichannel Seismic	2002	Southern California	Los Angeles,Santa Maria		https://walrus.wr.usgs.gov/namss/survey/a-1-02-sc_gimcs/
A-1-02-SC_msmcs	Pacific Coastal and Marine Science Center	2D Multichannel Seismic	2002	Southern California	Los Angeles,Santa Maria		https://walrus.wr.usgs.gov/namss/survey/a-1-02-sc_msmcs/
B-00-79-LA	Bureau of Ocean Energy Management	2D Multichannel Seismic	1979	Central Gulf of Mexico	South Marsh Island Area, South Addition,Vermilion Area, South Addition	L79-100	https://walrus.wr.usgs.gov/namss/survey/b-00-79-la/
B-01-75-AT	Bureau of Ocean Energy Management	2D Multichannel Seismic	1975	Middle Atlantic,North Atlantic	Baltimore Rise,Block Canyon,Block Island Shelf,Hudson Canyon,New York,Salisbury,Wilmington Canyon	E01-75	https://walrus.wr.usgs.gov/namss/survey/b-01-75-at/
B-01-77-LA	Bureau of Ocean Energy Management	2D Multichannel Seismic	1977	Central Gulf of Mexico	Mississippi Canyon,South Pass Area	L77-101	https://walrus.wr.usgs.gov/namss/survey/b-01-77-la/
B-01-78-AT	Bureau of Ocean Energy Management	2D Multichannel Seismic	1978	North Atlantic	Hudson Canyon	E01-78	https://walrus.wr.usgs.gov/namss/survey/b-01-78-at/
B-01-80-AT	Bureau of Ocean Energy Management	2D Multichannel Seismic	1980	Middle Atlantic,South Atlantic	Beaufort,Cape Fear,Currituck Sound,Jacksonville,Manteo,Marmer,Richardson Hills,Russell,Stetson Mesa,Wittman	E01-80	https://walrus.wr.usgs.gov/namss/survey/b-01-80-at/
B-01-81-AT	Bureau of Ocean Energy Management	2D Multichannel Seismic	1981	Middle Atlantic,North Atlantic,South Atlantic	Baltimore Rise,Blake Spur,Block Canyon,Block Island Shelf,Chincoteague,Corsair Canyon,Currituck Sound,Harrington Hill,Hoyt Hills,Hudson Canyon,Hydrographer Canyon,Lydonia Canyon,Salisbury,Stetson Mesa,Veatch Canyon,Wilmington Canyon	E01-81	https://walrus.wr.usgs.gov/namss/survey/b-01-81-at/
B-01-82-AT	Bureau of Ocean Energy Management	2D Multichannel Seismic	1982	Florida South	Andros,Bahamas,Bimini,Ft. Pierce,Rompidas Ledge,Walker Cay	E01-82	https://walrus.wr.usgs.gov/namss/survey/b-01-82-at/
B-01-82-LA	Bureau of Ocean Energy Management	2D Multichannel Seismic	1982	Central Gulf of Mexico,Eastern Gulf of Mexico,Western Gulf of Mexico	Alaminos Canyon,Atwater Valley,Corpus Christi,De Soto Canyon,East Breaks,Keathley Canyon,Lloyd Ridge,Lund,Mississippi Canyon,Port Isabel,Walker Ridge	T82-001	https://walrus.wr.usgs.gov/namss/survey/b-01-82-la/
B-01-83-AT	Bureau of Ocean Energy Management	2D Multichannel Seismic	1983	North Atlantic	Hydrographer Canyon,Lydonia Canyon	E01-83	https://walrus.wr.usgs.gov/namss/survey/b-01-83-at/
B-01-84-AT	Bureau of Ocean Energy Management	2D Multichannel Seismic	1984	North Atlantic	Browns Bank,Cashes Ledge,Chatham,Corsair Canyon,Lydonia Canyon	E01-84	https://walrus.wr.usgs.gov/namss/survey/b-01-84-at/
B-01-88-AT	Bureau of Ocean Energy Management	2D Multichannel Seismic	1988	Middle Atlantic,North Atlantic	Block Canyon,Block Island Shelf,Chincoteague,Currituck Sound,New York	ATLSEGY13-1,E3-88	https://walrus.wr.usgs.gov/namss/survey/b-01-88-at/
B-01-89-GM	Bureau of Ocean Energy Management	2D Multichannel Seismic	1989	Central Gulf of Mexico	East Cameron Area,East Cameron Area, South Addition,South Marsh Island Area,Vermilion Area,Vermilion Area, South Addition,West Cameron Area,West Cameron Area, South Addition,West Cameron Area, West Addition	GOMSEGY14-1	https://walrus.wr.usgs.gov/namss/survey/b-01-89-gm/
B-01-92-LA	Bureau of Ocean Energy Management	2D Multichannel Seismic	1992	Central Gulf of Mexico	Breton Sound Area,Chandeleur Area,Chandeleur Area, East Addition,Eugene Island Area,Grand Isle Area,Main Pass Area,Mobile,Ship Shoal Area,South Marsh Island Area,South Marsh Island Area, North Addition,South Pelto Area,South Timbalier and Bay Marchand Areas,Vermilion Area,Viosca Knoll,West Delta Area	L92-001,L92-001-GOMSEGY17-1A	https://walrus.wr.usgs.gov/namss/survey/b-01-92-la/
B-01-95-LA	Bureau of Ocean Energy Management	2D Multichannel Seismic	1995	Central Gulf of Mexico,Western Gulf of Mexico	Atwater Valley,High Island Area, East Addition, South Extension,High Island Area, South Addition,Mississippi Canyon	GOMSEGY2020-01,GOMSEGY2020-02,GOMSEGY2020-03	https://walrus.wr.usgs.gov/namss/survey/b-01-95-la/
B-01a-92-LA	Bureau of Ocean Energy Management	2D Multichannel Seismic	1992	Central Gulf of Mexico	Breton Sound Area,Chandeleur Area, East Addition,Eugene Island Area,Grand Isle Area,Main Pass Area,Main Pass Area, South and East Addition,Mobile,Ship Shoal Area,South Marsh Island Area,South Marsh Island Area, North Addition,South Pelto Area,South Timbalier and Bay Marchand Areas,Vermilion Area,Viosca Knoll,West Delta Area	L92-001,L92-001-GOMSEGY17-1B	https://walrus.wr.usgs.gov/namss/survey/b-01a-92-la/
B-02-77-AT	Bureau of Ocean Energy Management	2D Multichannel Seismic	1977			E02-77	https://walrus.wr.usgs.gov/namss/survey/b-02-77-at/
B-02-79-AT	Bureau of Ocean Energy Management	2D Multichannel Seismic	1979	North Atlantic	Chatham,Corsair Canyon,Hydrographer Canyon,Lydonia Canyon	E02-79	https://walrus.wr.usgs.gov/namss/survey/b-02-79-at/
B-02-80-AT	Bureau of Ocean Energy Management	2D Multichannel Seismic	1980	Middle Atlantic,South Atlantic	Beaufort,Cape Fear,Currituck Sound,Jacksonville,Manteo,Marmer,Richardson Hills,Russell,Stetson Mesa,Wittman	E02-80	https://walrus.wr.usgs.gov/namss/survey/b-02-80-at/
B-02-81-AR	Bureau of Ocean Energy Management	2D Multichannel Seismic	1981	Beaufort Sea	Dease Inlet,Harrison Bay,Harrison Bay North,Teshekpuk	81-02	https://walrus.wr.usgs.gov/namss/survey/b-02-81-ar/
B-02-82-AT	Bureau of Ocean Energy Management	2D Multichannel Seismic	1982	Middle Atlantic,North Atlantic	Baltimore Rise,Block Canyon,Block Island Shelf,Cape Fear,Chincoteague,Currituck Sound,Hudson Canyon,Manteo,Marmer,Richardson Hills,Russell,Wittman	E02-82	https://walrus.wr.usgs.gov/namss/survey/b-02-82-at/
B-02-83-TX	Bureau of Ocean Energy Management	2D Multichannel Seismic	1983	Western Gulf of Mexico	Port Isabel,South Padre Island Area,South Padre Island Area, East Addition	T83-002	https://walrus.wr.usgs.gov/namss/survey/b-02-83-tx/
B-02-84-AT	Bureau of Ocean Energy Management	2D Multichannel Seismic	1984	North Atlantic	Browns Bank,Corsair Canyon	E02-84	https://walrus.wr.usgs.gov/namss/survey/b-02-84-at/
B-02-84-LA	Bureau of Ocean Energy Management	2D Multichannel Seismic	1984	Central Gulf of Mexico	Main Pass Area, South and East Addition,Mississippi Canyon,South Pass Area, South and East Addition	L84-002	https://walrus.wr.usgs.gov/namss/survey/b-02-84-la/
B-02-86-MI	Bureau of Ocean Energy Management	2D Multichannel Seismic	1986	Eastern Gulf of Mexico	Charlotte Harbor,De Soto Canyon,Destin Dome,Dry Tortugas,Florida Middle Ground,Pulley Ridge,St. Petersburg,Tarpon Springs,The Elbow,Vernon Basin	M86-002	https://walrus.wr.usgs.gov/namss/survey/b-02-86-mi/
B-02-89-GM	Bureau of Ocean Energy Management	2D Multichannel Seismic	1989	Central Gulf of Mexico	East Cameron Area,Eugene Island Area,Ship Shoal Area,South Marsh Island Area,South Marsh Island Area, North Addition,South Pelto Area,Vermilion Area,West Cameron Area,West Cameron Area, West Addition	GOMSEGY14-2	https://walrus.wr.usgs.gov/namss/survey/b-02-89-gm/
B-03-75-AT	Bureau of Ocean Energy Management	2D Multichannel Seismic	1975			E03-75	https://walrus.wr.usgs.gov/namss/survey/b-03-75-at/
B-03-75-LA	Bureau of Ocean Energy Management	2D Multichannel Seismic	1975	Central Gulf of Mexico,Western Gulf of Mexico	Sabine Pass Area,Sabine Pass Area,South Marsh Island Area, North Addition,West Cameron Area	L75-1803	https://walrus.wr.usgs.gov/namss/survey/b-03-75-la/
B-03-75-TX	Bureau of Ocean Energy Management	2D Multichannel Seismic	1975			T75-1803	https://walrus.wr.usgs.gov/namss/survey/b-03-75-tx/
B-03-77-AK	Bureau of Ocean Energy Management	2D Multichannel Seismic	1977	Beaufort Sea,Chukchi Sea	Barrow,Barter Island,Beechey Point,Dease Inlet,Demarcation Point,Flaxman Island,Flaxman Island North,Harrison Bay,Harrison Bay North,Mackenzie Canyon,Mackenzie Canyon North,Meade River		https://walrus.wr.usgs.gov/namss/survey/b-03-77-ak/
B-03-78-TX	Bureau of Ocean Energy Management	2D Multichannel Seismic	1978	Western Gulf of Mexico	Brazos Area,Galveston Area,Galveston Area, South Addition,Garden Banks,High Island Area, East Addition, South Extension,High Island Area, South Addition,Matagorda Island Area,West Cameron Area, South Addition	T78-003	https://walrus.wr.usgs.gov/namss/survey/b-03-78-tx/
B-03-80-AR	Bureau of Ocean Energy Management	2D Multichannel Seismic	1980	Beaufort Sea	Beechey Point,Harrison Bay	80-03	https://walrus.wr.usgs.gov/namss/survey/b-03-80-ar/
B-03-80-LA	Bureau of Ocean Energy Management	2D Multichannel Seismic	1980	Central Gulf of Mexico	Eugene Island Area, South Addition,Green Canyon,Main Pass Area,Main Pass Area, South and East Addition,Ship Shoal Area, South Addition,West Delta Area,West Delta Area, South Addition	L80-103	https://walrus.wr.usgs.gov/namss/survey/b-03-80-la/
B-03-81-AT	Bureau of Ocean Energy Management	2D Multichannel Seismic	1981	North Atlantic	Bear Seamount,Block Canyon,Block Island Shelf,Hydrographer Canyon,Lydonia Canyon,Veatch Canyon	E03-81	https://walrus.wr.usgs.gov/namss/survey/b-03-81-at/
B-03-81-TX	Bureau of Ocean Energy Management	2D Multichannel Seismic	1981	Western Gulf of Mexico	Matagorda Island Area	T81-003	https://walrus.wr.usgs.gov/namss/survey/b-03-81-tx/
B-03-82-AT	Bureau of Ocean Energy Management	2D Multichannel Seismic	1982	North Atlantic	Bear Seamount,Hydrographer Canyon,Lydonia Canyon	E02-83	https://walrus.wr.usgs.gov/namss/survey/b-03-82-at/
B-03-86-MI	Bureau of Ocean Energy Management	2D Multichannel Seismic	1986	Eastern Gulf of Mexico,Florida South	Apalachicola,Charlotte Harbor,Dry Tortugas,Florida Middle Ground,Gainesville,Howell Hook,Lloyd Ridge,St. Petersburg,Tarpon Springs,The Elbow,Vernon Basin	M86-003	https://walrus.wr.usgs.gov/namss/survey/b-03-86-mi/
B-03-87-TX	Bureau of Ocean Energy Management	2D Multichannel Seismic	1987	Western Gulf of Mexico	Brazos Area,Matagorda Island Area,Mustang Island Area,Mustang Island Area, East Addition	T87-003	https://walrus.wr.usgs.gov/namss/survey/b-03-87-tx/
B-03-91-LA	Bureau of Ocean Energy Management	2D Multichannel Seismic	1991	Central Gulf of Mexico	Chandeleur Area, East Addition,Ewing Bank,Grand Isle Area,Grand Isle Area, South Addition,Main Pass Area,Main Pass Area, South and East Addition,Mississippi Canyon,Mobile,South Pass Area,South Pass Area, South and East Addition,South Timbalier and Bay Marchand Areas,South Timbalier Area, South Addition,Viosca Knoll,West Delta Area,West Delta Area, South Addition	L91-003	https://walrus.wr.usgs.gov/namss/survey/b-03-91-la/
B-03a-91-LA	Bureau of Ocean Energy Management	2D Multichannel Seismic	1991	Central Gulf of Mexico	Ewing Bank,Grand Isle Area,Grand Isle Area, South Addition,Mississippi Canyon,Ship Shoal Area,South Pelto Area,South Timbalier and Bay Marchand Areas,South Timbalier Area, South Addition,West Delta Area,West Delta Area, South Addition	L91-003	https://walrus.wr.usgs.gov/namss/survey/b-03a-91-la/
B-03b-91-LA	Bureau of Ocean Energy Management	2D Multichannel Seismic	1991	Central Gulf of Mexico	Chandeleur Area, East Addition,Destin Dome,Grand Isle Area,Main Pass Area,Main Pass Area, South and East Addition,Mississippi Canyon,Mobile,South Pass Area,South Pass Area, South and East Addition,Viosca Knoll,West Delta Area,West Delta Area, South Addition		https://walrus.wr.usgs.gov/namss/survey/b-03b-91-la/
B-03c-91-LA	Bureau of Ocean Energy Management	2D Multichannel Seismic	1991	Central Gulf of Mexico	Chandeleur Area, East Addition,De Soto Canyon,Destin Dome,Main Pass Area,Main Pass Area, South and East Addition,Mississippi Canyon,Mobile,Pensacola,Viosca Knoll	L91-003	https://walrus.wr.usgs.gov/namss/survey/b-03c-91-la/
B-04-78-TX	Bureau of Ocean Energy Management	2D Multichannel Seismic	1978	Central Gulf of Mexico,Western Gulf of Mexico	High Island Area, East Addition,West Cameron Area, West Addition	T77-104	https://walrus.wr.usgs.gov/namss/survey/b-04-78-tx/
B-04-80-AT	Bureau of Ocean Energy Management	2D Multichannel Seismic	1980	Middle Atlantic,North Atlantic	Baltimore Rise,Cape Fear,Chincoteague,Hudson Canyon,Hydrographer Canyon,Marmer,Richardson Hills,Veatch Canyon,Wilmington Canyon,Wittman	E04-80	https://walrus.wr.usgs.gov/namss/survey/b-04-80-at/
B-04-81-AT	Bureau of Ocean Energy Management	2D Multichannel Seismic	1981	Middle Atlantic,North Atlantic	Baltimore Rise,Hudson Canyon,Wilmington Canyon	E04-81	https://walrus.wr.usgs.gov/namss/survey/b-04-81-at/
B-04-82-AT	Bureau of Ocean Energy Management	2D Multichannel Seismic	1982	Middle Atlantic,North Atlantic,South Atlantic	Adams,Blake Spur,Block Canyon,Block Island Shelf,Chincoteague,Currituck Sound,Daytona Beach,Harrington Hill,Hydrographer Canyon,Manteo,Marmer,Mc Alinden Spur,Orlando,Pillsbury,Richardson Hills,Russell,Wittman	E04-82	https://walrus.wr.usgs.gov/namss/survey/b-04-82-at/
B-04-83-AT	Bureau of Ocean Energy Management	2D Multichannel Seismic	1983	North Atlantic	Block Island Shelf,Chatham,Hydrographer Canyon	E04-83	https://walrus.wr.usgs.gov/namss/survey/b-04-83-at/
B-05-76-LA	Bureau of Ocean Energy Management	2D Multichannel Seismic	1976	Central Gulf of Mexico	East Cameron Area,Eugene Island Area,Ship Shoal Area,Vermilion Area,West Cameron Area	L76-2005	https://walrus.wr.usgs.gov/namss/survey/b-05-76-la/
B-05-81-AT	Bureau of Ocean Energy Management	2D Multichannel Seismic	1981	Florida South	Ft. Pierce,Rompidas Ledge,Walker Cay	E05-81	https://walrus.wr.usgs.gov/namss/survey/b-05-81-at/
B-05-82-TX	Bureau of Ocean Energy Management	2D Multichannel Seismic	1982	Western Gulf of Mexico	Galveston Area,High Island Area,High Island Area, East Addition,High Island Area, East Addition, South Extension,High Island Area, South Addition,West Cameron Area, West Addition	T82-005	https://walrus.wr.usgs.gov/namss/survey/b-05-82-tx/
B-05-83-AT	Bureau of Ocean Energy Management	2D Multichannel Seismic	1983	Middle Atlantic	Baltimore Rise,Chincoteague,Currituck Sound,Manteo,Richardson Hills,Wilmington Canyon	E05-83	https://walrus.wr.usgs.gov/namss/survey/b-05-83-at/
B-05-83-LA	Bureau of Ocean Energy Management	2D Multichannel Seismic	1983	Central Gulf of Mexico,Western Gulf of Mexico	East Cameron Area, South Addition,Eugene Island Area,Eugene Island Area, South Addition,Garden Banks,High Island Area, East Addition, South Extension,High Island Area, South Addition,Ship Shoal Area,South Marsh Island Area,South Marsh Island Area, South Addition,Vermilion Area,Vermilion Area, South Addition,West Cameron Area, South Addition	L82-205	https://walrus.wr.usgs.gov/namss/survey/b-05-83-la/
B-05-83-TX	Bureau of Ocean Energy Management	2D Multichannel Seismic	1983	Western Gulf of Mexico	East Breaks,Garden Banks,High Island Area,High Island Area, South Addition,Keathley Canyon	T83-005	https://walrus.wr.usgs.gov/namss/survey/b-05-83-tx/
B-05-86-AT	Bureau of Ocean Energy Management	2D Multichannel Seismic	1986	Middle Atlantic,South Atlantic	Currituck Sound,Georgetown,James Island	E05-86	https://walrus.wr.usgs.gov/namss/survey/b-05-86-at/
B-05-86-LA	Bureau of Ocean Energy Management	2D Multichannel Seismic	1986	Central Gulf of Mexico	Grand Isle Area,Grand Isle Area, South Addition,South Timbalier and Bay Marchand Areas	L86-005	https://walrus.wr.usgs.gov/namss/survey/b-05-86-la/
B-05-88-TX	Bureau of Ocean Energy Management	2D Multichannel Seismic	1988	Western Gulf of Mexico	Alaminos Canyon,Keathley Canyon	GOMSEGY13-05,T88-12	https://walrus.wr.usgs.gov/namss/survey/b-05-88-tx/
B-06-75-LA	Bureau of Ocean Energy Management	2D Multichannel Seismic	1975	Central Gulf of Mexico	Eugene Island Area,Eugene Island Area, South Addition,Ship Shoal Area,Ship Shoal Area, South Addition,South Marsh Island Area, South Addition	L75-1806	https://walrus.wr.usgs.gov/namss/survey/b-06-75-la/
B-06-76-AT	Bureau of Ocean Energy Management	2D Multichannel Seismic	1976	North Atlantic	Block Island Shelf,Chatham,Corsair Canyon,Hudson Canyon,Hydrographer Canyon,Lydonia Canyon,Wilmington,Wilmington Canyon	E06-75	https://walrus.wr.usgs.gov/namss/survey/b-06-76-at/
B-06-79-AT	Bureau of Ocean Energy Management	2D Multichannel Seismic	1979	North Atlantic	Block Island Shelf	E06-79	https://walrus.wr.usgs.gov/namss/survey/b-06-79-at/
B-06-82-AT	Bureau of Ocean Energy Management	2D Multichannel Seismic	1982	Florida South,Middle Atlantic,South Atlantic	Adams,Bahamas,Blake Spur,Cape Fear,Daytona Beach,Ft. Pierce,Harrington Hill,Hoyt Hills,Jacksonville,James Island,Mc Alinden Spur,Orlando,Pillsbury,Richardson Hills,Stetson Mesa,Walker Cay	E06-82	https://walrus.wr.usgs.gov/namss/survey/b-06-82-at/
B-06-85-SC	Bureau of Ocean Energy Management	2D Multichannel Seismic	1985	Southern California	Long Beach,Los Angeles,San Clemente Island,San Diego,Santa Ana,Santa Maria		https://walrus.wr.usgs.gov/namss/survey/b-06-85-sc/
B-06-86-TX	Bureau of Ocean Energy Management	2D Multichannel Seismic	1986	Western Gulf of Mexico	Brazos Area,Galveston Area,Galveston Area, South Addition,High Island Area,High Island Area, East Addition,West Cameron Area, West Addition	T86-006	https://walrus.wr.usgs.gov/namss/survey/b-06-86-tx/
B-07-76-AT	Bureau of Ocean Energy Management	2D Multichannel Seismic	1976	North Atlantic	Hudson Canyon	E07-76	https://walrus.wr.usgs.gov/namss/survey/b-07-76-at/
B-07-78-AK	Bureau of Ocean Energy Management	2D Multichannel Seismic	1978	Beaufort Sea	Beechey Point,Flaxman Island,Harrison Bay		https://walrus.wr.usgs.gov/namss/survey/b-07-78-ak/
B-07-80-AT	Bureau of Ocean Energy Management	2D Multichannel Seismic	1980	Middle Atlantic,North Atlantic,South Atlantic	Adams,Bear Seamount,Harrington Hill,Heezen Plateau,Hoyt Hills,Hudson Canyon,Hydrographer Canyon,Lydonia Canyon,Richardson Hills,Stetson Mesa,Veatch Canyon,Wilmington Canyon	E07-80	https://walrus.wr.usgs.gov/namss/survey/b-07-80-at/
B-07-81-AT	Bureau of Ocean Energy Management	2D Multichannel Seismic	1981	Middle Atlantic	Manteo	E07-81	https://walrus.wr.usgs.gov/namss/survey/b-07-81-at/
B-07-83-AT	Bureau of Ocean Energy Management	2D Multichannel Seismic	1983	North Atlantic	Wilmington Canyon	E07-83	https://walrus.wr.usgs.gov/namss/survey/b-07-83-at/
B-07-83-TX	Bureau of Ocean Energy Management	2D Multichannel Seismic	1983	Western Gulf of Mexico	North Padre Island Area, East Addition,Port Isabel,South Padre Island Area,South Padre Island Area, East Addition	T83-007	https://walrus.wr.usgs.gov/namss/survey/b-07-83-tx/
B-07-88-MI	Bureau of Ocean Energy Management	2D Multichannel Seismic	1988	Central Gulf of Mexico,Eastern Gulf of Mexico	De Soto Canyon,Destin Dome,Mississippi Canyon	GOMSEGY13-07,M88-08	https://walrus.wr.usgs.gov/namss/survey/b-07-88-mi/
B-08-75-AK	Bureau of Ocean Energy Management	2D Multichannel Seismic	1975	North Aleutian Basin,St. George Basin	Akutan,Akutan North,Cold Bay,Pribilof Canyon,St. George,St. George East,St. Paul		https://walrus.wr.usgs.gov/namss/survey/b-08-75-ak/
B-08-75-AT	Bureau of Ocean Energy Management	2D Multichannel Seismic	1975	North Atlantic	Chatham,Corsair Canyon,Hydrographer Canyon,Lydonia Canyon	E08-75	https://walrus.wr.usgs.gov/namss/survey/b-08-75-at/
B-08-76-AT	Bureau of Ocean Energy Management	2D Multichannel Seismic	1976			E08-76	https://walrus.wr.usgs.gov/namss/survey/b-08-76-at/
B-08-77-FL	Bureau of Ocean Energy Management	2D Multichannel Seismic	1977	Eastern Gulf of Mexico	Charlotte Harbor,De Soto Canyon,Florida Middle Ground,St. Petersburg,The Elbow,Vernon Basin	M77-008	https://walrus.wr.usgs.gov/namss/survey/b-08-77-fl/
B-08-78-AT	Bureau of Ocean Energy Management	2D Multichannel Seismic	1978	Middle Atlantic,North Atlantic	Baltimore Rise,Block Canyon,Chincoteague,Hudson Canyon,Salisbury,Wilmington Canyon	E08-78	https://walrus.wr.usgs.gov/namss/survey/b-08-78-at/
B-08-83-AT	Bureau of Ocean Energy Management	2D Multichannel Seismic	1983	North Atlantic	Block Canyon	E08-83	https://walrus.wr.usgs.gov/namss/survey/b-08-83-at/
B-08-83-TX	Bureau of Ocean Energy Management	2D Multichannel Seismic	1983	Western Gulf of Mexico	East Breaks,Galveston Area,Galveston Area, South Addition,Garden Banks,High Island Area,High Island Area, East Addition,High Island Area, East Addition, South Extension,High Island Area, South Addition,West Cameron Area, South Addition	T83-008	https://walrus.wr.usgs.gov/namss/survey/b-08-83-tx/
B-08-84-TX	Bureau of Ocean Energy Management	2D Multichannel Seismic	1984	Western Gulf of Mexico	Alaminos Canyon,Corpus Christi,East Breaks,Galveston Area, South Addition,Garden Banks,Mustang Island Area, East Addition	T83-108	https://walrus.wr.usgs.gov/namss/survey/b-08-84-tx/
B-08-88-GM	Bureau of Ocean Energy Management	2D Multichannel Seismic	1988	Central Gulf of Mexico	Atwater Valley,Eugene Island Area, South Addition,Green Canyon	GOMSEGY13-08	https://walrus.wr.usgs.gov/namss/survey/b-08-88-gm/
B-09-75-AK	Bureau of Ocean Energy Management	2D Multichannel Seismic	1975	North Aleutian Basin,St. George Basin	Akutan,Akutan North,Bristol Bay,Chignik,Cold Bay,False Pass,Stepovak Bay,Sutwik Island,Ugashik,Ugashik West		https://walrus.wr.usgs.gov/namss/survey/b-09-75-ak/
B-09-75-AT	Bureau of Ocean Energy Management	2D Multichannel Seismic	1975	South Atlantic	Brunswick,Georgetown,Hoyt Hills,Jacksonville,James Island,Stetson Mesa	E09-75	https://walrus.wr.usgs.gov/namss/survey/b-09-75-at/
B-09-81-AT	Bureau of Ocean Energy Management	2D Multichannel Seismic	1981	Middle Atlantic,North Atlantic	Baltimore Rise,Chincoteague,Hudson Canyon,Salisbury,Wilmington Canyon	E09-80	https://walrus.wr.usgs.gov/namss/survey/b-09-81-at/
B-09-83-TX	Bureau of Ocean Energy Management	2D Multichannel Seismic	1983	Western Gulf of Mexico	Brazos Area,Galveston Area	T83-009	https://walrus.wr.usgs.gov/namss/survey/b-09-83-tx/
B-09-85-LA	Bureau of Ocean Energy Management	2D Multichannel Seismic	1985	Central Gulf of Mexico,Western Gulf of Mexico	Atwater Valley,East Cameron Area, South Addition,Eugene Island Area, South Addition,Garden Banks,Grand Isle Area, South Addition,Green Canyon,High Island Area, East Addition, South Extension,Keathley Canyon,Mississippi Canyon,Ship Shoal Area, South Addition,South Marsh Island Area, South Addition,South Pass Area, South and East Addition,South Timbalier Area, South Addition,Vermilion Area, South Addition,Walker Ridge,West Cameron Area, South Addition	L85-009	https://walrus.wr.usgs.gov/namss/survey/b-09-85-la/
B-09-85-TX	Bureau of Ocean Energy Management	2D Multichannel Seismic	1985	Western Gulf of Mexico	East Breaks	T84-109	https://walrus.wr.usgs.gov/namss/survey/b-09-85-tx/
B-09-87-LA	Bureau of Ocean Energy Management	2D Multichannel Seismic	1987	Central Gulf of Mexico,Western Gulf of Mexico	Atwater Valley,East Cameron Area,East Cameron Area, South Addition,Eugene Island Area,Eugene Island Area, South Addition,Ewing Bank,Garden Banks,Grand Isle Area,Grand Isle Area, South Addition,Green Canyon,High Island Area, East Addition, South Extension,Mississippi Canyon,Ship Shoal Area,Ship Shoal Area, South Addition,South Marsh Island Area,South Marsh Island Area, South Addition,South Timbalier and Bay Marchand Areas,South Timbalier Area, South Addition,Vermilion Area,Vermilion Area, South Addition,West Cameron Area, South Addition,West Cameron Area, West Addition,West Delta Area, South Addition	L87-09	https://walrus.wr.usgs.gov/namss/survey/b-09-87-la/
B-09-88-GM	Bureau of Ocean Energy Management	2D Multichannel Seismic	1988	Central Gulf of Mexico	Atwater Valley,Garden Banks,Green Canyon	GOMSEGY13-09	https://walrus.wr.usgs.gov/namss/survey/b-09-88-gm/
B-1-13-FL	U.S. Geological Survey	2D Multichannel Seismic	2013				https://walrus.wr.usgs.gov/namss/survey/b-1-13-fl/
B-10-76-AT	Bureau of Ocean Energy Management	2D Multichannel Seismic	1976	Florida South	Ft. Pierce,Walker Cay	E10-75	https://walrus.wr.usgs.gov/namss/survey/b-10-76-at/
B-10-78-LA	Bureau of Ocean Energy Management	2D Multichannel Seismic	1978	Central Gulf of Mexico	West Delta Area	L78-110	https://walrus.wr.usgs.gov/namss/survey/b-10-78-la/
B-10-80-AT	Bureau of Ocean Energy Management	2D Multichannel Seismic	1980	Middle Atlantic,North Atlantic	Baltimore Rise,Block Canyon,Chincoteague,Heezen Plateau,Hudson Canyon,Salisbury,Wilmington Canyon	E10-80	https://walrus.wr.usgs.gov/namss/survey/b-10-80-at/
B-10-81-AT	Bureau of Ocean Energy Management	2D Multichannel Seismic	1981	Middle Atlantic,North Atlantic	Bear Seamount,Block Canyon,Block Island Shelf,Hudson Canyon,Hydrographer Canyon,Lydonia Canyon,Veatch Canyon,Wilmington Canyon	E10-81	https://walrus.wr.usgs.gov/namss/survey/b-10-81-at/
B-10-82-AT	Bureau of Ocean Energy Management	2D Multichannel Seismic	1982	North Atlantic	Bear Seamount,Block Canyon,Heezen Plateau,Hydrographer Canyon,Lydonia Canyon,Veatch Canyon	E10-82	https://walrus.wr.usgs.gov/namss/survey/b-10-82-at/
B-10-85-TX	Bureau of Ocean Energy Management	2D Multichannel Seismic	1985	Western Gulf of Mexico	Brazos Area, South Addition,Matagorda Island Area,Mustang Island Area,Mustang Island Area, East Addition,North Padre Island Area,North Padre Island Area, East Addition,South Padre Island Area,South Padre Island Area, East Addition	T84-110	https://walrus.wr.usgs.gov/namss/survey/b-10-85-tx/
B-10-88-GM	Bureau of Ocean Energy Management	2D Multichannel Seismic	1988	Central Gulf of Mexico	Eugene Island Area,Eugene Island Area, South Addition,South Marsh Island Area,South Marsh Island Area, South Addition,Vermilion Area,Vermilion Area, South Addition	GOMSEGY13-10	https://walrus.wr.usgs.gov/namss/survey/b-10-88-gm/
B-11-75-LA	Bureau of Ocean Energy Management	2D Multichannel Seismic	1975	Central Gulf of Mexico	Main Pass Area,West Delta Area,West Delta Area, South Addition	L75-1711	https://walrus.wr.usgs.gov/namss/survey/b-11-75-la/
B-11-77-AT	Bureau of Ocean Energy Management	2D Multichannel Seismic	1977	Middle Atlantic,North Atlantic	Baltimore Rise,Chincoteague,Hudson Canyon,Salisbury,Wilmington Canyon	E11-77	https://walrus.wr.usgs.gov/namss/survey/b-11-77-at/
B-11-78-AT	Bureau of Ocean Energy Management	2D Multichannel Seismic	1978	North Atlantic	Lydonia Canyon	E11-78	https://walrus.wr.usgs.gov/namss/survey/b-11-78-at/
B-11-82-AT	Bureau of Ocean Energy Management	2D Multichannel Seismic	1982	Middle Atlantic,North Atlantic	Block Island Shelf,Chatham,Chincoteague,Currituck Sound,Hydrographer Canyon,Salisbury	E11-82	https://walrus.wr.usgs.gov/namss/survey/b-11-82-at/
B-11-84-MI	Bureau of Ocean Energy Management	2D Multichannel Seismic	1984	Central Gulf of Mexico	Destin Dome,Mobile,Pensacola,Viosca Knoll	M84-011	https://walrus.wr.usgs.gov/namss/survey/b-11-84-mi/
B-11-85-LA	Bureau of Ocean Energy Management	2D Multichannel Seismic	1985	Central Gulf of Mexico	Grand Isle Area,Mississippi Canyon,Ship Shoal Area,South Pass Area,South Pelto Area,South Timbalier and Bay Marchand Areas,West Delta Area,West Delta Area, South Addition	L85-111	https://walrus.wr.usgs.gov/namss/survey/b-11-85-la/
B-11-86-MI	Bureau of Ocean Energy Management	2D Multichannel Seismic	1986	Central Gulf of Mexico,Eastern Gulf of Mexico	Apalachicola,De Soto Canyon,Destin Dome,Florida Middle Ground,Lloyd Ridge,St. Petersburg,Tarpon Springs,The Elbow	M86-011	https://walrus.wr.usgs.gov/namss/survey/b-11-86-mi/
B-11-88-AT	Bureau of Ocean Energy Management	2D Multichannel Seismic	1988	North Atlantic	Browns Bank,Cashes Ledge	ATLSEGY13-1,E4-88	https://walrus.wr.usgs.gov/namss/survey/b-11-88-at/
B-11-88-GM	Bureau of Ocean Energy Management	2D Multichannel Seismic	1988	Central Gulf of Mexico	Eugene Island Area,Eugene Island Area, South Addition,South Marsh Island Area,South Marsh Island Area, South Addition,Vermilion Area,Vermilion Area, South Addition	GOMSEGY13-11	https://walrus.wr.usgs.gov/namss/survey/b-11-88-gm/
B-12-76-LA	Bureau of Ocean Energy Management	2D Multichannel Seismic	1976			L76-2012	https://walrus.wr.usgs.gov/namss/survey/b-12-76-la/
B-12-77-AT	Bureau of Ocean Energy Management	2D Multichannel Seismic	1977	North Atlantic	Chatham	E12-77	https://walrus.wr.usgs.gov/namss/survey/b-12-77-at/
B-12-80-MI	Bureau of Ocean Energy Management	2D Multichannel Seismic	1980	Central Gulf of Mexico	Chandeleur Area, East Addition,Main Pass Area, South and East Addition,Mobile,Viosca Knoll	M80-012	https://walrus.wr.usgs.gov/namss/survey/b-12-80-mi/
B-12-83-LA	Bureau of Ocean Energy Management	2D Multichannel Seismic	1983	Central Gulf of Mexico	Ship Shoal Area	L83-012	https://walrus.wr.usgs.gov/namss/survey/b-12-83-la/
B-12-83-MI	Bureau of Ocean Energy Management	2D Multichannel Seismic	1983	Central Gulf of Mexico,Eastern Gulf of Mexico	Apalachicola,Atwater Valley,De Soto Canyon,Destin Dome,Mississippi Canyon,Pensacola	M83-012	https://walrus.wr.usgs.gov/namss/survey/b-12-83-mi/
B-12-83-TX	Bureau of Ocean Energy Management	2D Multichannel Seismic	1983	Western Gulf of Mexico	Brazos Area,Matagorda Island Area,Mustang Island Area	T83-012	https://walrus.wr.usgs.gov/namss/survey/b-12-83-tx/
B-12-84-AL	Bureau of Ocean Energy Management	2D Multichannel Seismic	1984	Central Gulf of Mexico	Mobile,Pensacola	M84-012	https://walrus.wr.usgs.gov/namss/survey/b-12-84-al/
B-12-88-GM	Bureau of Ocean Energy Management	2D Multichannel Seismic	1988	Western Gulf of Mexico	Alaminos Canyon,Brazos Area, South Addition,Corpus Christi,East Breaks,Galveston Area, South Addition,Garden Banks,High Island Area, East Addition, South Extension,High Island Area, South Addition,Keathley Canyon,Mustang Island Area, East Addition,North Padre Island Area, East Addition,Port Isabel	GOMSEGY13-12	https://walrus.wr.usgs.gov/namss/survey/b-12-88-gm/
B-13-76-AT	Bureau of Ocean Energy Management	2D Multichannel Seismic	1976	North Atlantic	Block Island Shelf,Corsair Canyon,Hydrographer Canyon,Lydonia Canyon	E13-76	https://walrus.wr.usgs.gov/namss/survey/b-13-76-at/
B-13-77-TX	Bureau of Ocean Energy Management	2D Multichannel Seismic	1977	Western Gulf of Mexico	Brazos Area,Galveston Area,Galveston Area, South Addition,Garden Banks,High Island Area,High Island Area, East Addition,High Island Area, East Addition, South Extension,High Island Area, South Addition,West Cameron Area, West Addition	T77-013	https://walrus.wr.usgs.gov/namss/survey/b-13-77-tx/
B-13-78-AT	Bureau of Ocean Energy Management	2D Multichannel Seismic	1978	Middle Atlantic	Chincoteague,Salisbury	E13-78	https://walrus.wr.usgs.gov/namss/survey/b-13-78-at/
B-13-79-LA	Bureau of Ocean Energy Management	2D Multichannel Seismic	1979	Central Gulf of Mexico,Western Gulf of Mexico	Breton Sound Area,Chandeleur Area, East Addition,East Cameron Area,East Cameron Area, South Addition,Eugene Island Area,Eugene Island Area, South Addition,Grand Isle Area,Grand Isle Area, South Addition,Green Canyon,High Island Area, East Addition,High Island Area, East Addition, South Extension,Main Pass Area,Main Pass Area, South and East Addition,Mississippi Canyon,Ship Shoal Area,Ship Shoal Area, South Addition,South Marsh Island Area,South Marsh Island Area, North Addition,South Marsh Island Area, South Addition,South Pelto Area,South Timbalier and Bay Marchand Areas,South Timbalier Area, South Addition,Vermilion Area,Vermilion Area, South Addition,West Cameron Area,West Cameron Area, South Addition,West Cameron Area, West Addition,West Delta Area,West Delta Area, South Addition	L79-013	https://walrus.wr.usgs.gov/namss/survey/b-13-79-la/
B-13-82-TX	Bureau of Ocean Energy Management	2D Multichannel Seismic	1982	Western Gulf of Mexico	Matagorda Island Area,Mustang Island Area	T82-013	https://walrus.wr.usgs.gov/namss/survey/b-13-82-tx/
B-13-83-FL	Bureau of Ocean Energy Management	2D Multichannel Seismic	1983	Eastern Gulf of Mexico	Charlotte Harbor,Dry Tortugas,Howell Hook,Pulley Ridge,Rankin,Vernon Basin	M83-013	https://walrus.wr.usgs.gov/namss/survey/b-13-83-fl/
B-13-88-GM	Bureau of Ocean Energy Management	2D Multichannel Seismic	1988	Western Gulf of Mexico	Alaminos Canyon,Brazos Area, South Addition,Corpus Christi,East Breaks,Galveston Area, South Addition,Garden Banks,High Island Area, East Addition, South Extension,High Island Area, South Addition,Keathley Canyon,Mustang Island Area, East Addition,North Padre Island Area, East Addition,Port Isabel	GOMSEGY13-13	https://walrus.wr.usgs.gov/namss/survey/b-13-88-gm/
B-13-88-TX	Bureau of Ocean Energy Management	2D Multichannel Seismic	1988	Western Gulf of Mexico	Brazos Area,Brazos Area, South Addition,East Breaks,Galveston Area,Galveston Area, South Addition,Garden Banks,High Island Area,High Island Area, East Addition,High Island Area, East Addition, South Extension,High Island Area, South Addition,West Cameron Area, South Addition	GOMSEGY13-03,T88-04	https://walrus.wr.usgs.gov/namss/survey/b-13-88-tx/
B-139-89-LA	Bureau of Ocean Energy Management	2D Multichannel Seismic	1989	Central Gulf of Mexico	Grand Isle Area, South Addition,Green Canyon,Mississippi Canyon,Ship Shoal Area,Ship Shoal Area, South Addition,South Timbalier and Bay Marchand Areas,South Timbalier Area, South Addition	L89-139	https://walrus.wr.usgs.gov/namss/survey/b-139-89-la/
B-139a-89-LA	Bureau of Ocean Energy Management	2D Multichannel Seismic	1989	Central Gulf of Mexico	Atwater Valley,East Cameron Area,Garden Banks,Green Canyon,Mississippi Canyon,Ship Shoal Area, South Addition,South Marsh Island Area, North Addition,South Timbalier Area, South Addition,Vermilion Area,West Cameron Area,West Cameron Area, West Addition	GOMSEGY16-2_L89_139_SALE_DATA,L89-139	https://walrus.wr.usgs.gov/namss/survey/b-139a-89-la/
B-139b-89-LA	Bureau of Ocean Energy Management	2D Multichannel Seismic	1989	Central Gulf of Mexico	Atwater Valley,Eugene Island Area, South Addition,Garden Banks,Grand Isle Area, South Addition,Mississippi Canyon,Ship Shoal Area, South Addition,South Marsh Island Area, South Addition,South Timbalier Area, South Addition,Vermilion Area, South Addition	L89-139	https://walrus.wr.usgs.gov/namss/survey/b-139b-89-la/
B-14-75-AT	Bureau of Ocean Energy Management	2D Multichannel Seismic	1975	Middle Atlantic,South Atlantic	Beaufort,Cape Fear,Georgetown,James Island,Manteo,Marmer,Richardson Hills,Russell	E14-75	https://walrus.wr.usgs.gov/namss/survey/b-14-75-at/
B-14-77-AT	Bureau of Ocean Energy Management	2D Multichannel Seismic	1977	Middle Atlantic,North Atlantic	Hudson Canyon,Wilmington Canyon	E14-77	https://walrus.wr.usgs.gov/namss/survey/b-14-77-at/
B-14-80-AK	Bureau of Ocean Energy Management	2D Multichannel Seismic	1980	Navarin Basin,St. George Basin	Akutan North,Banks,Pervenets Canyon,Pervenets Canyon East,Saulsbury,Saulsbury West,St. George,St. George East,St. Matthew West	80-14	https://walrus.wr.usgs.gov/namss/survey/b-14-80-ak/
B-14-80-TX	Bureau of Ocean Energy Management	2D Multichannel Seismic	1980	Central Gulf of Mexico,Eastern Gulf of Mexico	Atwater Valley,De Soto Canyon,Destin Dome,Florida Middle Ground,Lloyd Ridge,Lund,Mississippi Canyon	M80-014	https://walrus.wr.usgs.gov/namss/survey/b-14-80-tx/
B-14-81-LA	Bureau of Ocean Energy Management	2D Multichannel Seismic	1981	Central Gulf of Mexico,Western Gulf of Mexico	Destin Dome,East Cameron Area,East Cameron Area, South Addition,Eugene Island Area,Ewing Bank,Garden Banks,Grand Isle Area, South Addition,Green Canyon,Main Pass Area,Main Pass Area, South and East Addition,Mississippi Canyon,Ship Shoal Area,Ship Shoal Area, South Addition,South Marsh Island Area,South Marsh Island Area, South Addition,South Timbalier and Bay Marchand Areas,South Timbalier Area, South Addition,Vermilion Area,Vermilion Area, South Addition,Viosca Knoll,Walker Ridge,West Cameron Area, South Addition,West Cameron Area, West Addition,West Delta Area,West Delta Area, South Addition	L81-014	https://walrus.wr.usgs.gov/namss/survey/b-14-81-la/
B-14-82-TX	Bureau of Ocean Energy Management	2D Multichannel Seismic	1982	Western Gulf of Mexico	Alaminos Canyon,Brazos Area,Brazos Area, South Addition,Corpus Christi,East Breaks,Mustang Island Area, East Addition,North Padre Island Area,North Padre Island Area, East Addition,Port Isabel	T82-014	https://walrus.wr.usgs.gov/namss/survey/b-14-82-tx/
B-14-83-TX	Bureau of Ocean Energy Management	2D Multichannel Seismic	1983	Western Gulf of Mexico	East Breaks,Galveston Area,Galveston Area, South Addition	T83-014	https://walrus.wr.usgs.gov/namss/survey/b-14-83-tx/
B-14-84-LA	Bureau of Ocean Energy Management	2D Multichannel Seismic	1984	Central Gulf of Mexico	East Cameron Area,East Cameron Area, South Addition,Eugene Island Area,Mississippi Canyon,Ship Shoal Area,Ship Shoal Area, South Addition,South Marsh Island Area,South Marsh Island Area, North Addition,South Pass Area,South Timbalier Area, South Addition,Vermilion Area, South Addition,West Cameron Area,West Cameron Area, West Addition	L84-214	https://walrus.wr.usgs.gov/namss/survey/b-14-84-la/
B-14-88-TX	Bureau of Ocean Energy Management	2D Multichannel Seismic	1988	Western Gulf of Mexico	Corpus Christi,North Padre Island Area,North Padre Island Area, East Addition,Port Isabel,South Padre Island Area,South Padre Island Area, East Addition	GOMSEGY13-14,T88-15	https://walrus.wr.usgs.gov/namss/survey/b-14-88-tx/
B-14-89-LA	Bureau of Ocean Energy Management	2D Multichannel Seismic	1989	Central Gulf of Mexico	Atwater Valley,East Cameron Area,Garden Banks,Green Canyon,Mississippi Canyon,Ship Shoal Area, South Addition,South Marsh Island Area, North Addition,South Timbalier Area, South Addition,Vermilion Area,West Cameron Area,West Cameron Area, West Addition	L89-014	https://walrus.wr.usgs.gov/namss/survey/b-14-89-la/
B-142-90-LA	Bureau of Ocean Energy Management	2D Multichannel Seismic	1990	Central Gulf of Mexico,Western Gulf of Mexico	East Cameron Area,East Cameron Area, South Addition,Garden Banks,High Island Area, East Addition,High Island Area, East Addition, South Extension,South Marsh Island Area, South Addition,Vermilion Area, South Addition,West Cameron Area,West Cameron Area, South Addition,West Cameron Area, West Addition	L90-142	https://walrus.wr.usgs.gov/namss/survey/b-142-90-la/
B-142a-90-LA	Bureau of Ocean Energy Management	2D Multichannel Seismic	1990	Central Gulf of Mexico,Western Gulf of Mexico	East Cameron Area,East Cameron Area, South Addition,Eugene Island Area, South Addition,Garden Banks,Green Canyon,South Marsh Island Area, South Addition,Vermilion Area,Vermilion Area, South Addition,West Cameron Area,West Cameron Area, South Addition,West Cameron Area, West Addition	L90-142	https://walrus.wr.usgs.gov/namss/survey/b-142a-90-la/
B-142b-90-LA	Bureau of Ocean Energy Management	2D Multichannel Seismic	1990	Central Gulf of Mexico,Western Gulf of Mexico	East Cameron Area,East Cameron Area, South Addition,Garden Banks,High Island Area, East Addition,High Island Area, East Addition, South Extension,Vermilion Area,West Cameron Area,West Cameron Area, South Addition,West Cameron Area, West Addition	L90-142	https://walrus.wr.usgs.gov/namss/survey/b-142b-90-la/
B-15-77-AK	Bureau of Ocean Energy Management	2D Multichannel Seismic	1977	Beaufort Sea,Chukchi Sea	Barrow,Barter Island,Beechey Point,Beechey Point North,Dease Inlet,Demarcation Point,Flaxman Island,Flaxman Island North,Harrison Bay,Harrison Bay North,Mackenzie Canyon,Mackenzie Canyon North,Teshekpuk		https://walrus.wr.usgs.gov/namss/survey/b-15-77-ak/
B-15-79-AT	Bureau of Ocean Energy Management	2D Multichannel Seismic	1979	Middle Atlantic,North Atlantic	Block Canyon,Chincoteague,Hudson Canyon,Salisbury,Wilmington Canyon	E15-78	https://walrus.wr.usgs.gov/namss/survey/b-15-79-at/
B-15-81-AT	Bureau of Ocean Energy Management	2D Multichannel Seismic	1981	Eastern Gulf of Mexico,Florida South,Middle Atlantic,South Atlantic	Bahamas,Bimini,Blake Escarpment,Blake Spur,Dry Tortugas,Harrington Hill,Mc Alinden Spur,Pillsbury	E15-81	https://walrus.wr.usgs.gov/namss/survey/b-15-81-at/
B-15-81-FL	Bureau of Ocean Energy Management	2D Multichannel Seismic	1981	Eastern Gulf of Mexico	Charlotte Harbor,Pulley Ridge,St. Petersburg,The Elbow,Vernon Basin	M81-015	https://walrus.wr.usgs.gov/namss/survey/b-15-81-fl/
B-15-86-MI	Bureau of Ocean Energy Management	2D Multichannel Seismic	1986	Central Gulf of Mexico,Eastern Gulf of Mexico	Apalachicola,De Soto Canyon,Destin Dome,Florida Middle Ground,Lloyd Ridge,Main Pass Area, South and East Addition,Mobile,Pensacola,The Elbow,Viosca Knoll	M86-015	https://walrus.wr.usgs.gov/namss/survey/b-15-86-mi/
B-15-87-AR	Bureau of Ocean Energy Management	2D Multichannel Seismic	1987	Beaufort Sea	Dease Inlet,Harrison Bay North	87-15	https://walrus.wr.usgs.gov/namss/survey/b-15-87-ar/
B-15-88-GM	Bureau of Ocean Energy Management	2D Multichannel Seismic	1988	Central Gulf of Mexico,Western Gulf of Mexico	Alaminos Canyon,Atwater Valley,East Breaks,Eugene Island Area, South Addition,Ewing Bank,Garden Banks,Grand Isle Area, South Addition,Green Canyon,High Island Area, East Addition, South Extension,High Island Area, South Addition,Keathley Canyon,Mississippi Canyon,Ship Shoal Area, South Addition,South Timbalier Area, South Addition,Walker Ridge,West Cameron Area, South Addition	GOMSEGY13-15	https://walrus.wr.usgs.gov/namss/survey/b-15-88-gm/
B-15-88-TX	Bureau of Ocean Energy Management	2D Multichannel Seismic	1988	Western Gulf of Mexico	Brazos Area,Galveston Area,Galveston Area, South Addition,High Island Area,High Island Area, East Addition,West Cameron Area, West Addition	GOMSEGY13-05,T88-16	https://walrus.wr.usgs.gov/namss/survey/b-15-88-tx/
B-15b-89-TX	Bureau of Ocean Energy Management	2D Multichannel Seismic	1989	Central Gulf of Mexico	Atwater Valley,East Cameron Area,Garden Banks,Green Canyon,Mississippi Canyon,Ship Shoal Area, South Addition,South Marsh Island Area, North Addition,South Timbalier Area, South Addition,Vermilion Area,West Cameron Area,West Cameron Area, West Addition	L85-015	https://walrus.wr.usgs.gov/namss/survey/b-15b-89-tx/
B-15c-89-TX	Bureau of Ocean Energy Management	2D Multichannel Seismic	1989	Central Gulf of Mexico	Atwater Valley,East Cameron Area,Garden Banks,Green Canyon,Mississippi Canyon,Ship Shoal Area, South Addition,South Marsh Island Area, North Addition,South Timbalier Area, South Addition,Vermilion Area,West Cameron Area,West Cameron Area, West Addition	GOMSEGY16-2_SHELL_TX_SALE_DATA,L89-015	https://walrus.wr.usgs.gov/namss/survey/b-15c-89-tx/
B-16-76-AT	Bureau of Ocean Energy Management	2D Multichannel Seismic	1976	Middle Atlantic,North Atlantic	Baltimore Rise,Chincoteague,Currituck Sound,Hyman,Manteo,Russell,Salisbury,Wilmington,Wilmington Canyon	E16-76	https://walrus.wr.usgs.gov/namss/survey/b-16-76-at/
B-16-77-AT	British Petroleum	2D Multichannel Seismic	1977	North Atlantic	Hudson Canyon,Wilmington Canyon	E16-77	https://walrus.wr.usgs.gov/namss/survey/b-16-77-at/
B-16-80-FL	Bureau of Ocean Energy Management	2D Multichannel Seismic	1980	Eastern Gulf of Mexico	Charlotte Harbor,Dry Tortugas,Miami,Pulley Ridge,Rankin,Vernon Basin	M80-016	https://walrus.wr.usgs.gov/namss/survey/b-16-80-fl/
B-16-88-LA	Bureau of Ocean Energy Management	2D Multichannel Seismic	1988	Central Gulf of Mexico	Atwater Valley,Eugene Island Area,Eugene Island Area, South Addition,Ewing Bank,Grand Isle Area,Grand Isle Area, South Addition,Green Canyon,Mississippi Canyon,Ship Shoal Area,Ship Shoal Area, South Addition,South Timbalier and Bay Marchand Areas,South Timbalier Area, South Addition	GOMSEGY13-06,L88-35	https://walrus.wr.usgs.gov/namss/survey/b-16-88-la/
B-16A-87-MI	Bureau of Ocean Energy Management	2D Multichannel Seismic	1987	Central Gulf of Mexico,Eastern Gulf of Mexico	Atwater Valley,De Soto Canyon,Henderson,Lloyd Ridge,Mississippi Canyon,The Elbow,Vernon Basin	M87-016A	https://walrus.wr.usgs.gov/namss/survey/b-16a-87-mi/
B-16B-87-MI	Bureau of Ocean Energy Management	2D Multichannel Seismic	1987	Central Gulf of Mexico,Eastern Gulf of Mexico	Apalachicola,De Soto Canyon,Destin Dome,Florida Middle Ground,Henderson,Lloyd Ridge,Tarpon Springs,The Elbow,Vernon Basin	M87-016B	https://walrus.wr.usgs.gov/namss/survey/b-16b-87-mi/
B-17-75-AK	Bureau of Ocean Energy Management	2D Multichannel Seismic	1975	North Aleutian Basin,Shumagin,St. George Basin	Akutan,Akutan North,Bristol Bay,Chignik,Cold Bay,False Pass,Stepovak Bay,St. George East,Ugashik West		https://walrus.wr.usgs.gov/namss/survey/b-17-75-ak/
B-17-75-AT	Bureau of Ocean Energy Management	2D Multichannel Seismic	1975	Middle Atlantic,North Atlantic	Hudson Canyon,Manteo,New York,Salisbury,Wilmington,Wilmington Canyon	E17-75	https://walrus.wr.usgs.gov/namss/survey/b-17-75-at/
B-17-77-AT	Bureau of Ocean Energy Management	2D Multichannel Seismic	1977	South Atlantic	James Island	E17-77	https://walrus.wr.usgs.gov/namss/survey/b-17-77-at/
B-17-82-LA	Bureau of Ocean Energy Management	2D Multichannel Seismic	1982	Central Gulf of Mexico	Ewing Bank,Grand Isle Area,Grand Isle Area, South Addition,South Timbalier and Bay Marchand Areas,South Timbalier Area, South Addition,West Delta Area,West Delta Area, South Addition	L82-017	https://walrus.wr.usgs.gov/namss/survey/b-17-82-la/
B-17-84-LA	Bureau of Ocean Energy Management	2D Multichannel Seismic	1984	Central Gulf of Mexico	Mississippi Canyon	L84-117	https://walrus.wr.usgs.gov/namss/survey/b-17-84-la/
B-17-84-TX	Bureau of Ocean Energy Management	2D Multichannel Seismic	1984	Western Gulf of Mexico	East Breaks,Galveston Area,Galveston Area, South Addition,Garden Banks,High Island Area, East Addition, South Extension,High Island Area, South Addition,West Cameron Area, South Addition	T84-017	https://walrus.wr.usgs.gov/namss/survey/b-17-84-tx/
B-17-85-LA	Bureau of Ocean Energy Management	2D Multichannel Seismic	1985	Central Gulf of Mexico,Western Gulf of Mexico	Garden Banks,Keathley Canyon,Walker Ridge	L85-017	https://walrus.wr.usgs.gov/namss/survey/b-17-85-la/
B-17-86-MI	Bureau of Ocean Energy Management	2D Multichannel Seismic	1986	Central Gulf of Mexico,Eastern Gulf of Mexico	Apalachicola,Destin Dome,Main Pass Area, South and East Addition,Mobile,Viosca Knoll	M86-017	https://walrus.wr.usgs.gov/namss/survey/b-17-86-mi/
B-17-88-MI	Bureau of Ocean Energy Management	2D Multichannel Seismic	1988	Central Gulf of Mexico,Eastern Gulf of Mexico	Atwater Valley,De Soto Canyon,Lloyd Ridge,Mississippi Canyon	GOMSEGY13-07,M88-13	https://walrus.wr.usgs.gov/namss/survey/b-17-88-mi/
B-18-81-MI	Bureau of Ocean Energy Management	2D Multichannel Seismic	1981	Eastern Gulf of Mexico	Charlotte Harbor,St. Petersburg,The Elbow,Vernon Basin	M81-018	https://walrus.wr.usgs.gov/namss/survey/b-18-81-mi/
B-18-86-TX	Bureau of Ocean Energy Management	2D Multichannel Seismic	1986	Western Gulf of Mexico	Alaminos Canyon,Corpus Christi,East Breaks,Keathley Canyon,Port Isabel	T86-018	https://walrus.wr.usgs.gov/namss/survey/b-18-86-tx/
B-19-81-AK	Bureau of Ocean Energy Management	2D Multichannel Seismic	1981	North Aleutian Basin,St. George Basin	Akutan North,Bristol Bay,Chignik,Cold Bay,St. George,St. George East	81-19	https://walrus.wr.usgs.gov/namss/survey/b-19-81-ak/
B-19-84-MI	Bureau of Ocean Energy Management	2D Multichannel Seismic	1984	Central Gulf of Mexico,Eastern Gulf of Mexico	Destin Dome,Mobile,Pensacola,Viosca Knoll	M84-019	https://walrus.wr.usgs.gov/namss/survey/b-19-84-mi/
B-20-75-LA	Bureau of Ocean Energy Management	2D Multichannel Seismic	1975	Central Gulf of Mexico	West Cameron Area	L75-1720	https://walrus.wr.usgs.gov/namss/survey/b-20-75-la/
B-20-78-LA	Bureau of Ocean Energy Management	2D Multichannel Seismic	1978	Central Gulf of Mexico	Breton Sound Area,East Cameron Area,East Cameron Area, South Addition,Eugene Island Area,Eugene Island Area, South Addition,Grand Isle Area,Main Pass Area,Main Pass Area, South and East Addition,Mississippi Canyon,Ship Shoal Area,South Marsh Island Area,South Marsh Island Area, North Addition,South Marsh Island Area, South Addition,South Pass Area, South and East Addition,South Pelto Area,South Timbalier and Bay Marchand Areas,Vermilion Area,West Cameron Area,West Cameron Area, South Addition,West Cameron Area, West Addition,West Delta Area,West Delta Area, South Addition	L78-020	https://walrus.wr.usgs.gov/namss/survey/b-20-78-la/
B-20-81-FL	Bureau of Ocean Energy Management	2D Multichannel Seismic	1981	Eastern Gulf of Mexico	Charlotte Harbor	M81-020	https://walrus.wr.usgs.gov/namss/survey/b-20-81-fl/
B-20-83-TX	Bureau of Ocean Energy Management	2D Multichannel Seismic	1983	Western Gulf of Mexico	Brazos Area,Galveston Area,Galveston Area, South Addition,High Island Area,High Island Area, East Addition,High Island Area, South Addition,Matagorda Island Area,Mustang Island Area,North Padre Island Area,North Padre Island Area, East Addition,West Cameron Area, West Addition	T83-020	https://walrus.wr.usgs.gov/namss/survey/b-20-83-tx/
B-21-75-LA	Bureau of Ocean Energy Management	2D Multichannel Seismic	1975	Central Gulf of Mexico	West Delta Area	L75-1721	https://walrus.wr.usgs.gov/namss/survey/b-21-75-la/
B-21-76-TX	Bureau of Ocean Energy Management	2D Multichannel Seismic	1976	Western Gulf of Mexico	Galveston Area,Galveston Area, South Addition,High Island Area,High Island Area, East Addition,High Island Area, East Addition, South Extension,High Island Area, South Addition	T76-0821	https://walrus.wr.usgs.gov/namss/survey/b-21-76-tx/
B-21-80-AK	Bureau of Ocean Energy Management	2D Multichannel Seismic	1980	North Aleutian Basin	Bristol Bay,Cold Bay	80-21	https://walrus.wr.usgs.gov/namss/survey/b-21-80-ak/
B-21-80-LA	Bureau of Ocean Energy Management	2D Multichannel Seismic	1980	Central Gulf of Mexico	Main Pass Area,Main Pass Area, South and East Addition	L80-021	https://walrus.wr.usgs.gov/namss/survey/b-21-80-la/
B-21-83-LA	Bureau of Ocean Energy Management	2D Multichannel Seismic	1983	Central Gulf of Mexico,Western Gulf of Mexico	Atwater Valley,De Soto Canyon,Destin Dome,Garden Banks,Green Canyon,Keathley Canyon,Mississippi Canyon,Walker Ridge	L83-121	https://walrus.wr.usgs.gov/namss/survey/b-21-83-la/
B-21-83-TX	Bureau of Ocean Energy Management	2D Multichannel Seismic	1983	Western Gulf of Mexico	Brazos Area,Galveston Area	T83-021	https://walrus.wr.usgs.gov/namss/survey/b-21-83-tx/
B-22-75-AT	Bureau of Ocean Energy Management	2D Multichannel Seismic	1975	Middle Atlantic,North Atlantic	Chincoteague,Hudson Canyon,Salisbury,Wilmington Canyon	E22-75	https://walrus.wr.usgs.gov/namss/survey/b-22-75-at/
B-22-75-LA	Bureau of Ocean Energy Management	2D Multichannel Seismic	1975	Central Gulf of Mexico	Ship Shoal Area	L75-1722	https://walrus.wr.usgs.gov/namss/survey/b-22-75-la/
B-22-80-LA	Bureau of Ocean Energy Management	2D Multichannel Seismic	1980	Central Gulf of Mexico,Western Gulf of Mexico	Chandeleur Area, East Addition,East Cameron Area,East Cameron Area, South Addition,Eugene Island Area,Eugene Island Area, South Addition,Ewing Bank,Garden Banks,Grand Isle Area,Grand Isle Area, South Addition,Green Canyon,High Island Area, East Addition, South Extension,Main Pass Area,Main Pass Area, South and East Addition,Mississippi Canyon,Mobile,Sabine Pass Area,Ship Shoal Area,Ship Shoal Area, South Addition,South Marsh Island Area,South Marsh Island Area, North Addition,South Marsh Island Area, South Addition,South Pass Area,South Pass Area, South and East Addition,South Pelto Area,South Timbalier and Bay Marchand Areas,South Timbalier Area, South Addition,Vermilion Area,Vermilion Area, South Addition,Viosca Knoll,West Cameron Area,West Cameron Area, South Addition,West Cameron Area, West Addition	L80-022	https://walrus.wr.usgs.gov/namss/survey/b-22-80-la/
B-22-84-AK	Bureau of Ocean Energy Management	2D Multichannel Seismic	1984	North Aleutian Basin,St. George Basin	Akutan,Akutan North,Cold Bay,St. George East	84-22	https://walrus.wr.usgs.gov/namss/survey/b-22-84-ak/
B-22-85-TX	Bureau of Ocean Energy Management	2D Multichannel Seismic	1985	Western Gulf of Mexico	Brazos Area,Galveston Area,Galveston Area, South Addition	T84-022	https://walrus.wr.usgs.gov/namss/survey/b-22-85-tx/
B-23-75-LA	Bureau of Ocean Energy Management	2D Multichannel Seismic	1975	Central Gulf of Mexico	Main Pass Area	L75-1723	https://walrus.wr.usgs.gov/namss/survey/b-23-75-la/
B-23-81-AR	Bureau of Ocean Energy Management	2D Multichannel Seismic	1981	Beaufort Sea,Chukchi Sea	Barrow,Beechey Point,Beechey Point North,Dease Inlet,Flaxman Island,Harrison Bay,Harrison Bay North,Teshekpuk	81-23	https://walrus.wr.usgs.gov/namss/survey/b-23-81-ar/
B-23-83-TX	Bureau of Ocean Energy Management	2D Multichannel Seismic	1983	Western Gulf of Mexico	Galveston Area,High Island Area, East Addition,Sabine Pass Area	T83-023	https://walrus.wr.usgs.gov/namss/survey/b-23-83-tx/
B-24-75-LA	Bureau of Ocean Energy Management	2D Multichannel Seismic	1975	Central Gulf of Mexico	South Pass Area	L75-1824	https://walrus.wr.usgs.gov/namss/survey/b-24-75-la/
B-24-76-AT	Bureau of Ocean Energy Management	2D Multichannel Seismic	1976	South Atlantic	Brunswick,Georgetown,Hoyt Hills,Jacksonville,James Island	E25-75	https://walrus.wr.usgs.gov/namss/survey/b-24-76-at/
B-24-81-LA	Bureau of Ocean Energy Management	2D Multichannel Seismic	1981	Central Gulf of Mexico	Eugene Island Area,Ship Shoal Area,South Marsh Island Area,South Marsh Island Area, North Addition,Vermilion Area	L81-124	https://walrus.wr.usgs.gov/namss/survey/b-24-81-la/
B-24-84-TX	Bureau of Ocean Energy Management	2D Multichannel Seismic	1984	Western Gulf of Mexico	Galveston Area,Mustang Island Area,North Padre Island Area,North Padre Island Area, East Addition	T84-024	https://walrus.wr.usgs.gov/namss/survey/b-24-84-tx/
B-24-85-MI	Bureau of Ocean Energy Management	2D Multichannel Seismic	1985	Central Gulf of Mexico	Chandeleur Area, East Addition,Destin Dome,Main Pass Area, South and East Addition,Mobile,Pensacola,Viosca Knoll	M85-024	https://walrus.wr.usgs.gov/namss/survey/b-24-85-mi/
B-25-76-AT	Bureau of Ocean Energy Management	2D Multichannel Seismic	1976	North Atlantic	Block Island Shelf,Corsair Canyon,Hydrographer Canyon,Lydonia Canyon	E25-76	https://walrus.wr.usgs.gov/namss/survey/b-25-76-at/
B-25-77-AK	Bureau of Ocean Energy Management	2D Multichannel Seismic	1977	Beaufort Sea	Barter Island,Beechey Point,Beechey Point North,Dease Inlet,Flaxman Island,Harrison Bay,Harrison Bay North		https://walrus.wr.usgs.gov/namss/survey/b-25-77-ak/
B-25-78-LA	Bureau of Ocean Energy Management	2D Multichannel Seismic	1978	Central Gulf of Mexico,Western Gulf of Mexico	East Cameron Area,Eugene Island Area, South Addition,Garden Banks,High Island Area, East Addition, South Extension,South Marsh Island Area, South Addition,Vermilion Area,Vermilion Area, South Addition,West Cameron Area, South Addition	L77-225	https://walrus.wr.usgs.gov/namss/survey/b-25-78-la/
B-25-80-TX	Bureau of Ocean Energy Management	2D Multichannel Seismic	1980	Western Gulf of Mexico	Matagorda Island Area,Mustang Island Area,Mustang Island Area, East Addition	T80-025	https://walrus.wr.usgs.gov/namss/survey/b-25-80-tx/
B-25-81-MI	Bureau of Ocean Energy Management	2D Multichannel Seismic	1981	Eastern Gulf of Mexico	De Soto Canyon,Destin Dome,Florida Middle Ground,The Elbow	M81-025	https://walrus.wr.usgs.gov/namss/survey/b-25-81-mi/
B-25-81-TX	Bureau of Ocean Energy Management	2D Multichannel Seismic	1981	Western Gulf of Mexico	East Breaks	T81-025	https://walrus.wr.usgs.gov/namss/survey/b-25-81-tx/
B-25-83-AK	Bureau of Ocean Energy Management	2D Multichannel Seismic	1983	North Aleutian Basin,St. George Basin	Akutan,Akutan North,Cold Bay,False Pass,Okmuk Canyon,St. George Canyon,St. George East	83-25	https://walrus.wr.usgs.gov/namss/survey/b-25-83-ak/
B-25-92-LA	Bureau of Ocean Energy Management	2D Multichannel Seismic	1992	Central Gulf of Mexico	East Cameron Area,East Cameron Area, South Addition,Eugene Island Area,Eugene Island Area, South Addition,Garden Banks,Grand Isle Area, South Addition,Green Canyon,Mississippi Canyon,Ship Shoal Area,Ship Shoal Area, South Addition,South Marsh Island Area,South Marsh Island Area, South Addition,South Timbalier and Bay Marchand Areas,South Timbalier Area, South Addition,Vermilion Area,Vermilion Area, South Addition,West Cameron Area,West Cameron Area, South Addition,West Cameron Area, West Addition	GOMSEGY17-2A,L92-25	https://walrus.wr.usgs.gov/namss/survey/b-25-92-la/
B-25a-92-LA	Bureau of Ocean Energy Management	2D Multichannel Seismic	1992	Central Gulf of Mexico	East Cameron Area, South Addition,Eugene Island Area,Eugene Island Area, South Addition,Garden Banks,Grand Isle Area, South Addition,Green Canyon,Mississippi Canyon,Ship Shoal Area,Ship Shoal Area, South Addition,South Marsh Island Area,South Marsh Island Area, South Addition,South Timbalier and Bay Marchand Areas,South Timbalier Area, South Addition,Vermilion Area,Vermilion Area, South Addition,West Cameron Area, South Addition	GOMSEGY17-2B,L92-25	https://walrus.wr.usgs.gov/namss/survey/b-25a-92-la/
B-25b-92-LA	Bureau of Ocean Energy Management	2D Multichannel Seismic	1992	Central Gulf of Mexico	Atwater Valley,De Soto Canyon,Ewing Bank,Grand Isle Area, South Addition,Green Canyon,Main Pass Area, South and East Addition,Mississippi Canyon,West Delta Area, South Addition	GOMSEGY17-3A,L92-25	https://walrus.wr.usgs.gov/namss/survey/b-25b-92-la/
B-25c-92-LA	Bureau of Ocean Energy Management	2D Multichannel Seismic	1992	Central Gulf of Mexico	Atwater Valley,De Soto Canyon,Ewing Bank,Grand Isle Area, South Addition,Green Canyon,Main Pass Area, South and East Addition,Mississippi Canyon,West Delta Area, South Addition	GOMSEGY17-3B,L92-25	https://walrus.wr.usgs.gov/namss/survey/b-25c-92-la/
B-25d-92-LA	Bureau of Ocean Energy Management	2D Multichannel Seismic	1992	Central Gulf of Mexico	Atwater Valley,East Cameron Area, South Addition,Garden Banks,Green Canyon,Main Pass Area, South and East Addition,Mississippi Canyon,South Marsh Island Area, South Addition,Vermilion Area, South Addition,West Cameron Area, South Addition	GOMSEGY17-4_LAS,L92-25	https://walrus.wr.usgs.gov/namss/survey/b-25d-92-la/
B-25e-92-LA	Bureau of Ocean Energy Management	2D Multichannel Seismic	1992	Central Gulf of Mexico	Atwater Valley,East Cameron Area, South Addition,Garden Banks,Green Canyon,Main Pass Area, South and East Addition,Mississippi Canyon,South Marsh Island Area, South Addition,Vermilion Area, South Addition,West Cameron Area, South Addition	GOMSEGY17-4,L92-25	https://walrus.wr.usgs.gov/namss/survey/b-25e-92-la/
B-26-75-AK	Bureau of Ocean Energy Management	2D Multichannel Seismic	1975	Gulf of Alaska	Bering Glacier,Cordova,Icy Bay,Middleton Island		https://walrus.wr.usgs.gov/namss/survey/b-26-75-ak/
B-26-77-LA	Bureau of Ocean Energy Management	2D Multichannel Seismic	1977	Central Gulf of Mexico	East Cameron Area,Vermilion Area	L77-226	https://walrus.wr.usgs.gov/namss/survey/b-26-77-la/
B-26-78-TX	Bureau of Ocean Energy Management	2D Multichannel Seismic	1978	Western Gulf of Mexico	Galveston Area,Galveston Area, South Addition,High Island Area, South Addition	T78-026	https://walrus.wr.usgs.gov/namss/survey/b-26-78-tx/
B-26-81-TX	Bureau of Ocean Energy Management	2D Multichannel Seismic	1981	Western Gulf of Mexico	Brazos Area,Brazos Area, South Addition,High Island Area, East Addition,High Island Area, East Addition, South Extension,High Island Area, South Addition,Matagorda Island Area,Mustang Island Area,Mustang Island Area, East Addition,West Cameron Area, South Addition,West Cameron Area, West Addition	T81-026	https://walrus.wr.usgs.gov/namss/survey/b-26-81-tx/
B-26-84-LA	Bureau of Ocean Energy Management	2D Multichannel Seismic	1984	Central Gulf of Mexico	Bay Marchand Area,Eugene Island Area,Grand Isle Area,Ship Shoal Area,South Pelto Area,South Timbalier and Bay Marchand Areas	L84-126	https://walrus.wr.usgs.gov/namss/survey/b-26-84-la/
B-27-77-LA	Bureau of Ocean Energy Management	2D Multichannel Seismic	1977	Central Gulf of Mexico	East Cameron Area,Eugene Island Area,South Marsh Island Area,West Cameron Area	L77-127	https://walrus.wr.usgs.gov/namss/survey/b-27-77-la/
B-27-88-MI	Bureau of Ocean Energy Management	2D Multichannel Seismic	1988	Eastern Gulf of Mexico	Henderson,Howell Hook,Lloyd Ridge,The Elbow,Vernon Basin	GOMSEGY13-07,M88-14	https://walrus.wr.usgs.gov/namss/survey/b-27-88-mi/
B-28-75-AT	Bureau of Ocean Energy Management	2D Multichannel Seismic	1975	Florida South,Middle Atlantic,South Atlantic	Adams,Beaufort,Blake Escarpment,Blake Spur,Brunswick,Cape Fear,Daytona Beach,Ft. Pierce,Georgetown,Harrington Hill,Hoyt Hills,Jacksonville,James Island,Manteo,Marmer,Mc Alinden Spur,Orlando,Pillsbury,Richardson Hills,Russell,Stetson Mesa,Walker Cay	E28-75	https://walrus.wr.usgs.gov/namss/survey/b-28-75-at/
B-28-75-TX	Bureau of Ocean Energy Management	2D Multichannel Seismic	1975	Central Gulf of Mexico,Western Gulf of Mexico	High Island Area, East Addition,West Cameron Area, West Addition	T75-728	https://walrus.wr.usgs.gov/namss/survey/b-28-75-tx/
B-28-80-TX	Bureau of Ocean Energy Management	2D Multichannel Seismic	1980	Western Gulf of Mexico	Brazos Area,Brazos Area, South Addition,Galveston Area,Galveston Area, South Addition,Matagorda Island Area,Mustang Island Area,Mustang Island Area, East Addition	T80-028	https://walrus.wr.usgs.gov/namss/survey/b-28-80-tx/
B-28-82-TX	Bureau of Ocean Energy Management	2D Multichannel Seismic	1982	Central Gulf of Mexico,Western Gulf of Mexico	Brazos Area,Brazos Area, South Addition,Corpus Christi,East Breaks,East Cameron Area,East Cameron Area, South Addition,Eugene Island Area,Eugene Island Area, South Addition,Ewing Bank,Galveston Area,Galveston Area, South Addition,Grand Isle Area, South Addition,High Island Area,High Island Area, East Addition,High Island Area, East Addition, South Extension,High Island Area, South Addition,Matagorda Island Area,Mississippi Canyon,Mustang Island Area,Mustang Island Area, East Addition,Ship Shoal Area,South Marsh Island Area,South Marsh Island Area, South Addition,South Timbalier and Bay Marchand Areas,Vermilion Area,Vermilion Area, South Addition,West Cameron Area,West Cameron Area, South Addition,West Cameron Area, West Addition,West Delta Area, South Addition	T81-028	https://walrus.wr.usgs.gov/namss/survey/b-28-82-tx/
B-28-85-MI	Bureau of Ocean Energy Management	2D Multichannel Seismic	1985	Central Gulf of Mexico,Eastern Gulf of Mexico	Apalachicola,Atwater Valley,De Soto Canyon,Destin Dome,Florida Middle Ground,Henderson,Lloyd Ridge,Mississippi Canyon,Pensacola,St. Petersburg,Tarpon Springs,The Elbow	M85-08	https://walrus.wr.usgs.gov/namss/survey/b-28-85-mi/
B-28-89-TX	Bureau of Ocean Energy Management	2D Multichannel Seismic	1989	Central Gulf of Mexico,Western Gulf of Mexico	East Cameron Area,High Island Area,High Island Area, East Addition,Sabine Pass Area,Sabine Pass Area,South Marsh Island Area, North Addition,Vermilion Area,West Cameron Area,West Cameron Area, West Addition	T89-028	https://walrus.wr.usgs.gov/namss/survey/b-28-89-tx/
B-29-75-AK	Bureau of Ocean Energy Management	2D Multichannel Seismic	1975	St. George Basin	Akutan,Akutan North,Pribilof Canyon,St. George,St. George Canyon,St. George East		https://walrus.wr.usgs.gov/namss/survey/b-29-75-ak/
B-29-75-AT	Bureau of Ocean Energy Management	2D Multichannel Seismic	1975	South Atlantic	Blake Spur,Harrington Hill,Hoyt Hills,Jacksonville,Stetson Mesa	E29-75	https://walrus.wr.usgs.gov/namss/survey/b-29-75-at/
B-29-76-AT	Bureau of Ocean Energy Management	2D Multichannel Seismic	1976	South Atlantic	Brunswick,Jacksonville,James Island	E29-76	https://walrus.wr.usgs.gov/namss/survey/b-29-76-at/
B-29-76-LA	Bureau of Ocean Energy Management	2D Multichannel Seismic	1976	Central Gulf of Mexico	Eugene Island Area,Ship Shoal Area	L76-029	https://walrus.wr.usgs.gov/namss/survey/b-29-76-la/
B-29-80-LA	Bureau of Ocean Energy Management	2D Multichannel Seismic	1980	Central Gulf of Mexico	Eugene Island Area,South Marsh Island Area, North Addition	L80-129	https://walrus.wr.usgs.gov/namss/survey/b-29-80-la/
B-29-81-LA	Bureau of Ocean Energy Management	2D Multichannel Seismic	1981	Central Gulf of Mexico	Eugene Island Area,Ship Shoal Area	L81-029	https://walrus.wr.usgs.gov/namss/survey/b-29-81-la/
B-29-81-MI	Bureau of Ocean Energy Management	2D Multichannel Seismic	1981	Central Gulf of Mexico	Mobile,Pensacola,Viosca Knoll	M81-029	https://walrus.wr.usgs.gov/namss/survey/b-29-81-mi/
B-29-81-TX	Bureau of Ocean Energy Management	2D Multichannel Seismic	1981	Western Gulf of Mexico	Matagorda Island Area,Mustang Island Area	T81-029	https://walrus.wr.usgs.gov/namss/survey/b-29-81-tx/
B-29-82-AK	Bureau of Ocean Energy Management	2D Multichannel Seismic	1982	St. George Basin,St. Matthew-Hall	Cape Mendenhall,Cape Newenham West,St. George,St. George East,St. Paul East	82-29	https://walrus.wr.usgs.gov/namss/survey/b-29-82-ak/
B-30-75-AK	Bureau of Ocean Energy Management	2D Multichannel Seismic	1975	St. George Basin	Pribilof Canyon,St. George,St. George Canyon,St. Paul		https://walrus.wr.usgs.gov/namss/survey/b-30-75-ak/
B-30-78-LA	Bureau of Ocean Energy Management	2D Multichannel Seismic	1978	Central Gulf of Mexico	Eugene Island Area,South Marsh Island Area, North Addition	L78-030	https://walrus.wr.usgs.gov/namss/survey/b-30-78-la/
B-30-80-AK	Bureau of Ocean Energy Management	2D Multichannel Seismic	1980	St. George Basin	Akutan,Akutan North,Pribilof Canyon,St. George,St. George East	80-30	https://walrus.wr.usgs.gov/namss/survey/b-30-80-ak/
B-30-81-LA	Bureau of Ocean Energy Management	2D Multichannel Seismic	1981	Central Gulf of Mexico,Eastern Gulf of Mexico	Atwater Valley,De Soto Canyon,Destin Dome,Main Pass Area, South and East Addition,Mississippi Canyon,South Pass Area	M81-030	https://walrus.wr.usgs.gov/namss/survey/b-30-81-la/
B-30-82-AR	Bureau of Ocean Energy Management	2D Multichannel Seismic	1982	Beaufort Sea	Barter Island,Beechey Point,Beechey Point North,Demarcation Point,Flaxman Island,Mackenzie Canyon North		https://walrus.wr.usgs.gov/namss/survey/b-30-82-ar/
B-30-82-LA	Bureau of Ocean Energy Management	2D Multichannel Seismic	1982	Central Gulf of Mexico	Ewing Bank,Grand Isle Area,Grand Isle Area, South Addition,Mississippi Canyon,South Timbalier Area, South Addition,West Delta Area,West Delta Area, South Addition	L82-030	https://walrus.wr.usgs.gov/namss/survey/b-30-82-la/
B-30-84-AK	Bureau of Ocean Energy Management	2D Multichannel Seismic	1984	North Aleutian Basin,St. George Basin	Akutan North,Bristol Bay,Chignik,Cold Bay,False Pass,Stepovak Bay,St. George East	84-30	https://walrus.wr.usgs.gov/namss/survey/b-30-84-ak/
B-31-80-CS	Bureau of Ocean Energy Management	2D Multichannel Seismic	1980	Chukchi Sea,Hope Basin	Cape Seppings,Chukchi Sea,Noatak,Point Hope,Point Hope West,Point Lay,Point Lay West,Posey,Solivik Island,Studds		https://walrus.wr.usgs.gov/namss/survey/b-31-80-cs/
B-32-84-AR	Bureau of Ocean Energy Management	2D Multichannel Seismic	1984	Beaufort Sea,Chukchi Sea	Barrow,Barrow Canyon,Dease Inlet,Harrison Bay North	84-32	https://walrus.wr.usgs.gov/namss/survey/b-32-84-ar/
B-32-84-MI	Bureau of Ocean Energy Management	2D Multichannel Seismic	1984	Eastern Gulf of Mexico,Florida South	Charlotte Harbor,Dry Tortugas,Howell Hook,Miami,Pulley Ridge,Rankin,St. Petersburg,Vernon Basin	M84-32	https://walrus.wr.usgs.gov/namss/survey/b-32-84-mi/
B-32-84-TX	Bureau of Ocean Energy Management	2D Multichannel Seismic	1984	Western Gulf of Mexico	Brazos Area,Brazos Area, South Addition,Corpus Christi,East Breaks,Galveston Area, South Addition,Matagorda Island Area,Mustang Island Area,Mustang Island Area, East Addition,North Padre Island Area,North Padre Island Area, East Addition,Port Isabel,South Padre Island Area,South Padre Island Area, East Addition	T84-032	https://walrus.wr.usgs.gov/namss/survey/b-32-84-tx/
B-32-88-LA	Bureau of Ocean Energy Management	2D Multichannel Seismic	1988	Central Gulf of Mexico,Western Gulf of Mexico	Alaminos Canyon,East Breaks,Garden Banks,Green Canyon,Keathley Canyon,Walker Ridge	GOMSEGY13-02,L88-03	https://walrus.wr.usgs.gov/namss/survey/b-32-88-la/
B-33-77-AK	Bureau of Ocean Energy Management	2D Multichannel Seismic	1978	Beaufort Sea	Beechey Point,Flaxman Island		https://walrus.wr.usgs.gov/namss/survey/b-33-77-ak/
B-33-82-AK	Bureau of Ocean Energy Management	2D Multichannel Seismic	1982	North Aleutian Basin	Bristol Bay,Chignik,Cold Bay	82-33	https://walrus.wr.usgs.gov/namss/survey/b-33-82-ak/
B-33-83-AK	Bureau of Ocean Energy Management	2D Multichannel Seismic	1983	North Aleutian Basin	Naknek,Ugashik,Ugashik West		https://walrus.wr.usgs.gov/namss/survey/b-33-83-ak/
B-34-75-LA	Bureau of Ocean Energy Management	2D Multichannel Seismic	1975	Central Gulf of Mexico	Mississippi Canyon,South Pass Area	L75-1734	https://walrus.wr.usgs.gov/namss/survey/b-34-75-la/
B-34-77-LA	Bureau of Ocean Energy Management	2D Multichannel Seismic	1977	Central Gulf of Mexico,Western Gulf of Mexico	High Island Area,High Island Area, East Addition,Sabine Pass Area,Sabine Pass Area,West Cameron Area,West Cameron Area, West Addition	L77-134	https://walrus.wr.usgs.gov/namss/survey/b-34-77-la/
B-34-87-TX	Bureau of Ocean Energy Management	2D Multichannel Seismic	1987	Western Gulf of Mexico	Corpus Christi,Mustang Island Area,Mustang Island Area, East Addition,North Padre Island Area,North Padre Island Area, East Addition	T87-034	https://walrus.wr.usgs.gov/namss/survey/b-34-87-tx/
B-34-88-LA	Bureau of Ocean Energy Management	2D Multichannel Seismic	1988	Central Gulf of Mexico,Western Gulf of Mexico	Keathley Canyon,Walker Ridge	GOMSEGY13-04,L88-33	https://walrus.wr.usgs.gov/namss/survey/b-34-88-la/
B-35-81-LA	Bureau of Ocean Energy Management	2D Multichannel Seismic	1981	Central Gulf of Mexico,Western Gulf of Mexico	Atwater Valley,Garden Banks,Green Canyon,Keathley Canyon,Lund,Mississippi Canyon,Walker Ridge	L81-135	https://walrus.wr.usgs.gov/namss/survey/b-35-81-la/
B-35-82-TX	Bureau of Ocean Energy Management	2D Multichannel Seismic	1982	Western Gulf of Mexico	Brazos Area, South Addition,Corpus Christi,East Breaks,Galveston Area, South Addition,Garden Banks,Mustang Island Area, East Addition,North Padre Island Area, East Addition	T82-035	https://walrus.wr.usgs.gov/namss/survey/b-35-82-tx/
B-35-84-MI	Bureau of Ocean Energy Management	2D Multichannel Seismic	1984	Eastern Gulf of Mexico	Florida Middle Ground,St. Petersburg,Tarpon Springs,The Elbow	M84-035	https://walrus.wr.usgs.gov/namss/survey/b-35-84-mi/
B-37-79-TX	Bureau of Ocean Energy Management	2D Multichannel Seismic	1979	Western Gulf of Mexico	Galveston Area,High Island Area,High Island Area, East Addition,High Island Area, East Addition, South Extension,High Island Area, South Addition,Matagorda Island Area,Mustang Island Area, East Addition	T79-037	https://walrus.wr.usgs.gov/namss/survey/b-37-79-tx/
B-37-85-FL	Bureau of Ocean Energy Management	2D Multichannel Seismic	1985	Central Gulf of Mexico,Eastern Gulf of Mexico	Destin Dome,Pensacola,Viosca Knoll	M84-037	https://walrus.wr.usgs.gov/namss/survey/b-37-85-fl/
B-38-81-AK	Bureau of Ocean Energy Management	2D Multichannel Seismic	1981	St. George Basin	Akutan North,St. George,St. George East	81-38	https://walrus.wr.usgs.gov/namss/survey/b-38-81-ak/
B-38-81-LA	Bureau of Ocean Energy Management	2D Multichannel Seismic	1981	Central Gulf of Mexico	Destin Dome,Main Pass Area, South and East Addition,Mississippi Canyon,Pensacola,Viosca Knoll	L81-138	https://walrus.wr.usgs.gov/namss/survey/b-38-81-la/
B-38-85-LA	Bureau of Ocean Energy Management	2D Multichannel Seismic	1985	Central Gulf of Mexico	Ship Shoal Area	L85-038	https://walrus.wr.usgs.gov/namss/survey/b-38-85-la/
B-39-75-AK	Bureau of Ocean Energy Management	2D Multichannel Seismic	1975	Norton Basin,St. Matthew-Hall	Black,Nome,Norton Sound,Solomon,St. Michael		https://walrus.wr.usgs.gov/namss/survey/b-39-75-ak/
B-39-79-LA	Bureau of Ocean Energy Management	2D Multichannel Seismic	1979	Central Gulf of Mexico	Ewing Bank,Grand Isle Area,Grand Isle Area, South Addition,Mississippi Canyon	L78-139	https://walrus.wr.usgs.gov/namss/survey/b-39-79-la/
B-39-80-TX	Bureau of Ocean Energy Management	2D Multichannel Seismic	1980	Western Gulf of Mexico	Brazos Area, South Addition,Galveston Area, South Addition,Matagorda Island Area,North Padre Island Area,North Padre Island Area, East Addition,South Padre Island Area	T80-039	https://walrus.wr.usgs.gov/namss/survey/b-39-80-tx/
B-39-82-AK	Bureau of Ocean Energy Management	2D Multichannel Seismic	1982	St. George Basin	Akutan North	82-39	https://walrus.wr.usgs.gov/namss/survey/b-39-82-ak/
B-39-86-LA	Bureau of Ocean Energy Management	2D Multichannel Seismic	1986	Central Gulf of Mexico	Eugene Island Area,Eugene Island Area, South Addition,Green Canyon,Ship Shoal Area,Ship Shoal Area, South Addition,South Marsh Island Area, South Addition	L86-039	https://walrus.wr.usgs.gov/namss/survey/b-39-86-la/
B-40-77-LA	Bureau of Ocean Energy Management	2D Multichannel Seismic	1977	Central Gulf of Mexico,Western Gulf of Mexico	Alaminos Canyon,Atwater Valley,Corpus Christi,East Breaks,Garden Banks,Green Canyon,Keathley Canyon,Lund,Mississippi Canyon,Port Isabel,Walker Ridge	L77-0140	https://walrus.wr.usgs.gov/namss/survey/b-40-77-la/
B-40-79-LA	Bureau of Ocean Energy Management	2D Multichannel Seismic	1979	Central Gulf of Mexico	Main Pass Area,Main Pass Area, South and East Addition,South Pass Area, South and East Addition	L78-040	https://walrus.wr.usgs.gov/namss/survey/b-40-79-la/
B-40-84-TX	Bureau of Ocean Energy Management	2D Multichannel Seismic	1984	Western Gulf of Mexico	Brazos Area,Brazos Area, South Addition,Mustang Island Area, East Addition	T84-040	https://walrus.wr.usgs.gov/namss/survey/b-40-84-tx/
B-41-75-LA	Bureau of Ocean Energy Management	2D Multichannel Seismic	1975	Central Gulf of Mexico	Eugene Island Area,Eugene Island Area, South Addition,Grand Isle Area,Ship Shoal Area, South Addition,South Timbalier and Bay Marchand Areas,Vermilion Area,West Delta Area,West Delta Area, South Addition	L75-1741	https://walrus.wr.usgs.gov/namss/survey/b-41-75-la/
B-41-81-AK	Bureau of Ocean Energy Management	2D Multichannel Seismic	1981	Beaufort Sea	Barter Island,Beechey Point,Beechey Point North,Demarcation Point,Flaxman Island,Flaxman Island North,Mackenzie Canyon,Mackenzie Canyon North	81-41	https://walrus.wr.usgs.gov/namss/survey/b-41-81-ak/
B-43-75-AK	Bureau of Ocean Energy Management	2D Multichannel Seismic	1975	North Aleutian Basin,St. George Basin	Akutan,Akutan North,Cold Bay,Pribilof Canyon,St. George,St. George Canyon,St. George East,St. Paul East		https://walrus.wr.usgs.gov/namss/survey/b-43-75-ak/
B-43-86-TX	Bureau of Ocean Energy Management	2D Multichannel Seismic	1986	Central Gulf of Mexico,Western Gulf of Mexico	High Island Area,High Island Area, East Addition,Sabine Pass Area,Sabine Pass Area,West Cameron Area, West Addition	T86-043	https://walrus.wr.usgs.gov/namss/survey/b-43-86-tx/
B-44-75-LA	Bureau of Ocean Energy Management	2D Multichannel Seismic	1975	Central Gulf of Mexico	Ship Shoal Area,West Delta Area	L75-1744	https://walrus.wr.usgs.gov/namss/survey/b-44-75-la/
B-44-81-LA	Bureau of Ocean Energy Management	2D Multichannel Seismic	1981	Central Gulf of Mexico,Western Gulf of Mexico	Grand Isle Area,High Island Area, East Addition, South Extension,Mississippi Canyon,South Timbalier and Bay Marchand Areas,West Cameron Area, South Addition,West Cameron Area, West Addition,West Delta Area,West Delta Area, South Addition	L81-144	https://walrus.wr.usgs.gov/namss/survey/b-44-81-la/
B-44-88-LA	Bureau of Ocean Energy Management	2D Multichannel Seismic	1988	Western Gulf of Mexico	High Island Area, East Addition,High Island Area, East Addition, South Extension,West Cameron Area, West Addition	GOMSEGY13-14,L88-169	https://walrus.wr.usgs.gov/namss/survey/b-44-88-la/
B-45-78-LA	Bureau of Ocean Energy Management	2D Multichannel Seismic	1978	Central Gulf of Mexico	Main Pass Area,Main Pass Area, South and East Addition,South Marsh Island Area,South Pass Area, South and East Addition	L78-045	https://walrus.wr.usgs.gov/namss/survey/b-45-78-la/
B-45-90-TX	Bureau of Ocean Energy Management	2D Multichannel Seismic	1990	Central Gulf of Mexico,Western Gulf of Mexico	Brazos Area,Brazos Area, South Addition,Galveston Area,Galveston Area, South Addition,High Island Area,High Island Area, East Addition,Matagorda Island Area,Mustang Island Area,Mustang Island Area, East Addition,West Cameron Area, West Addition	GOMSEGY15-1,T90-45	https://walrus.wr.usgs.gov/namss/survey/b-45-90-tx/
B-46-81-TX	Bureau of Ocean Energy Management	2D Multichannel Seismic	1981	Western Gulf of Mexico	Galveston Area,High Island Area,High Island Area, East Addition,West Cameron Area, West Addition	T81-046	https://walrus.wr.usgs.gov/namss/survey/b-46-81-tx/
B-46-82-AK	Bureau of Ocean Energy Management	2D Multichannel Seismic	1982	North Aleutian Basin,St. George Basin,St. Matthew-Hall	Akutan,Akutan North,Bristol Bay,Cape Newenham,Chignik,Cold Bay,False Pass,Hagemeister Island,Kuskokwim Bay,Naknek,St. George,St. George East,Ugashik,Ugashik West	82-46	https://walrus.wr.usgs.gov/namss/survey/b-46-82-ak/
B-46-82-LA	Bureau of Ocean Energy Management	2D Multichannel Seismic	1982	Central Gulf of Mexico	Eugene Island Area,Eugene Island Area, South Addition,Garden Banks,Green Canyon,South Marsh Island Area,South Marsh Island Area, North Addition,South Marsh Island Area, South Addition	L82-046	https://walrus.wr.usgs.gov/namss/survey/b-46-82-la/
B-46-85-TX	Bureau of Ocean Energy Management	2D Multichannel Seismic	1985	Western Gulf of Mexico	Brazos Area,Brazos Area, South Addition,East Breaks,Matagorda Island Area,Mustang Island Area,Mustang Island Area, East Addition,North Padre Island Area, East Addition	T85-046	https://walrus.wr.usgs.gov/namss/survey/b-46-85-tx/
B-47-80-TX	Bureau of Ocean Energy Management	2D Multichannel Seismic	1980	Western Gulf of Mexico	Brazos Area,Brazos Area, South Addition,Corpus Christi,East Breaks,Galveston Area,Garden Banks,High Island Area,High Island Area, East Addition,High Island Area, South Addition,Port Isabel,West Cameron Area, South Addition,West Cameron Area, West Addition	T80-047	https://walrus.wr.usgs.gov/namss/survey/b-47-80-tx/
B-47-81-AR	Bureau of Ocean Energy Management	2D Multichannel Seismic	1981	Beaufort Sea	Beechey Point,Beechey Point North,Harrison Bay,Harrison Bay North	47-81	https://walrus.wr.usgs.gov/namss/survey/b-47-81-ar/
B-47-81-LA	Bureau of Ocean Energy Management	2D Multichannel Seismic	1981	Central Gulf of Mexico	Eugene Island Area, South Addition,Green Canyon,South Marsh Island Area, South Addition	L81-047	https://walrus.wr.usgs.gov/namss/survey/b-47-81-la/
B-47-83-AK	Bureau of Ocean Energy Management	2D Multichannel Seismic	1983	St. George Basin	Akutan North,St. George East	83-47	https://walrus.wr.usgs.gov/namss/survey/b-47-83-ak/
B-48-77-TX	Bureau of Ocean Energy Management	2D Multichannel Seismic	1977	Western Gulf of Mexico	High Island Area,High Island Area, East Addition	T77-048	https://walrus.wr.usgs.gov/namss/survey/b-48-77-tx/
B-48-79-TX	Bureau of Ocean Energy Management	2D Multichannel Seismic	1979	Western Gulf of Mexico	Galveston Area, South Addition,High Island Area, South Addition	T78-048	https://walrus.wr.usgs.gov/namss/survey/b-48-79-tx/
B-49-74-LA	Bureau of Ocean Energy Management	2D Multichannel Seismic	1974	Central Gulf of Mexico	Eugene Island Area,Eugene Island Area, South Addition,Ship Shoal Area,South Marsh Island Area,South Marsh Island Area, South Addition	Permit L74-1649	https://walrus.wr.usgs.gov/namss/survey/b-49-74-la/
B-49-89-LA	Bureau of Ocean Energy Management	2D Multichannel Seismic	1989	Central Gulf of Mexico	Atwater Valley,East Cameron Area,Garden Banks,Green Canyon,Mississippi Canyon,Ship Shoal Area, South Addition,South Marsh Island Area, North Addition,South Timbalier Area, South Addition,Vermilion Area,West Cameron Area,West Cameron Area, West Addition	GOMSEGY16-2_MARA_LA_SALE_DATA,L89-49	https://walrus.wr.usgs.gov/namss/survey/b-49-89-la/
B-49a-89-LA	Bureau of Ocean Energy Management	2D Multichannel Seismic	1989	Central Gulf of Mexico	Atwater Valley,Eugene Island Area, South Addition,Garden Banks,Grand Isle Area, South Addition,Mississippi Canyon,Ship Shoal Area, South Addition,South Marsh Island Area, South Addition,South Timbalier Area, South Addition,Vermilion Area, South Addition	L89-49	https://walrus.wr.usgs.gov/namss/survey/b-49a-89-la/
B-50-75-LA	Bureau of Ocean Energy Management	2D Multichannel Seismic	1975	Central Gulf of Mexico	Eugene Island Area, South Addition,South Marsh Island Area, South Addition	L75-1750	https://walrus.wr.usgs.gov/namss/survey/b-50-75-la/
B-50-83-LA	Bureau of Ocean Energy Management	2D Multichannel Seismic	1983	Central Gulf of Mexico	South Pass Area,West Delta Area	L83-050	https://walrus.wr.usgs.gov/namss/survey/b-50-83-la/
B-51-75-LA	Bureau of Ocean Energy Management	2D Multichannel Seismic	1975	Central Gulf of Mexico	Ship Shoal Area,Ship Shoal Area, South Addition,South Timbalier and Bay Marchand Areas	L74-1651	https://walrus.wr.usgs.gov/namss/survey/b-51-75-la/
B-51-84-TX	Bureau of Ocean Energy Management	2D Multichannel Seismic	1984	Western Gulf of Mexico	Brazos Area,Galveston Area,Galveston Area, South Addition	T84-051	https://walrus.wr.usgs.gov/namss/survey/b-51-84-tx/
B-51-88-LA	Bureau of Ocean Energy Management	2D Multichannel Seismic	1988	Central Gulf of Mexico,Western Gulf of Mexico	Alaminos Canyon,Atwater Valley,De Soto Canyon,East Breaks,Eugene Island Area,Eugene Island Area, South Addition,Garden Banks,Green Canyon,Keathley Canyon,Lund,Mississippi Canyon,Ship Shoal Area,Ship Shoal Area, South Addition,South Marsh Island Area, South Addition,Vermilion Area,Vermilion Area, South Addition,Walker Ridge	GOMSEGY13-01,L88-02	https://walrus.wr.usgs.gov/namss/survey/b-51-88-la/
B-52-79-LA	Bureau of Ocean Energy Management	2D Multichannel Seismic	1979	Central Gulf of Mexico	East Cameron Area,South Marsh Island Area, North Addition,South Timbalier and Bay Marchand Areas,Vermilion Area,West Cameron Area	L78-152	https://walrus.wr.usgs.gov/namss/survey/b-52-79-la/
B-52-84-LA	Bureau of Ocean Energy Management	2D Multichannel Seismic	1984	Central Gulf of Mexico	Ewing Bank,Grand Isle Area,Grand Isle Area, South Addition,Mississippi Canyon,South Pass Area,South Timbalier and Bay Marchand Areas,South Timbalier Area, South Addition,West Delta Area,West Delta Area, South Addition	L84-152	https://walrus.wr.usgs.gov/namss/survey/b-52-84-la/
B-53-75-LA	Bureau of Ocean Energy Management	2D Multichannel Seismic	1975	Central Gulf of Mexico	South Pass Area	L75-1853	https://walrus.wr.usgs.gov/namss/survey/b-53-75-la/
B-53-80-LA	Bureau of Ocean Energy Management	2D Multichannel Seismic	1980	Central Gulf of Mexico	East Cameron Area, South Addition,Eugene Island Area,Eugene Island Area, South Addition,Ship Shoal Area, South Addition,South Marsh Island Area,South Marsh Island Area, South Addition,Vermilion Area, South Addition,West Cameron Area,West Cameron Area, West Addition	L79-053	https://walrus.wr.usgs.gov/namss/survey/b-53-80-la/
B-53-80-TX	Bureau of Ocean Energy Management	2D Multichannel Seismic	1980	Central Gulf of Mexico,Western Gulf of Mexico	Alaminos Canyon,Atwater Valley,Corpus Christi,East Breaks,Garden Banks,Green Canyon,Keathley Canyon,Lloyd Ridge,Lund,Mississippi Canyon,Mustang Island Area, East Addition,Port Isabel,Walker Ridge	T80-053	https://walrus.wr.usgs.gov/namss/survey/b-53-80-tx/
B-53-82-LA	Bureau of Ocean Energy Management	2D Multichannel Seismic	1982	Central Gulf of Mexico	East Cameron Area, South Addition,Eugene Island Area,Eugene Island Area, South Addition,Garden Banks,Ship Shoal Area,Ship Shoal Area, South Addition,South Marsh Island Area,South Marsh Island Area, North Addition,South Marsh Island Area, South Addition,South Pelto Area,South Timbalier and Bay Marchand Areas,South Timbalier Area, South Addition,Vermilion Area,Vermilion Area, South Addition,West Cameron Area, South Addition	L82-053	https://walrus.wr.usgs.gov/namss/survey/b-53-82-la/
B-54-88-TX	Bureau of Ocean Energy Management	2D Multichannel Seismic	1989	Western Gulf of Mexico	Port Isabel,South Padre Island Area,South Padre Island Area, East Addition	GOMSEGY13-16,T88-054	https://walrus.wr.usgs.gov/namss/survey/b-54-88-tx/
B-55-79-TX	Bureau of Ocean Energy Management	2D Multichannel Seismic	1979	Central Gulf of Mexico,Western Gulf of Mexico	Brazos Area,Brazos Area, South Addition,Corpus Christi,Galveston Area,Galveston Area, South Addition,High Island Area,High Island Area, East Addition,High Island Area, East Addition, South Extension,High Island Area, South Addition,West Cameron Area, West Addition	T79-055	https://walrus.wr.usgs.gov/namss/survey/b-55-79-tx/
B-55-82-LA	Bureau of Ocean Energy Management	2D Multichannel Seismic	1982	Central Gulf of Mexico,Western Gulf of Mexico	East Cameron Area, South Addition,High Island Area, East Addition, South Extension,South Timbalier Area, South Addition,Vermilion Area, South Addition,West Cameron Area, South Addition	L82-055	https://walrus.wr.usgs.gov/namss/survey/b-55-82-la/
B-56-75-LA	Bureau of Ocean Energy Management	2D Multichannel Seismic	1975	Central Gulf of Mexico	South Marsh Island Area, South Addition,Vermilion Area, South Addition	L74-1656	https://walrus.wr.usgs.gov/namss/survey/b-56-75-la/
B-56-77-TX	Bureau of Ocean Energy Management	2D Multichannel Seismic	1977	Western Gulf of Mexico	Brazos Area,Brazos Area, South Addition,Galveston Area,Galveston Area, South Addition,High Island Area,High Island Area, South Addition	T77-056	https://walrus.wr.usgs.gov/namss/survey/b-56-77-tx/
B-56-84-LA	Bureau of Ocean Energy Management	2D Multichannel Seismic	1984	Central Gulf of Mexico	Atwater Valley,Eugene Island Area,Eugene Island Area, South Addition,Ewing Bank,Grand Isle Area,Grand Isle Area, South Addition,Green Canyon,Mississippi Canyon,Ship Shoal Area,Ship Shoal Area, South Addition,South Timbalier and Bay Marchand Areas,South Timbalier Area, South Addition,West Delta Area,West Delta Area, South Addition	L84-056	https://walrus.wr.usgs.gov/namss/survey/b-56-84-la/
B-56-87-LA	Bureau of Ocean Energy Management	2D Multichannel Seismic	1987	Central Gulf of Mexico	Destin Dome,Main Pass Area, South and East Addition,Mobile,Pensacola,Viosca Knoll	L87-056	https://walrus.wr.usgs.gov/namss/survey/b-56-87-la/
B-58-79-LA	Bureau of Ocean Energy Management	2D Multichannel Seismic	1979	Central Gulf of Mexico	Eugene Island Area, South Addition,Garden Banks,Grand Isle Area,Green Canyon,West Cameron Area,West Cameron Area, South Addition,West Cameron Area, West Addition,West Delta Area,West Delta Area, South Addition	L78-158	https://walrus.wr.usgs.gov/namss/survey/b-58-79-la/
B-58-83-LA	Bureau of Ocean Energy Management	2D Multichannel Seismic	1983	Central Gulf of Mexico	East Cameron Area,Eugene Island Area, South Addition,Vermilion Area, South Addition,West Cameron Area,West Cameron Area, South Addition	L83-158	https://walrus.wr.usgs.gov/namss/survey/b-58-83-la/
B-58-84-LA	Bureau of Ocean Energy Management	2D Multichannel Seismic	1984	Central Gulf of Mexico	South Marsh Island Area, South Addition,Vermilion Area, South Addition	L83-258	https://walrus.wr.usgs.gov/namss/survey/b-58-84-la/
B-59-75-AK	Bureau of Ocean Energy Management	2D Multichannel Seismic	1975	Gulf of Alaska,Kodiak,Shumagin	Afognak,Albatross Bank,Blying Sound,Kodiak,Kodiak East,Mitrofania Island,Portlock Bank,Seldovia,Shumagin Bank,Sutwik Island,Trinity Islands		https://walrus.wr.usgs.gov/namss/survey/b-59-75-ak/
B-59-82-AR	Bureau of Ocean Energy Management	2D Multichannel Seismic	1982	Beaufort Sea,Chukchi Sea	Barrow,Barter Island,Beechey Point,Beechey Point North,Dease Inlet,Demarcation Point,Flaxman Island,Harrison Bay,Harrison Bay North,Mackenzie Canyon,Teshekpuk	82-59	https://walrus.wr.usgs.gov/namss/survey/b-59-82-ar/
B-59-83-LA	Bureau of Ocean Energy Management	2D Multichannel Seismic	1983	Central Gulf of Mexico,Western Gulf of Mexico	East Cameron Area,East Cameron Area, South Addition,Eugene Island Area,Garden Banks,Green Canyon,High Island Area, East Addition,High Island Area, East Addition, South Extension,Ship Shoal Area,South Marsh Island Area,South Marsh Island Area, North Addition,Vermilion Area,West Cameron Area,West Cameron Area, South Addition,West Cameron Area, West Addition	L83-059	https://walrus.wr.usgs.gov/namss/survey/b-59-83-la/
B-60-82-AR	Bureau of Ocean Energy Management	2D Multichannel Seismic	1982	Chukchi Sea	Barrow,Chukchi Sea,Hanna Shoal,Karo,Meade River,Point Hope,Point Hope West,Point Lay,Point Lay West,Posey,Solivik Island,Tison,Wainwright	82-60	https://walrus.wr.usgs.gov/namss/survey/b-60-82-ar/
B-60-83-LA	Bureau of Ocean Energy Management	2D Multichannel Seismic	1983	Central Gulf of Mexico	Grand Isle Area, South Addition,South Timbalier Area, South Addition	L83-160	https://walrus.wr.usgs.gov/namss/survey/b-60-83-la/
B-60-84-TX	Bureau of Ocean Energy Management	2D Multichannel Seismic	1984	Western Gulf of Mexico	Corpus Christi,Port Isabel	T84-060	https://walrus.wr.usgs.gov/namss/survey/b-60-84-tx/
B-61-75-LA	Bureau of Ocean Energy Management	2D Multichannel Seismic	1975	Central Gulf of Mexico	Bay Marchand Area,Grand Isle Area,Main Pass Area,South Pass Area,South Pelto Area,South Timbalier and Bay Marchand Areas,West Delta Area	L75-1661	https://walrus.wr.usgs.gov/namss/survey/b-61-75-la/
B-61-77-LA	Bureau of Ocean Energy Management	2D Multichannel Seismic	1977	Central Gulf of Mexico	Main Pass Area	L77-061	https://walrus.wr.usgs.gov/namss/survey/b-61-77-la/
B-61-77-TX	Bureau of Ocean Energy Management	2D Multichannel Seismic	1977	Western Gulf of Mexico	Galveston Area,Galveston Area, South Addition,High Island Area,High Island Area, South Addition,Matagorda Island Area,South Padre Island Area,South Padre Island Area, East Addition	T77-061	https://walrus.wr.usgs.gov/namss/survey/b-61-77-tx/
B-61-80-LA	Bureau of Ocean Energy Management	2D Multichannel Seismic	1980	Central Gulf of Mexico	West Cameron Area, West Addition	L80-061	https://walrus.wr.usgs.gov/namss/survey/b-61-80-la/
B-61-82-LA	Bureau of Ocean Energy Management	2D Multichannel Seismic	1982	Central Gulf of Mexico,Western Gulf of Mexico	East Cameron Area, South Addition,Eugene Island Area,Garden Banks,High Island Area, East Addition, South Extension,Ship Shoal Area,South Timbalier and Bay Marchand Areas,South Timbalier Area, South Addition,West Cameron Area, South Addition	L82-161	https://walrus.wr.usgs.gov/namss/survey/b-61-82-la/
B-62-81-LA	Bureau of Ocean Energy Management	2D Multichannel Seismic	1981	Central Gulf of Mexico	Breton Sound Area,Chandeleur Area, East Addition,Destin Dome,Main Pass Area,Main Pass Area, South and East Addition,Mississippi Canyon,Mobile,South Pass Area,South Pass Area, South and East Addition,Viosca Knoll,West Cameron Area,West Delta Area, South Addition	L81-162	https://walrus.wr.usgs.gov/namss/survey/b-62-81-la/
B-62-82-TX	Bureau of Ocean Energy Management	2D Multichannel Seismic	1982	Western Gulf of Mexico	Brazos Area,Brazos Area, South Addition,Galveston Area	T82-062	https://walrus.wr.usgs.gov/namss/survey/b-62-82-tx/
B-63-82-AK	Bureau of Ocean Energy Management	2D Multichannel Seismic	1982	North Aleutian Basin,St. George Basin,St. Matthew-Hall	Akutan North,Bristol Bay,Bristol Bay North,Cape Mendenhall,Cape Newenham,Cape Newenham West,Cold Bay,Kuskokwim Bay,Pribilof Canyon,St. George,St. George Canyon,St. George East,St. Paul,St. Paul East,Ugashik West	82-63	https://walrus.wr.usgs.gov/namss/survey/b-63-82-ak/
B-63-90-TX	Bureau of Ocean Energy Management	2D Multichannel Seismic	1990	Western Gulf of Mexico	Port Isabel,South Padre Island Area,South Padre Island Area, East Addition	T90-63	https://walrus.wr.usgs.gov/namss/survey/b-63-90-tx/
B-64-87-LA	Bureau of Ocean Energy Management	2D Multichannel Seismic	1987	Central Gulf of Mexico	Atwater Valley,De Soto Canyon,Green Canyon,Henderson,Keathley Canyon,Lloyd Ridge,Lund,Mississippi Canyon,Walker Ridge	L87-064	https://walrus.wr.usgs.gov/namss/survey/b-64-87-la/
B-65-77-TX	Bureau of Ocean Energy Management	2D Multichannel Seismic	1977	Western Gulf of Mexico	Galveston Area,High Island Area, East Addition, South Extension,High Island Area, South Addition,Matagorda Island Area	T77-065	https://walrus.wr.usgs.gov/namss/survey/b-65-77-tx/
B-66-79-LA	Bureau of Ocean Energy Management	2D Multichannel Seismic	1979	Central Gulf of Mexico	West Cameron Area, South Addition	L79-066	https://walrus.wr.usgs.gov/namss/survey/b-66-79-la/
B-67-76-LA	Bureau of Ocean Energy Management	2D Multichannel Seismic	1976	Central Gulf of Mexico,Western Gulf of Mexico	West Cameron Area, South Addition,West Cameron Area, West Addition	L76-2067	https://walrus.wr.usgs.gov/namss/survey/b-67-76-la/
B-67-80-LA	Bureau of Ocean Energy Management	2D Multichannel Seismic	1980	Central Gulf of Mexico,Western Gulf of Mexico	East Cameron Area,East Cameron Area, South Addition,Eugene Island Area,Eugene Island Area, South Addition,Ewing Bank,Garden Banks,Grand Isle Area, South Addition,Mississippi Canyon,Ship Shoal Area,Ship Shoal Area, South Addition,South Marsh Island Area, South Addition,South Timbalier Area, South Addition,Vermilion Area,Vermilion Area, South Addition,West Cameron Area, South Addition,West Delta Area, South Addition	L80-067	https://walrus.wr.usgs.gov/namss/survey/b-67-80-la/
B-68-78-LA	Bureau of Ocean Energy Management	2D Multichannel Seismic	1978	Central Gulf of Mexico,Western Gulf of Mexico	East Cameron Area,East Cameron Area, South Addition,Eugene Island Area,Eugene Island Area, South Addition,Ship Shoal Area,South Marsh Island Area,South Marsh Island Area, South Addition,South Pelto Area,South Timbalier and Bay Marchand Areas,Vermilion Area, South Addition,West Cameron Area,West Cameron Area, South Addition,West Cameron Area, West Addition	L78-068	https://walrus.wr.usgs.gov/namss/survey/b-68-78-la/
B-68-82-TX	Bureau of Ocean Energy Management	2D Multichannel Seismic	1982	Western Gulf of Mexico	Alaminos Canyon,North Padre Island Area,North Padre Island Area, East Addition,Port Isabel,South Padre Island Area,South Padre Island Area, East Addition	T81-68	https://walrus.wr.usgs.gov/namss/survey/b-68-82-tx/
B-69-76-TX	Bureau of Ocean Energy Management	2D Multichannel Seismic	1976	Western Gulf of Mexico	Galveston Area,High Island Area,High Island Area, East Addition,High Island Area, South Addition,West Cameron Area, West Addition	T76-0869	https://walrus.wr.usgs.gov/namss/survey/b-69-76-tx/
B-69-81-LA	Bureau of Ocean Energy Management	2D Multichannel Seismic	1981	Central Gulf of Mexico	East Cameron Area,Eugene Island Area, South Addition,Main Pass Area, South and East Addition,Mississippi Canyon,Ship Shoal Area,Ship Shoal Area, South Addition,South Pass Area,South Pass Area, South and East Addition,South Timbalier Area, South Addition,Vermilion Area,West Cameron Area	L81-069	https://walrus.wr.usgs.gov/namss/survey/b-69-81-la/
B-70-78-TX	Bureau of Ocean Energy Management	2D Multichannel Seismic	1978	Western Gulf of Mexico	Galveston Area,Galveston Area, South Addition,High Island Area, South Addition	T78-070	https://walrus.wr.usgs.gov/namss/survey/b-70-78-tx/
B-70-82-TX	Bureau of Ocean Energy Management	2D Multichannel Seismic	1982	Western Gulf of Mexico	Corpus Christi,Mustang Island Area,North Padre Island Area,North Padre Island Area, East Addition,Port Isabel,South Padre Island Area, East Addition	T82-070	https://walrus.wr.usgs.gov/namss/survey/b-70-82-tx/
B-70-85-TX	Bureau of Ocean Energy Management	2D Multichannel Seismic	1985	Western Gulf of Mexico	Brazos Area,Brazos Area, South Addition,Corpus Christi,East Breaks,Matagorda Island Area,Mustang Island Area,Mustang Island Area, East Addition	T85-070	https://walrus.wr.usgs.gov/namss/survey/b-70-85-tx/
B-71-74-FL	Bureau of Ocean Energy Management	2D Multichannel Seismic	1974	Eastern Gulf of Mexico	Charlotte Harbor,Dry Tortugas,Howell Hook,Pulley Ridge,Rankin,St. Petersburg,The Elbow,Vernon Basin	M74-0171	https://walrus.wr.usgs.gov/namss/survey/b-71-74-fl/
B-72-82-AK	Bureau of Ocean Energy Management	2D Multichannel Seismic	1982	North Aleutian Basin,St. George Basin	Akutan,Akutan North,Cold Bay,False Pass,Okmuk Canyon	82-72	https://walrus.wr.usgs.gov/namss/survey/b-72-82-ak/
B-72-84-LA	Bureau of Ocean Energy Management	2D Multichannel Seismic	1984	Central Gulf of Mexico	Chandeleur Area, East Addition,Destin Dome,Main Pass Area,Main Pass Area, South and East Addition,Mississippi Canyon,South Pass Area,South Pass Area, South and East Addition,Viosca Knoll,West Delta Area, South Addition	L84-172	https://walrus.wr.usgs.gov/namss/survey/b-72-84-la/
B-73-75-LA	Bureau of Ocean Energy Management	2D Multichannel Seismic	1975	Central Gulf of Mexico	Eugene Island Area,South Marsh Island Area, North Addition	L75-1673	https://walrus.wr.usgs.gov/namss/survey/b-73-75-la/
B-74-85-LA	Bureau of Ocean Energy Management	2D Multichannel Seismic	1985	Central Gulf of Mexico,Western Gulf of Mexico	Atwater Valley,De Soto Canyon,Destin Dome,Green Canyon,Keathley Canyon,Lloyd Ridge,Lund,Main Pass Area, South and East Addition,Mississippi Canyon	L85-074	https://walrus.wr.usgs.gov/namss/survey/b-74-85-la/
B-75-75-MI	Bureau of Ocean Energy Management	2D Multichannel Seismic	1975	Central Gulf of Mexico,Eastern Gulf of Mexico	Apalachicola,De Soto Canyon,Destin Dome,Florida Middle Ground,Mississippi Canyon,Pensacola,The Elbow,Viosca Knoll	M75-0175	https://walrus.wr.usgs.gov/namss/survey/b-75-75-mi/
B-75-76-LA	Bureau of Ocean Energy Management	2D Multichannel Seismic	1976	Central Gulf of Mexico	East Cameron Area,East Cameron Area, South Addition,Ship Shoal Area,Vermilion Area,West Cameron Area,West Cameron Area, West Addition,West Delta Area	L76-2075	https://walrus.wr.usgs.gov/namss/survey/b-75-76-la/
B-75-81-LA	Bureau of Ocean Energy Management	2D Multichannel Seismic	1981	Central Gulf of Mexico,Western Gulf of Mexico	East Cameron Area,Eugene Island Area,Galveston Area,High Island Area, East Addition,Ship Shoal Area,Vermilion Area,Vermilion Area, South Addition,West Cameron Area,West Cameron Area, South Addition,West Cameron Area, West Addition	L81-175	https://walrus.wr.usgs.gov/namss/survey/b-75-81-la/
B-76-79-LA	Bureau of Ocean Energy Management	2D Multichannel Seismic	1979	Central Gulf of Mexico	West Cameron Area, South Addition	L79-076	https://walrus.wr.usgs.gov/namss/survey/b-76-79-la/
B-76-85-LA	Bureau of Ocean Energy Management	2D Multichannel Seismic	1985	Central Gulf of Mexico,Western Gulf of Mexico	East Cameron Area,Eugene Island Area,High Island Area, East Addition,Sabine Pass Area,Sabine Pass Area,Ship Shoal Area,South Marsh Island Area,South Marsh Island Area, North Addition,South Pelto Area,South Timbalier and Bay Marchand Areas,Vermilion Area,West Cameron Area,West Cameron Area, West Addition	L85-176	https://walrus.wr.usgs.gov/namss/survey/b-76-85-la/
B-78-75-MI	Bureau of Ocean Energy Management	2D Multichannel Seismic	1975	Eastern Gulf of Mexico	St. Petersburg,Tarpon Springs,The Elbow,Vernon Basin	M75-0178	https://walrus.wr.usgs.gov/namss/survey/b-78-75-mi/
B-78-80-LA	Bureau of Ocean Energy Management	2D Multichannel Seismic	1980	Central Gulf of Mexico	West Cameron Area,West Cameron Area, West Addition	L80-078	https://walrus.wr.usgs.gov/namss/survey/b-78-80-la/
B-78-83-LA	Bureau of Ocean Energy Management	2D Multichannel Seismic	1983	Central Gulf of Mexico,Western Gulf of Mexico	East Cameron Area,East Cameron Area, South Addition,Eugene Island Area,Eugene Island Area, South Addition,Ewing Bank,Garden Banks,Grand Isle Area,Grand Isle Area, South Addition,High Island Area, East Addition,Mississippi Canyon,Sabine Pass Area,Ship Shoal Area,Ship Shoal Area, South Addition,South Marsh Island Area,South Marsh Island Area, North Addition,South Marsh Island Area, South Addition,South Pelto Area,South Timbalier and Bay Marchand Areas,South Timbalier Area, South Addition,Vermilion Area,Vermilion Area, South Addition,West Cameron Area,West Cameron Area, South Addition,West Cameron Area, West Addition,West Delta Area,West Delta Area, South Addition	L83-178	https://walrus.wr.usgs.gov/namss/survey/b-78-83-la/
B-78b-89-LA	Bureau of Ocean Energy Management	2D Multichannel Seismic	1989	Central Gulf of Mexico	Atwater Valley,East Cameron Area,Garden Banks,Green Canyon,Mississippi Canyon,Ship Shoal Area, South Addition,South Marsh Island Area, North Addition,South Timbalier Area, South Addition,Vermilion Area,West Cameron Area,West Cameron Area, West Addition	L89-078	https://walrus.wr.usgs.gov/namss/survey/b-78b-89-la/
B-78c-89-LA	Bureau of Ocean Energy Management	2D Multichannel Seismic	1989	Central Gulf of Mexico	Atwater Valley,East Cameron Area,Garden Banks,Green Canyon,Mississippi Canyon,Ship Shoal Area, South Addition,South Marsh Island Area, North Addition,South Timbalier Area, South Addition,Vermilion Area,West Cameron Area,West Cameron Area, West Addition	L89-78	https://walrus.wr.usgs.gov/namss/survey/b-78c-89-la/
B-78d-89-LA	Bureau of Ocean Energy Management	2D Multichannel Seismic	1989	Central Gulf of Mexico	Atwater Valley,Eugene Island Area, South Addition,Garden Banks,Grand Isle Area, South Addition,Mississippi Canyon,Ship Shoal Area, South Addition,South Marsh Island Area, South Addition,South Timbalier Area, South Addition,Vermilion Area, South Addition	L89-78	https://walrus.wr.usgs.gov/namss/survey/b-78d-89-la/
B-78e-89-LA	Bureau of Ocean Energy Management	2D Multichannel Seismic	1989	Central Gulf of Mexico	Atwater Valley,Eugene Island Area, South Addition,Garden Banks,Grand Isle Area, South Addition,Mississippi Canyon,Ship Shoal Area, South Addition,South Marsh Island Area, South Addition,South Timbalier Area, South Addition,Vermilion Area, South Addition	L89-78	https://walrus.wr.usgs.gov/namss/survey/b-78e-89-la/
B-79-77-LA	Bureau of Ocean Energy Management	2D Multichannel Seismic	1977	Central Gulf of Mexico	Eugene Island Area	L77-079	https://walrus.wr.usgs.gov/namss/survey/b-79-77-la/
B-79-82-LA	Bureau of Ocean Energy Management	2D Multichannel Seismic	1982	Central Gulf of Mexico	East Cameron Area,East Cameron Area, South Addition,Eugene Island Area, South Addition,Garden Banks,Green Canyon,Vermilion Area,Vermilion Area, South Addition	L82-079	https://walrus.wr.usgs.gov/namss/survey/b-79-82-la/
B-80-84-LA	Bureau of Ocean Energy Management	2D Multichannel Seismic	1984	Central Gulf of Mexico	Ship Shoal Area	L84-180	https://walrus.wr.usgs.gov/namss/survey/b-80-84-la/
B-81-82-TX	Bureau of Ocean Energy Management	2D Multichannel Seismic	1982	Western Gulf of Mexico	Brazos Area	T82-081	https://walrus.wr.usgs.gov/namss/survey/b-81-82-tx/
B-83-83-TX	Bureau of Ocean Energy Management	2D Multichannel Seismic	1983	Western Gulf of Mexico	Alaminos Canyon,Brazos Area, South Addition,Corpus Christi,East Breaks,Galveston Area, South Addition,Garden Banks,Keathley Canyon,Mustang Island Area, East Addition,Port Isabel,South Padre Island Area, East Addition	T83-083	https://walrus.wr.usgs.gov/namss/survey/b-83-83-tx/
B-84-75-LA	Bureau of Ocean Energy Management	2D Multichannel Seismic	1975	Central Gulf of Mexico	South Pass Area,West Delta Area, South Addition	L75-1784	https://walrus.wr.usgs.gov/namss/survey/b-84-75-la/
B-86-82-LA	Bureau of Ocean Energy Management	2D Multichannel Seismic	1982	Central Gulf of Mexico	Ship Shoal Area	L82-186	https://walrus.wr.usgs.gov/namss/survey/b-86-82-la/
B-87-84-TX	Bureau of Ocean Energy Management	2D Multichannel Seismic	1984	Western Gulf of Mexico	Brazos Area,Brazos Area, South Addition,East Breaks,Galveston Area,Galveston Area, South Addition,High Island Area, South Addition,Mustang Island Area, East Addition	T84-087	https://walrus.wr.usgs.gov/namss/survey/b-87-84-tx/
B-89-77-LA	Bureau of Ocean Energy Management	2D Multichannel Seismic	1977	Western Gulf of Mexico	West Cameron Area, South Addition	L77-189	https://walrus.wr.usgs.gov/namss/survey/b-89-77-la/
B-89-83-TX	Bureau of Ocean Energy Management	2D Multichannel Seismic	1983	Central Gulf of Mexico,Western Gulf of Mexico	Brazos Area,Brazos Area, South Addition,East Breaks,Galveston Area,Galveston Area, South Addition,Grand Isle Area, South Addition,High Island Area,High Island Area, East Addition,High Island Area, East Addition, South Extension,High Island Area, South Addition,Matagorda Island Area,Mississippi Canyon,Mustang Island Area,Mustang Island Area, East Addition,South Timbalier Area, South Addition,West Cameron Area, South Addition	T82-089	https://walrus.wr.usgs.gov/namss/survey/b-89-83-tx/
B-89-84-TX	Bureau of Ocean Energy Management	2D Multichannel Seismic	1984	Western Gulf of Mexico	Alaminos Canyon,Corpus Christi,East Breaks,Garden Banks,Keathley Canyon,North Padre Island Area, East Addition,Port Isabel,South Padre Island Area, East Addition	T84-089	https://walrus.wr.usgs.gov/namss/survey/b-89-84-tx/
B-92-81-LA	Bureau of Ocean Energy Management	2D Multichannel Seismic	1981	Central Gulf of Mexico,Western Gulf of Mexico	Eugene Island Area,Eugene Island Area, South Addition,Garden Banks,Green Canyon,High Island Area, East Addition, South Extension,South Marsh Island Area,South Marsh Island Area, North Addition,South Timbalier and Bay Marchand Areas,South Timbalier Area, South Addition,Vermilion Area,Vermilion Area, South Addition,Walker Ridge,West Cameron Area,West Cameron Area, South Addition,West Cameron Area, West Addition	L81-092	https://walrus.wr.usgs.gov/namss/survey/b-92-81-la/
B-93-75-LA	Bureau of Ocean Energy Management	2D Multichannel Seismic	1975	Central Gulf of Mexico	West Delta Area	L75-1693	https://walrus.wr.usgs.gov/namss/survey/b-93-75-la/
B-93-84-LA	Bureau of Ocean Energy Management	2D Multichannel Seismic	1984			L83-193	https://walrus.wr.usgs.gov/namss/survey/b-93-84-la/
B-94-77-LA	Bureau of Ocean Energy Management	2D Multichannel Seismic	1977	Central Gulf of Mexico	Main Pass Area	L77-094	https://walrus.wr.usgs.gov/namss/survey/b-94-77-la/
B-94-84-LA	Bureau of Ocean Energy Management	2D Multichannel Seismic	1984	Central Gulf of Mexico,Western Gulf of Mexico	Brazos Area,East Breaks,East Cameron Area, South Addition,Galveston Area, South Addition,Garden Banks,High Island Area, East Addition, South Extension,High Island Area, South Addition,Matagorda Island Area,Mustang Island Area,South Marsh Island Area, South Addition,Vermilion Area, South Addition,West Cameron Area, South Addition	T83-094	https://walrus.wr.usgs.gov/namss/survey/b-94-84-la/
B-95-77-LA	Bureau of Ocean Energy Management	2D Multichannel Seismic	1977	Central Gulf of Mexico	Main Pass Area,Main Pass Area, South and East Addition	L77-195	https://walrus.wr.usgs.gov/namss/survey/b-95-77-la/
B-95-79-TX	Bureau of Ocean Energy Management	2D Multichannel Seismic	1979	Western Gulf of Mexico	Brazos Area, South Addition,Matagorda Island Area,Mustang Island Area, East Addition	T78-095	https://walrus.wr.usgs.gov/namss/survey/b-95-79-tx/
B-95-89-LA	Bureau of Ocean Energy Management	2D Multichannel Seismic	1989	Central Gulf of Mexico	Eugene Island Area, South Addition,Green Canyon,Ship Shoal Area,Ship Shoal Area, South Addition,South Timbalier and Bay Marchand Areas,South Timbalier Area, South Addition	L89-95	https://walrus.wr.usgs.gov/namss/survey/b-95-89-la/
B-95a-89-LA	Bureau of Ocean Energy Management	2D Multichannel Seismic	1989	Central Gulf of Mexico	Eugene Island Area, South Addition,Green Canyon,Ship Shoal Area,Ship Shoal Area, South Addition,South Timbalier and Bay Marchand Areas,South Timbalier Area, South Addition	L89-95	https://walrus.wr.usgs.gov/namss/survey/b-95a-89-la/
B-95b-89-LA	Bureau of Ocean Energy Management	2D Multichannel Seismic	1989	Central Gulf of Mexico	Atwater Valley,East Cameron Area,Garden Banks,Green Canyon,Mississippi Canyon,Ship Shoal Area, South Addition,South Marsh Island Area, North Addition,South Timbalier Area, South Addition,Vermilion Area,West Cameron Area,West Cameron Area, West Addition	L89-95	https://walrus.wr.usgs.gov/namss/survey/b-95b-89-la/
B-96-80-LA	Bureau of Ocean Energy Management	2D Multichannel Seismic	1980	Central Gulf of Mexico	Eugene Island Area,Green Canyon,Ship Shoal Area,Ship Shoal Area, South Addition,South Marsh Island Area,South Marsh Island Area, South Addition,South Pelto Area,South Timbalier and Bay Marchand Areas,South Timbalier Area, South Addition	L80-096	https://walrus.wr.usgs.gov/namss/survey/b-96-80-la/
B-97-77-LA	Bureau of Ocean Energy Management	2D Multichannel Seismic	1977	Central Gulf of Mexico	East Cameron Area, South Addition	L77-097	https://walrus.wr.usgs.gov/namss/survey/b-97-77-la/
B-98-78-LA	Bureau of Ocean Energy Management	2D Multichannel Seismic	1978	Central Gulf of Mexico	West Cameron Area	L78-098	https://walrus.wr.usgs.gov/namss/survey/b-98-78-la/
B-C2-84-LA	Bureau of Ocean Energy Management	2D Multichannel Seismic	1984			L84-102	https://walrus.wr.usgs.gov/namss/survey/b-c2-84-la/
B-C5-83-LA	Bureau of Ocean Energy Management	2D Multichannel Seismic	1983	Central Gulf of Mexico	Atwater Valley,Green Canyon,Lund,Mississippi Canyon,Walker Ridge	L83-105	https://walrus.wr.usgs.gov/namss/survey/b-c5-83-la/
B-C9-76-LA	Bureau of Ocean Energy Management	2D Multichannel Seismic	1976	Central Gulf of Mexico	Eugene Island Area,Ship Shoal Area	L76-2029	https://walrus.wr.usgs.gov/namss/survey/b-c9-76-la/
B-C9-82-LA	Bureau of Ocean Energy Management	2D Multichannel Seismic	1982	Central Gulf of Mexico	Eugene Island Area, South Addition,South Marsh Island Area, South Addition	L82-179	https://walrus.wr.usgs.gov/namss/survey/b-c9-82-la/
B-L8-75-LA	Bureau of Ocean Energy Management	2D Multichannel Seismic	1975	Central Gulf of Mexico	Chandeleur Area, East Addition,Main Pass Area, South and East Addition	L75-1828	https://walrus.wr.usgs.gov/namss/survey/b-l8-75-la/
B-L9-76-LA	Bureau of Ocean Energy Management	2D Multichannel Seismic	1976	Central Gulf of Mexico	Eugene Island Area,Ship Shoal Area	L76-1929	https://walrus.wr.usgs.gov/namss/survey/b-l9-76-la/
B-P-66-AK	British Petroleum	2D Multichannel Seismic	1966			66UGU	https://walrus.wr.usgs.gov/namss/survey/b-p-66-ak/
B-P-70-AR	British Petroleum	2D Multichannel Seismic	1970	Beaufort Sea	Harrison Bay	70DGDM 	https://walrus.wr.usgs.gov/namss/survey/b-p-70-ar/
B-P-71-AR	British Petroleum	2D Multichannel Seismic	1971	Beaufort Sea	Beechey Point,Harrison Bay,Harrison Bay North	71GSGM 	https://walrus.wr.usgs.gov/namss/survey/b-p-71-ar/
B-PC-71-AK	British Petroleum	2D Multichannel Seismic	1971	Beaufort Sea	Beechey Point	71GSG	https://walrus.wr.usgs.gov/namss/survey/b-pc-71-ak/
B-PW-71-AK	British Petroleum	2D Multichannel Seismic	1971			71WEW	https://walrus.wr.usgs.gov/namss/survey/b-pw-71-ak/
E-1-76-BS	Exxon	2D Multichannel Seismic	1976	Aleutian Basin,Bowers Basin,St. George Basin	Bowers Bank,Bowers Ridge,St. Paul Spur,Zhemchug Canyon		https://walrus.wr.usgs.gov/namss/survey/e-1-76-bs/
F-01-91-CP	Pacific Coastal and Marine Science Center	2D Multichannel Seismic	1991				https://walrus.wr.usgs.gov/namss/survey/f-01-91-cp/
F-02-91-CP	Pacific Coastal and Marine Science Center	2D Multichannel Seismic	1991				https://walrus.wr.usgs.gov/namss/survey/f-02-91-cp/
F-03-91-CP	Pacific Coastal and Marine Science Center	2D Multichannel Seismic	1991				https://walrus.wr.usgs.gov/namss/survey/f-03-91-cp/
F-10-88-HW	Pacific Coastal and Marine Science Center	2D Multichannel Seismic	1988				https://walrus.wr.usgs.gov/namss/survey/f-10-88-hw/
F-12-89-HW	Pacific Coastal and Marine Science Center	2D Multichannel Seismic	1989				https://walrus.wr.usgs.gov/namss/survey/f-12-89-hw/
F-13-90-CP	Pacific Coastal and Marine Science Center	2D Multichannel Seismic	1990				https://walrus.wr.usgs.gov/namss/survey/f-13-90-cp/
F-3-88-HW	Pacific Coastal and Marine Science Center	2D Multichannel Seismic	1988				https://walrus.wr.usgs.gov/namss/survey/f-3-88-hw/
F-4-88-HW	Pacific Coastal and Marine Science Center	2D Multichannel Seismic	1988				https://walrus.wr.usgs.gov/namss/survey/f-4-88-hw/
F-5-88-HW	Pacific Coastal and Marine Science Center	2D Multichannel Seismic	1988				https://walrus.wr.usgs.gov/namss/survey/f-5-88-hw/
F-6-88-HW	Pacific Coastal and Marine Science Center	2D Multichannel Seismic	1988				https://walrus.wr.usgs.gov/namss/survey/f-6-88-hw/
G-01-75-EG	U.S. Geological Survey	2D Multichannel Seismic	1975	Cook Inlet,Gulf of Alaska,Kodiak,Shumagin	Afognak,Albatross Bank,Alsek Valley,Bering Glacier,Blying Sound,Chirikof Island,Cordova,Dall Seamount,False Pass,Icy Bay,Karluk,Kodiak,Kodiak East,Middleton Island,Mitrofania Island,Mt. Fairweather,Portlock Bank,Simeonof Island,Trinity Islands,Yakutat		https://walrus.wr.usgs.gov/namss/survey/g-01-75-eg/
G-01-88-EG	U.S. Geological Survey	2D Multichannel Seismic	1988	Gulf of Alaska	Blying Sound,Cordova,Dall Seamount,Middleton Island,Portlock Bank	g188eg and TACT	https://walrus.wr.usgs.gov/namss/survey/g-01-88-eg/
G-1-99-GM	U.S. Geological Survey	2D Multichannel Seismic	1999	Central Gulf of Mexico	Garden Banks,Green Canyon	99002	https://walrus.wr.usgs.gov/namss/survey/g-1-99-gm/
G-2-97-PS	Pacific Coastal and Marine Science Center	2D Multichannel Seismic	1997				https://walrus.wr.usgs.gov/namss/survey/g-2-97-ps/
G-3-95-PS	Pacific Coastal and Marine Science Center	2D Multichannel Seismic	1995				https://walrus.wr.usgs.gov/namss/survey/g-3-95-ps/
H-1-75-CC	Chevron	2D Multichannel Seismic	1975	Aleutian Arc,Aleutian Basin,Beaufort Sea,Bowers Basin,Central California,Central Gulf of Mexico,Chukchi Sea,Cook Inlet,Eastern Gulf of Mexico,Florida South,Gulf of Alaska,Hope Basin,Kodiak,Middle Atlantic,Navarin Basin,North Aleutian Basin,North Atlantic,Northern California,Norton Basin,Shumagin,South Atlantic,Southern California,St. George Basin,St. Matthew-Hall,Washington - Oregon,Western Gulf of Mexico	Adak,Adams,Afognak,Akutan,Akutan North,Alaminos Canyon,Albatross Bank,Aleutian Basin,Aleutian Trench,Alsek Valley,Amchitka Pass,Amlia Knoll,Amukta Pass,Andros,Apalachicola,Arena Canyon,Arguello Fan,Astoria Canyon,Astoria Fan,Atka,Attu,Atwater Valley,Bahamas,Baird Inlet,Baker Fan,Balanus Seamount,Baltimore Rise,Bangor,Banks,Barkley Canyon,Barrow,Barrow Canyon,Barter Island,Bath,Bay Marchand Area,Bear Seamount,Beaufort,Beaufort Terrace,Beechey Point,Beechey Point North,Bering Glacier,Bering Sea,Bering Strait,Bimini,Black,Blake Escarpment,Blake Spur,Blanco Saddle,Block Canyon,Block Island Shelf,Blying Sound,Bodega Canyon,Bossler,Boston,Bowers Bank,Bowers Ridge,Bowers Seamount,Brazos Area,Brazos Area, South Addition,Breton Sound Area,Bristol Bay,Bristol Bay North,Browns Bank,Brunswick,Bushnell Knoll,Canada Basin,Canada Basin West,Cape Blanco,Cape Denbigh,Cape Disappointment West,Cape Fear,Cape Flattery,Cape Mendenhall,Cape Mendenhall West,Cape Newenham,Cape Newenham West,Cape Seppings,Cape Seppings West,Cascadia Basin,Cascadia Gap,Cashes Ledge,Chagulak Canyon,Chandeleur Area,Chandeleur Area, East Addition,Charlotte Harbor,Chatham,Chignik,Chincoteague,Chirikof Island,Chirikof Seamount,Chukchi Sea,Cold Bay,Coos Bay,Copalis Beach West,Cordova,Corpus Christi,Corsair Canyon,Craig,Crescent City,Currituck Sound,Daisy Bank,Dall Seamount,Daytona Beach,Dease Inlet,Delgada Fan,De Long Mountains,Demarcation Point,Derickson Seamount,De Soto Canyon,Destin Dome,Dixon Entrance,Dry Tortugas,East Breaks,East Cameron Area,East Cameron Area, South Addition,Eastport,Ely Seamount,Escanaba Ridge,Escanaba Trough,Eugene Island Area,Eugene Island Area, South Addition,Eureka,Evans,Ewing Bank,False Pass,Flaxman Island,Flaxman Island North,Florida Middle Ground,Ft. Pierce,Gainesville,Galveston Area,Galveston Area, South Addition,Gambell,Gambell South,Garden Banks,Gareloi Island,Georgetown,Goddard,Goodnews,Grand Isle Area,Grand Isle Area, South Addition,Green Canyon,Hagemeister Island,Hanna Shoal,Harrington Hill,Harrison Bay,Harrison Bay North,Hartford,Hatteras Ridge,Heceta Bank,Heezen Plateau,Henderson,High Island Area,High Island Area, East Addition,High Island Area, East Addition, South Extension,High Island Area, South Addition,Hooper Bay,Hooper Bay West,Hoquiam,Howell Hook,Hoyt Hills,Hudson Canyon,Hydrographer Canyon,Hyman,Icy Bay,Iliamna,Jacksonville,James Island,Jasper Seamount,Jones,Jordan Basin,Juneau,Kanaga Basin,Karluk,Karo,Keathley Canyon,Kenai,Ketchikan,Key West,Kiska Volcano,Klamath Ridge,Kodiak,Kodiak East,Korovin Canyon,Kotzebue,Kresta Point,Kuskokwim Bay,Kwiguk,Lanier,Lippold,Little Diomede Island,Lloyd Ridge,Long Beach,Los Angeles,Lund,Lydonia Canyon,Mackenzie Canyon,Mackenzie Canyon North,Main Pass Area,Main Pass Area, South and East Addition,Manteo,Marmer,Matagorda Island Area,Maury Deep,Mc Alinden Spur,Meade River,Miami,Middleton Island,Mississippi Canyon,Mitrofania Island,Mobile,Monterey,Monterey Fan,Mt. Fairweather,Mt. Katmai,Muller,Murray Canyon,Mustang Island Area,Mustang Island Area, East Addition,Naknek,Newark,Newport Valley,New York,Nitinat Fan,Noatak,Nome,North Padre Island Area,North Padre Island Area, East Addition,Norton Sound,Noyo Canyon,Nunivak Island,Nunivak Island West,Okmuk Canyon,Orlando,Parks Seamount,Patton Ridge,Pensacola,Pervenets Canyon,Pervenets Canyon East,Pillsbury,Pioneer Escarpment,Pioneer Ridge,Pochnoi Trough,Point Hope,Point Hope West,Point Lay,Point Lay West,Port Alexander,Port Isabel,Portland,Portlock Bank,Posey,Powell,Pratt Seamount,President Jackson Seamount,Pribilof Canyon,Pribilof Canyon West,Prince Rupert,Providence,Pulley Ridge,Rankin,Rat Islands,Redding,Richardson Hills,Rocky Mount,Rompidas Ledge,Rude Canyon,Russell,Sabine Pass Area,Sabine Pass Area,Salem,Salisbury,Samalga Island,San Clemente Island,San Diego,San Francisco,San Luis Obispo,Santa Ana,Santa Cruz,Santa Maria,Santa Rosa,Santa Rosa Island,Saulsbury,Saulsbury West,Savannah,Seattle,Seguam,Selawik,Seldovia,Seward,Shemya Island,Ship Shoal Area,Ship Shoal Area, South Addition,Shishmaref,Shumagin Bank,Simeonof Island,Sirius Seamount,Sitka,Solivik Island,Solomon,Southeast Cape,South Marsh Island Area,South Marsh Island Area, North Addition,South Marsh Island Area, South Addition,South Padre Island Area,South Padre Island Area, East Addition,South Pass Area,South Pass Area, South and East Addition,South Pelto Area,South Timbalier and Bay Marchand Areas,South Timbalier Area, South Addition,Steel Vendor Seamount,Stepovak Bay,Stetson Mesa,Stewart,St. George,St. George Canyon,St. George East,St. Lawrence,St. Matthew,St. Matthew Canyon,St. Matthew North,St. Matthew South,St. Matthew West,St. Michael,St. Paul,St. Paul East,St. Paul North,St. Paul Spur,St. Petersburg,Studds,Sumdum,Sur Canyon,Surveyor Seachannel,Sutwik Island,Taney Seamount,Tarpon Springs,Taylor,Teller,Teshekpuk,The Elbow,The Rampart,Thompson Seamount,Tibbet,Tillamook Seachannel,Tison,Trinity Islands,Uchupi,Ugashik,Ugashik West,Ukiah,Ukivok,Ulm Plateau,Umnak,Unalakleet,Unalaska,Unimak Seamount,Vance Seamount,Vancouver,Veatch Canyon,Velero Basin,Vermilion Area,Vermilion Area, South Addition,Vernon Basin,Viosca Knoll,Wainwright,Walker Cay,Walker Ridge,Walls Knoll,Weed,West Cameron Area,West Cameron Area, South Addition,West Cameron Area, West Addition,West Delta Area,West Delta Area, South Addition,Westfall Seamount,West Palm Beach,Wilmington,Wilmington Canyon,Wilmington Valley,Wittman,Wraight,Yakutat,Zhemchug Canyon,Zhemchug Spur	H1-CC-75	https://walrus.wr.usgs.gov/namss/survey/h-1-75-cc/
H-14-79-SC	Chevron	2D Multichannel Seismic	1979	Southern California	San Luis Obispo,Santa Maria	79114	https://walrus.wr.usgs.gov/namss/survey/h-14-79-sc/
H-17-79-SC	Chevron	2D Multichannel Seismic	1979	Southern California	Long Beach,Patton Ridge,San Clemente Island,San Diego,Santa Ana	79117	https://walrus.wr.usgs.gov/namss/survey/h-17-79-sc/
H-18-79-SC	Chevron	2D Multichannel Seismic	1979	Southern California	Bushnell Knoll,San Clemente Island,San Diego,Santa Ana	79118	https://walrus.wr.usgs.gov/namss/survey/h-18-79-sc/
J-1-88-SC	Bureau of Ocean Energy Management	2D Multichannel Seismic	1988	Southern California	San Diego,Santa Ana		https://walrus.wr.usgs.gov/namss/survey/j-1-88-sc/
L-01-07-AR	Geological Survey of Canada	2D Multichannel Seismic	2007	Beaufort Sea			https://walrus.wr.usgs.gov/namss/survey/l-01-07-ar/
L-09-11-GA MCS	U.S. Geological Survey	2D Multichannel Seismic	2011	Gulf of Alaska,Kodiak	Albatross Bank,Ely Seamount,Kodiak East,Pratt Seamount,Surveyor Seachannel	MGL1109	https://walrus.wr.usgs.gov/namss/survey/l-09-11-ga-mcs/
L-1-78-SC	U.S. Geological Survey	2D Multichannel Seismic	1978	Southern California	Long Beach,Patton Ridge,San Clemente Island,San Diego,Santa Maria,Santa Rosa Island		https://walrus.wr.usgs.gov/namss/survey/l-1-78-sc/
L-10-78-NC	Pacific Coastal and Marine Science Center	2D Multichannel Seismic	1978	Southern California	Arguello Fan,Los Angeles,San Luis Obispo,Santa Maria		https://walrus.wr.usgs.gov/namss/survey/l-10-78-nc/
L-11-11-BS MCS	U.S. Geological Survey	2D Multichannel Seismic	2011	Aleutian Basin,Bowers Basin		MGL1111	https://walrus.wr.usgs.gov/namss/survey/l-11-11-bs-mcs/
L-11-80-WO	Pacific Coastal and Marine Science Center	2D Multichannel Seismic	1980	Washington - Oregon	Astoria Canyon,Cape Disappointment West,Cape Flattery,Cascadia Basin,Copalis Beach West,Tillamook Seachannel,Vancouver	LB80	https://walrus.wr.usgs.gov/namss/survey/l-11-80-wo/
L-11-82-CS	Pacific Coastal and Marine Science Center	2D Multichannel Seismic	1982	Chukchi Sea	Barrow,Hanna Shoal,Karo,Posey,Solivik Island,Studds,Tison		https://walrus.wr.usgs.gov/namss/survey/l-11-82-cs/
L-12-81-NP	Pacific Coastal and Marine Science Center	2D Multichannel Seismic	1981	Central California,Northern California,Washington - Oregon	Blanco Saddle,Cascadia Gap,Daisy Bank,Delgada Fan,Escanaba Ridge,Escanaba Trough,Heceta Bank,Klamath Ridge,Parks Seamount,Pioneer Ridge,Steel Vendor Seamount,Vance Seamount	L-C-81-NP	https://walrus.wr.usgs.gov/namss/survey/l-12-81-np/
L-12-82-WG	U.S. Geological Survey	2D Multichannel Seismic	1982	Shumagin	Aleutian Trench,Derickson Seamount,False Pass,Shumagin Bank,Simeonof Island,Unimak Seamount,Walls Knoll		https://walrus.wr.usgs.gov/namss/survey/l-12-82-wg/
L-2-82-NC	Pacific Coastal and Marine Science Center	2D Multichannel Seismic	1982	Southern California	Arguello Fan,Sur Canyon		https://walrus.wr.usgs.gov/namss/survey/l-2-82-nc/
L-2B-78-SC	Pacific Coastal and Marine Science Center	2D Multichannel Seismic	1978	Southern California	Arguello Fan,Los Angeles,San Luis Obispo,Santa Maria	L2B78NC	https://walrus.wr.usgs.gov/namss/survey/l-2b-78-sc/
L-3-78-EG	Pacific Coastal and Marine Science Center	2D Multichannel Seismic	1978	Gulf of Alaska,Kodiak	Alsek Valley,Baker Fan,Craig,Dall Seamount,Dixon Entrance,Goddard,Icy Bay,Kodiak East,Middleton Island,Mt. Fairweather,Port Alexander,Sitka,Surveyor Seachannel		https://walrus.wr.usgs.gov/namss/survey/l-3-78-eg/
L-3-90-NC	Pacific Coastal and Marine Science Center	2D Multichannel Seismic	1990	Central California	San Francisco,Santa Cruz,Santa Rosa		https://walrus.wr.usgs.gov/namss/survey/l-3-90-nc/
L-4-77-NC	Pacific Coastal and Marine Science Center	2D Multichannel Seismic	1977	Central California,Northern California,Washington - Oregon	Arena Canyon,Cape Blanco,Crescent City,Eureka,Noyo Canyon,San Francisco,Santa Rosa,Ukiah		https://walrus.wr.usgs.gov/namss/survey/l-4-77-nc/
L-4-79-SC	Pacific Coastal and Marine Science Center	2D Multichannel Seismic	1979	Southern California	Bushnell Knoll,Long Beach,Patton Ridge,San Clemente Island,San Diego		https://walrus.wr.usgs.gov/namss/survey/l-4-79-sc/
L-4-83-BS	Pacific Coastal and Marine Science Center	2D Multichannel Seismic	1983	Norton Basin	Norton Sound,Solomon,St. Michael		https://walrus.wr.usgs.gov/namss/survey/l-4-83-bs/
L-4-90-SC	Pacific Coastal and Marine Science Center	2D Multichannel Seismic	1990	Southern California	Bushnell Knoll,Long Beach,Los Angeles,Patton Ridge,San Clemente Island,San Diego,San Luis Obispo,Santa Ana,Santa Maria,Santa Rosa Island		https://walrus.wr.usgs.gov/namss/survey/l-4-90-sc/
L-5-76-BS	Pacific Coastal and Marine Science Center	2D Multichannel Seismic	1976	Aleutian Basin,Bowers Basin,Navarin Basin,North Aleutian Basin,St. George Basin	Akutan North,Banks,Bristol Bay,Chignik,Cold Bay,Pribilof Canyon,Saulsbury,Saulsbury West,St. George,St. George East,Ugashik West,Ulm Plateau		https://walrus.wr.usgs.gov/namss/survey/l-5-76-bs/
L-5-77-EG	Pacific Coastal and Marine Science Center	2D Multichannel Seismic	1977	Gulf of Alaska	Dixon Entrance,Prince Rupert		https://walrus.wr.usgs.gov/namss/survey/l-5-77-eg/
L-5-77-WO	Pacific Coastal and Marine Science Center	2D Multichannel Seismic	1977	Washington - Oregon	Cape Disappointment West,Cape Flattery,Coos Bay,Copalis Beach West,Hoquiam,Newport Valley,Salem,Tillamook Seachannel,Vancouver		https://walrus.wr.usgs.gov/namss/survey/l-5-77-wo/
L-5-78-BS	Pacific Coastal and Marine Science Center	2D Multichannel Seismic	1978	Norton Basin,St. Matthew-Hall	Black,Nome,Norton Sound,Solomon,St. Lawrence,St. Michael,Ukivok		https://walrus.wr.usgs.gov/namss/survey/l-5-78-bs/
L-5-80-AA	Pacific Coastal and Marine Science Center	2D Multichannel Seismic	1980	Aleutian Arc,Bowers Basin	Adak,Amlia Knoll,Amukta Pass,Chagulak Canyon,Seguam		https://walrus.wr.usgs.gov/namss/survey/l-5-80-aa/
L-5-81-NC	Pacific Coastal and Marine Science Center	2D Multichannel Seismic	1981	Northern California,Washington - Oregon	Cape Blanco,Coos Bay,Crescent City,Eureka,Newport Valley		https://walrus.wr.usgs.gov/namss/survey/l-5-81-nc/
L-5A-79-NC	Pacific Coastal and Marine Science Center	2D Multichannel Seismic	1979	Central California,Southern California	Arguello Fan,San Luis Obispo,Santa Cruz,Santa Maria,Sur Canyon		https://walrus.wr.usgs.gov/namss/survey/l-5a-79-nc/
L-6-77-EG	Pacific Coastal and Marine Science Center	2D Multichannel Seismic	1977	Gulf of Alaska	Alsek Valley,Craig,Icy Bay,Middleton Island,Yakutat		https://walrus.wr.usgs.gov/namss/survey/l-6-77-eg/
L-6-78-AR	Pacific Coastal and Marine Science Center	2D Multichannel Seismic	1978	Chukchi Sea,Hope Basin	Barrow,Cape Seppings West,Chukchi Sea,Hanna Shoal,Karo,Point Hope,Point Hope West,Point Lay,Point Lay West,Posey,Solivik Island,Studds,Tison,Wainwright		https://walrus.wr.usgs.gov/namss/survey/l-6-78-ar/
L-6-80-BS	Pacific Coastal and Marine Science Center	2D Multichannel Seismic	1980	Bowers Basin,Navarin Basin,St. George Basin	Akutan,Amlia Knoll,Bossler,Chagulak Canyon,Okmuk Canyon,Pribilof Canyon,Saulsbury West,Umnak		https://walrus.wr.usgs.gov/namss/survey/l-6-80-bs/
L-7-77-WG	Pacific Coastal and Marine Science Center	2D Multichannel Seismic	1977	Cook Inlet,Kodiak,Shumagin	Albatross Bank,Chirikof Island,Chirikof Seamount,Karluk,Kodiak East,Mitrofania Island,Portlock Bank,Sutwik Island,Trinity Islands,Ugashik		https://walrus.wr.usgs.gov/namss/survey/l-7-77-wg/
L-7-81-WG	Pacific Coastal and Marine Science Center	2D Multichannel Seismic	1981	Cook Inlet,Gulf of Alaska,Kodiak	Afognak,Albatross Bank,Blying Sound,Dall Seamount,Iliamna,Karluk,Kodiak East,Middleton Island,Mt. Katmai,Portlock Bank,Seldovia,Surveyor Seachannel		https://walrus.wr.usgs.gov/namss/survey/l-7-81-wg/
L-8-77-BS	Pacific Coastal and Marine Science Center	2D Multichannel Seismic	1977	Aleutian Basin,Navarin Basin,St. George Basin	Aleutian Basin,Banks,Bering Sea,Pervenets Canyon,Pervenets Canyon East,Saulsbury,Saulsbury West,St. Matthew Canyon,St. Matthew West,Zhemchug Canyon,Zhemchug Spur		https://walrus.wr.usgs.gov/namss/survey/l-8-77-bs/
L-8-80-AR	Pacific Coastal and Marine Science Center	2D Multichannel Seismic	1980	Chukchi Sea,Hope Basin	Bering Strait,Cape Seppings,Cape Seppings West,Chukchi Sea,Karo,Kotzebue,Noatak,Point Hope,Point Hope West,Point Lay,Point Lay West,Posey,Shishmaref,Solivik Island,Studds		https://walrus.wr.usgs.gov/namss/survey/l-8-80-ar/
L-8-81-WG	Pacific Coastal and Marine Science Center	2D Multichannel Seismic	1981	Shumagin	Derickson Seamount,False Pass,Mitrofania Island,Shumagin Bank,Simeonof Island		https://walrus.wr.usgs.gov/namss/survey/l-8-81-wg/
L-9-77-AR	Pacific Coastal and Marine Science Center	2D Multichannel Seismic	1977	Beaufort Sea,Chukchi Sea,Hope Basin	Barrow,Barter Island,Beaufort Terrace,Beechey Point,Beechey Point North,Bering Strait,Cape Seppings,Dease Inlet,Demarcation Point,Flaxman Island,Flaxman Island North,Hanna Shoal,Harrison Bay,Harrison Bay North,Mackenzie Canyon,Mackenzie Canyon North,Meade River,Point Hope,Point Lay West,Shishmaref,Wainwright		https://walrus.wr.usgs.gov/namss/survey/l-9-77-ar/
L-9-80-BS	Pacific Coastal and Marine Science Center	2D Multichannel Seismic	1980	Norton Basin	Nome,Norton Sound,Solomon,St. Michael		https://walrus.wr.usgs.gov/namss/survey/l-9-80-bs/
L-9-81-AA	Pacific Coastal and Marine Science Center	2D Multichannel Seismic	1981	Aleutian Arc,Bowers Basin	Adak,Amlia Knoll,Amukta Pass,Attu,Kiska Volcano,Murray Canyon,Rat Islands,Seguam,Shemya Island		https://walrus.wr.usgs.gov/namss/survey/l-9-81-aa/
L-9-82-BS	Pacific Coastal and Marine Science Center	2D Multichannel Seismic	1982	Aleutian Basin,Navarin Basin,North Aleutian Basin,St. George Basin,St. Matthew-Hall	Akutan,Akutan North,Aleutian Basin,Banks,Bristol Bay,Cape Mendenhall,Cape Newenham,Chignik,Hagemeister Island,Kuskokwim Bay,Nunivak Island,Nunivak Island West,Pervenets Canyon,Pervenets Canyon East,Saulsbury,Saulsbury West,St. George East,St. Matthew,St. Matthew West,Ugashik West		https://walrus.wr.usgs.gov/namss/survey/l-9-82-bs/
M-1-98-GM	U.S. Geological Survey	2D Multichannel Seismic	1998	Central Gulf of Mexico	Mississippi Canyon		https://walrus.wr.usgs.gov/namss/survey/m-1-98-gm/
N-PR-72-AK	National Petroleum Reserve Alaska	2D Multichannel Seismic	1972				https://walrus.wr.usgs.gov/namss/survey/n-pr-72-ak/
N-PR-74-AK	National Petroleum Reserve Alaska	2D Multichannel Seismic	1974				https://walrus.wr.usgs.gov/namss/survey/n-pr-74-ak/
N-PR-75-AK	National Petroleum Reserve Alaska	2D Multichannel Seismic	1975				https://walrus.wr.usgs.gov/namss/survey/n-pr-75-ak/
N-PR-76-AK	National Petroleum Reserve Alaska	2D Multichannel Seismic	1976				https://walrus.wr.usgs.gov/namss/survey/n-pr-76-ak/
N-PR-77-AK	National Petroleum Reserve Alaska	2D Multichannel Seismic	1977	Beaufort Sea,Chukchi Sea	Barrow,Dease Inlet,Harrison Bay,Harrison Bay North,Teshekpuk		https://walrus.wr.usgs.gov/namss/survey/n-pr-77-ak/
N-PR-78-AK	National Petroleum Reserve Alaska	2D Multichannel Seismic	1978	Beaufort Sea	Dease Inlet,Teshekpuk		https://walrus.wr.usgs.gov/namss/survey/n-pr-78-ak/
N-PR-79-AK	National Petroleum Reserve Alaska	2D Multichannel Seismic	1979				https://walrus.wr.usgs.gov/namss/survey/n-pr-79-ak/
N-PR-80-AK	National Petroleum Reserve Alaska	2D Multichannel Seismic	1980				https://walrus.wr.usgs.gov/namss/survey/n-pr-80-ak/
N-PR-81-AK	National Petroleum Reserve Alaska	2D Multichannel Seismic	1981				https://walrus.wr.usgs.gov/namss/survey/n-pr-81-ak/
P-02-10-CC	Pacific Gas and Electric Company	2D Multichannel Seismic	2010	Southern California	San Luis Obispo		https://walrus.wr.usgs.gov/namss/survey/p-02-10-cc/
P-1-88-AR	Pacific Coastal and Marine Science Center	2D Multichannel Seismic	1988	Chukchi Sea		88013	https://walrus.wr.usgs.gov/namss/survey/p-1-88-ar/
P-1-92-AR	Pacific Coastal and Marine Science Center	2D Multichannel Seismic	1992	Chukchi Sea			https://walrus.wr.usgs.gov/namss/survey/p-1-92-ar/
P1-13-LA Green Canyon	U.S. Geological Survey	2D Multichannel Seismic	2013	Central Gulf of Mexico	Green Canyon,Walker Ridge		https://walrus.wr.usgs.gov/namss/survey/p1-13-la-green-canyon/
P1-13-LA Walker Ridge	U.S. Geological Survey	2D Multichannel Seismic	2013	Central Gulf of Mexico	Walker Ridge		https://walrus.wr.usgs.gov/namss/survey/p1-13-la-walker-ridge/
S-03-11-SC	U.S. Geological Survey	2D Multichannel Seismic	2011			2011-603-DD	https://walrus.wr.usgs.gov/namss/survey/s-03-11-sc/
S-03-13-SC	U.S. Geological Survey	2D Multichannel Seismic	2013			2013-603-DD	https://walrus.wr.usgs.gov/namss/survey/s-03-13-sc/
S-03-19-SC	U.S. Geological Survey	2D Multichannel Seismic	2019			2019-674-DD	https://walrus.wr.usgs.gov/namss/survey/s-03-19-sc/
T-03-11-AT	Woods Hole Coastal and Marine Science Center	2D Multichannel Seismic	2011	North Atlantic	Block Canyon,Block Island Shelf,Hudson Canyon	2011-003-FA	https://walrus.wr.usgs.gov/namss/survey/t-03-11-at/
T-06-12-AT	Woods Hole Coastal and Marine Science Center	2D Multichannel Seismic	2012	Middle Atlantic	Currituck Sound	2012-006-FA	https://walrus.wr.usgs.gov/namss/survey/t-06-12-at/
T-21-10-AT	Woods Hole Coastal and Marine Science Center	2D Multichannel Seismic	2010	North Atlantic	Block Canyon,Block Island Shelf,Hudson Canyon	2010-021-FA	https://walrus.wr.usgs.gov/namss/survey/t-21-10-at/
T-39-12-AT	Woods Hole Coastal and Marine Science Center	2D Multichannel Seismic	2012	Middle Atlantic	Currituck Sound,Evans,Hyman,Lippold,Wraight	2012-039-FA	https://walrus.wr.usgs.gov/namss/survey/t-39-12-at/
V-1-09-CA	U.S. Geological Survey	2D Multichannel Seismic	2009			V1-09-ML	https://walrus.wr.usgs.gov/namss/survey/v-1-09-ca/
V-1-11-CA	U.S. Geological Survey	2D Multichannel Seismic	2011			A-01-11-GA	https://walrus.wr.usgs.gov/namss/survey/v-1-11-ca/
W-1-11-FL	U.S. Geological Survey	2D Multichannel Seismic	2011	Florida South	Bimini		https://walrus.wr.usgs.gov/namss/survey/w-1-11-fl/
W-1-15-FL	U.S. Geological Survey	2D Multichannel Seismic	2015				https://walrus.wr.usgs.gov/namss/survey/w-1-15-fl/
W-1-68-EG	WesternGeco	2D Multichannel Seismic	1968	Gulf of Alaska	Bering Glacier,Icy Bay,Yakutat	1	https://walrus.wr.usgs.gov/namss/survey/w-1-68-eg/
W-1-70-SC	WesternGeco	2D Multichannel Seismic	1969	Southern California	Long Beach,Los Angeles,San Clemente Island,Santa Ana,Santa Rosa Island	101	https://walrus.wr.usgs.gov/namss/survey/w-1-70-sc/
W-1-79-CB	WesternGeco	2D Multichannel Seismic	1979			9501	https://walrus.wr.usgs.gov/namss/survey/w-1-79-cb/
W-1-81-GT	WesternGeco	2D Multichannel Seismic	1981			9001	https://walrus.wr.usgs.gov/namss/survey/w-1-81-gt/
W-10-70-AK	WesternGeco	2D Multichannel Seismic	1970			4010	https://walrus.wr.usgs.gov/namss/survey/w-10-70-ak/
W-10-78-SC	WesternGeco	2D Multichannel Seismic	1978	Central California,Southern California	Monterey,San Luis Obispo,Santa Cruz,Santa Maria,Sur Canyon	110	https://walrus.wr.usgs.gov/namss/survey/w-10-78-sc/
W-10-79-BS	WesternGeco	2D Multichannel Seismic	1979	North Aleutian Basin,Norton Basin,St. Matthew-Hall	Black,Cape Mendenhall,Cape Newenham,Hagemeister Island,Hooper Bay,Kuskokwim Bay,Norton Sound,Nunivak Island	00010	https://walrus.wr.usgs.gov/namss/survey/w-10-79-bs/
W-11-74-BS	WesternGeco	2D Multichannel Seismic	1974	Aleutian Basin,Bowers Basin,Navarin Basin,Norton Basin,St. George Basin,St. Matthew-Hall	Banks,Bering Sea,Black,Bossler,Gambell,Gambell South,Hooper Bay,Hooper Bay West,Norton Sound,Nunivak Island West,Pervenets Canyon,Pervenets Canyon East,Pribilof Canyon,Saulsbury,Saulsbury West,Southeast Cape,St. George,St. George Canyon,St. Lawrence,St. Matthew,St. Matthew Canyon,St. Matthew North,St. Matthew South,St. Matthew West,St. Paul,St. Paul East,St. Paul North,St. Paul Spur,Zhemchug Canyon,Zhemchug Spur	70011	https://walrus.wr.usgs.gov/namss/survey/w-11-74-bs/
W-12-76-SC	WesternGeco	2D Multichannel Seismic	1976	Southern California	Santa Maria	112	https://walrus.wr.usgs.gov/namss/survey/w-12-76-sc/
W-12-79-EG	WesternGeco	2D Multichannel Seismic	1979	Gulf of Alaska	Alsek Valley,Icy Bay,Yakutat	00012	https://walrus.wr.usgs.gov/namss/survey/w-12-79-eg/
W-13-77-SC	WesternGeco	2D Multichannel Seismic	1977	Southern California	Los Angeles,Santa Maria	113	https://walrus.wr.usgs.gov/namss/survey/w-13-77-sc/
W-13-79-AR	WesternGeco	2D Multichannel Seismic	1979	Beaufort Sea	Harrison Bay	00013	https://walrus.wr.usgs.gov/namss/survey/w-13-79-ar/
W-14-76-SF	WesternGeco	2D Multichannel Seismic	1976	Central California	San Francisco,Santa Cruz,Santa Rosa	114	https://walrus.wr.usgs.gov/namss/survey/w-14-76-sf/
W-14-79-WG	WesternGeco	2D Multichannel Seismic	1979	Cook Inlet	Afognak,Karluk,Mt. Katmai,Seldovia	00014	https://walrus.wr.usgs.gov/namss/survey/w-14-79-wg/
W-15-76-SC	WesternGeco	2D Multichannel Seismic	1976	Southern California	Patton Ridge,San Clemente Island,San Diego	115	https://walrus.wr.usgs.gov/namss/survey/w-15-76-sc/
W-15-79-BS	WesternGeco	2D Multichannel Seismic	1979	Norton Basin	Norton Sound,St. Michael	00015	https://walrus.wr.usgs.gov/namss/survey/w-15-79-bs/
W-16-76-SF	WesternGeco	2D Multichannel Seismic	1976	Central California	San Francisco,Santa Rosa	116	https://walrus.wr.usgs.gov/namss/survey/w-16-76-sf/
W-16-77-BS	WesternGeco	2D Multichannel Seismic	1977	Norton Basin,St. Matthew-Hall	Black,Norton Sound,St. Michael	00016	https://walrus.wr.usgs.gov/namss/survey/w-16-77-bs/
W-17-77-AR	WesternGeco	2D Multichannel Seismic	1977	Beaufort Sea	Barter Island,Beechey Point,Beechey Point North,Flaxman Island,Harrison Bay,Harrison Bay North	00017	https://walrus.wr.usgs.gov/namss/survey/w-17-77-ar/
W-17-79-NC	WesternGeco	2D Multichannel Seismic	1979	Central California,Northern California	Arena Canyon,Eureka,Noyo Canyon,Redding,Santa Rosa,Ukiah	117	https://walrus.wr.usgs.gov/namss/survey/w-17-79-nc/
W-18-75-NP	WesternGeco	2D Multichannel Seismic	1974	Central California,Northern California,Washington - Oregon	Arena Canyon,Cape Blanco,Cape Disappointment West,Cape Flattery,Coos Bay,Copalis Beach West,Eureka,Hoquiam,Newport Valley,Noyo Canyon,Salem,San Francisco,Santa Cruz,Santa Rosa,Tillamook Seachannel,Ukiah,Vancouver	118	https://walrus.wr.usgs.gov/namss/survey/w-18-75-np/
W-18-77-AR	WesternGeco	2D Multichannel Seismic	1977	Beaufort Sea	Beechey Point,Beechey Point North,Dease Inlet,Harrison Bay,Harrison Bay North	00018	https://walrus.wr.usgs.gov/namss/survey/w-18-77-ar/
W-19-78-AR	WesternGeco	2D Multichannel Seismic	1978	Beaufort Sea	Beechey Point,Flaxman Island	00019	https://walrus.wr.usgs.gov/namss/survey/w-19-78-ar/
W-2-11-FL	U.S. Geological Survey	2D Multichannel Seismic	2011	Florida South	Bimini		https://walrus.wr.usgs.gov/namss/survey/w-2-11-fl/
W-2-70-PS	WesternGeco	2D Multichannel Seismic	1971			102	https://walrus.wr.usgs.gov/namss/survey/w-2-70-ps/
W-2-70-SC	WesternGeco	2D Multichannel Seismic	1969	Southern California	Long Beach,Los Angeles,San Diego,Santa Ana	100 	https://walrus.wr.usgs.gov/namss/survey/w-2-70-sc/
W-2-75-WG	WesternGeco	2D Multichannel Seismic	1975	Cook Inlet	Afognak,Iliamna,Mt. Katmai,Seldovia	2	https://walrus.wr.usgs.gov/namss/survey/w-2-75-wg/
W-2-77-GK	WesternGeco	2D Multichannel Seismic	1977	North Atlantic	Block Island Shelf,Corsair Canyon,Hydrographer Canyon,Lydonia Canyon	70502	https://walrus.wr.usgs.gov/namss/survey/w-2-77-gk/
W-2-77-LE	WesternGeco	2D Multichannel Seismic	1977				https://walrus.wr.usgs.gov/namss/survey/w-2-77-le/
W-2-91-WY	WesternGeco	2D Multichannel Seismic	1991			3190221	https://walrus.wr.usgs.gov/namss/survey/w-2-91-wy/
W-20-79-AR	WesternGeco	2D Multichannel Seismic	1979	Beaufort Sea	Beechey Point,Flaxman Island	00020	https://walrus.wr.usgs.gov/namss/survey/w-20-79-ar/
W-21-80-BS	WesternGeco	2D Multichannel Seismic	1980	Norton Basin,St. Matthew-Hall	Black,Nome,Norton Sound,Solomon,St. Michael	00021	https://walrus.wr.usgs.gov/namss/survey/w-21-80-bs/
W-22-79-NP	WesternGeco	2D Multichannel Seismic	1979	Central California,Northern California,Southern California	Arena Canyon,Crescent City,Eureka,Noyo Canyon,San Francisco,San Luis Obispo,Santa Cruz,Santa Maria,Santa Rosa,Ukiah	122	https://walrus.wr.usgs.gov/namss/survey/w-22-79-np/
W-23-81-SC	WesternGeco	2D Multichannel Seismic	1981	Southern California	Long Beach,Los Angeles,Santa Maria	123	https://walrus.wr.usgs.gov/namss/survey/w-23-81-sc/
W-25-80-AR	WesternGeco	2D Multichannel Seismic	1980	Beaufort Sea	Beechey Point,Dease Inlet,Harrison Bay,Harrison Bay North,Teshekpuk	00025	https://walrus.wr.usgs.gov/namss/survey/w-25-80-ar/
W-26-80-WG	WesternGeco	2D Multichannel Seismic	1980	Cook Inlet	Afognak,Iliamna,Karluk,Mt. Katmai,Seldovia	00026	https://walrus.wr.usgs.gov/namss/survey/w-26-80-wg/
W-26-80-WO	WesternGeco	2D Multichannel Seismic	1980	Washington - Oregon	Cape Disappointment West,Hoquiam	126	https://walrus.wr.usgs.gov/namss/survey/w-26-80-wo/
W-27-81-CS	WesternGeco	2D Multichannel Seismic	1981	Beaufort Sea,Chukchi Sea,Hope Basin	Barrow,Barrow Canyon,Cape Seppings,Chukchi Sea,Hanna Shoal,Noatak,Point Hope,Point Hope West,Point Lay,Point Lay West,Posey,Solivik Island,Studds,Wainwright	00027	https://walrus.wr.usgs.gov/namss/survey/w-27-81-cs/
W-29-80-WO	WesternGeco	2D Multichannel Seismic	1980	Washington - Oregon	Cape Blanco,Cape Disappointment West,Cape Flattery,Coos Bay,Copalis Beach West,Hoquiam,Newport Valley,Salem,Tillamook Seachannel,Vancouver	129	https://walrus.wr.usgs.gov/namss/survey/w-29-80-wo/
W-3-69-BS	WesternGeco	2D Multichannel Seismic	1969	Chukchi Sea,Hope Basin,North Aleutian Basin,Norton Basin,Shumagin,St. George Basin,St. Matthew-Hall	Akutan,Akutan North,Bering Strait,Black,Bristol Bay North,Cape Mendenhall,Cape Newenham,Cape Seppings,Cape Seppings West,Chignik,Cold Bay,False Pass,Gambell,Hooper Bay,Kotzebue,Kuskokwim Bay,Little Diomede Island,Nome,Norton Sound,Nunivak Island,Point Hope,Point Hope West,Point Lay,Point Lay West,Shishmaref,Simeonof Island,Solivik Island,Solomon,St. Lawrence,St. Michael,Ugashik West,Ukivok,Unalakleet,Wainwright	3	https://walrus.wr.usgs.gov/namss/survey/w-3-69-bs/
W-3-75-SC	WesternGeco	2D Multichannel Seismic	1974	Southern California	Long Beach,San Clemente Island,San Diego,Santa Ana	103	https://walrus.wr.usgs.gov/namss/survey/w-3-75-sc/
W-3-79-CB	WesternGeco	2D Multichannel Seismic	1979			9503	https://walrus.wr.usgs.gov/namss/survey/w-3-79-cb/
W-3-81-NA	WesternGeco	2D Multichannel Seismic	1981	North Atlantic	Bear Seamount,Block Canyon,Block Island Shelf,Hydrographer Canyon,Lydonia Canyon,Veatch Canyon	70503	https://walrus.wr.usgs.gov/namss/survey/w-3-81-na/
W-3-91-WY	WesternGeco	2D Multichannel Seismic	1991			3190222	https://walrus.wr.usgs.gov/namss/survey/w-3-91-wy/
W-30-81-CS	WesternGeco	2D Multichannel Seismic	1981	Chukchi Sea,Hope Basin	Bering Strait,Cape Seppings,Cape Seppings West,Kotzebue,Noatak,Point Hope,Point Hope West,Shishmaref	00030	https://walrus.wr.usgs.gov/namss/survey/w-30-81-cs/
W-30-81-SC	WesternGeco	2D Multichannel Seismic	1981	Southern California	Long Beach,Los Angeles,San Clemente Island,Santa Ana	130	https://walrus.wr.usgs.gov/namss/survey/w-30-81-sc/
W-31-81-BS	WesternGeco	2D Multichannel Seismic	1981	North Aleutian Basin,St. George Basin	Akutan North,Cold Bay,St. George,St. George East	00031	https://walrus.wr.usgs.gov/namss/survey/w-31-81-bs/
W-31-81-SC	WesternGeco	2D Multichannel Seismic	1981	Southern California	San Diego,Santa Ana	131	https://walrus.wr.usgs.gov/namss/survey/w-31-81-sc/
W-32-82-CC	WesternGeco	2D Multichannel Seismic	1982	Central California,Southern California	Monterey,San Luis Obispo,Santa Cruz,Sur Canyon	132	https://walrus.wr.usgs.gov/namss/survey/w-32-82-cc/
W-33-81-AR	WesternGeco	2D Multichannel Seismic	1981	Beaufort Sea	Flaxman Island	00033	https://walrus.wr.usgs.gov/namss/survey/w-33-81-ar/
W-33-82-SC	WesternGeco	2D Multichannel Seismic	1982	Southern California	Long Beach,Los Angeles,Santa Maria,Santa Rosa Island	133	https://walrus.wr.usgs.gov/namss/survey/w-33-82-sc/
W-34-82-AA	WesternGeco	2D Multichannel Seismic	1982	Cook Inlet,Kodiak,Shumagin	Karluk,Sutwik Island,Trinity Islands,Ugashik	00034	https://walrus.wr.usgs.gov/namss/survey/w-34-82-aa/
W-34-82-MB	WesternGeco	2D Multichannel Seismic	1982	Central California	San Francisco,Santa Cruz	134	https://walrus.wr.usgs.gov/namss/survey/w-34-82-mb/
W-35-82-NC	WesternGeco	2D Multichannel Seismic	1982	Central California,Northern California,Washington - Oregon	Arena Canyon,Cape Blanco,Crescent City,Eureka,Noyo Canyon,San Francisco,Santa Rosa,Ukiah	135	https://walrus.wr.usgs.gov/namss/survey/w-35-82-nc/
W-36-83-SC	WesternGeco	2D Multichannel Seismic	1983	Southern California	Bushnell Knoll,Long Beach,Los Angeles,San Clemente Island	136	https://walrus.wr.usgs.gov/namss/survey/w-36-83-sc/
W-37-84-SC	WesternGeco	2D Multichannel Seismic	1984	Southern California	Los Angeles,Santa Maria	137	https://walrus.wr.usgs.gov/namss/survey/w-37-84-sc/
W-38-83-SC	WesternGeco	2D Multichannel Seismic	1983	Southern California	San Luis Obispo,Santa Maria	138	https://walrus.wr.usgs.gov/namss/survey/w-38-83-sc/
W-39-85-WO	WesternGeco	2D Multichannel Seismic	1985	Northern California,Washington - Oregon	Cape Blanco,Cape Disappointment West,Cape Flattery,Coos Bay,Copalis Beach West,Crescent City,Hoquiam	139	https://walrus.wr.usgs.gov/namss/survey/w-39-85-wo/
W-4-74-SC	WesternGeco	2D Multichannel Seismic	1974	Central California,Southern California	Monterey,San Luis Obispo,Santa Cruz,Santa Maria,Sur Canyon	104	https://walrus.wr.usgs.gov/namss/survey/w-4-74-sc/
W-4-77-SA	WesternGeco	2D Multichannel Seismic	1977			9004	https://walrus.wr.usgs.gov/namss/survey/w-4-77-sa/
W-4-82-NA	WesternGeco	2D Multichannel Seismic	1982	Middle Atlantic,North Atlantic	Baltimore Rise,Block Canyon,Block Island Shelf,Cape Fear,Chincoteague,Currituck Sound,Hudson Canyon,Manteo,Marmer,Richardson Hills,Russell,Wittman	70504	https://walrus.wr.usgs.gov/namss/survey/w-4-82-na/
W-4-82-NC	WesternGeco	2D Multichannel Seismic	1982	Central California,Northern California	Crescent City,Eureka,Noyo Canyon,San Francisco,Santa Cruz,Santa Rosa,Ukiah,Weed	70104	https://walrus.wr.usgs.gov/namss/survey/w-4-82-nc/
W-40-80-AK	WesternGeco	2D Multichannel Seismic	1980			72140	https://walrus.wr.usgs.gov/namss/survey/w-40-80-ak/
W-40-85-SC	WesternGeco	2D Multichannel Seismic	1985	Southern California	Long Beach,Los Angeles,Santa Maria	140	https://walrus.wr.usgs.gov/namss/survey/w-40-85-sc/
W-5-75-NR	WesternGeco	2D Multichannel Seismic	1975	Middle Atlantic,South Atlantic	Beaufort,Cape Fear,Georgetown,James Island,Manteo,Marmer,Richardson Hills,Russell		https://walrus.wr.usgs.gov/namss/survey/w-5-75-nr/
W-5-75-SC	WesternGeco	2D Multichannel Seismic	1975	Central California,Southern California	Monterey,San Luis Obispo,Santa Cruz,Santa Maria,Sur Canyon	105	https://walrus.wr.usgs.gov/namss/survey/w-5-75-sc/
W-5-77-AR	WesternGeco	2D Multichannel Seismic	1977	Beaufort Sea	Beechey Point,Flaxman Island,Harrison Bay	5	https://walrus.wr.usgs.gov/namss/survey/w-5-77-ar/
W-5-82-SC	WesternGeco	2D Multichannel Seismic	1982	Southern California	Bushnell Knoll,Long Beach,Los Angeles,San Clemente Island,San Diego,Santa Ana,Santa Rosa Island	70105	https://walrus.wr.usgs.gov/namss/survey/w-5-82-sc/
W-50-70-CS	WesternGeco	2D Multichannel Seismic	1970	Chukchi Sea	Point Lay,Point Lay West,Solivik Island	72150	https://walrus.wr.usgs.gov/namss/survey/w-50-70-cs/
W-6-75-NC	WesternGeco	2D Multichannel Seismic	1975	Northern California,Washington - Oregon	Cape Blanco,Crescent City,Eureka,Weed	106	https://walrus.wr.usgs.gov/namss/survey/w-6-75-nc/
W-6-78-BS	WesternGeco	2D Multichannel Seismic	1978	Navarin Basin,St. George Basin,St. Matthew-Hall	Banks,Bering Sea,Pervenets Canyon,Pervenets Canyon East,Saulsbury,Saulsbury West,St. Matthew Canyon,St. Matthew South,St. Matthew West,Zhemchug Spur	6	https://walrus.wr.usgs.gov/namss/survey/w-6-78-bs/
W-6-80-NA	WesternGeco	2D Multichannel Seismic	1980	Middle Atlantic,South Atlantic	Beaufort,Cape Fear,Currituck Sound,Jacksonville,Manteo,Marmer,Richardson Hills,Russell,Stetson Mesa,Wittman	70506	https://walrus.wr.usgs.gov/namss/survey/w-6-80-na/
W-6-85-SC	WesternGeco	2D Multichannel Seismic	1985	Southern California	Los Angeles,Santa Maria		https://walrus.wr.usgs.gov/namss/survey/w-6-85-sc/
W-62-77-AR	WesternGeco	2D Multichannel Seismic	1977	Beaufort Sea,Chukchi Sea	Barrow,Barter Island,Beechey Point,Beechey Point North,Dease Inlet,Demarcation Point,Flaxman Island,Flaxman Island North,Harrison Bay,Harrison Bay North,Mackenzie Canyon,Mackenzie Canyon North,Teshekpuk	72162 	https://walrus.wr.usgs.gov/namss/survey/w-62-77-ar/
W-67-82-WG	WesternGeco	2D Multichannel Seismic	1982	Cook Inlet,Kodiak	Afognak,Karluk,Mt. Katmai,Trinity Islands,Ugashik	00067	https://walrus.wr.usgs.gov/namss/survey/w-67-82-wg/
W-7-75-SC	WesternGeco	2D Multichannel Seismic	1975	Southern California	Long Beach,Los Angeles,Santa Maria,Santa Rosa Island	107	https://walrus.wr.usgs.gov/namss/survey/w-7-75-sc/
W-7-76-BS	WesternGeco	2D Multichannel Seismic	1976	North Aleutian Basin,St. George Basin	Akutan North,Bristol Bay,Chignik,Cold Bay,False Pass	70007	https://walrus.wr.usgs.gov/namss/survey/w-7-76-bs/
W-8-75-NP	WesternGeco	2D Multichannel Seismic	1974	Central California,Northern California,Southern California,Washington - Oregon	Arena Canyon,Cape Blanco,Cape Disappointment West,Cape Flattery,Coos Bay,Copalis Beach West,Crescent City,Eureka,Hoquiam,Monterey,Newport Valley,Noyo Canyon,Salem,San Francisco,San Luis Obispo,Santa Cruz,Santa Maria,Santa Rosa,Sur Canyon,Tillamook Seachannel,Ukiah,Vancouver	108	https://walrus.wr.usgs.gov/namss/survey/w-8-75-np/
W-8-78-AR	WesternGeco	2D Multichannel Seismic	1978	Beaufort Sea	Beechey Point,Flaxman Island,Harrison Bay	8	https://walrus.wr.usgs.gov/namss/survey/w-8-78-ar/
W-8-82-CB	WesternGeco	2D Multichannel Seismic	1982			9008	https://walrus.wr.usgs.gov/namss/survey/w-8-82-cb/
W-9-78-NC	WesternGeco	2D Multichannel Seismic	1977	Northern California,Washington - Oregon	Cape Blanco,Crescent City,Eureka,Weed	109	https://walrus.wr.usgs.gov/namss/survey/w-9-78-nc/
W-9-79-AR	WesternGeco	2D Multichannel Seismic	1979	Beaufort Sea	Beechey Point	9	https://walrus.wr.usgs.gov/namss/survey/w-9-79-ar/
W-95-92-SA	WesternGeco	2D Multichannel Seismic	1992			9500	https://walrus.wr.usgs.gov/namss/survey/w-95-92-sa/
