acquisitionInformation.acquisitionParameters.acquisitionSystemName	acquisitionInformation.acquisitionParameters.acquisitionSystemType	acquisitionInformation.acquisitionParameters.antennaToSource_inMeters	acquisitionInformation.acquisitionParameters.cableLength_inMeters	acquisitionInformation.acquisitionParameters.cableReceiverDepthRecorded	acquisitionInformation.acquisitionParameters.cableReceiverDepth_inMeters	acquisitionInformation.acquisitionParameters.channelLength_inMeters	acquisitionInformation.acquisitionParameters.compassBirds	acquisitionInformation.acquisitionParameters.nearChannelNumber	acquisitionInformation.acquisitionParameters.numberOfCables	acquisitionInformation.acquisitionParameters.numberOfChannelsEachCable	acquisitionInformation.acquisitionParameters.numberOfChannelsRecorded	acquisitionInformation.acquisitionParameters.receiverType	acquisitionInformation.acquisitionParameters.recordLength_inSeconds	acquisitionInformation.acquisitionParameters.sampleInterval_inMicroseconds	acquisitionInformation.acquisitionParameters.seismicNavSystem	acquisitionInformation.acquisitionParameters.shotControl	acquisitionInformation.acquisitionParameters.shotInterval_inSecondsOrMeters	acquisitionInformation.acquisitionParameters.sourceArraySeparation_inMeters	acquisitionInformation.acquisitionParameters.sourceDepth_inMeters	acquisitionInformation.acquisitionParameters.sourceNumber	acquisitionInformation.acquisitionParameters.sourcePressure_inBars	acquisitionInformation.acquisitionParameters.sourceToNearChannel_inMeters	acquisitionInformation.acquisitionParameters.sourceType	acquisitionInformation.acquisitionParameters.sourceVolume	acquisitionInformation.acquisitionParameters.sourceVolumeUnits	acquisitionInformation.acquisitionParameters.tailBuoyPositioning	acquisitionInformation.platformInformation.platform	acquisitionInformation.platformInformation.platformOrganization	acquisitionInformation.seismicNavFile.dataFileFormat	acquisitionInformation.seismicNavFile.offsetsApplied	acquisitionInformation.seismicNavFile.surveyDatum	datasetInformation.boundingCoordinates.eastLong	datasetInformation.boundingCoordinates.northLat	datasetInformation.boundingCoordinates.southLat	datasetInformation.boundingCoordinates.westLong	datasetInformation.dataClass	datasetInformation.dataContact.contactInformation.email	datasetInformation.dataContact.contactInformation.name	datasetInformation.dataContact.contactInformation.organization	datasetInformation.dataContact.contactInformation.role	datasetInformation.dataMedia	datasetInformation.dataType	datasetInformation.datasetAccessControl.accessControl.accessPerson.contactInformation.email	datasetInformation.datasetAccessControl.accessControl.accessPerson.contactInformation.name	datasetInformation.datasetAccessControl.accessControl.accessPerson.contactInformation.organization	datasetInformation.datasetAccessControl.accessControl.accessPerson.contactInformation.role	datasetInformation.datasetAccessControl.accessControl.accessReleaseDate	datasetInformation.datasetAccessControl.accessControl.accessState	datasetInformation.datasetContentLink	datasetInformation.datasetDescription	datasetInformation.datasetID	datasetInformation.datasetProcessing.processingParameters.processContact.contactInformation.email	datasetInformation.datasetProcessing.processingParameters.processContact.contactInformation.name	datasetInformation.datasetProcessing.processingParameters.processContact.contactInformation.organization	datasetInformation.datasetProcessing.processingParameters.processContact.contactInformation.role	datasetInformation.datasetProcessing.processingParameters.processingScope	datasetInformation.datasetProcessing.processingParameters.processingStep	datasetInformation.datasetProcessing.processingParameters.processingStepDate	datasetInformation.datasetQualityDescription	datasetInformation.datasetSize	datasetInformation.datasetStartDate.date	datasetInformation.datasetStartDate.dateTypeCode	datasetInformation.datasetTitle	datasetInformation.datasetZipLink	datasetInformation.documentation.citationInformation.author	datasetInformation.documentation.citationInformation.citationDate.date	datasetInformation.documentation.citationInformation.citationDate.dateTypeCode	datasetInformation.documentation.citationInformation.doi	datasetInformation.documentation.citationInformation.journalName	datasetInformation.documentation.citationInformation.onlineLinkage	datasetInformation.documentation.citationInformation.page	datasetInformation.documentation.citationInformation.title	datasetInformation.documentation.citationInformation.volume	datasetInformation.geographicFeatures.featureName	datasetInformation.processedDataClass	datasetInformation.processedMethod	datasetInformation.purpose	datasetInformation.resourceProvider.contactInformation.email	datasetInformation.resourceProvider.contactInformation.name	datasetInformation.resourceProvider.contactInformation.organization	datasetInformation.resourceProvider.contactInformation.role	datasetInformation.seismicDataProvenance	datasetInformation.supplementalInformation	datasetInformation.temporalExtent.endDate	datasetInformation.temporalExtent.startDate	metadataInformation.dateOfSubmission	metadataInformation.metadataContact.contactInformation.email	metadataInformation.metadataContact.contactInformation.name	metadataInformation.metadataContact.contactInformation.organization	metadataInformation.metadataContact.contactInformation.role	metadataInformation.metadataDate	metadataInformation.metadataStandard
	digital											Hydrophone_Streamer											SeismicSource_Sparker				Auriga	Unspecified	410	undocumented	WGS84	-117.45908	34.01057	32.66636	-118.91583	processed	hart@usgs.gov	Patrick Hart	U.S. Geological Survey	pointOfContact	Online	Seismic:Active:MCS	hart@usgs.gov	Patrick Hart	U.S. Geological Survey	pointOfContact	2000-06-29	open	https://walrus.wr.usgs.gov/namss/survey/a-1-00-sc-multichannel/dataset/	Unspecified	namss.A-1-00-SC.mcs.sparker.zip					dataset	Unspecified		Unspecified	249.6 MB	2000-06-05	creation	Data zip file	https://walrus.wr.usgs.gov/namss/data/2000/namss.A-1-00-SC.mcs.sparker.zip										Southern California	Stack	Seismic:Reflection		hart@usgs.gov	Patrick Hart	U.S. Geological Survey	pointOfContact	DigitalSeg:DigitallyAcquired		2000-06-29	2000-06-05	2016-05-23	ptriezenberg@usgs.gov	Peter Triezenberg	U.S. Geological Survey	pointOfContact	2018-03-16	Seismic Metadata v.1
	digital											Hydrophone_Streamer											SeismicSource_Gun_Air						410	no	WGS84	-119.72170	34.40989	34.10087	-120.11787	processed	rsliter@usgs.gov	Ray Sliter	U.S. Geological Survey	custodian	Online	Seismic:Active:MCS	Unspecified	Unspecified	Unspecified	resourceProvider		open	https://walrus.wr.usgs.gov/namss/survey/a-1-02-sc_gimcs/dataset/	Stacked multichannel seismic reflection data of cruise A-1-02-SC	namss.A-1-02-SC.mcs.airgun.zip					dataset	Unspecified		Unspecified	393.3 MB	2002-06-14	creation	Dataset zip file	https://walrus.wr.usgs.gov/namss/data/2002/namss.A-1-02-SC.mcs.airgun.zip	William R. Normark, Michael A. Fisher, Christina E. Gutmacher, Ray Sliter, Lori Hibbeler, Beth Feingold, and Jane A. Reid	2003-01-01	published		USGS Publications Warehouse	https://pubs.er.usgs.gov/publication/ofr2003110		Cruise report for A1-02-SC southern California CABRILLO project, Earthquake Hazards Task	Open-File Report 2003-110 	Southern California		Seismic:Reflection	A two-week marine geophysical survey obtained sidescan-sonar images and multiple sets of high-resolution seismic-reflection profiles in the southern California offshore area between Point Arguello and Point Dume. The data were obtained to support two project activities of the United States Geological Survey (USGS) Coastal and Marine Geology (CMG) Program: (1) the evaluation of the geologic hazards posed by earthquake faults and landslides in the offshore areas of Santa Barbara Channel and western Santa Monica Basin and (2) determine the location of active hydrocarbon seeps in the vicinity of Point Conception as part of a collaborative study with the Minerals Management Service (MMS). The 2002 cruise, A1-02- SC, is the fourth major data-collection effort in support of the first objective (Normark et al., 1999a, b; Gutmacher et al., 2000).	hart@usgs.gov	Patrick Hart	U.S. Geological Survey	pointOfContact	DigitalSeg:DigitallyAcquired		2002-06-29	2002-06-14	2017-02-08	ptriezenberg@usgs.gov	Peter Triezenberg	U.S. Geological Survey	pointOfContact	2018-03-16	Seismic Metadata v.1
	digital											Hydrophone_Streamer											SeismicSource_Sparker						410	no	WGS84	-119.77193	34.44872	34.24932	-120.11137	processed	rsliter@usgs.gov	Ray Sliter	U.S. Geological Survey	custodian	Online	Seismic:Active:MCS	Unspecified	Unspecified	Unspecified	resourceProvider		open	https://walrus.wr.usgs.gov/namss/survey/a-1-02-sc_msmcs/dataset/	Stacked multi-channel minisparker seismic-reflection data of cruise A-1-02-SC	namss.A-1-02-SC.mcs.sparker.zip					dataset	Unspecified		Unspecified	396.2 MB	2002-06-14	creation	Dataset zip file	https://walrus.wr.usgs.gov/namss/data/2002/namss.A-1-02-SC.mcs.sparker.zip	William R. Normark, Michael A. Fisher, Christina E. Gutmacher, Ray Sliter, Lori Hibbeler, Beth Feingold, and Jane A. Reid	2003-01-01	published		USGS Publications Warehouse	https://pubs.er.usgs.gov/publication/ofr2003110		Cruise report for A1-02-SC southern California CABRILLO project, Earthquake Hazards Task	Open-File Report 2003-110 		Stack	Seismic:Reflection	A two-week marine geophysical survey obtained sidescan-sonar images and multiple sets of high-resolution seismic-reflection profiles in the southern California offshore area between Point Arguello and Point Dume. The data were obtained to support two project activities of the United States Geological Survey (USGS) Coastal and Marine Geology (CMG) Program: (1) the evaluation of the geologic hazards posed by earthquake faults and landslides in the offshore areas of Santa Barbara Channel and western Santa Monica Basin and (2) determine the location of active hydrocarbon seeps in the vicinity of Point Conception as part of a collaborative study with the Minerals Management Service (MMS). The 2002 cruise, A1-02- SC, is the fourth major data-collection effort in support of the first objective (Normark et al., 1999a, b; Gutmacher et al., 2000).	hart@usgs.gov	Patrick Hart	U.S. Geological Survey	pointOfContact	DigitalSeg:DigitallyAcquired		2002-06-29	2002-06-14	2017-02-07	ptriezenberg@usgs.gov	Peter Triezenberg	U.S. Geological Survey	pointOfContact	2018-03-16	Seismic Metadata v.1
DFS-V	digital		2374.39200		9.44880	24.99360						Hydrophone_Streamer	6.00000	2000		Distance	24.99360		6.09600			202.99680	Other				Glorita Tide	Geodigit	SEGP1	undocumented	NAD27	-92.09660	28.00779	27.94530	-92.18261	processed	matthew.wilson@boem.gov	Matthew Wilson	Bureau of Ocean Energy Management	pointOfContact	Online	Seismic:Active:MCS	matthew.wilson@boem.gov	Matthew Wilson	Bureau of Ocean Energy Management	pointOfContact	2004-01-25	open	https://walrus.wr.usgs.gov/namss/survey/b-00-79-la/dataset/	These data were acquired by BOEM (formerly MMS and USGS).  Under the terms of procurement, these data are to be available to the public 25 years after the issuance of the exploration permit.	namss.B-00-79-LA.mcs.vaporchoc.zip					dataset	Unspecified		Unspecified	7.5 MB	1979-01-01	creation	Data zip file	https://walrus.wr.usgs.gov/namss/data/1979/namss.B-00-79-LA.mcs.vaporchoc.zip										South Marsh Island	Stack	Seismic:Reflection	These data were acquired commercially for geophysical and geological (G&G) exploration of oil and gas prospects on the U.S. Outer Continental Shelf (OCS).  The Dept. of Interior, which regulates G&G activities on the OCS, acquired these data in order to ensure that the Federal government received fair market value for leases issued for oil and gas production on the OCS, and to accomplish other regulatory functions.	hart@usgs.gov	Patrick Hart	U.S. Geological Survey	pointOfContact	DigitalSeg:DigitallyAcquired	MCS Data transferred from BOEM to USGS for posting on NAMSS. Limited information available.	1979-01-31	1979-01-01	2016-05-23	ptriezenberg@usgs.gov	Peter Triezenberg	U.S. Geological Survey	pointOfContact	2018-03-16	Seismic Metadata v.1
DFS-III	digital								1			Hydrophone_Streamer								10			SeismicSource_Gun_Air	1700.00000	Cubic Inches		Atlantic Seal	Digicon	SEGP1	undocumented	NAD83	-70.39941	40.58820	37.85201	-74.59488	processed	matthew.wilson@boem.gov	Matthew Wilson	Bureau of Ocean Energy Management	pointOfContact	Online	Seismic:Active:MCS	matthew.wilson@boem.gov	Matthew Wilson	Bureau of Ocean Energy Management	pointOfContact	2000-04-23	open	https://walrus.wr.usgs.gov/namss/survey/b-01-75-at/dataset/	These data were acquired by BOEM (formerly MMS and USGS).  Under the terms of procurement, these data are to be available to the public 25 years after the issuance of the exploration permit.	namss.B-01-75-AT.mcs.airgun.zip					dataset	Unspecified		Unspecified	2.4 GB	1975-04-01	creation	Data zip file	https://walrus.wr.usgs.gov/namss/data/1975/namss.B-01-75-AT.mcs.airgun.zip										Baltimore Canyon	Migration:Depth, Migration, Other, Stack	Seismic:Reflection, Seismic:Velocity	These data were acquired commercially for geophysical and geological (G&G) exploration of oil and gas prospects on the U.S. Outer Continental Shelf (OCS).  The Dept. of Interior, which regulates G&G activities on the OCS, acquired these data in order to ensure that the Federal government received fair market value for leases issued for oil and gas production on the OCS, and to accomplish other regulatory functions.	hart@usgs.gov	Patrick Hart	U.S. Geological Survey	pointOfContact	DigitalSeg:DigitallyAcquired	MCS Data transferred from BOEM to USGS for posting on NAMSS. Limited information available.	1975-04-30	1975-04-01	2016-05-23	ptriezenberg@usgs.gov	Peter Triezenberg	U.S. Geological Survey	pointOfContact	2018-03-16	Seismic Metadata v.1
DFS-IV	digital		2349.39840		11.43000	49.98720					48	Hydrophone_Streamer	6.00000	2000		Distance	24.99360		15.24000	7		270.96720	Other				Deep Sea Explorer	Geosource	SEGP1	undocumented	NAD27	-89.17095	28.95265	28.57102	-89.37113	processed	matthew.wilson@boem.gov	Matthew Wilson	Bureau of Ocean Energy Management	pointOfContact	Online	Seismic:Active:MCS	matthew.wilson@boem.gov	Matthew Wilson	Bureau of Ocean Energy Management	pointOfContact	2002-05-25	open	https://walrus.wr.usgs.gov/namss/survey/b-01-77-la/dataset/	These data were acquired by BOEM (formerly MMS and USGS).  Under the terms of procurement, these data are to be available to the public 25 years after the issuance of the exploration permit.	namss.B-01-77-LA.mcs.stagaray.zip					dataset	Unspecified		Unspecified	15.4 MB	1977-05-01	creation	Data zip file	https://walrus.wr.usgs.gov/namss/data/1977/namss.B-01-77-LA.mcs.stagaray.zip										South Pass	Stack	Seismic:Reflection	These data were acquired commercially for geophysical and geological (G&G) exploration of oil and gas prospects on the U.S. Outer Continental Shelf (OCS).  The Dept. of Interior, which regulates G&G activities on the OCS, acquired these data in order to ensure that the Federal government received fair market value for leases issued for oil and gas production on the OCS, and to accomplish other regulatory functions.	hart@usgs.gov	Patrick Hart	U.S. Geological Survey	pointOfContact	DigitalSeg:DigitallyAcquired	MCS Data transferred from BOEM to USGS for posting on NAMSS. Limited information available.	1977-05-31	1977-05-01	2016-05-23	ptriezenberg@usgs.gov	Peter Triezenberg	U.S. Geological Survey	pointOfContact	2018-03-16	Seismic Metadata v.1
	digital											Hydrophone_Streamer											SeismicSource_Gun_Air						SEGP1	undocumented	NAD83	-72.03049	39.87120	39.59591	-72.47954	processed	matthew.wilson@boem.gov	Matthew Wilson	Bureau of Ocean Energy Management	pointOfContact	Online	Seismic:Active:MCS	matthew.wilson@boem.gov	Matthew Wilson	Bureau of Ocean Energy Management	pointOfContact	2005-01-24	open	https://walrus.wr.usgs.gov/namss/survey/b-01-78-at/dataset/	These data were acquired by BOEM (formerly MMS and USGS).  Under the terms of procurement, these data are to be available to the public 25 years after the issuance of the exploration permit.	namss.B-01-78-AT.mcs.airgun.zip					dataset	Unspecified		Unspecified	16.9 MB	1978-01-01	creation	Data zip file	https://walrus.wr.usgs.gov/namss/data/1978/namss.B-01-78-AT.mcs.airgun.zip										Atlantic Ocean	Stack	Seismic:Reflection	These data were acquired commercially for geophysical and geological (G&G) exploration of oil and gas prospects on the U.S. Outer Continental Shelf (OCS).  The Dept. of Interior, which regulates G&G activities on the OCS, acquired these data in order to ensure that the Federal government received fair market value for leases issued for oil and gas production on the OCS, and to accomplish other regulatory functions.	hart@usgs.gov	Patrick Hart	U.S. Geological Survey	pointOfContact	DigitalSeg:DigitallyAcquired	MCS Data transferred from BOEM to USGS for posting on NAMSS. Limited information available.	1978-01-31	1978-01-01	2016-05-23	ptriezenberg@usgs.gov	Peter Triezenberg	U.S. Geological Survey	pointOfContact	2018-03-16	Seismic Metadata v.1
MDS-10	digital	63.09360	3599.07840		10.05840				1		48	Hydrophone_Streamer	8.00000	4000		Distance	37.49040		4.57200	14		214.27440	SeismicSource_Gun_Air	2682.00000	Cubic Inches				SEGP1	undocumented	NAD83	-74.22113	36.35034	30.44691	-80.29978	processed	matthew.wilson@boem.gov	Matthew Wilson	Bureau of Ocean Energy Management	pointOfContact	Online	Seismic:Active:MCS	matthew.wilson@boem.gov	Matthew Wilson	Bureau of Ocean Energy Management	pointOfContact	2005-01-24	open	https://walrus.wr.usgs.gov/namss/survey/b-01-80-at/dataset/	These data were acquired by BOEM (formerly MMS and USGS).  Under the terms of procurement, these data are to be available to the public 25 years after the issuance of the exploration permit.	namss.B-01-80-AT.mcs.airgun.zip					dataset	Unspecified		Unspecified	2.4 GB	1980-01-01	creation	Data zip file	https://walrus.wr.usgs.gov/namss/data/1980/namss.B-01-80-AT.mcs.airgun.zip													These data were acquired commercially for geophysical and geological (G&G) exploration of oil and gas prospects on the U.S. Outer Continental Shelf (OCS).  The Dept. of Interior, which regulates G&G activities on the OCS, acquired these data in order to ensure that the Federal government received fair market value for leases issued for oil and gas production on the OCS, and to accomplish other regulatory functions.	hart@usgs.gov	Patrick Hart	U.S. Geological Survey	pointOfContact	DigitalSeg:DigitallyAcquired	MCS Data transferred from BOEM to USGS for posting on NAMSS. Limited information available.	1980-01-31	1980-01-01	2016-05-23	ptriezenberg@usgs.gov	Peter Triezenberg	U.S. Geological Survey	pointOfContact	2018-03-16	Seismic Metadata v.1
	digital		2940.10080		11.27760	14.99616			1		75	Hydrophone_Streamer	8.00000	4000		Distance	22.49424		11.27760	14		216.71280	SeismicSource_Gun_Air	2511.00000	Cubic Inches		Rob Ray I	Geosource	SEGP1	undocumented	NAD83	-66.81061	41.01726	30.18925	-79.63947	processed	matthew.wilson@boem.gov	Matthew Wilson	Bureau of Ocean Energy Management	pointOfContact	Online	Seismic:Active:MCS	matthew.wilson@boem.gov	Matthew Wilson	Bureau of Ocean Energy Management	pointOfContact	2006-05-25	open	https://walrus.wr.usgs.gov/namss/survey/b-01-81-at/dataset/	These data were acquired by BOEM (formerly MMS and USGS).  Under the terms of procurement, these data are to be available to the public 25 years after the issuance of the exploration permit.	namss.B-01-81-AT.mcs.airgun.zip					dataset	Unspecified		Unspecified	4.4 GB	1981-05-01	creation	Data zip file	https://walrus.wr.usgs.gov/namss/data/1981/namss.B-01-81-AT.mcs.airgun.zip										Atlantic Ocean	Migration, Other, Stack	Seismic:Reflection, Seismic:Velocity	These data were acquired commercially for geophysical and geological (G&G) exploration of oil and gas prospects on the U.S. Outer Continental Shelf (OCS).  The Dept. of Interior, which regulates G&G activities on the OCS, acquired these data in order to ensure that the Federal government received fair market value for leases issued for oil and gas production on the OCS, and to accomplish other regulatory functions.	hart@usgs.gov	Patrick Hart	U.S. Geological Survey	pointOfContact	DigitalSeg:DigitallyAcquired	MCS Data transferred from BOEM to USGS for posting on NAMSS. Limited information available.	1981-05-31	1981-05-01	2016-05-23	ptriezenberg@usgs.gov	Peter Triezenberg	U.S. Geological Survey	pointOfContact	2018-03-16	Seismic Metadata v.1
DFS-V	digital	64.99860	3200.00071		4.87680	33.29940			1		96	Hydrophone_Streamer		4000		Distance	33.29940					293.00119	SeismicSource_Gun_Air	2000.00000	Cubic Inches		Ida Green	Petroleum Services	SEGP1	undocumented	WGS84	-79.05779	27.73637	23.05750	-81.83333	processed	matthew.wilson@boem.gov	Matthew Wilson	Bureau of Ocean Energy Management	pointOfContact	Online	Seismic:Active:MCS	matthew.wilson@boem.gov	Matthew Wilson	Bureau of Ocean Energy Management	pointOfContact	2007-02-22	open	https://walrus.wr.usgs.gov/namss/survey/b-01-82-at/dataset/	These data were acquired by BOEM (formerly MMS and USGS).  Under the terms of procurement, these data are to be available to the public 25 years after the issuance of the exploration permit.	namss.B-01-82-AT.mcs.airgun.zip					dataset	Unspecified		Unspecified	2.0 GB	1982-02-01	creation	Data zip file	https://walrus.wr.usgs.gov/namss/data/1982/namss.B-01-82-AT.mcs.airgun.zip										Cay Sal (Old Bahama Channel)	Migration, Stack	Seismic:Reflection	These data were acquired commercially for geophysical and geological (G&G) exploration of oil and gas prospects on the U.S. Outer Continental Shelf (OCS).  The Dept. of Interior, which regulates G&G activities on the OCS, acquired these data in order to ensure that the Federal government received fair market value for leases issued for oil and gas production on the OCS, and to accomplish other regulatory functions.	hart@usgs.gov	Patrick Hart	U.S. Geological Survey	pointOfContact	DigitalSeg:DigitallyAcquired	MCS Data transferred from BOEM to USGS for posting on NAMSS. Limited information available.	1982-02-28	1982-02-01	2016-05-23	ptriezenberg@usgs.gov	Peter Triezenberg	U.S. Geological Survey	pointOfContact	2018-03-16	Seismic Metadata v.1
DFS-V	digital		3524.09760		13.71600	74.98080					48	Hydrophone_Streamer		2000	Long Range Navigation	Distance	74.98080		8.99160	14		210.31200	SeismicSource_Gun_Air	2682.00000	Cubic Inches				SEGP1	undocumented	NAD27	-86.52861	29.14681	25.72990	-96.00288	processed	matthew.wilson@boem.gov	Matthew Wilson	Bureau of Ocean Energy Management	pointOfContact	Online	Seismic:Active:MCS	matthew.wilson@boem.gov	Matthew Wilson	Bureau of Ocean Energy Management	pointOfContact	2007-02-22	open	https://walrus.wr.usgs.gov/namss/survey/b-01-82-la/dataset/	These data were acquired by BOEM (formerly MMS and USGS).  Under the terms of procurement, these data are to be available to the public 25 years after the issuance of the exploration permit.	namss.B-01-82-LA.mcs.airgun.zip					dataset	Unspecified		Unspecified	137.8 MB	1982-02-01	creation	Data zip file	https://walrus.wr.usgs.gov/namss/data/1982/namss.B-01-82-LA.mcs.airgun.zip										Louisiana	Stack	Seismic:Reflection	These data were acquired commercially for geophysical and geological (G&G) exploration of oil and gas prospects on the U.S. Outer Continental Shelf (OCS).  The Dept. of Interior, which regulates G&G activities on the OCS, acquired these data in order to ensure that the Federal government received fair market value for leases issued for oil and gas production on the OCS, and to accomplish other regulatory functions.	hart@usgs.gov	Patrick Hart	U.S. Geological Survey	pointOfContact	DigitalSeg:DigitallyAcquired	MCS Data transferred from BOEM to USGS for posting on NAMSS. Limited information available.	1982-02-28	1982-02-01	2016-05-23	ptriezenberg@usgs.gov	Peter Triezenberg	U.S. Geological Survey	pointOfContact	2018-03-16	Seismic Metadata v.1
DFS-V	digital								1		160	Hydrophone_Streamer	6.00000	4000		Distance	24.99970		12.49680	40		274.01520	SeismicSource_Gun_Air	6000.00000	Cubic Inches		Mobile Search	Mobile E&P Services	SEGP1	undocumented	WGS84	-67.62827	40.72845	40.47707	-68.02356	processed	matthew.wilson@boem.gov	Matthew Wilson	Bureau of Ocean Energy Management	pointOfContact	Online	Seismic:Active:MCS	matthew.wilson@boem.gov	Matthew Wilson	Bureau of Ocean Energy Management	pointOfContact	2008-05-24	open	https://walrus.wr.usgs.gov/namss/survey/b-01-83-at/dataset/	These data were acquired by BOEM (formerly MMS and USGS).  Under the terms of procurement, these data are to be available to the public 25 years after the issuance of the exploration permit.	namss.B-01-83-AT.mcs.airgun.zip					dataset	Unspecified		Unspecified	456.9 MB	1983-05-01	creation	Data zip file	https://walrus.wr.usgs.gov/namss/data/1983/namss.B-01-83-AT.mcs.airgun.zip										North Atlantic Ocean	Migration, Other, Stack	Seismic:Reflection, Seismic:Velocity	These data were acquired commercially for geophysical and geological (G&G) exploration of oil and gas prospects on the U.S. Outer Continental Shelf (OCS).  The Dept. of Interior, which regulates G&G activities on the OCS, acquired these data in order to ensure that the Federal government received fair market value for leases issued for oil and gas production on the OCS, and to accomplish other regulatory functions.	hart@usgs.gov	Patrick Hart	U.S. Geological Survey	pointOfContact	DigitalSeg:DigitallyAcquired	MCS Data transferred from BOEM to USGS for posting on NAMSS. Limited information available.	1983-05-31	1983-05-01	2016-05-23	ptriezenberg@usgs.gov	Peter Triezenberg	U.S. Geological Survey	pointOfContact	2018-03-16	Seismic Metadata v.1
	digital	57.91200	2974.23840		11.88720	24.99360			1		120	Hydrophone_Streamer	7.00000	2000		Distance	24.99360		7.92480	18		284.98800	SeismicSource_Gun_Air	3000.00000	Cubic Inches		Sofie Bravo	Digicon	SEGP1	undocumented	NAD83	-65.55663	42.88342	40.84101	-68.43222	processed	matthew.wilson@boem.gov	Matthew Wilson	Bureau of Ocean Energy Management	pointOfContact	Online	Seismic:Active:MCS	matthew.wilson@boem.gov	Matthew Wilson	Bureau of Ocean Energy Management	pointOfContact	2009-05-25	open	https://walrus.wr.usgs.gov/namss/survey/b-01-84-at/dataset/	These data were acquired by BOEM (formerly MMS and USGS).  Under the terms of procurement, these data are to be available to the public 25 years after the issuance of the exploration permit.	namss.B-01-84-AT.mcs.airgun.zip					dataset	Unspecified		Unspecified	738.9 MB	1984-05-01	creation	Data zip file	https://walrus.wr.usgs.gov/namss/data/1984/namss.B-01-84-AT.mcs.airgun.zip										Gulf of Maine	Migration	Seismic:Reflection	These data were acquired commercially for geophysical and geological (G&G) exploration of oil and gas prospects on the U.S. Outer Continental Shelf (OCS).  The Dept. of Interior, which regulates G&G activities on the OCS, acquired these data in order to ensure that the Federal government received fair market value for leases issued for oil and gas production on the OCS, and to accomplish other regulatory functions.	hart@usgs.gov	Patrick Hart	U.S. Geological Survey	pointOfContact	DigitalSeg:DigitallyAcquired	MCS Data transferred from BOEM to USGS for posting on NAMSS. Limited information available.	1984-05-31	1984-05-01	2016-05-23	ptriezenberg@usgs.gov	Peter Triezenberg	U.S. Geological Survey	pointOfContact	2018-03-16	Seismic Metadata v.1
	digital											Hydrophone_Streamer											SeismicSource_Gun_Air						SEGP1	undocumented	NAD83	-71.10319	40.58421	36.40586	-75.86776	processed	matthew.wilson@boem.gov	Matthew Wilson	Bureau of Ocean Energy Management	pointOfContact	Online	Seismic:Active:MCS	matthew.wilson@boem.gov	Matthew Wilson	Bureau of Ocean Energy Management	pointOfContact	2013-01-31	open	https://walrus.wr.usgs.gov/namss/survey/b-01-88-at/dataset/	These data were acquired by BOEM (formerly MMS and USGS).  Under the terms of procurement, these data are to be available to the public 25 years after the issuance of the exploration permit.	namss.B-01-88-AT.mcs.airgun.zip					dataset	Unspecified		Unspecified	286.6 MB	1988-01-01	creation	Data zip file	https://walrus.wr.usgs.gov/namss/data/1988/namss.B-01-88-AT.mcs.airgun.zip											Migration, Stack	Seismic:Reflection	These data were acquired commercially for geophysical and geological (G&G) exploration of oil and gas prospects on the U.S. Outer Continental Shelf (OCS).  The Dept. of Interior, which regulates G&G activities on the OCS, acquired these data in order to ensure that the Federal government received fair market value for leases issued for oil and gas production on the OCS, and to accomplish other regulatory functions.	hart@usgs.gov	Patrick Hart	U.S. Geological Survey	pointOfContact	DigitalSeg:DigitallyAcquired	MCS Data transferred from BOEM to USGS for posting on NAMSS. Limited information available.	1988-01-31	1988-01-01	2016-05-23	ptriezenberg@usgs.gov	Peter Triezenberg	U.S. Geological Survey	pointOfContact	2018-03-16	Seismic Metadata v.1
	digital											Hydrophone_Streamer											SeismicSource_Gun_Air						SEGP1	undocumented	NAD27	-92.03407	29.35392	28.26301	-93.18760	processed	matthew.wilson@boem.gov	Matthew Wilson	Bureau of Ocean Energy Management	pointOfContact	Online	Seismic:Active:MCS	matthew.wilson@boem.gov	Matthew Wilson	Bureau of Ocean Energy Management	pointOfContact	2014-01-31	open	https://walrus.wr.usgs.gov/namss/survey/b-01-89-gm/dataset/	These data were acquired by BOEM (formerly MMS and USGS).  Under the terms of procurement, these data are to be available to the public 25 years after the issuance of the exploration permit.	namss.B-01-89-GM.mcs.airgun.zip					dataset	Unspecified		Unspecified	3.6 GB	1989-01-01	creation	Data zip file	https://walrus.wr.usgs.gov/namss/data/1989/namss.B-01-89-GM.mcs.airgun.zip											Stack	Seismic:Reflection	These data were acquired commercially for geophysical and geological (G&G) exploration of oil and gas prospects on the U.S. Outer Continental Shelf (OCS).  The Dept. of Interior, which regulates G&G activities on the OCS, acquired these data in order to ensure that the Federal government received fair market value for leases issued for oil and gas production on the OCS, and to accomplish other regulatory functions.	hart@usgs.gov	Patrick Hart	U.S. Geological Survey	pointOfContact	DigitalSeg:DigitallyAcquired	MCS Data transferred from BOEM to USGS for posting on NAMSS. Limited information available.	1989-01-31	1989-01-01	2016-05-23	ptriezenberg@usgs.gov	Peter Triezenberg	U.S. Geological Survey	pointOfContact	2018-03-16	Seismic Metadata v.1
	digital											Hydrophone_Streamer											SeismicSource_Gun_Air						SEGP1	no	NAD27	-88.53340	30.06596	28.59840	-92.36593	processed	hart@usgs.gov	Patrick Hart	U.S. Geological Survey	pointOfContact	Online	Seismic:Active:MCS	hart@usgs.gov	Patrick Hart	U.S. Geological Survey	pointOfContact	2017-01-17	open	https://walrus.wr.usgs.gov/namss/survey/b-01-92-la/dataset/	These data were acquired by BOEM (formerly MMS and USGS). Under the terms of procurement, these data are to be available to the public 25 years after the issuance of the exploration permit.	namss.B-01-92-LA.mcs.airgun.zip					dataset	Unspecified		Unspecified	2.6 GB	1992-01-01	creation	Dataset zip file	https://walrus.wr.usgs.gov/namss/data/1992/namss.B-01-92-LA.mcs.airgun.zip										Gulf of Mexico	Stack	Seismic:Reflection	These data were acquired commercially for geophysical and geological (G&G) exploration of oil and gas prospects on the U.S. Outer Continental Shelf (OCS). The Dept. of Interior, which regulates G&G activities on the OCS, acquired these data in order to ensure that the Federal government received fair market value for leases issued for oil and gas production on the OCS, and to accomplish other regulatory functions.	matthew.wilson@boem.gov	Matthew Wilson	Bureau of Ocean Energy Management	pointOfContact	DigitalSeg:DigitallyAcquired	MCS Data transferred from BOEM to USGS for posting on NAMSS. Limited information available.	1992-01-01	1992-01-01	2017-04-12	ptriezenberg@usgs.gov	Peter Triezenberg	U.S. Geological Survey	pointOfContact	2018-03-16	Seismic Metadata v.1
	digital											Hydrophone_Streamer											SeismicSource_Gun_Air						SEGP1	no	NAD27	-87.96909	28.56982	27.39675	-93.98586	processed	hart@usgs.gov	Patrick Hart	U.S. Geological Survey	pointOfContact	Online	Seismic:Active:MCS	hart@usgs.gov	Patrick Hart	U.S. Geological Survey	pointOfContact	2020-01-01	open	https://walrus.wr.usgs.gov/namss/survey/b-01-95-la/dataset/	These data were acquired by BOEM (formerly MMS and USGS). Under the terms of procurement, these data are to be available to the public 25 years after the issuance of the exploration permit.	namss.B-01-95-LA.mcs.airgun.zip					dataset	Unspecified		Unspecified	35.0 MB	1995-01-01	creation	Dataset zip file	https://walrus.wr.usgs.gov/namss/data/1995/namss.B-01-95-LA.mcs.airgun.zip										Gulf of Mexico	Migration, Stack	Seismic:Reflection	These data were acquired commercially for geophysical and geological (G&G) exploration of oil and gas prospects on the U.S. Outer Continental Shelf (OCS). The Dept. of Interior, which regulates G&G activities on the OCS, acquired these data in order to ensure that the Federal government received fair market value for leases issued for oil and gas production on the OCS, and to accomplish other regulatory functions.	matthew.wilson@boem.gov	Matthew Wilson	Bureau of Ocean Energy Management	pointOfContact	DigitalSeg:DigitallyAcquired	MCS Data transferred from BOEM to USGS for posting on NAMSS. Limited information available.	1995-01-01	1995-01-01	2020-10-20	ptriezenberg@usgs.gov	Peter Triezenberg	U.S. Geological Survey	pointOfContact	2020-10-23	Seismic Metadata v.1
	digital											Hydrophone_Streamer											SeismicSource_Gun_Air						SEGP1	no	NAD27	-88.44547	30.06727	28.64400	-92.39032	processed	hart@usgs.gov	Patrick Hart	U.S. Geological Survey	pointOfContact	Online	Seismic:Active:MCS	hart@usgs.gov	Patrick Hart	U.S. Geological Survey	pointOfContact	2017-01-17	open	https://walrus.wr.usgs.gov/namss/survey/b-01a-92-la/dataset/	These data were acquired by BOEM (formerly MMS and USGS). Under the terms of procurement, these data are to be available to the public 25 years after the issuance of the exploration permit.	namss.B-01a-92-LA.mcs.airgun.zip					dataset	Unspecified		Unspecified	3.0 GB	1992-01-01	creation	Dataset zip file	https://walrus.wr.usgs.gov/namss/data/1992/namss.B-01a-92-LA.mcs.airgun.zip										Gulf of Mexico	Stack	Seismic:Reflection	These data were acquired commercially for geophysical and geological (G&G) exploration of oil and gas prospects on the U.S. Outer Continental Shelf (OCS). The Dept. of Interior, which regulates G&G activities on the OCS, acquired these data in order to ensure that the Federal government received fair market value for leases issued for oil and gas production on the OCS, and to accomplish other regulatory functions.	matthew.wilson@boem.gov	Matthew Wilson	Bureau of Ocean Energy Management	pointOfContact	DigitalSeg:DigitallyAcquired	MCS Data transferred from BOEM to USGS for posting on NAMSS. Limited information available.	1992-01-01	1992-01-01	2017-04-12	ptriezenberg@usgs.gov	Peter Triezenberg	U.S. Geological Survey	pointOfContact	2018-03-16	Seismic Metadata v.1
DFS-III	digital	239.57280	3569.20800						1			Hydrophone_Streamer		4000		Distance	50.29200		3.81000			72.84720	SeismicSource_Gun_Air	1700.00000	Cubic Inches		Atlantic Seal	Digicon	SEGP1	undocumented	NAD83	-74.88113	34.90825	29.23044	-80.19054	processed	matthew.wilson@boem.gov	Matthew Wilson	Bureau of Ocean Energy Management	pointOfContact	Online	Seismic:Active:MCS	matthew.wilson@boem.gov	Matthew Wilson	Bureau of Ocean Energy Management	pointOfContact	2002-05-25	open	https://walrus.wr.usgs.gov/namss/survey/b-02-77-at/dataset/	These data were acquired by BOEM (formerly MMS and USGS).  Under the terms of procurement, these data are to be available to the public 25 years after the issuance of the exploration permit.	namss.B-02-77-AT.mcs.airgun.zip					dataset	Unspecified		Unspecified	1.5 GB	1977-05-01	creation	Data zip file	https://walrus.wr.usgs.gov/namss/data/1977/namss.B-02-77-AT.mcs.airgun.zip										Blake Plateau	Migration:Depth, Migration, Stack	Seismic:Reflection	These data were acquired commercially for geophysical and geological (G&G) exploration of oil and gas prospects on the U.S. Outer Continental Shelf (OCS).  The Dept. of Interior, which regulates G&G activities on the OCS, acquired these data in order to ensure that the Federal government received fair market value for leases issued for oil and gas production on the OCS, and to accomplish other regulatory functions.	hart@usgs.gov	Patrick Hart	U.S. Geological Survey	pointOfContact	DigitalSeg:DigitallyAcquired	MCS Data transferred from BOEM to USGS for posting on NAMSS. Limited information available.	1977-05-31	1977-05-01	2016-05-23	ptriezenberg@usgs.gov	Peter Triezenberg	U.S. Geological Survey	pointOfContact	2017-09-28	Seismic Metadata v.1
DFS-V	digital		2939.18640		10.66800	14.99616			1		75	Hydrophone_Streamer	8.00000	4000			4000.00000		7.62000	14		214.88400	SeismicSource_Gun_Air	2444.00000	Cubic Inches		American III	Teledyne	SEGP1	undocumented	NAD83	-67.10769	41.08964	40.31587	-68.37227	processed	matthew.wilson@boem.gov	Matthew Wilson	Bureau of Ocean Energy Management	pointOfContact	Online	Seismic:Active:MCS	matthew.wilson@boem.gov	Matthew Wilson	Bureau of Ocean Energy Management	pointOfContact	2004-06-23	open	https://walrus.wr.usgs.gov/namss/survey/b-02-79-at/dataset/	These data were acquired by BOEM (formerly MMS and USGS).  Under the terms of procurement, these data are to be available to the public 25 years after the issuance of the exploration permit.	namss.B-02-79-AT.mcs.airgun.zip					dataset	Unspecified		Unspecified	664.4 MB	1979-06-01	creation	Data zip file	https://walrus.wr.usgs.gov/namss/data/1979/namss.B-02-79-AT.mcs.airgun.zip										Atlantic Ocean	Migration, Other, Stack	Seismic:Reflection, Seismic:Velocity	These data were acquired commercially for geophysical and geological (G&G) exploration of oil and gas prospects on the U.S. Outer Continental Shelf (OCS).  The Dept. of Interior, which regulates G&G activities on the OCS, acquired these data in order to ensure that the Federal government received fair market value for leases issued for oil and gas production on the OCS, and to accomplish other regulatory functions.	hart@usgs.gov	Patrick Hart	U.S. Geological Survey	pointOfContact	DigitalSeg:DigitallyAcquired	MCS Data transferred from BOEM to USGS for posting on NAMSS. Limited information available.	1979-06-30	1979-06-01	2016-05-23	ptriezenberg@usgs.gov	Peter Triezenberg	U.S. Geological Survey	pointOfContact	2018-03-16	Seismic Metadata v.1
DFS-V	digital		3599.07840						1		96	Hydrophone_Streamer		2000		Distance	49.98720			25		243.84000	SeismicSource_Gun_Air	2220.00000	Cubic Inches		Gulf Seal	Unspecified	SEGP1	undocumented	NAD83	-74.23390	36.57456	30.46867	-80.35692	processed	matthew.wilson@boem.gov	Matthew Wilson	Bureau of Ocean Energy Management	pointOfContact	Online	Seismic:Active:MCS	matthew.wilson@boem.gov	Matthew Wilson	Bureau of Ocean Energy Management	pointOfContact	2005-07-25	open	https://walrus.wr.usgs.gov/namss/survey/b-02-80-at/dataset/	These data were acquired by BOEM (formerly MMS and USGS).  Under the terms of procurement, these data are to be available to the public 25 years after the issuance of the exploration permit.	namss.B-02-80-AT.mcs.airgun.zip					dataset	Unspecified		Unspecified	1.7 GB	1980-07-01	creation	Data zip file	https://walrus.wr.usgs.gov/namss/data/1980/namss.B-02-80-AT.mcs.airgun.zip										South Atlantic Ocean	Migration:Depth, Migration, Other, Stack	Seismic:Reflection, Seismic:Velocity	These data were acquired commercially for geophysical and geological (G&G) exploration of oil and gas prospects on the U.S. Outer Continental Shelf (OCS).  The Dept. of Interior, which regulates G&G activities on the OCS, acquired these data in order to ensure that the Federal government received fair market value for leases issued for oil and gas production on the OCS, and to accomplish other regulatory functions.	hart@usgs.gov	Patrick Hart	U.S. Geological Survey	pointOfContact	DigitalSeg:DigitallyAcquired	MCS Data transferred from BOEM to USGS for posting on NAMSS. Limited information available.	1980-07-31	1980-07-01	2016-05-23	ptriezenberg@usgs.gov	Peter Triezenberg	U.S. Geological Survey	pointOfContact	2018-03-16	Seismic Metadata v.1
	digital											Other											Other						N83	undocumented	NAD83	-150.24922	71.07480	70.53068	-153.88936	processed	matthew.wilson@boem.gov	Matthew Wilson	Bureau of Ocean Energy Management	pointOfContact	Online	Seismic:Active:MCS	matthew.wilson@boem.gov	Matthew Wilson	Bureau of Ocean Energy Management	pointOfContact	2006-04-20	open	https://walrus.wr.usgs.gov/namss/survey/b-02-81-ar/dataset/	These data were acquired by BOEM (formerly MMS and USGS).  Under the terms of procurement, these data are to be available to the public 25 years after the issuance of the exploration permit.	namss.B-02-81-AR.mcs.vibroseis.zip					dataset	Unspecified		Unspecified	423.6 MB	1981-02-20	creation	Data zip file	https://walrus.wr.usgs.gov/namss/data/1981/namss.B-02-81-AR.mcs.vibroseis.zip										Beaufort Sea	Migration, Stack	Seismic:Reflection, Seismic:Velocity	These data were acquired commercially for geophysical and geological (G&G) exploration of oil and gas prospects on the U.S. Outer Continental Shelf (OCS).  The Dept. of Interior, which regulates G&G activities on the OCS, acquired these data in order to ensure that the Federal government received fair market value for leases issued for oil and gas production on the OCS, and to accomplish other regulatory functions.	hart@usgs.gov	Patrick Hart	U.S. Geological Survey	pointOfContact	DigitalSeg:DigitallyAcquired	MCS Data transferred from BOEM to USGS for posting on NAMSS. Limited information available.	1981-04-26	1981-02-20	2016-05-23	ptriezenberg@usgs.gov	Peter Triezenberg	U.S. Geological Survey	pointOfContact	2018-03-16	Seismic Metadata v.1
DFS-V	digital		3561.89280			37.49040			1		96	Hydrophone_Streamer		2000		Distance	37.49040		9.14400	14		224.94240	SeismicSource_Gun_Air	3050.00000	Cubic Inches		Geomar II	Digicon	SEGP1	undocumented	NAD83	-70.47128	40.13045	32.50949	-76.56231	processed	matthew.wilson@boem.gov	Matthew Wilson	Bureau of Ocean Energy Management	pointOfContact	Online	Seismic:Active:MCS	matthew.wilson@boem.gov	Matthew Wilson	Bureau of Ocean Energy Management	pointOfContact	2007-01-25	open	https://walrus.wr.usgs.gov/namss/survey/b-02-82-at/dataset/	These data were acquired by BOEM (formerly MMS and USGS).  Under the terms of procurement, these data are to be available to the public 25 years after the issuance of the exploration permit.	namss.B-02-82-AT.mcs.airgun.zip					dataset	Unspecified		Unspecified	6.5 GB	1982-01-01	creation	Data zip file	https://walrus.wr.usgs.gov/namss/data/1982/namss.B-02-82-AT.mcs.airgun.zip										Mid-south Atlantic Ocean	Migration:Depth, Migration, Stack	Seismic:Reflection	These data were acquired commercially for geophysical and geological (G&G) exploration of oil and gas prospects on the U.S. Outer Continental Shelf (OCS).  The Dept. of Interior, which regulates G&G activities on the OCS, acquired these data in order to ensure that the Federal government received fair market value for leases issued for oil and gas production on the OCS, and to accomplish other regulatory functions.	hart@usgs.gov	Patrick Hart	U.S. Geological Survey	pointOfContact	DigitalSeg:DigitallyAcquired	MCS Data transferred from BOEM to USGS for posting on NAMSS. Limited information available.	1982-01-31	1982-01-01	2016-05-23	ptriezenberg@usgs.gov	Peter Triezenberg	U.S. Geological Survey	pointOfContact	2018-03-16	Seismic Metadata v.1
DFS-V	digital				8.83920	24.99360					120	Hydrophone_Streamer		4000		Distance	24.99360		9.75360				SeismicSource_Gun_Air						SEGP1	undocumented	NAD27	-96.31763	26.52624	26.20567	-97.07879	processed	matthew.wilson@boem.gov	Matthew Wilson	Bureau of Ocean Energy Management	pointOfContact	Online	Seismic:Active:MCS	matthew.wilson@boem.gov	Matthew Wilson	Bureau of Ocean Energy Management	pointOfContact	2008-01-25	open	https://walrus.wr.usgs.gov/namss/survey/b-02-83-tx/dataset/	These data were acquired by BOEM (formerly MMS and USGS).  Under the terms of procurement, these data are to be available to the public 25 years after the issuance of the exploration permit.	namss.B-02-83-TX.mcs.airgun.zip					dataset	Unspecified		Unspecified	16.5 MB	1983-01-01	creation	Data zip file	https://walrus.wr.usgs.gov/namss/data/1983/namss.B-02-83-TX.mcs.airgun.zip										Texas	Stack	Seismic:Reflection	These data were acquired commercially for geophysical and geological (G&G) exploration of oil and gas prospects on the U.S. Outer Continental Shelf (OCS).  The Dept. of Interior, which regulates G&G activities on the OCS, acquired these data in order to ensure that the Federal government received fair market value for leases issued for oil and gas production on the OCS, and to accomplish other regulatory functions.	hart@usgs.gov	Patrick Hart	U.S. Geological Survey	pointOfContact	DigitalSeg:DigitallyAcquired	MCS Data transferred from BOEM to USGS for posting on NAMSS. Limited information available.	1983-01-31	1983-01-01	2016-05-23	ptriezenberg@usgs.gov	Peter Triezenberg	U.S. Geological Survey	pointOfContact	2018-03-16	Seismic Metadata v.1
DSS-144	digital				12.19200				1			Hydrophone_Streamer	6.00000	2000		Distance	24.99360		12.19200			608.38080	SeismicSource_Gun_Air	6000.00000	Cubic Inches		Arco Resolution	Arco	SEGP1	undocumented	NAD83	-66.00103	42.23814	41.14232	-67.12689	processed	matthew.wilson@boem.gov	Matthew Wilson	Bureau of Ocean Energy Management	pointOfContact	Online	Seismic:Active:MCS	matthew.wilson@boem.gov	Matthew Wilson	Bureau of Ocean Energy Management	pointOfContact	2009-06-24	open	https://walrus.wr.usgs.gov/namss/survey/b-02-84-at/dataset/	These data were acquired by BOEM (formerly MMS and USGS).  Under the terms of procurement, these data are to be available to the public 25 years after the issuance of the exploration permit.	namss.B-02-84-AT.mcs.airgun.zip					dataset	Unspecified		Unspecified	414.4 MB	1984-06-01	creation	Data zip file	https://walrus.wr.usgs.gov/namss/data/1984/namss.B-02-84-AT.mcs.airgun.zip										Yarmouth Arch	Migration, Stack	Seismic:Reflection	These data were acquired commercially for geophysical and geological (G&G) exploration of oil and gas prospects on the U.S. Outer Continental Shelf (OCS).  The Dept. of Interior, which regulates G&G activities on the OCS, acquired these data in order to ensure that the Federal government received fair market value for leases issued for oil and gas production on the OCS, and to accomplish other regulatory functions.	hart@usgs.gov	Patrick Hart	U.S. Geological Survey	pointOfContact	DigitalSeg:DigitallyAcquired	MCS Data transferred from BOEM to USGS for posting on NAMSS. Limited information available.	1984-06-30	1984-06-01	2016-05-23	ptriezenberg@usgs.gov	Peter Triezenberg	U.S. Geological Survey	pointOfContact	2018-03-16	Seismic Metadata v.1
DFS-V	digital	67.66560	2974.23840		9.14400	24.99360					120	Hydrophone_Streamer	8.00000	2000	LORAC	Distance	24.99360		9.14400			249.93600	SeismicSource_Gun_Air	3000.00000	Cubic Inches		Hos	Grant-NORPAC Inc.	SEGP1	undocumented	NAD27	-88.38967	29.21578	28.12537	-89.51369	processed	matthew.wilson@boem.gov	Matthew Wilson	Bureau of Ocean Energy Management	pointOfContact	Online	Seismic:Active:MCS	matthew.wilson@boem.gov	Matthew Wilson	Bureau of Ocean Energy Management	pointOfContact	2009-08-25	open	https://walrus.wr.usgs.gov/namss/survey/b-02-84-la/dataset/	These data were acquired by BOEM (formerly MMS and USGS).  Under the terms of procurement, these data are to be available to the public 25 years after the issuance of the exploration permit.	namss.B-02-84-LA.mcs.airgun.zip					dataset	Unspecified		Unspecified	42.3 MB	1984-08-01	creation	Data zip file	https://walrus.wr.usgs.gov/namss/data/1984/namss.B-02-84-LA.mcs.airgun.zip										Louisiana	Stack	Seismic:Reflection	These data were acquired commercially for geophysical and geological (G&G) exploration of oil and gas prospects on the U.S. Outer Continental Shelf (OCS).  The Dept. of Interior, which regulates G&G activities on the OCS, acquired these data in order to ensure that the Federal government received fair market value for leases issued for oil and gas production on the OCS, and to accomplish other regulatory functions.	hart@usgs.gov	Patrick Hart	U.S. Geological Survey	pointOfContact	DigitalSeg:DigitallyAcquired	MCS Data transferred from BOEM to USGS for posting on NAMSS. Limited information available.	1984-08-31	1984-08-01	2016-05-23	ptriezenberg@usgs.gov	Peter Triezenberg	U.S. Geological Survey	pointOfContact	2018-03-16	Seismic Metadata v.1
DFS-V	digital	156.97200	3599.07840			14.99616					240	Hydrophone_Streamer	6.00000	2000	Long Range Navigation	Distance	29.99232		7.49808			174.95520	SeismicSource_Gun_Air	5754.00000	Cubic Inches		Geco Beta	Geco	SEGP1	undocumented	NAD27	-82.46557	29.24745	24.93050	-86.68914	processed	matthew.wilson@boem.gov	Matthew Wilson	Bureau of Ocean Energy Management	pointOfContact	Online	Seismic:Active:MCS	matthew.wilson@boem.gov	Matthew Wilson	Bureau of Ocean Energy Management	pointOfContact	2011-05-25	open	https://walrus.wr.usgs.gov/namss/survey/b-02-86-mi/dataset/	These data were acquired by BOEM (formerly MMS and USGS).  Under the terms of procurement, these data are to be available to the public 25 years after the issuance of the exploration permit.	namss.B-02-86-MI.mcs.airgun.zip					dataset	Unspecified		Unspecified	50.2 MB	1986-05-01	creation	Data zip file	https://walrus.wr.usgs.gov/namss/data/1986/namss.B-02-86-MI.mcs.airgun.zip										Gulf of Mexico	Stack	Seismic:Reflection	These data were acquired commercially for geophysical and geological (G&G) exploration of oil and gas prospects on the U.S. Outer Continental Shelf (OCS).  The Dept. of Interior, which regulates G&G activities on the OCS, acquired these data in order to ensure that the Federal government received fair market value for leases issued for oil and gas production on the OCS, and to accomplish other regulatory functions.	hart@usgs.gov	Patrick Hart	U.S. Geological Survey	pointOfContact	DigitalSeg:DigitallyAcquired	MCS Data transferred from BOEM to USGS for posting on NAMSS. Limited information available.	1986-05-31	1986-05-01	2016-05-23	ptriezenberg@usgs.gov	Peter Triezenberg	U.S. Geological Survey	pointOfContact	2018-03-16	Seismic Metadata v.1
	digital											Hydrophone_Streamer											SeismicSource_Gun_Air						SEGP1	undocumented	NAD27	-90.62630	29.54168	28.66233	-93.17657	processed	matthew.wilson@boem.gov	Matthew Wilson	Bureau of Ocean Energy Management	pointOfContact	Online	Seismic:Active:MCS	matthew.wilson@boem.gov	Matthew Wilson	Bureau of Ocean Energy Management	pointOfContact	2014-01-31	open	https://walrus.wr.usgs.gov/namss/survey/b-02-89-gm/dataset/	These data were acquired by BOEM (formerly MMS and USGS).  Under the terms of procurement, these data are to be available to the public 25 years after the issuance of the exploration permit.	namss.B-02-89-GM.mcs.airgun.zip					dataset	Unspecified		Unspecified	3.7 GB	1989-01-01	creation	Data zip file	https://walrus.wr.usgs.gov/namss/data/1989/namss.B-02-89-GM.mcs.airgun.zip											Stack	Seismic:Reflection	These data were acquired commercially for geophysical and geological (G&G) exploration of oil and gas prospects on the U.S. Outer Continental Shelf (OCS).  The Dept. of Interior, which regulates G&G activities on the OCS, acquired these data in order to ensure that the Federal government received fair market value for leases issued for oil and gas production on the OCS, and to accomplish other regulatory functions.	hart@usgs.gov	Patrick Hart	U.S. Geological Survey	pointOfContact	DigitalSeg:DigitallyAcquired	MCS Data transferred from BOEM to USGS for posting on NAMSS. Limited information available.	1989-01-31	1989-01-01	2016-05-23	ptriezenberg@usgs.gov	Peter Triezenberg	U.S. Geological Survey	pointOfContact	2018-03-16	Seismic Metadata v.1
DFS-III	digital	31.08960	3569.20800						1			Hydrophone_Streamer							14.93520	18		347.47200	SeismicSource_Gun_Air	1700.00000	Cubic Inches		Gulf Seal	Unspecified	SEGP1	undocumented	WGS84	-65.41089	42.42009	39.08582	-72.27982	processed	matthew.wilson@boem.gov	Matthew Wilson	Bureau of Ocean Energy Management	pointOfContact	Online	Seismic:Active:MCS	matthew.wilson@boem.gov	Matthew Wilson	Bureau of Ocean Energy Management	pointOfContact	2000-04-24	open	https://walrus.wr.usgs.gov/namss/survey/b-03-75-at/dataset/	These data were acquired by BOEM (formerly MMS and USGS).  Under the terms of procurement, these data are to be available to the public 25 years after the issuance of the exploration permit.	namss.B-03-75-AT.mcs.airgun.zip					dataset	Unspecified		Unspecified	3.4 GB	1975-05-01	creation	Data zip file	https://walrus.wr.usgs.gov/namss/data/1975/namss.B-03-75-AT.mcs.airgun.zip										Georges Bank	Migration, Other, Stack	Seismic:Reflection, Seismic:Velocity	These data were acquired commercially for geophysical and geological (G&G) exploration of oil and gas prospects on the U.S. Outer Continental Shelf (OCS).  The Dept. of Interior, which regulates G&G activities on the OCS, acquired these data in order to ensure that the Federal government received fair market value for leases issued for oil and gas production on the OCS, and to accomplish other regulatory functions.	hart@usgs.gov	Patrick Hart	U.S. Geological Survey	pointOfContact	DigitalSeg:DigitallyAcquired	MCS Data transferred from BOEM to USGS for posting on NAMSS. Limited information available.	1975-05-01	1975-05-01	2016-05-23	ptriezenberg@usgs.gov	Peter Triezenberg	U.S. Geological Survey	pointOfContact	2016-05-31	Seismic Metadata v.1
DDS-888	digital				7.62000	100.58400					24	Hydrophone_Streamer	6.00000	2000		Distance	100.58400		4.57200			167.03040	SeismicSource_Gun_Air						SEGP1	undocumented	NAD27	-91.95490	29.64860	29.23806	-93.86979	processed	matthew.wilson@boem.gov	Matthew Wilson	Bureau of Ocean Energy Management	pointOfContact	Online	Seismic:Active:MCS	matthew.wilson@boem.gov	Matthew Wilson	Bureau of Ocean Energy Management	pointOfContact	2000-12-24	open	https://walrus.wr.usgs.gov/namss/survey/b-03-75-la/dataset/	These data were acquired by BOEM (formerly MMS and USGS).  Under the terms of procurement, these data are to be available to the public 25 years after the issuance of the exploration permit.	namss.B-03-75-LA.mcs.airgun.zip					dataset	Unspecified		Unspecified	8.9 MB	1975-01-01	creation	Data zip file	https://walrus.wr.usgs.gov/namss/data/1975/namss.B-03-75-LA.mcs.airgun.zip										South Marsh Island	Stack	Seismic:Reflection	These data were acquired commercially for geophysical and geological (G&G) exploration of oil and gas prospects on the U.S. Outer Continental Shelf (OCS).  The Dept. of Interior, which regulates G&G activities on the OCS, acquired these data in order to ensure that the Federal government received fair market value for leases issued for oil and gas production on the OCS, and to accomplish other regulatory functions.	hart@usgs.gov	Patrick Hart	U.S. Geological Survey	pointOfContact	DigitalSeg:DigitallyAcquired	MCS Data transferred from BOEM to USGS for posting on NAMSS. Limited information available.	1975-12-31	1975-01-01	2016-05-23	ptriezenberg@usgs.gov	Peter Triezenberg	U.S. Geological Survey	pointOfContact	2018-03-16	Seismic Metadata v.1
DDS-888	digital					100.58400					24	Hydrophone_Streamer	6.00000	2000					7.62000			167.03040	SeismicSource_Gun_Air						SEGP1	undocumented	NAD27	-93.81897	29.58550	29.54770	-93.89221	processed	matthew.wilson@boem.gov	Matthew Wilson	Bureau of Ocean Energy Management	pointOfContact	Online	Seismic:Active:MCS	matthew.wilson@boem.gov	Matthew Wilson	Bureau of Ocean Energy Management	pointOfContact	2000-12-24	open	https://walrus.wr.usgs.gov/namss/survey/b-03-75-tx/dataset/	These data were acquired by BOEM (formerly MMS and USGS).  Under the terms of procurement, these data are to be available to the public 25 years after the issuance of the exploration permit.	namss.B-03-75-TX.mcs.airgun.zip					dataset	Unspecified		Unspecified	8.9 MB	1975-01-01	creation	Data zip file	https://walrus.wr.usgs.gov/namss/data/1975/namss.B-03-75-TX.mcs.airgun.zip										Texas	Stack	Seismic:Reflection	These data were acquired commercially for geophysical and geological (G&G) exploration of oil and gas prospects on the U.S. Outer Continental Shelf (OCS).  The Dept. of Interior, which regulates G&G activities on the OCS, acquired these data in order to ensure that the Federal government received fair market value for leases issued for oil and gas production on the OCS, and to accomplish other regulatory functions.	hart@usgs.gov	Patrick Hart	U.S. Geological Survey	pointOfContact	DigitalSeg:DigitallyAcquired	MCS Data transferred from BOEM to USGS for posting on NAMSS. Limited information available.	1975-12-31	1975-01-01	2016-05-23	ptriezenberg@usgs.gov	Peter Triezenberg	U.S. Geological Survey	pointOfContact	2018-03-16	Seismic Metadata v.1
	digital											Hydrophone_Streamer			LORAN								SeismicSource_Gun_Air				Bering Explorer	Unspecified	N83	undocumented	NAD83	-140.87179	71.68901	69.73385	-158.15650	processed	hart@usgs.gov	Patrick Hart	U.S. Geological Survey	pointOfContact	Online	Seismic:Active:MCS	Unspecified	Unspecified	Unspecified	resourceProvider		open	https://walrus.wr.usgs.gov/namss/survey/b-03-77-ak/dataset/	These data were acquired by BOEM (formerly MMS and USGS).  Under the terms of procurement, these data are to be available to the public 25 years after the issuance of the exploration permit.	namss.B-03-77-AK.mcs.airgun.zip					dataset	Unspecified		Unspecified	1.8 GB	1977-08-02	creation	Data zip file	https://walrus.wr.usgs.gov/namss/data/1977/namss.B-03-77-AK.mcs.airgun.zip										Beaufort Sea	Stack	Seismic:Reflection	These data were acquired commercially for geophysical and geological (G&G) exploration of oil and gas prospects on the U.S. Outer Continental Shelf (OCS).  The Dept. of Interior, which regulates G&G activities on the OCS, acquired these data in order to ensure that the Federal government received fair market value for leases issued for oil and gas production on the OCS, and to accomplish other regulatory functions.	hart@usgs.gov	Patrick Hart	U.S. Geological Survey	pointOfContact	DigitalSeg:DigitallyAcquired	MCS Data transferred from BOEM to USGS for posting on NAMSS. Limited information available.	1977-09-11	1977-08-02	2016-08-29	ptriezenberg@usgs.gov	Peter Triezenberg	U.S. Geological Survey	pointOfContact	2018-03-16	Seismic Metadata v.1
	digital											Hydrophone_Streamer											SeismicSource_Gun_Air						SEGP1	undocumented	NAD27	-93.33460	28.72446	27.49563	-96.27323	processed	matthew.wilson@boem.gov	Matthew Wilson	Bureau of Ocean Energy Management	pointOfContact	Online	Seismic:Active:MCS	matthew.wilson@boem.gov	Matthew Wilson	Bureau of Ocean Energy Management	pointOfContact	2003-01-25	open	https://walrus.wr.usgs.gov/namss/survey/b-03-78-tx/dataset/	These data were acquired by BOEM (formerly MMS and USGS).  Under the terms of procurement, these data are to be available to the public 25 years after the issuance of the exploration permit.	namss.B-03-78-TX.mcs.airgun.zip					dataset	Unspecified		Unspecified	148.1 MB	1978-01-01	creation	Data zip file	https://walrus.wr.usgs.gov/namss/data/1978/namss.B-03-78-TX.mcs.airgun.zip										Gulf of Mexico	Stack	Seismic:Reflection	These data were acquired commercially for geophysical and geological (G&G) exploration of oil and gas prospects on the U.S. Outer Continental Shelf (OCS).  The Dept. of Interior, which regulates G&G activities on the OCS, acquired these data in order to ensure that the Federal government received fair market value for leases issued for oil and gas production on the OCS, and to accomplish other regulatory functions.	hart@usgs.gov	Patrick Hart	U.S. Geological Survey	pointOfContact	DigitalSeg:DigitallyAcquired	MCS Data transferred from BOEM to USGS for posting on NAMSS. Limited information available.	1978-01-31	1978-01-01	2016-05-23	ptriezenberg@usgs.gov	Peter Triezenberg	U.S. Geological Survey	pointOfContact	2018-03-16	Seismic Metadata v.1
	digital											Other											Other						N83	undocumented	NAD83	-149.33446	70.87682	70.51406	-152.02037	processed	matthew.wilson@boem.gov	Matthew Wilson	Bureau of Ocean Energy Management	pointOfContact	Online	Seismic:Active:MCS	matthew.wilson@boem.gov	Matthew Wilson	Bureau of Ocean Energy Management	pointOfContact	2005-04-27	open	https://walrus.wr.usgs.gov/namss/survey/b-03-80-ar/dataset/	These data were acquired by BOEM (formerly MMS and USGS).  Under the terms of procurement, these data are to be available to the public 25 years after the issuance of the exploration permit.	namss.B-03-80-AR.mcs.vibroseis.zip					dataset	Unspecified		Unspecified	110.4 MB	1980-02-06	creation	Data zip file	https://walrus.wr.usgs.gov/namss/data/1980/namss.B-03-80-AR.mcs.vibroseis.zip										Beaufort Sea	Migration, Stack	Seismic:Reflection	These data were acquired commercially for geophysical and geological (G&G) exploration of oil and gas prospects on the U.S. Outer Continental Shelf (OCS).  The Dept. of Interior, which regulates G&G activities on the OCS, acquired these data in order to ensure that the Federal government received fair market value for leases issued for oil and gas production on the OCS, and to accomplish other regulatory functions.	hart@usgs.gov	Patrick Hart	U.S. Geological Survey	pointOfContact	DigitalSeg:DigitallyAcquired	MCS Data transferred from BOEM to USGS for posting on NAMSS. Limited information available.	1980-05-03	1980-02-06	2016-05-23	ptriezenberg@usgs.gov	Peter Triezenberg	U.S. Geological Survey	pointOfContact	2018-03-16	Seismic Metadata v.1
	digital		3150.71760		12.19200	67.36080					48	Hydrophone_Streamer	6.00000	2000		Distance	33.68040		9.08304	7		220.06560	SeismicSource_Gun_Air	1684.00000	Cubic Inches		Deep Sea Explorer	Geosource	SEGP1	undocumented	NAD27	-88.24709	29.40007	27.96106	-91.37079	processed	matthew.wilson@boem.gov	Matthew Wilson	Bureau of Ocean Energy Management	pointOfContact	Online	Seismic:Active:MCS	matthew.wilson@boem.gov	Matthew Wilson	Bureau of Ocean Energy Management	pointOfContact	2005-12-25	open	https://walrus.wr.usgs.gov/namss/survey/b-03-80-la/dataset/	These data were acquired by BOEM (formerly MMS and USGS).  Under the terms of procurement, these data are to be available to the public 25 years after the issuance of the exploration permit.	namss.B-03-80-LA.mcs.airgun.zip					dataset	Unspecified		Unspecified	57.8 MB	1980-12-01	creation	Data zip file	https://walrus.wr.usgs.gov/namss/data/1980/namss.B-03-80-LA.mcs.airgun.zip										Ship Shoal	Stack	Seismic:Reflection	These data were acquired commercially for geophysical and geological (G&G) exploration of oil and gas prospects on the U.S. Outer Continental Shelf (OCS).  The Dept. of Interior, which regulates G&G activities on the OCS, acquired these data in order to ensure that the Federal government received fair market value for leases issued for oil and gas production on the OCS, and to accomplish other regulatory functions.	hart@usgs.gov	Patrick Hart	U.S. Geological Survey	pointOfContact	DigitalSeg:DigitallyAcquired	MCS Data transferred from BOEM to USGS for posting on NAMSS. Limited information available.	1980-12-31	1980-12-01	2016-05-23	ptriezenberg@usgs.gov	Peter Triezenberg	U.S. Geological Survey	pointOfContact	2018-03-16	Seismic Metadata v.1
	digital		3561.58800		12.80160	37.49040			1		96	Hydrophone_Streamer	8.00000	2000			2000.00000		9.14400	14		200.86320	SeismicSource_Gun_Air	2682.00000	Cubic Inches		Geomar II	Digicon	SEGP1	undocumented	NAD83	-66.86182	40.87925	39.58546	-70.94288	processed	matthew.wilson@boem.gov	Matthew Wilson	Bureau of Ocean Energy Management	pointOfContact	Online	Seismic:Active:MCS	matthew.wilson@boem.gov	Matthew Wilson	Bureau of Ocean Energy Management	pointOfContact	2006-06-24	open	https://walrus.wr.usgs.gov/namss/survey/b-03-81-at/dataset/	These data were acquired by BOEM (formerly MMS and USGS).  Under the terms of procurement, these data are to be available to the public 25 years after the issuance of the exploration permit.	namss.B-03-81-AT.mcs.airgun.zip					dataset	Unspecified		Unspecified	3.1 GB	1981-06-01	creation	Data zip file	https://walrus.wr.usgs.gov/namss/data/1981/namss.B-03-81-AT.mcs.airgun.zip										North Atlantic Ocean	Migration:Depth, Migration, Other, Stack	Seismic:Reflection, Seismic:Velocity	These data were acquired commercially for geophysical and geological (G&G) exploration of oil and gas prospects on the U.S. Outer Continental Shelf (OCS).  The Dept. of Interior, which regulates G&G activities on the OCS, acquired these data in order to ensure that the Federal government received fair market value for leases issued for oil and gas production on the OCS, and to accomplish other regulatory functions.	hart@usgs.gov	Patrick Hart	U.S. Geological Survey	pointOfContact	DigitalSeg:DigitallyAcquired	MCS Data transferred from BOEM to USGS for posting on NAMSS. Limited information available.	1981-06-30	1981-06-01	2016-05-23	ptriezenberg@usgs.gov	Peter Triezenberg	U.S. Geological Survey	pointOfContact	2018-03-16	Seismic Metadata v.1
MDS-10	digital										96	Hydrophone_Streamer	6.00000	2000		Distance	24.99360					299.92320	SeismicSource_Gun_Air						SEGP1	undocumented	NAD27	-96.28075	28.16792	27.99471	-96.48735	processed	matthew.wilson@boem.gov	Matthew Wilson	Bureau of Ocean Energy Management	pointOfContact	Online	Seismic:Active:MCS	matthew.wilson@boem.gov	Matthew Wilson	Bureau of Ocean Energy Management	pointOfContact	2006-02-22	open	https://walrus.wr.usgs.gov/namss/survey/b-03-81-tx/dataset/	These data were acquired by BOEM (formerly MMS and USGS).  Under the terms of procurement, these data are to be available to the public 25 years after the issuance of the exploration permit.	namss.B-03-81-TX.mcs.airgun.zip					dataset	Unspecified		Unspecified	82.4 MB	1981-02-01	creation	Data zip file	https://walrus.wr.usgs.gov/namss/data/1981/namss.B-03-81-TX.mcs.airgun.zip										Texas	Stack	Seismic:Reflection	These data were acquired commercially for geophysical and geological (G&G) exploration of oil and gas prospects on the U.S. Outer Continental Shelf (OCS).  The Dept. of Interior, which regulates G&G activities on the OCS, acquired these data in order to ensure that the Federal government received fair market value for leases issued for oil and gas production on the OCS, and to accomplish other regulatory functions.	hart@usgs.gov	Patrick Hart	U.S. Geological Survey	pointOfContact	DigitalSeg:DigitallyAcquired	MCS Data transferred from BOEM to USGS for posting on NAMSS. Limited information available.	1981-02-28	1981-02-01	2016-05-23	ptriezenberg@usgs.gov	Peter Triezenberg	U.S. Geological Survey	pointOfContact	2018-03-16	Seismic Metadata v.1
	digital											Hydrophone_Streamer											SeismicSource_Gun_Air						SEGP1	undocumented	WGS84	-66.66324	40.49623	39.77402	-68.30966	processed	matthew.wilson@boem.gov	Matthew Wilson	Bureau of Ocean Energy Management	pointOfContact	Online	Seismic:Active:MCS	matthew.wilson@boem.gov	Matthew Wilson	Bureau of Ocean Energy Management	pointOfContact	2007-07-25	open	https://walrus.wr.usgs.gov/namss/survey/b-03-82-at/dataset/	These data were acquired by BOEM (formerly MMS and USGS).  Under the terms of procurement, these data are to be available to the public 25 years after the issuance of the exploration permit.	namss.B-03-82-AT.mcs.airgun.zip					dataset	Unspecified		Unspecified	342.8 MB	1982-07-01	creation	Data zip file	https://walrus.wr.usgs.gov/namss/data/1982/namss.B-03-82-AT.mcs.airgun.zip										Atlantic Ocean	Migration:Depth, Migration, Stack	Seismic:Reflection	These data were acquired commercially for geophysical and geological (G&G) exploration of oil and gas prospects on the U.S. Outer Continental Shelf (OCS).  The Dept. of Interior, which regulates G&G activities on the OCS, acquired these data in order to ensure that the Federal government received fair market value for leases issued for oil and gas production on the OCS, and to accomplish other regulatory functions.	hart@usgs.gov	Patrick Hart	U.S. Geological Survey	pointOfContact	DigitalSeg:DigitallyAcquired	MCS Data transferred from BOEM to USGS for posting on NAMSS. Limited information available.	1982-07-31	1982-07-01	2016-05-23	ptriezenberg@usgs.gov	Peter Triezenberg	U.S. Geological Survey	pointOfContact	2018-03-16	Seismic Metadata v.1
DFS-V	digital	142.03680	3599.07840			14.99616					240	Hydrophone_Streamer	12.00000	2000	Long Range Navigation	Distance	29.99232		7.49808			331.92720	SeismicSource_Gun_Air	5754.00000	Cubic Inches		Geco Alpha	Geco	SEGP1	undocumented	NAD27	-80.37027	29.71094	23.70098	-86.19592	processed	matthew.wilson@boem.gov	Matthew Wilson	Bureau of Ocean Energy Management	pointOfContact	Online	Seismic:Active:MCS	matthew.wilson@boem.gov	Matthew Wilson	Bureau of Ocean Energy Management	pointOfContact	2011-05-25	open	https://walrus.wr.usgs.gov/namss/survey/b-03-86-mi/dataset/	These data were acquired by BOEM (formerly MMS and USGS).  Under the terms of procurement, these data are to be available to the public 25 years after the issuance of the exploration permit.	namss.B-03-86-MI.mcs.airgun.zip					dataset	Unspecified		Unspecified	107.8 MB	1986-05-01	creation	Data zip file	https://walrus.wr.usgs.gov/namss/data/1986/namss.B-03-86-MI.mcs.airgun.zip										Gulf of Mexico	Stack	Seismic:Reflection	These data were acquired commercially for geophysical and geological (G&G) exploration of oil and gas prospects on the U.S. Outer Continental Shelf (OCS).  The Dept. of Interior, which regulates G&G activities on the OCS, acquired these data in order to ensure that the Federal government received fair market value for leases issued for oil and gas production on the OCS, and to accomplish other regulatory functions.	hart@usgs.gov	Patrick Hart	U.S. Geological Survey	pointOfContact	DigitalSeg:DigitallyAcquired	MCS Data transferred from BOEM to USGS for posting on NAMSS. Limited information available.	1986-05-31	1986-05-01	2016-05-23	ptriezenberg@usgs.gov	Peter Triezenberg	U.S. Geological Survey	pointOfContact	2018-03-16	Seismic Metadata v.1
	digital											Hydrophone_Streamer											SeismicSource_Gun_Air						SEGP1	undocumented	NAD27	-95.48345	28.61910	27.52170	-96.96325	processed	matthew.wilson@boem.gov	Matthew Wilson	Bureau of Ocean Energy Management	pointOfContact	Online	Seismic:Active:MCS	matthew.wilson@boem.gov	Matthew Wilson	Bureau of Ocean Energy Management	pointOfContact	2012-01-25	open	https://walrus.wr.usgs.gov/namss/survey/b-03-87-tx/dataset/	These data were acquired by BOEM (formerly MMS and USGS).  Under the terms of procurement, these data are to be available to the public 25 years after the issuance of the exploration permit.	namss.B-03-87-TX.mcs.airgun.zip					dataset	Unspecified		Unspecified	1.3 GB	1987-01-01	creation	Data zip file	https://walrus.wr.usgs.gov/namss/data/1987/namss.B-03-87-TX.mcs.airgun.zip										Gulf of Mexico	Stack	Seismic:Reflection	These data were acquired commercially for geophysical and geological (G&G) exploration of oil and gas prospects on the U.S. Outer Continental Shelf (OCS).  The Dept. of Interior, which regulates G&G activities on the OCS, acquired these data in order to ensure that the Federal government received fair market value for leases issued for oil and gas production on the OCS, and to accomplish other regulatory functions.	hart@usgs.gov	Patrick Hart	U.S. Geological Survey	pointOfContact	DigitalSeg:DigitallyAcquired	MCS Data transferred from BOEM to USGS for posting on NAMSS. Limited information available.	1987-01-31	1987-01-01	2016-05-23	ptriezenberg@usgs.gov	Peter Triezenberg	U.S. Geological Survey	pointOfContact	2018-03-16	Seismic Metadata v.1
	digital											Hydrophone_Streamer											SeismicSource_Gun_Air						SEGP1	no	NAD27	-87.95218	30.03728	27.98178	-90.64109	processed	hart@usgs.gov	Patrick Hart	U.S. Geological Survey	pointOfContact	Online	Seismic:Active:MCS	hart@usgs.gov	Patrick Hart	U.S. Geological Survey	pointOfContact		open	https://walrus.wr.usgs.gov/namss/survey/b-03-91-la/dataset/	These data were acquired by BOEM (formerly MMS and USGS). Under the terms of procurement, these data are to be available to the public 25 years after the issuance of the exploration permit.	namss.B-3-91-LA.mcs.airgun.zip					dataset	Unspecified		Unspecified	3.4 GB	1991-01-01	creation	Dataset zip file	https://walrus.wr.usgs.gov/namss/data/1991/namss.B-3-91-LA.mcs.airgun.zip										Gulf of Mexico	Stack	Seismic:Reflection	These data were acquired commercially for geophysical and geological (G&G) exploration of oil and gas prospects on the U.S. Outer Continental Shelf (OCS). The Dept. of Interior, which regulates G&G activities on the OCS, acquired these data in order to ensure that the Federal government received fair market value for leases issued for oil and gas production on the OCS, and to accomplish other regulatory functions.	matthew.wilson@boem.gov	Matthew Wilson	Bureau of Ocean Energy Management	pointOfContact	DigitalSeg:DigitallyAcquired	MCS Data transferred from BOEM to USGS for posting on NAMSS. Limited information available.	1991-01-01	1991-01-01	2017-02-07	ptriezenberg@usgs.gov	Peter Triezenberg	U.S. Geological Survey	pointOfContact	2018-03-16	Seismic Metadata v.1
	digital											Hydrophone_Streamer											SeismicSource_Gun_Air						SEGP1	no	NAD27	-89.52380	29.18382	27.98049	-90.79386	processed	hart@usgs.gov	Patrick Hart	U.S. Geological Survey	pointOfContact	Online	Seismic:Active:MCS	hart@usgs.gov	Patrick Hart	U.S. Geological Survey	pointOfContact		open	https://walrus.wr.usgs.gov/namss/survey/b-03a-91-la/dataset/	These data were acquired by BOEM (formerly MMS and USGS). Under the terms of procurement, these data are to be available to the public 25 years after the issuance of the exploration permit.	namss.B-3a-91-LA.mcs.airgun.zip					dataset	Unspecified		Unspecified	3.6 GB	1991-01-01	creation	Dataset zip file	https://walrus.wr.usgs.gov/namss/data/1991/namss.B-3a-91-LA.mcs.airgun.zip										Gulf of Mexico	Stack	Seismic:Reflection	These data were acquired commercially for geophysical and geological (G&G) exploration of oil and gas prospects on the U.S. Outer Continental Shelf (OCS). The Dept. of Interior, which regulates G&G activities on the OCS, acquired these data in order to ensure that the Federal government received fair market value for leases issued for oil and gas production on the OCS, and to accomplish other regulatory functions.	matthew.wilson@boem.gov	Matthew Wilson	Bureau of Ocean Energy Management	pointOfContact	DigitalSeg:DigitallyAcquired	MCS Data transferred from BOEM to USGS for posting on NAMSS. Limited information available.	1991-01-01	1991-01-01	2017-02-07	ptriezenberg@usgs.gov	Peter Triezenberg	U.S. Geological Survey	pointOfContact	2018-03-16	Seismic Metadata v.1
	digital											Hydrophone_Streamer											SeismicSource_Gun_Air						SEGP1	no	NAD27	-87.74522	30.06555	28.50987	-90.08397	processed	hart@usgs.gov	Patrick Hart	U.S. Geological Survey	pointOfContact	Online	Seismic:Active:MCS	hart@usgs.gov	Patrick Hart	U.S. Geological Survey	pointOfContact		open	https://walrus.wr.usgs.gov/namss/survey/b-03b-91-la/dataset/	These data were acquired by BOEM (formerly MMS and USGS). Under the terms of procurement, these data are to be available to the public 25 years after the issuance of the exploration permit.	namss.B-3b-91-LA.mcs.airgun.zip					dataset	Unspecified		Unspecified	3.7 GB	1991-01-01	creation	Dataset zip file	https://walrus.wr.usgs.gov/namss/data/1991/namss.B-3b-91-LA.mcs.airgun.zip										Gulf of Mexico	Stack	Seismic:Reflection	These data were acquired commercially for geophysical and geological (G&G) exploration of oil and gas prospects on the U.S. Outer Continental Shelf (OCS). The Dept. of Interior, which regulates G&G activities on the OCS, acquired these data in order to ensure that the Federal government received fair market value for leases issued for oil and gas production on the OCS, and to accomplish other regulatory functions.	matthew.wilson@boem.gov	Matthew Wilson	Bureau of Ocean Energy Management	pointOfContact	DigitalSeg:DigitallyAcquired	MCS Data transferred from BOEM to USGS for posting on NAMSS. Limited information available.	1991-01-01	1991-01-01	2017-02-07	ptriezenberg@usgs.gov	Peter Triezenberg	U.S. Geological Survey	pointOfContact	2018-03-16	Seismic Metadata v.1
	digital											Hydrophone_Streamer											SeismicSource_Gun_Air						SEGP1	no	NAD27	-87.72337	30.06500	28.96435	-88.91227	processed	hart@usgs.gov	Patrick Hart	U.S. Geological Survey	pointOfContact	Online	Seismic:Active:MCS	hart@usgs.gov	Patrick Hart	U.S. Geological Survey	pointOfContact		open	https://walrus.wr.usgs.gov/namss/survey/b-03c-91-la/dataset/	These data were acquired by BOEM (formerly MMS and USGS). Under the terms of procurement, these data are to be available to the public 25 years after the issuance of the exploration permit.	namss.B-3c-91-LA.mcs.airgun.zip					dataset	Unspecified		Unspecified	3.4 GB	1991-01-01	creation	Dataset zip file	https://walrus.wr.usgs.gov/namss/data/1991/namss.B-3c-91-LA.mcs.airgun.zip										Gulf of Mexico	Stack	Seismic:Reflection	These data were acquired commercially for geophysical and geological (G&G) exploration of oil and gas prospects on the U.S. Outer Continental Shelf (OCS). The Dept. of Interior, which regulates G&G activities on the OCS, acquired these data in order to ensure that the Federal government received fair market value for leases issued for oil and gas production on the OCS, and to accomplish other regulatory functions.	matthew.wilson@boem.gov	Matthew Wilson	Bureau of Ocean Energy Management	pointOfContact	DigitalSeg:DigitallyAcquired	MCS Data transferred from BOEM to USGS for posting on NAMSS. Limited information available.	1991-01-01	1991-01-01	2017-02-07	ptriezenberg@usgs.gov	Peter Triezenberg	U.S. Geological Survey	pointOfContact	2018-03-16	Seismic Metadata v.1
DDS-777	digital		3151.63200			67.05600					48	Hydrophone_Streamer	6.00000	2000		Distance	67.05600			6		152.40000	Other						SEGP1	undocumented	NAD27	-93.72523	29.40401	29.36091	-93.79614	processed	matthew.wilson@boem.gov	Matthew Wilson	Bureau of Ocean Energy Management	pointOfContact	Online	Seismic:Active:MCS	matthew.wilson@boem.gov	Matthew Wilson	Bureau of Ocean Energy Management	pointOfContact	2003-01-25	open	https://walrus.wr.usgs.gov/namss/survey/b-04-78-tx/dataset/	These data were acquired by BOEM (formerly MMS and USGS).  Under the terms of procurement, these data are to be available to the public 25 years after the issuance of the exploration permit.	namss.B-04-78-TX.mcs.aquapulse.zip					dataset	Unspecified		Unspecified	5.2 MB	1978-01-01	creation	Data zip file	https://walrus.wr.usgs.gov/namss/data/1978/namss.B-04-78-TX.mcs.aquapulse.zip										Texas	Stack	Seismic:Reflection	These data were acquired commercially for geophysical and geological (G&G) exploration of oil and gas prospects on the U.S. Outer Continental Shelf (OCS).  The Dept. of Interior, which regulates G&G activities on the OCS, acquired these data in order to ensure that the Federal government received fair market value for leases issued for oil and gas production on the OCS, and to accomplish other regulatory functions.	hart@usgs.gov	Patrick Hart	U.S. Geological Survey	pointOfContact	DigitalSeg:DigitallyAcquired	MCS Data transferred from BOEM to USGS for posting on NAMSS. Limited information available.	1978-01-31	1978-01-01	2016-05-23	ptriezenberg@usgs.gov	Peter Triezenberg	U.S. Geological Survey	pointOfContact	2018-03-16	Seismic Metadata v.1
DFS-V	digital		2940.10080		10.66800	14.99616			1		75	Hydrophone_Streamer	10.00000	4000		Distance	22.49424		9.14400	14		214.88400	SeismicSource_Gun_Air	2444.00000	Cubic Inches		American III	Teledyne	SEGP1	undocumented	NAD83	-68.24588	40.49604	32.85921	-76.73079	processed	matthew.wilson@boem.gov	Matthew Wilson	Bureau of Ocean Energy Management	pointOfContact	Online	Seismic:Active:MCS	matthew.wilson@boem.gov	Matthew Wilson	Bureau of Ocean Energy Management	pointOfContact	2005-12-25	open	https://walrus.wr.usgs.gov/namss/survey/b-04-80-at/dataset/	These data were acquired by BOEM (formerly MMS and USGS).  Under the terms of procurement, these data are to be available to the public 25 years after the issuance of the exploration permit.	namss.B-04-80-AT.mcs.airgun.zip					dataset	Unspecified		Unspecified	1.1 GB	1980-12-01	creation	Data zip file	https://walrus.wr.usgs.gov/namss/data/1980/namss.B-04-80-AT.mcs.airgun.zip										Atlantic Ocean	Migration:Depth, Migration, Other, Stack	Seismic:Reflection, Seismic:Velocity	These data were acquired commercially for geophysical and geological (G&G) exploration of oil and gas prospects on the U.S. Outer Continental Shelf (OCS).  The Dept. of Interior, which regulates G&G activities on the OCS, acquired these data in order to ensure that the Federal government received fair market value for leases issued for oil and gas production on the OCS, and to accomplish other regulatory functions.	hart@usgs.gov	Patrick Hart	U.S. Geological Survey	pointOfContact	DigitalSeg:DigitallyAcquired	MCS Data transferred from BOEM to USGS for posting on NAMSS. Limited information available.	1980-12-31	1980-12-01	2016-05-23	ptriezenberg@usgs.gov	Peter Triezenberg	U.S. Geological Survey	pointOfContact	2018-03-16	Seismic Metadata v.1
Geosource-6264	digital					74.98080			1		48	Hydrophone_Streamer	8.00000	2000		Distance	37.49040		9.14400	14			SeismicSource_Gun_Air	2682.00000	Cubic Inches				SEGP1	undocumented	NAD83	-72.17132	39.19208	37.94390	-73.81364	processed	matthew.wilson@boem.gov	Matthew Wilson	Bureau of Ocean Energy Management	pointOfContact	Online	Seismic:Active:MCS	matthew.wilson@boem.gov	Matthew Wilson	Bureau of Ocean Energy Management	pointOfContact	2006-06-24	open	https://walrus.wr.usgs.gov/namss/survey/b-04-81-at/dataset/	These data were acquired by BOEM (formerly MMS and USGS).  Under the terms of procurement, these data are to be available to the public 25 years after the issuance of the exploration permit.	namss.B-04-81-AT.mcs.airgun.zip					dataset	Unspecified		Unspecified	72.9 MB	1981-06-01	creation	Data zip file	https://walrus.wr.usgs.gov/namss/data/1981/namss.B-04-81-AT.mcs.airgun.zip										Mid-Atlantic Ocean	Migration, Stack	Seismic:Reflection	These data were acquired commercially for geophysical and geological (G&G) exploration of oil and gas prospects on the U.S. Outer Continental Shelf (OCS).  The Dept. of Interior, which regulates G&G activities on the OCS, acquired these data in order to ensure that the Federal government received fair market value for leases issued for oil and gas production on the OCS, and to accomplish other regulatory functions.	hart@usgs.gov	Patrick Hart	U.S. Geological Survey	pointOfContact	DigitalSeg:DigitallyAcquired	MCS Data transferred from BOEM to USGS for posting on NAMSS. Limited information available.	1981-06-30	1981-06-01	2016-05-23	ptriezenberg@usgs.gov	Peter Triezenberg	U.S. Geological Survey	pointOfContact	2018-03-16	Seismic Metadata v.1
	digital											Hydrophone_Streamer											SeismicSource_Gun_Air						SEGP1	undocumented	WGS84	-68.37747	40.38790	28.32278	-81.04257	processed	matthew.wilson@boem.gov	Matthew Wilson	Bureau of Ocean Energy Management	pointOfContact	Online	Seismic:Active:MCS	matthew.wilson@boem.gov	Matthew Wilson	Bureau of Ocean Energy Management	pointOfContact	2007-01-25	open	https://walrus.wr.usgs.gov/namss/survey/b-04-82-at/dataset/	These data were acquired by BOEM (formerly MMS and USGS).  Under the terms of procurement, these data are to be available to the public 25 years after the issuance of the exploration permit.	namss.B-04-82-AT.mcs.airgun.zip					dataset	Unspecified		Unspecified	779.0 MB	1982-01-01	creation	Data zip file	https://walrus.wr.usgs.gov/namss/data/1982/namss.B-04-82-AT.mcs.airgun.zip										Atlantic Ocean	Migration:Depth, Migration	Seismic:Reflection	These data were acquired commercially for geophysical and geological (G&G) exploration of oil and gas prospects on the U.S. Outer Continental Shelf (OCS).  The Dept. of Interior, which regulates G&G activities on the OCS, acquired these data in order to ensure that the Federal government received fair market value for leases issued for oil and gas production on the OCS, and to accomplish other regulatory functions.	hart@usgs.gov	Patrick Hart	U.S. Geological Survey	pointOfContact	DigitalSeg:DigitallyAcquired	MCS Data transferred from BOEM to USGS for posting on NAMSS. Limited information available.	1982-01-31	1982-01-01	2016-05-23	ptriezenberg@usgs.gov	Peter Triezenberg	U.S. Geological Survey	pointOfContact	2018-03-16	Seismic Metadata v.1
DSS-240	digital								1			Hydrophone_Streamer	7.00000	4000			4000.00000		9.14400				SeismicSource_Gun_Air	4000.00000	Cubic Inches		Gulf Seal	Unspecified	SEGP1	undocumented	WGS84	-68.57109	41.12456	40.29900	-70.62808	processed	matthew.wilson@boem.gov	Matthew Wilson	Bureau of Ocean Energy Management	pointOfContact	Online	Seismic:Active:MCS	matthew.wilson@boem.gov	Matthew Wilson	Bureau of Ocean Energy Management	pointOfContact	2008-10-24	open	https://walrus.wr.usgs.gov/namss/survey/b-04-83-at/dataset/	These data were acquired by BOEM (formerly MMS and USGS).  Under the terms of procurement, these data are to be available to the public 25 years after the issuance of the exploration permit.	namss.B-04-83-AT.mcs.airgun.zip					dataset	Unspecified		Unspecified	520.7 MB	1983-10-01	creation	Data zip file	https://walrus.wr.usgs.gov/namss/data/1983/namss.B-04-83-AT.mcs.airgun.zip										North Atlantic Ocean	Migration	Seismic:Reflection	These data were acquired commercially for geophysical and geological (G&G) exploration of oil and gas prospects on the U.S. Outer Continental Shelf (OCS).  The Dept. of Interior, which regulates G&G activities on the OCS, acquired these data in order to ensure that the Federal government received fair market value for leases issued for oil and gas production on the OCS, and to accomplish other regulatory functions.	hart@usgs.gov	Patrick Hart	U.S. Geological Survey	pointOfContact	DigitalSeg:DigitallyAcquired	MCS Data transferred from BOEM to USGS for posting on NAMSS. Limited information available.	1983-10-31	1983-10-01	2016-05-23	ptriezenberg@usgs.gov	Peter Triezenberg	U.S. Geological Survey	pointOfContact	2018-03-16	Seismic Metadata v.1
	digital											Hydrophone_Streamer											SeismicSource_Gun_Air						SEGP1	undocumented	NAD27	-90.78794	29.75802	28.85460	-93.31351	processed	matthew.wilson@boem.gov	Matthew Wilson	Bureau of Ocean Energy Management	pointOfContact	Online	Seismic:Active:MCS	matthew.wilson@boem.gov	Matthew Wilson	Bureau of Ocean Energy Management	pointOfContact	2001-12-25	open	https://walrus.wr.usgs.gov/namss/survey/b-05-76-la/dataset/	These data were acquired by BOEM (formerly MMS and USGS).  Under the terms of procurement, these data are to be available to the public 25 years after the issuance of the exploration permit.	namss.B-05-76-LA.mcs.airgun.zip					dataset	Unspecified		Unspecified	79.6 MB	1976-01-01	creation	Data zip file	https://walrus.wr.usgs.gov/namss/data/1976/namss.B-05-76-LA.mcs.airgun.zip										Gulf of Mexico	Stack	Seismic:Reflection	These data were acquired commercially for geophysical and geological (G&G) exploration of oil and gas prospects on the U.S. Outer Continental Shelf (OCS).  The Dept. of Interior, which regulates G&G activities on the OCS, acquired these data in order to ensure that the Federal government received fair market value for leases issued for oil and gas production on the OCS, and to accomplish other regulatory functions.	hart@usgs.gov	Patrick Hart	U.S. Geological Survey	pointOfContact	DigitalSeg:DigitallyAcquired	MCS Data transferred from BOEM to USGS for posting on NAMSS. Limited information available.	1976-12-31	1976-01-01	2016-05-23	ptriezenberg@usgs.gov	Peter Triezenberg	U.S. Geological Survey	pointOfContact	2018-03-16	Seismic Metadata v.1
DFS-V	digital	17.37360	3200.00071		4.87680	33.29940			1		96	Hydrophone_Streamer		4000		Distance	33.29940					87.17280	SeismicSource_Gun_Air	2015.00000	Cubic Inches		Ida Green	Petroleum Services	SEGP1	undocumented	NAD83	-78.13194	27.84499	22.59888	-82.30750	processed	matthew.wilson@boem.gov	Matthew Wilson	Bureau of Ocean Energy Management	pointOfContact	Online	Seismic:Active:MCS	matthew.wilson@boem.gov	Matthew Wilson	Bureau of Ocean Energy Management	pointOfContact	2006-06-24	open	https://walrus.wr.usgs.gov/namss/survey/b-05-81-at/dataset/	These data were acquired by BOEM (formerly MMS and USGS).  Under the terms of procurement, these data are to be available to the public 25 years after the issuance of the exploration permit.	namss.B-05-81-AT.mcs.airgun.zip					dataset	Unspecified		Unspecified	2.0 GB	1981-06-01	creation	Data zip file	https://walrus.wr.usgs.gov/namss/data/1981/namss.B-05-81-AT.mcs.airgun.zip										Cay Sal (Old Bahama Channel)	Migration, Other, Stack	Seismic:Reflection, Seismic:Velocity	These data were acquired commercially for geophysical and geological (G&G) exploration of oil and gas prospects on the U.S. Outer Continental Shelf (OCS).  The Dept. of Interior, which regulates G&G activities on the OCS, acquired these data in order to ensure that the Federal government received fair market value for leases issued for oil and gas production on the OCS, and to accomplish other regulatory functions.	hart@usgs.gov	Patrick Hart	U.S. Geological Survey	pointOfContact	DigitalSeg:DigitallyAcquired	MCS Data transferred from BOEM to USGS for posting on NAMSS. Limited information available.	1981-06-30	1981-06-01	2016-05-23	ptriezenberg@usgs.gov	Peter Triezenberg	U.S. Geological Survey	pointOfContact	2018-03-16	Seismic Metadata v.1
	digital											Hydrophone_Streamer											SeismicSource_Gun_Air						SEGP1	undocumented	NAD27	-93.63978	29.13005	28.26118	-95.22930	processed	matthew.wilson@boem.gov	Matthew Wilson	Bureau of Ocean Energy Management	pointOfContact	Online	Seismic:Active:MCS	matthew.wilson@boem.gov	Matthew Wilson	Bureau of Ocean Energy Management	pointOfContact	2007-01-25	open	https://walrus.wr.usgs.gov/namss/survey/b-05-82-tx/dataset/	These data were acquired by BOEM (formerly MMS and USGS).  Under the terms of procurement, these data are to be available to the public 25 years after the issuance of the exploration permit.	namss.B-05-82-TX.mcs.airgun.zip					dataset	Unspecified		Unspecified	189.3 MB	1982-01-01	creation	Data zip file	https://walrus.wr.usgs.gov/namss/data/1982/namss.B-05-82-TX.mcs.airgun.zip										Gulf of Mexico	Stack	Seismic:Reflection	These data were acquired commercially for geophysical and geological (G&G) exploration of oil and gas prospects on the U.S. Outer Continental Shelf (OCS).  The Dept. of Interior, which regulates G&G activities on the OCS, acquired these data in order to ensure that the Federal government received fair market value for leases issued for oil and gas production on the OCS, and to accomplish other regulatory functions.	hart@usgs.gov	Patrick Hart	U.S. Geological Survey	pointOfContact	DigitalSeg:DigitallyAcquired	MCS Data transferred from BOEM to USGS for posting on NAMSS. Limited information available.	1982-01-31	1982-01-01	2016-05-23	ptriezenberg@usgs.gov	Peter Triezenberg	U.S. Geological Survey	pointOfContact	2018-03-16	Seismic Metadata v.1
	digital					24.99360			1		120	Hydrophone_Streamer				Distance	24.99360					249.93600	SeismicSource_Gun_Air						SEGP1	undocumented	WGS84	-73.49511	38.16068	31.99077	-76.95743	processed	matthew.wilson@boem.gov	Matthew Wilson	Bureau of Ocean Energy Management	pointOfContact	Online	Seismic:Active:MCS	matthew.wilson@boem.gov	Matthew Wilson	Bureau of Ocean Energy Management	pointOfContact	2008-05-24	open	https://walrus.wr.usgs.gov/namss/survey/b-05-83-at/dataset/	These data were acquired by BOEM (formerly MMS and USGS).  Under the terms of procurement, these data are to be available to the public 25 years after the issuance of the exploration permit.	namss.B-05-83-AT.mcs.airgun.zip					dataset	Unspecified		Unspecified	536.2 MB	1983-05-01	creation	Data zip file	https://walrus.wr.usgs.gov/namss/data/1983/namss.B-05-83-AT.mcs.airgun.zip										Atlantic Ocean	Migration:Depth, Migration	Seismic:Reflection	These data were acquired commercially for geophysical and geological (G&G) exploration of oil and gas prospects on the U.S. Outer Continental Shelf (OCS).  The Dept. of Interior, which regulates G&G activities on the OCS, acquired these data in order to ensure that the Federal government received fair market value for leases issued for oil and gas production on the OCS, and to accomplish other regulatory functions.	hart@usgs.gov	Patrick Hart	U.S. Geological Survey	pointOfContact	DigitalSeg:DigitallyAcquired	MCS Data transferred from BOEM to USGS for posting on NAMSS. Limited information available.	1983-05-31	1983-05-01	2016-05-23	ptriezenberg@usgs.gov	Peter Triezenberg	U.S. Geological Survey	pointOfContact	2018-03-16	Seismic Metadata v.1
GUS 4200	digital					33.52800					96	Hydrophone_Streamer	10.00000	2000						10		327.66000	SeismicSource_Gun_Air				Hollis Hedberg	Unspecified	SEGP1	undocumented	NAD27	-91.31440	28.76926	27.48639	-94.01425	processed	matthew.wilson@boem.gov	Matthew Wilson	Bureau of Ocean Energy Management	pointOfContact	Online	Seismic:Active:MCS	matthew.wilson@boem.gov	Matthew Wilson	Bureau of Ocean Energy Management	pointOfContact	2008-02-22	open	https://walrus.wr.usgs.gov/namss/survey/b-05-83-la/dataset/	These data were acquired by BOEM (formerly MMS and USGS).  Under the terms of procurement, these data are to be available to the public 25 years after the issuance of the exploration permit.	namss.B-05-83-LA.mcs.airgun.zip					dataset	Unspecified		Unspecified	41.6 MB	1983-02-01	creation	Data zip file	https://walrus.wr.usgs.gov/namss/data/1983/namss.B-05-83-LA.mcs.airgun.zip										Louisiana	Stack	Seismic:Reflection	These data were acquired commercially for geophysical and geological (G&G) exploration of oil and gas prospects on the U.S. Outer Continental Shelf (OCS).  The Dept. of Interior, which regulates G&G activities on the OCS, acquired these data in order to ensure that the Federal government received fair market value for leases issued for oil and gas production on the OCS, and to accomplish other regulatory functions.	hart@usgs.gov	Patrick Hart	U.S. Geological Survey	pointOfContact	DigitalSeg:DigitallyAcquired	MCS Data transferred from BOEM to USGS for posting on NAMSS. Limited information available.	1983-02-28	1983-02-01	2016-05-23	ptriezenberg@usgs.gov	Peter Triezenberg	U.S. Geological Survey	pointOfContact	2018-03-16	Seismic Metadata v.1
	digital											Hydrophone_Streamer											SeismicSource_Gun_Air						SEGP1	undocumented	NAD27	-93.37035	28.62841	26.23584	-94.63476	processed	matthew.wilson@boem.gov	Matthew Wilson	Bureau of Ocean Energy Management	pointOfContact	Online	Seismic:Active:MCS	matthew.wilson@boem.gov	Matthew Wilson	Bureau of Ocean Energy Management	pointOfContact	2008-01-25	open	https://walrus.wr.usgs.gov/namss/survey/b-05-83-tx/dataset/	These data were acquired by BOEM (formerly MMS and USGS).  Under the terms of procurement, these data are to be available to the public 25 years after the issuance of the exploration permit.	namss.B-05-83-TX.mcs.airgun.zip					dataset	Unspecified		Unspecified	699.7 MB	1983-01-01	creation	Data zip file	https://walrus.wr.usgs.gov/namss/data/1983/namss.B-05-83-TX.mcs.airgun.zip										Gulf of Mexico	Stack	Seismic:Reflection	These data were acquired commercially for geophysical and geological (G&G) exploration of oil and gas prospects on the U.S. Outer Continental Shelf (OCS).  The Dept. of Interior, which regulates G&G activities on the OCS, acquired these data in order to ensure that the Federal government received fair market value for leases issued for oil and gas production on the OCS, and to accomplish other regulatory functions.	hart@usgs.gov	Patrick Hart	U.S. Geological Survey	pointOfContact	DigitalSeg:DigitallyAcquired	MCS Data transferred from BOEM to USGS for posting on NAMSS. Limited information available.	1983-01-31	1983-01-01	2016-05-23	ptriezenberg@usgs.gov	Peter Triezenberg	U.S. Geological Survey	pointOfContact	2018-03-16	Seismic Metadata v.1
	digital		1219.20000			12.49680			1		96	Hydrophone_Streamer	6.00000	2000		Distance	24.99360			6		124.96800	SeismicSource_Gun_Air	984.00000	Cubic Inches				SEGP1	undocumented	WGS84	-75.31153	36.96317	32.49334	-79.75088	processed	matthew.wilson@boem.gov	Matthew Wilson	Bureau of Ocean Energy Management	pointOfContact	Online	Seismic:Active:MCS	matthew.wilson@boem.gov	Matthew Wilson	Bureau of Ocean Energy Management	pointOfContact	2011-10-25	open	https://walrus.wr.usgs.gov/namss/survey/b-05-86-at/dataset/	These data were acquired by BOEM (formerly MMS and USGS).  Under the terms of procurement, these data are to be available to the public 25 years after the issuance of the exploration permit.	namss.B-05-86-AT.mcs.airgun.zip					dataset	Unspecified		Unspecified	89.9 MB	1986-10-01	creation	Data zip file	https://walrus.wr.usgs.gov/namss/data/1986/namss.B-05-86-AT.mcs.airgun.zip										South Carolina	Stack	Seismic:Reflection	These data were acquired commercially for geophysical and geological (G&G) exploration of oil and gas prospects on the U.S. Outer Continental Shelf (OCS).  The Dept. of Interior, which regulates G&G activities on the OCS, acquired these data in order to ensure that the Federal government received fair market value for leases issued for oil and gas production on the OCS, and to accomplish other regulatory functions.	hart@usgs.gov	Patrick Hart	U.S. Geological Survey	pointOfContact	DigitalSeg:DigitallyAcquired	MCS Data transferred from BOEM to USGS for posting on NAMSS. Limited information available.	1986-10-31	1986-10-01	2016-05-23	ptriezenberg@usgs.gov	Peter Triezenberg	U.S. Geological Survey	pointOfContact	2018-03-16	Seismic Metadata v.1
DFS-V	digital					24.99360					120	Hydrophone_Streamer	7.00000	4000		Distance	49.98720		4.57200	20		323.08800	SeismicSource_Gun_Air				Western Shore	PGI	SEGP1	undocumented	NAD27	-90.11327	28.98757	28.61266	-90.48961	processed	matthew.wilson@boem.gov	Matthew Wilson	Bureau of Ocean Energy Management	pointOfContact	Online	Seismic:Active:MCS	matthew.wilson@boem.gov	Matthew Wilson	Bureau of Ocean Energy Management	pointOfContact	2011-03-25	open	https://walrus.wr.usgs.gov/namss/survey/b-05-86-la/dataset/	These data were acquired by BOEM (formerly MMS and USGS).  Under the terms of procurement, these data are to be available to the public 25 years after the issuance of the exploration permit.	namss.B-05-86-LA.mcs.airgun.zip					dataset	Unspecified		Unspecified	88.6 MB	1986-03-01	creation	Data zip file	https://walrus.wr.usgs.gov/namss/data/1986/namss.B-05-86-LA.mcs.airgun.zip										South Timbalier	Stack	Seismic:Reflection	These data were acquired commercially for geophysical and geological (G&G) exploration of oil and gas prospects on the U.S. Outer Continental Shelf (OCS).  The Dept. of Interior, which regulates G&G activities on the OCS, acquired these data in order to ensure that the Federal government received fair market value for leases issued for oil and gas production on the OCS, and to accomplish other regulatory functions.	hart@usgs.gov	Patrick Hart	U.S. Geological Survey	pointOfContact	DigitalSeg:DigitallyAcquired	MCS Data transferred from BOEM to USGS for posting on NAMSS. Limited information available.	1986-03-31	1986-03-01	2016-05-23	ptriezenberg@usgs.gov	Peter Triezenberg	U.S. Geological Survey	pointOfContact	2018-03-16	Seismic Metadata v.1
	digital											Hydrophone_Streamer											SeismicSource_Gun_Air						SEGP1	undocumented	NAD27	-93.35909	26.32139	25.94056	-95.09731	processed	matthew.wilson@boem.gov	Matthew Wilson	Bureau of Ocean Energy Management	pointOfContact	Online	Seismic:Active:MCS	matthew.wilson@boem.gov	Matthew Wilson	Bureau of Ocean Energy Management	pointOfContact	2013-01-31	open	https://walrus.wr.usgs.gov/namss/survey/b-05-88-tx/dataset/	These data were acquired by BOEM (formerly MMS and USGS).  Under the terms of procurement, these data are to be available to the public 25 years after the issuance of the exploration permit.	namss.B-05-88-TX.mcs.airgun.zip					dataset	Unspecified		Unspecified	1.0 GB	1988-01-01	creation	Data zip file	https://walrus.wr.usgs.gov/namss/data/1988/namss.B-05-88-TX.mcs.airgun.zip											Stack	Seismic:Reflection	These data were acquired commercially for geophysical and geological (G&G) exploration of oil and gas prospects on the U.S. Outer Continental Shelf (OCS).  The Dept. of Interior, which regulates G&G activities on the OCS, acquired these data in order to ensure that the Federal government received fair market value for leases issued for oil and gas production on the OCS, and to accomplish other regulatory functions.	hart@usgs.gov	Patrick Hart	U.S. Geological Survey	pointOfContact	DigitalSeg:DigitallyAcquired	MCS Data transferred from BOEM to USGS for posting on NAMSS. Limited information available.	1988-01-31	1988-01-01	2016-05-23	ptriezenberg@usgs.gov	Peter Triezenberg	U.S. Geological Survey	pointOfContact	2018-03-16	Seismic Metadata v.1
DDS-777	digital		3151.63200			67.05600					48	Hydrophone_Streamer	6.00000	4000									Other						SEGP1	undocumented	NAD27	-91.20973	28.47836	28.25208	-91.92250	processed	matthew.wilson@boem.gov	Matthew Wilson	Bureau of Ocean Energy Management	pointOfContact	Online	Seismic:Active:MCS	matthew.wilson@boem.gov	Matthew Wilson	Bureau of Ocean Energy Management	pointOfContact	2000-12-24	open	https://walrus.wr.usgs.gov/namss/survey/b-06-75-la/dataset/	These data were acquired by BOEM (formerly MMS and USGS).  Under the terms of procurement, these data are to be available to the public 25 years after the issuance of the exploration permit.	namss.B-06-75-LA.mcs.aquapulse.zip					dataset	Unspecified		Unspecified	383.5 MB	1975-01-01	creation	Data zip file	https://walrus.wr.usgs.gov/namss/data/1975/namss.B-06-75-LA.mcs.aquapulse.zip										Ship Shoal	Stack	Seismic:Reflection	These data were acquired commercially for geophysical and geological (G&G) exploration of oil and gas prospects on the U.S. Outer Continental Shelf (OCS).  The Dept. of Interior, which regulates G&G activities on the OCS, acquired these data in order to ensure that the Federal government received fair market value for leases issued for oil and gas production on the OCS, and to accomplish other regulatory functions.	hart@usgs.gov	Patrick Hart	U.S. Geological Survey	pointOfContact	DigitalSeg:DigitallyAcquired	MCS Data transferred from BOEM to USGS for posting on NAMSS. Limited information available.	1975-12-31	1975-01-01	2016-05-23	ptriezenberg@usgs.gov	Peter Triezenberg	U.S. Geological Survey	pointOfContact	2018-03-16	Seismic Metadata v.1
DFS-IV	digital		3599.07840						1		96	Hydrophone_Streamer	6.00000	4000		Distance	24.99360		10.66800	36		356.61600	SeismicSource_Gun_Air	5400.00000	Cubic Inches				SEGP1	undocumented	NAD83	-66.58911	41.45488	38.50520	-74.28644	processed	matthew.wilson@boem.gov	Matthew Wilson	Bureau of Ocean Energy Management	pointOfContact	Online	Seismic:Active:MCS	matthew.wilson@boem.gov	Matthew Wilson	Bureau of Ocean Energy Management	pointOfContact	2001-05-25	open	https://walrus.wr.usgs.gov/namss/survey/b-06-76-at/dataset/	These data were acquired by BOEM (formerly MMS and USGS).  Under the terms of procurement, these data are to be available to the public 25 years after the issuance of the exploration permit.	namss.B-06-76-AT.mcs.airgun.zip					dataset	Unspecified		Unspecified	1.2 GB	1976-05-01	creation	Data zip file	https://walrus.wr.usgs.gov/namss/data/1976/namss.B-06-76-AT.mcs.airgun.zip										Atlantic Ocean	Migration, Other, Stack	Seismic:Reflection, Seismic:Velocity	These data were acquired commercially for geophysical and geological (G&G) exploration of oil and gas prospects on the U.S. Outer Continental Shelf (OCS).  The Dept. of Interior, which regulates G&G activities on the OCS, acquired these data in order to ensure that the Federal government received fair market value for leases issued for oil and gas production on the OCS, and to accomplish other regulatory functions.	hart@usgs.gov	Patrick Hart	U.S. Geological Survey	pointOfContact	DigitalSeg:DigitallyAcquired	MCS Data transferred from BOEM to USGS for posting on NAMSS. Limited information available.	1976-05-31	1976-05-01	2016-05-23	ptriezenberg@usgs.gov	Peter Triezenberg	U.S. Geological Survey	pointOfContact	2018-03-16	Seismic Metadata v.1
MDS-10	digital		3150.00132						1		64	Hydrophone_Streamer	5.00000	4000		Distance	49.99939					188.00064	SeismicSource_Gun_Air				Seismic Explorer	SEI	SEGP1	undocumented	NAD83	-70.61281	40.65954	40.07068	-70.86565	processed	matthew.wilson@boem.gov	Matthew Wilson	Bureau of Ocean Energy Management	pointOfContact	Online	Seismic:Active:MCS	matthew.wilson@boem.gov	Matthew Wilson	Bureau of Ocean Energy Management	pointOfContact	2004-01-25	open	https://walrus.wr.usgs.gov/namss/survey/b-06-79-at/dataset/	These data were acquired by BOEM (formerly MMS and USGS).  Under the terms of procurement, these data are to be available to the public 25 years after the issuance of the exploration permit.	namss.B-06-79-AT.mcs.airgun.zip					dataset	Unspecified		Unspecified	30.9 MB	1979-01-01	creation	Data zip file	https://walrus.wr.usgs.gov/namss/data/1979/namss.B-06-79-AT.mcs.airgun.zip										Atlantic Ocean	Migration, Stack	Seismic:Reflection	These data were acquired commercially for geophysical and geological (G&G) exploration of oil and gas prospects on the U.S. Outer Continental Shelf (OCS).  The Dept. of Interior, which regulates G&G activities on the OCS, acquired these data in order to ensure that the Federal government received fair market value for leases issued for oil and gas production on the OCS, and to accomplish other regulatory functions.	hart@usgs.gov	Patrick Hart	U.S. Geological Survey	pointOfContact	DigitalSeg:DigitallyAcquired	MCS Data transferred from BOEM to USGS for posting on NAMSS. Limited information available.	1979-01-31	1979-01-01	2016-05-23	ptriezenberg@usgs.gov	Peter Triezenberg	U.S. Geological Survey	pointOfContact	2018-03-16	Seismic Metadata v.1
DFS-V	digital		3599.07840						1		96	Hydrophone_Streamer		2000		Distance	49.98720			25		262.12800	SeismicSource_Gun_Air	2220.00000	Cubic Inches		Gulf Seal	Unspecified	SEGP1	undocumented	WGS84	-76.04821	32.98269	26.60646	-80.30783	processed	matthew.wilson@boem.gov	Matthew Wilson	Bureau of Ocean Energy Management	pointOfContact	Online	Seismic:Active:MCS	matthew.wilson@boem.gov	Matthew Wilson	Bureau of Ocean Energy Management	pointOfContact	2007-05-25	open	https://walrus.wr.usgs.gov/namss/survey/b-06-82-at/dataset/	These data were acquired by BOEM (formerly MMS and USGS).  Under the terms of procurement, these data are to be available to the public 25 years after the issuance of the exploration permit.	namss.B-06-82-AT.mcs.airgun.zip					dataset	Unspecified		Unspecified	1.1 GB	1982-05-01	creation	Data zip file	https://walrus.wr.usgs.gov/namss/data/1982/namss.B-06-82-AT.mcs.airgun.zip										South Atlantic Ocean	Migration	Seismic:Reflection	These data were acquired commercially for geophysical and geological (G&G) exploration of oil and gas prospects on the U.S. Outer Continental Shelf (OCS).  The Dept. of Interior, which regulates G&G activities on the OCS, acquired these data in order to ensure that the Federal government received fair market value for leases issued for oil and gas production on the OCS, and to accomplish other regulatory functions.	hart@usgs.gov	Patrick Hart	U.S. Geological Survey	pointOfContact	DigitalSeg:DigitallyAcquired	MCS Data transferred from BOEM to USGS for posting on NAMSS. Limited information available.	1982-05-31	1982-05-01	2016-05-23	ptriezenberg@usgs.gov	Peter Triezenberg	U.S. Geological Survey	pointOfContact	2018-03-16	Seismic Metadata v.1
	digital											Hydrophone_Streamer											SeismicSource_Gun_Air						410	undocumented	NAD27	-117.27836	34.44500	32.59555	-120.57410	processed	hart@usgs.gov	Patrick Hart	U.S. Geological Survey	pointOfContact	Online	Seismic:Active:MCS	Unspecified	Unspecified	Unspecified	resourceProvider		open	https://walrus.wr.usgs.gov/namss/survey/b-06-85-sc/dataset/	Unspecified	namss.B-06-85-SC.mcs.airgun.zip					dataset	Unspecified		Unspecified	267.7 MB	1985-01-01	creation	Dataset zip file	https://walrus.wr.usgs.gov/namss/data/1985/namss.B-06-85-SC.mcs.airgun.zip										Southern California	Stack	Seismic:Reflection		hart@usgs.gov	Patrick Hart	U.S. Geological Survey	pointOfContact	DigitalSeg:DigitallyAcquired		1985-01-01	1985-01-01	2017-03-27	ptriezenberg@usgs.gov	Peter Triezenberg	U.S. Geological Survey	pointOfContact	2018-03-16	Seismic Metadata v.1
	digital											Hydrophone_Streamer											SeismicSource_Gun_Air						SEGP1	undocumented	NAD27	-93.68824	29.48667	28.13161	-95.99483	processed	matthew.wilson@boem.gov	Matthew Wilson	Bureau of Ocean Energy Management	pointOfContact	Online	Seismic:Active:MCS	matthew.wilson@boem.gov	Matthew Wilson	Bureau of Ocean Energy Management	pointOfContact	2011-01-25	open	https://walrus.wr.usgs.gov/namss/survey/b-06-86-tx/dataset/	These data were acquired by BOEM (formerly MMS and USGS).  Under the terms of procurement, these data are to be available to the public 25 years after the issuance of the exploration permit.	namss.B-06-86-TX.mcs.airgun.zip					dataset	Unspecified		Unspecified	2.5 GB	1986-01-01	creation	Data zip file	https://walrus.wr.usgs.gov/namss/data/1986/namss.B-06-86-TX.mcs.airgun.zip										Gulf of Mexico	Stack	Seismic:Reflection	These data were acquired commercially for geophysical and geological (G&G) exploration of oil and gas prospects on the U.S. Outer Continental Shelf (OCS).  The Dept. of Interior, which regulates G&G activities on the OCS, acquired these data in order to ensure that the Federal government received fair market value for leases issued for oil and gas production on the OCS, and to accomplish other regulatory functions.	hart@usgs.gov	Patrick Hart	U.S. Geological Survey	pointOfContact	DigitalSeg:DigitallyAcquired	MCS Data transferred from BOEM to USGS for posting on NAMSS. Limited information available.	1986-01-31	1986-01-01	2016-05-23	ptriezenberg@usgs.gov	Peter Triezenberg	U.S. Geological Survey	pointOfContact	2018-03-16	Seismic Metadata v.1
	digital											Hydrophone_Streamer											SeismicSource_Gun_Air						SEGP1	undocumented	NAD83	-72.43907	39.45245	39.11503	-73.59053	processed	matthew.wilson@boem.gov	Matthew Wilson	Bureau of Ocean Energy Management	pointOfContact	Online	Seismic:Active:MCS	matthew.wilson@boem.gov	Matthew Wilson	Bureau of Ocean Energy Management	pointOfContact	2001-01-24	open	https://walrus.wr.usgs.gov/namss/survey/b-07-76-at/dataset/	These data were acquired by BOEM (formerly MMS and USGS).  Under the terms of procurement, these data are to be available to the public 25 years after the issuance of the exploration permit.	namss.B-07-76-AT.mcs.airgun.zip					dataset	Unspecified		Unspecified	20.2 MB	1976-01-01	creation	Data zip file	https://walrus.wr.usgs.gov/namss/data/1976/namss.B-07-76-AT.mcs.airgun.zip										Atlantic Ocean	Migration	Seismic:Reflection	These data were acquired commercially for geophysical and geological (G&G) exploration of oil and gas prospects on the U.S. Outer Continental Shelf (OCS).  The Dept. of Interior, which regulates G&G activities on the OCS, acquired these data in order to ensure that the Federal government received fair market value for leases issued for oil and gas production on the OCS, and to accomplish other regulatory functions.	hart@usgs.gov	Patrick Hart	U.S. Geological Survey	pointOfContact	DigitalSeg:DigitallyAcquired	MCS Data transferred from BOEM to USGS for posting on NAMSS. Limited information available.	1976-01-31	1976-01-01	2016-05-23	ptriezenberg@usgs.gov	Peter Triezenberg	U.S. Geological Survey	pointOfContact	2018-03-16	Seismic Metadata v.1
	digital											Hydrophone_Streamer											SeismicSource_Gun_Air				Western Beaufort	Unspecified	N83	undocumented	NAD83	-145.54101	70.65157	70.14773	-150.16089	processed	hart@usgs.gov	Patrick Hart	U.S. Geological Survey	pointOfContact	Online	Seismic:Active:MCS	Unspecified	Unspecified	Unspecified	resourceProvider		open	https://walrus.wr.usgs.gov/namss/survey/b-07-78-ak/dataset/	These data were acquired by BOEM (formerly MMS and USGS).  Under the terms of procurement, these data are to be available to the public 25 years after the issuance of the exploration permit.	namss.B-07-78-AK.mcs.airgun.zip					dataset	Unspecified		Unspecified	20.2 GB	1978-07-15	creation	Data zip file	https://walrus.wr.usgs.gov/namss/data/1978/namss.B-07-78-AK.mcs.airgun.zip										Beaufort Sea	Migration, Stack	Seismic:Reflection	These data were acquired commercially for geophysical and geological (G&G) exploration of oil and gas prospects on the U.S. Outer Continental Shelf (OCS).  The Dept. of Interior, which regulates G&G activities on the OCS, acquired these data in order to ensure that the Federal government received fair market value for leases issued for oil and gas production on the OCS, and to accomplish other regulatory functions.	hart@usgs.gov	Patrick Hart	U.S. Geological Survey	pointOfContact	DigitalSeg:DigitallyAcquired	MCS Data transferred from BOEM to USGS for posting on NAMSS. Limited information available.	1978-09-27	1978-07-15	2016-08-29	ptriezenberg@usgs.gov	Peter Triezenberg	U.S. Geological Survey	pointOfContact	2018-03-16	Seismic Metadata v.1
	digital											Hydrophone_Streamer											SeismicSource_Gun_Air						SEGP1	undocumented	NAD83	-66.80338	40.73562	29.38731	-79.37106	processed	matthew.wilson@boem.gov	Matthew Wilson	Bureau of Ocean Energy Management	pointOfContact	Online	Seismic:Active:MCS	matthew.wilson@boem.gov	Matthew Wilson	Bureau of Ocean Energy Management	pointOfContact	2005-01-24	open	https://walrus.wr.usgs.gov/namss/survey/b-07-80-at/dataset/	These data were acquired by BOEM (formerly MMS and USGS).  Under the terms of procurement, these data are to be available to the public 25 years after the issuance of the exploration permit.	namss.B-07-80-AT.mcs.airgun.zip					dataset	Unspecified		Unspecified	283.2 MB	1980-01-01	creation	Data zip file	https://walrus.wr.usgs.gov/namss/data/1980/namss.B-07-80-AT.mcs.airgun.zip										Atlantic Ocean	Stack	Seismic:Reflection	These data were acquired commercially for geophysical and geological (G&G) exploration of oil and gas prospects on the U.S. Outer Continental Shelf (OCS).  The Dept. of Interior, which regulates G&G activities on the OCS, acquired these data in order to ensure that the Federal government received fair market value for leases issued for oil and gas production on the OCS, and to accomplish other regulatory functions.	hart@usgs.gov	Patrick Hart	U.S. Geological Survey	pointOfContact	DigitalSeg:DigitallyAcquired	MCS Data transferred from BOEM to USGS for posting on NAMSS. Limited information available.	1980-01-31	1980-01-01	2016-05-23	ptriezenberg@usgs.gov	Peter Triezenberg	U.S. Geological Survey	pointOfContact	2018-03-16	Seismic Metadata v.1
886	digital		3599.07840						1		96	Hydrophone_Streamer				Distance	49.98720			25		270.05280	SeismicSource_Gun_Air						SEGP1	undocumented	NAD83	-74.54575	35.66176	35.23645	-75.04708	processed	matthew.wilson@boem.gov	Matthew Wilson	Bureau of Ocean Energy Management	pointOfContact	Online	Seismic:Active:MCS	matthew.wilson@boem.gov	Matthew Wilson	Bureau of Ocean Energy Management	pointOfContact	2006-01-25	open	https://walrus.wr.usgs.gov/namss/survey/b-07-81-at/dataset/	These data were acquired by BOEM (formerly MMS and USGS).  Under the terms of procurement, these data are to be available to the public 25 years after the issuance of the exploration permit.	namss.B-07-81-AT.mcs.airgun.zip					dataset	Unspecified		Unspecified	223.8 MB	1981-01-01	creation	Data zip file	https://walrus.wr.usgs.gov/namss/data/1981/namss.B-07-81-AT.mcs.airgun.zip										Cape Hatteras	Migration:Depth, Migration	Seismic:Reflection	These data were acquired commercially for geophysical and geological (G&G) exploration of oil and gas prospects on the U.S. Outer Continental Shelf (OCS).  The Dept. of Interior, which regulates G&G activities on the OCS, acquired these data in order to ensure that the Federal government received fair market value for leases issued for oil and gas production on the OCS, and to accomplish other regulatory functions.	hart@usgs.gov	Patrick Hart	U.S. Geological Survey	pointOfContact	DigitalSeg:DigitallyAcquired	MCS Data transferred from BOEM to USGS for posting on NAMSS. Limited information available.	1981-01-31	1981-01-01	2016-05-23	ptriezenberg@usgs.gov	Peter Triezenberg	U.S. Geological Survey	pointOfContact	2018-03-16	Seismic Metadata v.1
DOS-160	digital	61.87440	3973.98240		9.14400	24.99360			1			Hydrophone_Streamer	7.00000	2000		Distance	24.99360		10.66800	21		212.44560	SeismicSource_Gun_Air	3000.00000	Cubic Inches		Gulf Seal	Unspecified	SEGP1	undocumented	WGS84	-73.11844	38.50596	38.30901	-73.41734	processed	matthew.wilson@boem.gov	Matthew Wilson	Bureau of Ocean Energy Management	pointOfContact	Online	Seismic:Active:MCS	matthew.wilson@boem.gov	Matthew Wilson	Bureau of Ocean Energy Management	pointOfContact	2008-08-24	open	https://walrus.wr.usgs.gov/namss/survey/b-07-83-at/dataset/	These data were acquired by BOEM (formerly MMS and USGS).  Under the terms of procurement, these data are to be available to the public 25 years after the issuance of the exploration permit.	namss.B-07-83-AT.mcs.airgun.zip					dataset	Unspecified		Unspecified	254.1 MB	1983-08-01	creation	Data zip file	https://walrus.wr.usgs.gov/namss/data/1983/namss.B-07-83-AT.mcs.airgun.zip										Commandant	Migration, Other, Stack	Seismic:Reflection, Seismic:Velocity	These data were acquired commercially for geophysical and geological (G&G) exploration of oil and gas prospects on the U.S. Outer Continental Shelf (OCS).  The Dept. of Interior, which regulates G&G activities on the OCS, acquired these data in order to ensure that the Federal government received fair market value for leases issued for oil and gas production on the OCS, and to accomplish other regulatory functions.	hart@usgs.gov	Patrick Hart	U.S. Geological Survey	pointOfContact	DigitalSeg:DigitallyAcquired	MCS Data transferred from BOEM to USGS for posting on NAMSS. Limited information available.	1983-08-31	1983-08-01	2016-05-23	ptriezenberg@usgs.gov	Peter Triezenberg	U.S. Geological Survey	pointOfContact	2018-03-16	Seismic Metadata v.1
ECS II GUS	digital		2924.86080		10.66800							Hydrophone_Streamer	8.00000	4000	Global Positioning System	Distance	22.49424		7.62000	24		268.83360	SeismicSource_Gun_Air	3836.00000	Cubic Inches		Stormy	Esso Seis	SEGP1	undocumented	NAD27	-96.28694	26.64989	26.00594	-96.99782	processed	matthew.wilson@boem.gov	Matthew Wilson	Bureau of Ocean Energy Management	pointOfContact	Online	Seismic:Active:MCS	matthew.wilson@boem.gov	Matthew Wilson	Bureau of Ocean Energy Management	pointOfContact	2008-05-24	open	https://walrus.wr.usgs.gov/namss/survey/b-07-83-tx/dataset/	These data were acquired by BOEM (formerly MMS and USGS).  Under the terms of procurement, these data are to be available to the public 25 years after the issuance of the exploration permit.	namss.B-07-83-TX.mcs.airgun.zip					dataset	Unspecified		Unspecified	15.7 MB	1983-05-01	creation	Data zip file	https://walrus.wr.usgs.gov/namss/data/1983/namss.B-07-83-TX.mcs.airgun.zip										Texas	Stack	Seismic:Reflection	These data were acquired commercially for geophysical and geological (G&G) exploration of oil and gas prospects on the U.S. Outer Continental Shelf (OCS).  The Dept. of Interior, which regulates G&G activities on the OCS, acquired these data in order to ensure that the Federal government received fair market value for leases issued for oil and gas production on the OCS, and to accomplish other regulatory functions.	hart@usgs.gov	Patrick Hart	U.S. Geological Survey	pointOfContact	DigitalSeg:DigitallyAcquired	MCS Data transferred from BOEM to USGS for posting on NAMSS. Limited information available.	1983-05-31	1983-05-01	2016-05-23	ptriezenberg@usgs.gov	Peter Triezenberg	U.S. Geological Survey	pointOfContact	2018-03-16	Seismic Metadata v.1
	digital											Hydrophone_Streamer											SeismicSource_Gun_Air						SEGP1	undocumented	NAD27	-86.96124	29.30156	28.14276	-88.11136	processed	matthew.wilson@boem.gov	Matthew Wilson	Bureau of Ocean Energy Management	pointOfContact	Online	Seismic:Active:MCS	matthew.wilson@boem.gov	Matthew Wilson	Bureau of Ocean Energy Management	pointOfContact	2013-01-31	open	https://walrus.wr.usgs.gov/namss/survey/b-07-88-mi/dataset/	These data were acquired by BOEM (formerly MMS and USGS).  Under the terms of procurement, these data are to be available to the public 25 years after the issuance of the exploration permit.	namss.B-07-88-MI.mcs.airgun.zip					dataset	Unspecified		Unspecified	643.5 MB	1988-01-01	creation	Data zip file	https://walrus.wr.usgs.gov/namss/data/1988/namss.B-07-88-MI.mcs.airgun.zip											Stack	Seismic:Reflection	These data were acquired commercially for geophysical and geological (G&G) exploration of oil and gas prospects on the U.S. Outer Continental Shelf (OCS).  The Dept. of Interior, which regulates G&G activities on the OCS, acquired these data in order to ensure that the Federal government received fair market value for leases issued for oil and gas production on the OCS, and to accomplish other regulatory functions.	hart@usgs.gov	Patrick Hart	U.S. Geological Survey	pointOfContact	DigitalSeg:DigitallyAcquired	MCS Data transferred from BOEM to USGS for posting on NAMSS. Limited information available.	1988-01-31	1988-01-01	2016-05-23	ptriezenberg@usgs.gov	Peter Triezenberg	U.S. Geological Survey	pointOfContact	2018-03-16	Seismic Metadata v.1
DFS-IV	digital		2400.00000		11.00000	50.00000			1	48	48	Hydrophone_Streamer			LORAN		25.00000		11.00000	4		300.00000	SeismicSource_Gun_Air	1600.00000	Cubic Inches		U.S. Olympic	Unspecified	N83	no	NAD83	-164.13583	57.01612	54.81935	-170.33605	processed	hart@usgs.gov	Patrick Hart	U.S. Geological Survey	pointOfContact	Online	Seismic:Active:MCS	hart@usgs.gov	Patrick Hart	U.S. Geological Survey	pointOfContact	2001-08-08	open	https://walrus.wr.usgs.gov/namss/survey/b-08-75-ak/dataset/	Unspecified	namss.B-08-75-AK.mcs.airgun.zip					dataset	Unspecified		Unspecified	12.1 GB	1975-06-01	creation	Dataset zip file	https://walrus.wr.usgs.gov/namss/data/1975/namss.B-08-75-AK.mcs.airgun.zip										Bering Sea	Stack	Seismic:Reflection		hart@usgs.gov	Patrick Hart	U.S. Geological Survey	pointOfContact	DigitalImage, DigitalSeg:DigitallyAcquired		1975-11-01	1975-06-01	2016-05-23	ptriezenberg@usgs.gov	Peter Triezenberg	U.S. Geological Survey	pointOfContact	2018-03-16	Seismic Metadata v.1
DFS-IV	digital		3200.00071		13.71600	66.66890			1		48	Hydrophone_Streamer	6.00000	2000		Distance	33.32988		7.62000				SeismicSource_Gun_Air	1200.00000	Cubic Inches		Midnight Worker	GSI	SEGP1	undocumented	WGS84	-66.58938	41.13668	40.41958	-68.40525	processed	matthew.wilson@boem.gov	Matthew Wilson	Bureau of Ocean Energy Management	pointOfContact	Online	Seismic:Active:MCS	matthew.wilson@boem.gov	Matthew Wilson	Bureau of Ocean Energy Management	pointOfContact	2000-08-24	open	https://walrus.wr.usgs.gov/namss/survey/b-08-75-at/dataset/	These data were acquired by BOEM (formerly MMS and USGS).  Under the terms of procurement, these data are to be available to the public 25 years after the issuance of the exploration permit.	namss.B-08-75-AT.mcs.airgun.zip					dataset	Unspecified		Unspecified	745.7 MB	1975-08-01	creation	Data zip file	https://walrus.wr.usgs.gov/namss/data/1975/namss.B-08-75-AT.mcs.airgun.zip										Georges Bank	Migration, Other, Stack	Seismic:Reflection, Seismic:Velocity	These data were acquired commercially for geophysical and geological (G&G) exploration of oil and gas prospects on the U.S. Outer Continental Shelf (OCS).  The Dept. of Interior, which regulates G&G activities on the OCS, acquired these data in order to ensure that the Federal government received fair market value for leases issued for oil and gas production on the OCS, and to accomplish other regulatory functions.	hart@usgs.gov	Patrick Hart	U.S. Geological Survey	pointOfContact	DigitalSeg:DigitallyAcquired	MCS Data transferred from BOEM to USGS for posting on NAMSS. Limited information available.	1975-08-31	1975-08-01	2016-05-23	ptriezenberg@usgs.gov	Peter Triezenberg	U.S. Geological Survey	pointOfContact	2018-03-16	Seismic Metadata v.1
	digital		3523.79280			74.98080			1			Hydrophone_Streamer				Distance	37.49040			4		157.27680	SeismicSource_Gun_Air						SEGP1	undocumented	NAD83	-79.01391	31.47841	30.00175	-81.01649	processed	matthew.wilson@boem.gov	Matthew Wilson	Bureau of Ocean Energy Management	pointOfContact	Online	Seismic:Active:MCS	matthew.wilson@boem.gov	Matthew Wilson	Bureau of Ocean Energy Management	pointOfContact	2001-01-24	open	https://walrus.wr.usgs.gov/namss/survey/b-08-76-at/dataset/	These data were acquired by BOEM (formerly MMS and USGS).  Under the terms of procurement, these data are to be available to the public 25 years after the issuance of the exploration permit.	namss.B-08-76-AT.mcs.airgun.zip					dataset	Unspecified		Unspecified	1.5 GB	1976-01-01	creation	Data zip file	https://walrus.wr.usgs.gov/namss/data/1976/namss.B-08-76-AT.mcs.airgun.zip										Georgia Embayment	Stack	Seismic:Reflection	These data were acquired commercially for geophysical and geological (G&G) exploration of oil and gas prospects on the U.S. Outer Continental Shelf (OCS).  The Dept. of Interior, which regulates G&G activities on the OCS, acquired these data in order to ensure that the Federal government received fair market value for leases issued for oil and gas production on the OCS, and to accomplish other regulatory functions.	hart@usgs.gov	Patrick Hart	U.S. Geological Survey	pointOfContact	DigitalSeg:DigitallyAcquired	MCS Data transferred from BOEM to USGS for posting on NAMSS. Limited information available.	1976-01-31	1976-01-01	2016-05-23	ptriezenberg@usgs.gov	Peter Triezenberg	U.S. Geological Survey	pointOfContact	2016-05-31	Seismic Metadata v.1
DFS-V	digital	56.38800	3133.30010		13.71600	66.60000					48	Hydrophone_Streamer	5.00000	2000		Distance	33.30000		12.19200			197.00001	Other	1450.00000	Cubic Inches				SEGP1	undocumented	NAD27	-83.25753	28.74674	25.95887	-86.09263	processed	matthew.wilson@boem.gov	Matthew Wilson	Bureau of Ocean Energy Management	pointOfContact	Online	Seismic:Active:MCS	matthew.wilson@boem.gov	Matthew Wilson	Bureau of Ocean Energy Management	pointOfContact	2002-11-24	open	https://walrus.wr.usgs.gov/namss/survey/b-08-77-fl/dataset/	These data were acquired by BOEM (formerly MMS and USGS).  Under the terms of procurement, these data are to be available to the public 25 years after the issuance of the exploration permit.	namss.B-08-77-FL.mcs.maltarray.zip					dataset	Unspecified		Unspecified	207.5 MB	1977-11-01	creation	Data zip file	https://walrus.wr.usgs.gov/namss/data/1977/namss.B-08-77-FL.mcs.maltarray.zip										Gulf of Mexico	Stack	Seismic:Reflection	These data were acquired commercially for geophysical and geological (G&G) exploration of oil and gas prospects on the U.S. Outer Continental Shelf (OCS).  The Dept. of Interior, which regulates G&G activities on the OCS, acquired these data in order to ensure that the Federal government received fair market value for leases issued for oil and gas production on the OCS, and to accomplish other regulatory functions.	hart@usgs.gov	Patrick Hart	U.S. Geological Survey	pointOfContact	DigitalSeg:DigitallyAcquired	MCS Data transferred from BOEM to USGS for posting on NAMSS. Limited information available.	1977-11-30	1977-11-01	2016-05-23	ptriezenberg@usgs.gov	Peter Triezenberg	U.S. Geological Survey	pointOfContact	2018-03-16	Seismic Metadata v.1
DFS-IV	digital	54.86400	3165.95760		12.19200	67.36080			1		48	Hydrophone_Streamer	6.00000	2000		Distance	33.68040		9.14400	7		269.44320	SeismicSource_Gun_Air	1341.00000	Cubic Inches		Deep Sea Explorer	Geosource	SEGP1	undocumented	NAD83	-71.95563	39.92427	37.74145	-74.29177	processed	matthew.wilson@boem.gov	Matthew Wilson	Bureau of Ocean Energy Management	pointOfContact	Online	Seismic:Active:MCS	matthew.wilson@boem.gov	Matthew Wilson	Bureau of Ocean Energy Management	pointOfContact	2003-08-25	open	https://walrus.wr.usgs.gov/namss/survey/b-08-78-at/dataset/	These data were acquired by BOEM (formerly MMS and USGS).  Under the terms of procurement, these data are to be available to the public 25 years after the issuance of the exploration permit.	namss.B-08-78-AT.mcs.airgun.zip					dataset	Unspecified		Unspecified	1.5 GB	1978-08-01	creation	Data zip file	https://walrus.wr.usgs.gov/namss/data/1978/namss.B-08-78-AT.mcs.airgun.zip										Baltimore Canyon	Migration, Other, Stack	Seismic:Reflection, Seismic:Velocity	These data were acquired commercially for geophysical and geological (G&G) exploration of oil and gas prospects on the U.S. Outer Continental Shelf (OCS).  The Dept. of Interior, which regulates G&G activities on the OCS, acquired these data in order to ensure that the Federal government received fair market value for leases issued for oil and gas production on the OCS, and to accomplish other regulatory functions.	hart@usgs.gov	Patrick Hart	U.S. Geological Survey	pointOfContact	DigitalSeg:DigitallyAcquired	MCS Data transferred from BOEM to USGS for posting on NAMSS. Limited information available.	1978-08-31	1978-08-01	2016-05-23	ptriezenberg@usgs.gov	Peter Triezenberg	U.S. Geological Survey	pointOfContact	2018-03-16	Seismic Metadata v.1
DOS-160	digital	61.87440	3973.98240		9.14400	24.99360			1			Hydrophone_Streamer	7.00000	2000		Distance	24.99360		10.66800	21		212.44560	SeismicSource_Gun_Air	3000.00000	Cubic Inches		Gulf Seal	Unspecified	SEGP1	undocumented	WGS84	-71.15864	39.88928	39.67399	-71.65950	processed	matthew.wilson@boem.gov	Matthew Wilson	Bureau of Ocean Energy Management	pointOfContact	Online	Seismic:Active:MCS	matthew.wilson@boem.gov	Matthew Wilson	Bureau of Ocean Energy Management	pointOfContact	2008-08-24	open	https://walrus.wr.usgs.gov/namss/survey/b-08-83-at/dataset/	These data were acquired by BOEM (formerly MMS and USGS).  Under the terms of procurement, these data are to be available to the public 25 years after the issuance of the exploration permit.	namss.B-08-83-AT.mcs.airgun.zip					dataset	Unspecified		Unspecified	418.6 MB	1983-08-01	creation	Data zip file	https://walrus.wr.usgs.gov/namss/data/1983/namss.B-08-83-AT.mcs.airgun.zip										Block Canyon	Migration:Depth, Migration	Seismic:Reflection	These data were acquired commercially for geophysical and geological (G&G) exploration of oil and gas prospects on the U.S. Outer Continental Shelf (OCS).  The Dept. of Interior, which regulates G&G activities on the OCS, acquired these data in order to ensure that the Federal government received fair market value for leases issued for oil and gas production on the OCS, and to accomplish other regulatory functions.	hart@usgs.gov	Patrick Hart	U.S. Geological Survey	pointOfContact	DigitalSeg:DigitallyAcquired	MCS Data transferred from BOEM to USGS for posting on NAMSS. Limited information available.	1983-08-31	1983-08-01	2016-05-23	ptriezenberg@usgs.gov	Peter Triezenberg	U.S. Geological Survey	pointOfContact	2018-03-16	Seismic Metadata v.1
DFS-V	digital		2599.33440		9.14400	24.99360					104	Hydrophone_Streamer	8.00000	2000	ARGO	Distance	24.99360		7.62000				SeismicSource_Gun_Air	3564.00000	Cubic Inches		Emerald	Geco	SEGP1	undocumented	NAD27	-93.39477	28.51787	27.62088	-94.58148	processed	matthew.wilson@boem.gov	Matthew Wilson	Bureau of Ocean Energy Management	pointOfContact	Online	Seismic:Active:MCS	matthew.wilson@boem.gov	Matthew Wilson	Bureau of Ocean Energy Management	pointOfContact	2008-05-24	open	https://walrus.wr.usgs.gov/namss/survey/b-08-83-tx/dataset/	These data were acquired by BOEM (formerly MMS and USGS).  Under the terms of procurement, these data are to be available to the public 25 years after the issuance of the exploration permit.	namss.B-08-83-TX.mcs.airgun.zip					dataset	Unspecified		Unspecified	797.6 MB	1983-05-01	creation	Data zip file	https://walrus.wr.usgs.gov/namss/data/1983/namss.B-08-83-TX.mcs.airgun.zip										Texas	Stack	Seismic:Reflection	These data were acquired commercially for geophysical and geological (G&G) exploration of oil and gas prospects on the U.S. Outer Continental Shelf (OCS).  The Dept. of Interior, which regulates G&G activities on the OCS, acquired these data in order to ensure that the Federal government received fair market value for leases issued for oil and gas production on the OCS, and to accomplish other regulatory functions.	hart@usgs.gov	Patrick Hart	U.S. Geological Survey	pointOfContact	DigitalSeg:DigitallyAcquired	MCS Data transferred from BOEM to USGS for posting on NAMSS. Limited information available.	1983-05-31	1983-05-01	2016-05-23	ptriezenberg@usgs.gov	Peter Triezenberg	U.S. Geological Survey	pointOfContact	2018-03-16	Seismic Metadata v.1
DFS-V	digital	178.00320	3838.95600		9.14400	19.99488					192	Hydrophone_Streamer	11.00000	2000	Long Range Navigation	Distance	39.98976		7.62000			179.83200	SeismicSource_Gun_Air	4752.00000	Cubic Inches		Malene Ostervold	Geco	SEGP1	undocumented	NAD27	-93.85045	28.01564	26.65043	-96.34472	processed	matthew.wilson@boem.gov	Matthew Wilson	Bureau of Ocean Energy Management	pointOfContact	Online	Seismic:Active:MCS	matthew.wilson@boem.gov	Matthew Wilson	Bureau of Ocean Energy Management	pointOfContact	2009-04-24	open	https://walrus.wr.usgs.gov/namss/survey/b-08-84-tx/dataset/	These data were acquired by BOEM (formerly MMS and USGS).  Under the terms of procurement, these data are to be available to the public 25 years after the issuance of the exploration permit.	namss.B-08-84-TX.mcs.airgun.zip					dataset	Unspecified		Unspecified	462.0 MB	1984-04-01	creation	Data zip file	https://walrus.wr.usgs.gov/namss/data/1984/namss.B-08-84-TX.mcs.airgun.zip										Texas	Stack	Seismic:Reflection	These data were acquired commercially for geophysical and geological (G&G) exploration of oil and gas prospects on the U.S. Outer Continental Shelf (OCS).  The Dept. of Interior, which regulates G&G activities on the OCS, acquired these data in order to ensure that the Federal government received fair market value for leases issued for oil and gas production on the OCS, and to accomplish other regulatory functions.	hart@usgs.gov	Patrick Hart	U.S. Geological Survey	pointOfContact	DigitalSeg:DigitallyAcquired	MCS Data transferred from BOEM to USGS for posting on NAMSS. Limited information available.	1984-04-30	1984-04-01	2016-05-23	ptriezenberg@usgs.gov	Peter Triezenberg	U.S. Geological Survey	pointOfContact	2018-03-16	Seismic Metadata v.1
	digital											Hydrophone_Streamer											SeismicSource_Gun_Air						SEGP1	undocumented	NAD27	-89.88871	27.96117	27.41844	-91.88967	processed	matthew.wilson@boem.gov	Matthew Wilson	Bureau of Ocean Energy Management	pointOfContact	Online	Seismic:Active:MCS	matthew.wilson@boem.gov	Matthew Wilson	Bureau of Ocean Energy Management	pointOfContact	2013-01-31	open	https://walrus.wr.usgs.gov/namss/survey/b-08-88-gm/dataset/	These data were acquired by BOEM (formerly MMS and USGS).  Under the terms of procurement, these data are to be available to the public 25 years after the issuance of the exploration permit.	namss.B-08-88-GM.mcs.airgun.zip					dataset	Unspecified		Unspecified	2.8 GB	1988-01-01	creation	Data zip file	https://walrus.wr.usgs.gov/namss/data/1988/namss.B-08-88-GM.mcs.airgun.zip											Stack	Seismic:Reflection	These data were acquired commercially for geophysical and geological (G&G) exploration of oil and gas prospects on the U.S. Outer Continental Shelf (OCS).  The Dept. of Interior, which regulates G&G activities on the OCS, acquired these data in order to ensure that the Federal government received fair market value for leases issued for oil and gas production on the OCS, and to accomplish other regulatory functions.	hart@usgs.gov	Patrick Hart	U.S. Geological Survey	pointOfContact	DigitalSeg:DigitallyAcquired	MCS Data transferred from BOEM to USGS for posting on NAMSS. Limited information available.	1988-01-31	1988-01-01	2016-05-23	ptriezenberg@usgs.gov	Peter Triezenberg	U.S. Geological Survey	pointOfContact	2018-03-16	Seismic Metadata v.1
	digital											Hydrophone_Streamer											SeismicSource_Gun_Air						N83	no	NAD83	-158.63850	57.19182	54.63223	-166.11928	processed	hart@usgs.gov	Patrick Hart	U.S. Geological Survey	pointOfContact	Online	Seismic:Active:MCS	Unspecified	Unspecified	Unspecified	resourceProvider		open	https://walrus.wr.usgs.gov/namss/survey/b-09-75-ak/dataset/	Unspecified	namss.B-09-75-AK.mcs.airgun.zip					dataset	Unspecified		Unspecified	5.5 GB	1975-01-01	creation	Dataset zip file	https://walrus.wr.usgs.gov/namss/data/1975/namss.B-09-75-AK.mcs.airgun.zip											Stack	Seismic:Reflection		hart@usgs.gov	Patrick Hart	U.S. Geological Survey	pointOfContact	DigitalSeg:DigitallyAcquired		1975-01-01	1975-01-01	2016-06-06	ptriezenberg@usgs.gov	Peter Triezenberg	U.S. Geological Survey	pointOfContact	2018-03-16	Seismic Metadata v.1
DFS-IV	digital		3200.40000		12.19200	66.75120			1		48	Hydrophone_Streamer	6.00000	2000		Distance	33.32988		7.62000				SeismicSource_Gun_Air	1200.00000	Cubic Inches		Midnight Sun	GSI	SEGP1	undocumented	WGS84	-78.41034	32.98944	30.05578	-81.04931	processed	matthew.wilson@boem.gov	Matthew Wilson	Bureau of Ocean Energy Management	pointOfContact	Online	Seismic:Active:MCS	matthew.wilson@boem.gov	Matthew Wilson	Bureau of Ocean Energy Management	pointOfContact	2000-08-24	open	https://walrus.wr.usgs.gov/namss/survey/b-09-75-at/dataset/	These data were acquired by BOEM (formerly MMS and USGS).  Under the terms of procurement, these data are to be available to the public 25 years after the issuance of the exploration permit.	namss.B-09-75-AT.mcs.airgun.zip					dataset	Unspecified		Unspecified	2.9 GB	1975-08-01	creation	Data zip file	https://walrus.wr.usgs.gov/namss/data/1975/namss.B-09-75-AT.mcs.airgun.zip										Georgia Embayment	Migration, Other, Stack	Seismic:Reflection, Seismic:Velocity	These data were acquired commercially for geophysical and geological (G&G) exploration of oil and gas prospects on the U.S. Outer Continental Shelf (OCS).  The Dept. of Interior, which regulates G&G activities on the OCS, acquired these data in order to ensure that the Federal government received fair market value for leases issued for oil and gas production on the OCS, and to accomplish other regulatory functions.	hart@usgs.gov	Patrick Hart	U.S. Geological Survey	pointOfContact	DigitalSeg:DigitallyAcquired	MCS Data transferred from BOEM to USGS for posting on NAMSS. Limited information available.	1975-08-31	1975-08-01	2016-05-23	ptriezenberg@usgs.gov	Peter Triezenberg	U.S. Geological Survey	pointOfContact	2018-03-16	Seismic Metadata v.1
DFS-V	digital		3599.07840						1		96	Hydrophone_Streamer		2000		Distance	49.98720			25		270.05280	SeismicSource_Gun_Air	2220.00000	Cubic Inches		Gulf Seal	Unspecified	SEGP1	undocumented	NAD83	-72.00103	39.36784	37.56153	-74.19529	processed	matthew.wilson@boem.gov	Matthew Wilson	Bureau of Ocean Energy Management	pointOfContact	Online	Seismic:Active:MCS	matthew.wilson@boem.gov	Matthew Wilson	Bureau of Ocean Energy Management	pointOfContact	2006-04-24	open	https://walrus.wr.usgs.gov/namss/survey/b-09-81-at/dataset/	These data were acquired by BOEM (formerly MMS and USGS).  Under the terms of procurement, these data are to be available to the public 25 years after the issuance of the exploration permit.	namss.B-09-81-AT.mcs.airgun.zip					dataset	Unspecified		Unspecified	1.3 GB	1981-04-01	creation	Data zip file	https://walrus.wr.usgs.gov/namss/data/1981/namss.B-09-81-AT.mcs.airgun.zip										Mid-Atlantic Ocean	Migration, Other, Stack	Seismic:Reflection, Seismic:Velocity	These data were acquired commercially for geophysical and geological (G&G) exploration of oil and gas prospects on the U.S. Outer Continental Shelf (OCS).  The Dept. of Interior, which regulates G&G activities on the OCS, acquired these data in order to ensure that the Federal government received fair market value for leases issued for oil and gas production on the OCS, and to accomplish other regulatory functions.	hart@usgs.gov	Patrick Hart	U.S. Geological Survey	pointOfContact	DigitalSeg:DigitallyAcquired	MCS Data transferred from BOEM to USGS for posting on NAMSS. Limited information available.	1981-04-30	1981-04-01	2016-05-23	ptriezenberg@usgs.gov	Peter Triezenberg	U.S. Geological Survey	pointOfContact	2018-03-16	Seismic Metadata v.1
DFS-V	digital					24.99360					120	Hydrophone_Streamer	6.00000	2000		Distance	24.99360					152.40000	SeismicSource_Gun_Air						SEGP1	undocumented	NAD27	-94.98864	28.65248	28.27236	-95.93640	processed	matthew.wilson@boem.gov	Matthew Wilson	Bureau of Ocean Energy Management	pointOfContact	Online	Seismic:Active:MCS	matthew.wilson@boem.gov	Matthew Wilson	Bureau of Ocean Energy Management	pointOfContact	2008-01-25	open	https://walrus.wr.usgs.gov/namss/survey/b-09-83-tx/dataset/	These data were acquired by BOEM (formerly MMS and USGS).  Under the terms of procurement, these data are to be available to the public 25 years after the issuance of the exploration permit.	namss.B-09-83-TX.mcs.airgun.zip					dataset	Unspecified		Unspecified	17.9 MB	1983-01-01	creation	Data zip file	https://walrus.wr.usgs.gov/namss/data/1983/namss.B-09-83-TX.mcs.airgun.zip										Texas	Stack	Seismic:Reflection	These data were acquired commercially for geophysical and geological (G&G) exploration of oil and gas prospects on the U.S. Outer Continental Shelf (OCS).  The Dept. of Interior, which regulates G&G activities on the OCS, acquired these data in order to ensure that the Federal government received fair market value for leases issued for oil and gas production on the OCS, and to accomplish other regulatory functions.	hart@usgs.gov	Patrick Hart	U.S. Geological Survey	pointOfContact	DigitalSeg:DigitallyAcquired	MCS Data transferred from BOEM to USGS for posting on NAMSS. Limited information available.	1983-01-31	1983-01-01	2016-05-23	ptriezenberg@usgs.gov	Peter Triezenberg	U.S. Geological Survey	pointOfContact	2018-03-16	Seismic Metadata v.1
DFS-V	digital	60.04560	3599.68800		12.95400	29.99842					120	Hydrophone_Streamer	11.00000	4000		Distance	37.49954		7.62000			263.95680	SeismicSource_Gun_Air	4075.00000	Cubic Inches		Arctic Seal	GSI	SEGP1	undocumented	NAD27	-88.02710	29.17633	26.92551	-93.46170	processed	matthew.wilson@boem.gov	Matthew Wilson	Bureau of Ocean Energy Management	pointOfContact	Online	Seismic:Active:MCS	matthew.wilson@boem.gov	Matthew Wilson	Bureau of Ocean Energy Management	pointOfContact	2010-01-25	open	https://walrus.wr.usgs.gov/namss/survey/b-09-85-la/dataset/	These data were acquired by BOEM (formerly MMS and USGS).  Under the terms of procurement, these data are to be available to the public 25 years after the issuance of the exploration permit.	namss.B-09-85-LA.mcs.airgun.zip					dataset	Unspecified		Unspecified	22.9 MB	1985-01-01	creation	Data zip file	https://walrus.wr.usgs.gov/namss/data/1985/namss.B-09-85-LA.mcs.airgun.zip										Louisiana	Stack	Seismic:Reflection	These data were acquired commercially for geophysical and geological (G&G) exploration of oil and gas prospects on the U.S. Outer Continental Shelf (OCS).  The Dept. of Interior, which regulates G&G activities on the OCS, acquired these data in order to ensure that the Federal government received fair market value for leases issued for oil and gas production on the OCS, and to accomplish other regulatory functions.	hart@usgs.gov	Patrick Hart	U.S. Geological Survey	pointOfContact	DigitalSeg:DigitallyAcquired	MCS Data transferred from BOEM to USGS for posting on NAMSS. Limited information available.	1985-01-31	1985-01-01	2016-05-23	ptriezenberg@usgs.gov	Peter Triezenberg	U.S. Geological Survey	pointOfContact	2018-03-16	Seismic Metadata v.1
DFS-V	digital		4448.86080		10.66800	24.99360					180	Hydrophone_Streamer	8.00000	4000	Raydist	Distance	24.99360		7.62000			170.07840	SeismicSource_Gun_Air	7524.00000	Cubic Inches		Longva	Geco	SEGP1	undocumented	NAD27	-94.09385	27.54866	27.25295	-94.56162	processed	matthew.wilson@boem.gov	Matthew Wilson	Bureau of Ocean Energy Management	pointOfContact	Online	Seismic:Active:MCS	matthew.wilson@boem.gov	Matthew Wilson	Bureau of Ocean Energy Management	pointOfContact	2010-04-24	open	https://walrus.wr.usgs.gov/namss/survey/b-09-85-tx/dataset/	These data were acquired by BOEM (formerly MMS and USGS).  Under the terms of procurement, these data are to be available to the public 25 years after the issuance of the exploration permit.	namss.B-09-85-TX.mcs.airgun.zip					dataset	Unspecified		Unspecified	5.1 MB	1985-04-01	creation	Data zip file	https://walrus.wr.usgs.gov/namss/data/1985/namss.B-09-85-TX.mcs.airgun.zip										Texas	Stack	Seismic:Reflection	These data were acquired commercially for geophysical and geological (G&G) exploration of oil and gas prospects on the U.S. Outer Continental Shelf (OCS).  The Dept. of Interior, which regulates G&G activities on the OCS, acquired these data in order to ensure that the Federal government received fair market value for leases issued for oil and gas production on the OCS, and to accomplish other regulatory functions.	hart@usgs.gov	Patrick Hart	U.S. Geological Survey	pointOfContact	DigitalSeg:DigitallyAcquired	MCS Data transferred from BOEM to USGS for posting on NAMSS. Limited information available.	1985-04-30	1985-04-01	2016-05-23	ptriezenberg@usgs.gov	Peter Triezenberg	U.S. Geological Survey	pointOfContact	2018-03-16	Seismic Metadata v.1
	digital											Hydrophone_Streamer											SeismicSource_Gun_Air						SEGP1	undocumented	NAD27	-89.82221	28.85321	27.80996	-93.59532	processed	matthew.wilson@boem.gov	Matthew Wilson	Bureau of Ocean Energy Management	pointOfContact	Online	Seismic:Active:MCS	matthew.wilson@boem.gov	Matthew Wilson	Bureau of Ocean Energy Management	pointOfContact	2012-01-25	open	https://walrus.wr.usgs.gov/namss/survey/b-09-87-la/dataset/	These data were acquired by BOEM (formerly MMS and USGS).  Under the terms of procurement, these data are to be available to the public 25 years after the issuance of the exploration permit.	namss.B-09-87-LA.mcs.airgun.zip					dataset	Unspecified		Unspecified	2.2 GB	1987-01-01	creation	Data zip file	https://walrus.wr.usgs.gov/namss/data/1987/namss.B-09-87-LA.mcs.airgun.zip										Gulf of Mexico	Stack	Seismic:Reflection	These data were acquired commercially for geophysical and geological (G&G) exploration of oil and gas prospects on the U.S. Outer Continental Shelf (OCS).  The Dept. of Interior, which regulates G&G activities on the OCS, acquired these data in order to ensure that the Federal government received fair market value for leases issued for oil and gas production on the OCS, and to accomplish other regulatory functions.	hart@usgs.gov	Patrick Hart	U.S. Geological Survey	pointOfContact	DigitalSeg:DigitallyAcquired	MCS Data transferred from BOEM to USGS for posting on NAMSS. Limited information available.	1987-01-31	1987-01-01	2016-05-23	ptriezenberg@usgs.gov	Peter Triezenberg	U.S. Geological Survey	pointOfContact	2018-03-16	Seismic Metadata v.1
	digital											Hydrophone_Streamer											SeismicSource_Gun_Air						SEGP1	undocumented	NAD27	-89.85371	27.90306	27.45855	-91.93635	processed	matthew.wilson@boem.gov	Matthew Wilson	Bureau of Ocean Energy Management	pointOfContact	Online	Seismic:Active:MCS	matthew.wilson@boem.gov	Matthew Wilson	Bureau of Ocean Energy Management	pointOfContact	2013-01-31	open	https://walrus.wr.usgs.gov/namss/survey/b-09-88-gm/dataset/	These data were acquired by BOEM (formerly MMS and USGS).  Under the terms of procurement, these data are to be available to the public 25 years after the issuance of the exploration permit.	namss.B-09-88-GM.mcs.airgun.zip					dataset	Unspecified		Unspecified	2.7 GB	1988-01-01	creation	Data zip file	https://walrus.wr.usgs.gov/namss/data/1988/namss.B-09-88-GM.mcs.airgun.zip											Stack	Seismic:Reflection	These data were acquired commercially for geophysical and geological (G&G) exploration of oil and gas prospects on the U.S. Outer Continental Shelf (OCS).  The Dept. of Interior, which regulates G&G activities on the OCS, acquired these data in order to ensure that the Federal government received fair market value for leases issued for oil and gas production on the OCS, and to accomplish other regulatory functions.	hart@usgs.gov	Patrick Hart	U.S. Geological Survey	pointOfContact	DigitalSeg:DigitallyAcquired	MCS Data transferred from BOEM to USGS for posting on NAMSS. Limited information available.	1988-01-31	1988-01-01	2016-05-23	ptriezenberg@usgs.gov	Peter Triezenberg	U.S. Geological Survey	pointOfContact	2018-03-16	Seismic Metadata v.1
	digital		225.00000						1		72	Hydrophone_Streamer	1.90000	500	Global Positioning System	Time	0.25000			1			SeismicSource_Gun_Air	20.00000	Cubic Inches				CSV	undocumented	NAD83	-80.09837	26.35498	25.94935	-80.42610	processed	debuna@usgs.gov	Daniel R. Ebuna	University of California Santa Cruz	processor	Online	Seismic:Active:MCS	Unspecified	Unspecified	Unspecified	resourceProvider		open	https://walrus.wr.usgs.gov/namss/survey/b-1-13-fl/dataset/	Unspecified	namss.B-1-13-FL.mcs.airgun.zip					dataset	Unspecified		Unspecified	505.5 MB	2013-01-01	creation	Dataset zip file	https://walrus.wr.usgs.gov/namss/data/2013/namss.B-1-13-FL.mcs.airgun.zip	Cunningham, K.J., Kluesner, J.W., Westcott, R.L., Robinson, E., Walker, C., and Khan, S.A.	2017-01-01	published	10.3133/sir20175109	U.S. Geological Survey Scientific Investigations Report 2017-5109, 71 p.	https://doi.org/10.3133/sir20175109	71 pages.	Sequence stratigraphy, seismic stratigraphy, and seismic structures of the lower intermediate confining unit and most of the Floridan aquifer system, Broward County, Florida	1.	Florida	Stack	Seismic:Reflection		kcunning@usgs.gov	Kevin J. Cunningham	U.S. Geological Survey	principalInvestigator	DigitalSeg:DigitallyAcquired		2013-01-01	2013-01-01	2016-12-19	jdixon@usgs.gov	Joann Dixon	U.S. Geological Survey	originator	2018-03-16	Seismic Metadata v.1
	digital								1			Hydrophone_Streamer								12			Other						SEGP1	undocumented	NAD83	-79.11494	28.23074	26.06454	-80.17374	processed	matthew.wilson@boem.gov	Matthew Wilson	Bureau of Ocean Energy Management	pointOfContact	Online	Seismic:Active:MCS	matthew.wilson@boem.gov	Matthew Wilson	Bureau of Ocean Energy Management	pointOfContact	2001-02-22	open	https://walrus.wr.usgs.gov/namss/survey/b-10-76-at/dataset/	These data were acquired by BOEM (formerly MMS and USGS).  Under the terms of procurement, these data are to be available to the public 25 years after the issuance of the exploration permit.	namss.B-10-76-AT.mcs.sleeveexploder.zip					dataset	Unspecified		Unspecified	4.2 MB	1976-02-01	creation	Data zip file	https://walrus.wr.usgs.gov/namss/data/1976/namss.B-10-76-AT.mcs.sleeveexploder.zip										Atlantic Ocean	Stack	Seismic:Reflection	These data were acquired commercially for geophysical and geological (G&G) exploration of oil and gas prospects on the U.S. Outer Continental Shelf (OCS).  The Dept. of Interior, which regulates G&G activities on the OCS, acquired these data in order to ensure that the Federal government received fair market value for leases issued for oil and gas production on the OCS, and to accomplish other regulatory functions.	hart@usgs.gov	Patrick Hart	U.S. Geological Survey	pointOfContact	DigitalSeg:DigitallyAcquired	MCS Data transferred from BOEM to USGS for posting on NAMSS. Limited information available.	1976-02-29	1976-02-01	2016-05-23	ptriezenberg@usgs.gov	Peter Triezenberg	U.S. Geological Survey	pointOfContact	2018-03-16	Seismic Metadata v.1
DDS-888	digital	24.38400	3151.63200		9.44880	67.05600					48	Hydrophone_Streamer	6.00000	2000		Distance	33.52800		9.14400	6		274.32000	Other						SEGP1	undocumented	NAD27	-89.72739	29.15647	29.09113	-89.80184	processed	matthew.wilson@boem.gov	Matthew Wilson	Bureau of Ocean Energy Management	pointOfContact	Online	Seismic:Active:MCS	matthew.wilson@boem.gov	Matthew Wilson	Bureau of Ocean Energy Management	pointOfContact	2003-01-25	open	https://walrus.wr.usgs.gov/namss/survey/b-10-78-la/dataset/	These data were acquired by BOEM (formerly MMS and USGS).  Under the terms of procurement, these data are to be available to the public 25 years after the issuance of the exploration permit.	namss.B-10-78-LA.mcs.aquapulse.zip					dataset	Unspecified		Unspecified	5.2 MB	1978-01-01	creation	Data zip file	https://walrus.wr.usgs.gov/namss/data/1978/namss.B-10-78-LA.mcs.aquapulse.zip										Louisiana	Stack	Seismic:Reflection	These data were acquired commercially for geophysical and geological (G&G) exploration of oil and gas prospects on the U.S. Outer Continental Shelf (OCS).  The Dept. of Interior, which regulates G&G activities on the OCS, acquired these data in order to ensure that the Federal government received fair market value for leases issued for oil and gas production on the OCS, and to accomplish other regulatory functions.	hart@usgs.gov	Patrick Hart	U.S. Geological Survey	pointOfContact	DigitalSeg:DigitallyAcquired	MCS Data transferred from BOEM to USGS for posting on NAMSS. Limited information available.	1978-01-31	1978-01-01	2016-05-23	ptriezenberg@usgs.gov	Peter Triezenberg	U.S. Geological Survey	pointOfContact	2018-03-16	Seismic Metadata v.1
MDS 10	digital		3599.07840		13.41120	74.98080			1		48	Hydrophone_Streamer	10.00000	2000		Distance	37.49040		8.99160	14		200.55840	SeismicSource_Gun_Air	2682.00000	Cubic Inches				SEGP1	undocumented	NAD83	-71.67339	39.46574	37.42017	-74.26702	processed	matthew.wilson@boem.gov	Matthew Wilson	Bureau of Ocean Energy Management	pointOfContact	Online	Seismic:Active:MCS	matthew.wilson@boem.gov	Matthew Wilson	Bureau of Ocean Energy Management	pointOfContact	2005-09-24	open	https://walrus.wr.usgs.gov/namss/survey/b-10-80-at/dataset/	These data were acquired by BOEM (formerly MMS and USGS).  Under the terms of procurement, these data are to be available to the public 25 years after the issuance of the exploration permit.	namss.B-10-80-AT.mcs.airgun.zip					dataset	Unspecified		Unspecified	458.3 MB	1980-09-01	creation	Data zip file	https://walrus.wr.usgs.gov/namss/data/1980/namss.B-10-80-AT.mcs.airgun.zip										Baltimore Canyon	Migration, Stack	Seismic:Reflection	These data were acquired commercially for geophysical and geological (G&G) exploration of oil and gas prospects on the U.S. Outer Continental Shelf (OCS).  The Dept. of Interior, which regulates G&G activities on the OCS, acquired these data in order to ensure that the Federal government received fair market value for leases issued for oil and gas production on the OCS, and to accomplish other regulatory functions.	hart@usgs.gov	Patrick Hart	U.S. Geological Survey	pointOfContact	DigitalSeg:DigitallyAcquired	MCS Data transferred from BOEM to USGS for posting on NAMSS. Limited information available.	1980-09-30	1980-09-01	2016-05-23	ptriezenberg@usgs.gov	Peter Triezenberg	U.S. Geological Survey	pointOfContact	2018-03-16	Seismic Metadata v.1
	digital											Hydrophone_Streamer											SeismicSource_Gun_Air						SEGP1	undocumented	NAD83	-66.75638	40.73221	38.16589	-73.41508	processed	matthew.wilson@boem.gov	Matthew Wilson	Bureau of Ocean Energy Management	pointOfContact	Online	Seismic:Active:MCS	matthew.wilson@boem.gov	Matthew Wilson	Bureau of Ocean Energy Management	pointOfContact	2006-01-25	open	https://walrus.wr.usgs.gov/namss/survey/b-10-81-at/dataset/	These data were acquired by BOEM (formerly MMS and USGS).  Under the terms of procurement, these data are to be available to the public 25 years after the issuance of the exploration permit.	namss.B-10-81-AT.mcs.airgun.zip					dataset	Unspecified		Unspecified	402.3 MB	1981-01-01	creation	Data zip file	https://walrus.wr.usgs.gov/namss/data/1981/namss.B-10-81-AT.mcs.airgun.zip										Atlantic Ocean	Migration:Depth, Migration	Seismic:Reflection	These data were acquired commercially for geophysical and geological (G&G) exploration of oil and gas prospects on the U.S. Outer Continental Shelf (OCS).  The Dept. of Interior, which regulates G&G activities on the OCS, acquired these data in order to ensure that the Federal government received fair market value for leases issued for oil and gas production on the OCS, and to accomplish other regulatory functions.	hart@usgs.gov	Patrick Hart	U.S. Geological Survey	pointOfContact	DigitalSeg:DigitallyAcquired	MCS Data transferred from BOEM to USGS for posting on NAMSS. Limited information available.	1981-01-31	1981-01-01	2016-05-23	ptriezenberg@usgs.gov	Peter Triezenberg	U.S. Geological Survey	pointOfContact	2018-03-16	Seismic Metadata v.1
DFS-V	digital	167.99966	3008.00110		11.99998	49.99939			1		60	Hydrophone_Streamer	10.00000	2000		Distance	49.99939		9.00074			3302.99873	SeismicSource_Gun_Air	3101.00000	Cubic Inches		Geco Alpha	Geco	SEGP1	undocumented	WGS84	-66.28155	40.67741	38.93700	-71.92041	processed	matthew.wilson@boem.gov	Matthew Wilson	Bureau of Ocean Energy Management	pointOfContact	Online	Seismic:Active:MCS	matthew.wilson@boem.gov	Matthew Wilson	Bureau of Ocean Energy Management	pointOfContact	2007-07-25	open	https://walrus.wr.usgs.gov/namss/survey/b-10-82-at/dataset/	These data were acquired by BOEM (formerly MMS and USGS).  Under the terms of procurement, these data are to be available to the public 25 years after the issuance of the exploration permit.	namss.B-10-82-AT.mcs.airgun.zip					dataset	Unspecified		Unspecified	5.3 GB	1982-07-01	creation	Data zip file	https://walrus.wr.usgs.gov/namss/data/1982/namss.B-10-82-AT.mcs.airgun.zip										East Georges Bank	Migration:Depth, Migration, Stack	Seismic:Reflection	These data were acquired commercially for geophysical and geological (G&G) exploration of oil and gas prospects on the U.S. Outer Continental Shelf (OCS).  The Dept. of Interior, which regulates G&G activities on the OCS, acquired these data in order to ensure that the Federal government received fair market value for leases issued for oil and gas production on the OCS, and to accomplish other regulatory functions.	hart@usgs.gov	Patrick Hart	U.S. Geological Survey	pointOfContact	DigitalSeg:DigitallyAcquired	MCS Data transferred from BOEM to USGS for posting on NAMSS. Limited information available.	1982-07-31	1982-07-01	2016-05-23	ptriezenberg@usgs.gov	Peter Triezenberg	U.S. Geological Survey	pointOfContact	2018-03-16	Seismic Metadata v.1
DFS-V	digital		4748.78400		13.71600	49.98720					96	Hydrophone_Streamer	14.00000	2000	Raydist	Distance	49.98720		9.14400			234.69600	SeismicSource_Gun_Air						SEGP1	undocumented	NAD27	-95.40491	28.26583	25.97138	-97.20853	processed	matthew.wilson@boem.gov	Matthew Wilson	Bureau of Ocean Energy Management	pointOfContact	Online	Seismic:Active:MCS	matthew.wilson@boem.gov	Matthew Wilson	Bureau of Ocean Energy Management	pointOfContact	2010-04-24	open	https://walrus.wr.usgs.gov/namss/survey/b-10-85-tx/dataset/	These data were acquired by BOEM (formerly MMS and USGS).  Under the terms of procurement, these data are to be available to the public 25 years after the issuance of the exploration permit.	namss.B-10-85-TX.mcs.airgun.zip					dataset	Unspecified		Unspecified	26.1 MB	1985-04-01	creation	Data zip file	https://walrus.wr.usgs.gov/namss/data/1985/namss.B-10-85-TX.mcs.airgun.zip										Texas	Stack	Seismic:Reflection	These data were acquired commercially for geophysical and geological (G&G) exploration of oil and gas prospects on the U.S. Outer Continental Shelf (OCS).  The Dept. of Interior, which regulates G&G activities on the OCS, acquired these data in order to ensure that the Federal government received fair market value for leases issued for oil and gas production on the OCS, and to accomplish other regulatory functions.	hart@usgs.gov	Patrick Hart	U.S. Geological Survey	pointOfContact	DigitalSeg:DigitallyAcquired	MCS Data transferred from BOEM to USGS for posting on NAMSS. Limited information available.	1985-04-30	1985-04-01	2016-05-23	ptriezenberg@usgs.gov	Peter Triezenberg	U.S. Geological Survey	pointOfContact	2018-03-16	Seismic Metadata v.1
	digital											Hydrophone_Streamer											SeismicSource_Gun_Air						SEGP1	undocumented	NAD27	-91.42836	28.95145	28.01765	-92.60215	processed	matthew.wilson@boem.gov	Matthew Wilson	Bureau of Ocean Energy Management	pointOfContact	Online	Seismic:Active:MCS	matthew.wilson@boem.gov	Matthew Wilson	Bureau of Ocean Energy Management	pointOfContact	2013-01-31	open	https://walrus.wr.usgs.gov/namss/survey/b-10-88-gm/dataset/	These data were acquired by BOEM (formerly MMS and USGS).  Under the terms of procurement, these data are to be available to the public 25 years after the issuance of the exploration permit.	namss.B-10-88-GM.mcs.airgun.zip					dataset	Unspecified		Unspecified	2.2 GB	1988-01-01	creation	Data zip file	https://walrus.wr.usgs.gov/namss/data/1988/namss.B-10-88-GM.mcs.airgun.zip											Stack	Seismic:Reflection	These data were acquired commercially for geophysical and geological (G&G) exploration of oil and gas prospects on the U.S. Outer Continental Shelf (OCS).  The Dept. of Interior, which regulates G&G activities on the OCS, acquired these data in order to ensure that the Federal government received fair market value for leases issued for oil and gas production on the OCS, and to accomplish other regulatory functions.	hart@usgs.gov	Patrick Hart	U.S. Geological Survey	pointOfContact	DigitalSeg:DigitallyAcquired	MCS Data transferred from BOEM to USGS for posting on NAMSS. Limited information available.	1988-01-31	1988-01-01	2016-05-23	ptriezenberg@usgs.gov	Peter Triezenberg	U.S. Geological Survey	pointOfContact	2018-03-16	Seismic Metadata v.1
DDS-777	digital		3151.63200		15.24000						48	Hydrophone_Streamer	6.00000	2000		Distance	110.00000		7.62000			271.27200	Other				Western	Mobil	SEGP1	undocumented	NAD27	-88.84520	29.40571	28.79235	-89.81928	processed	matthew.wilson@boem.gov	Matthew Wilson	Bureau of Ocean Energy Management	pointOfContact	Online	Seismic:Active:MCS	matthew.wilson@boem.gov	Matthew Wilson	Bureau of Ocean Energy Management	pointOfContact	2000-12-24	open	https://walrus.wr.usgs.gov/namss/survey/b-11-75-la/dataset/	These data were acquired by BOEM (formerly MMS and USGS).  Under the terms of procurement, these data are to be available to the public 25 years after the issuance of the exploration permit.	namss.B-11-75-LA.mcs.aquapulse.zip					dataset	Unspecified		Unspecified	497.2 MB	1975-01-01	creation	Data zip file	https://walrus.wr.usgs.gov/namss/data/1975/namss.B-11-75-LA.mcs.aquapulse.zip										Main pass	Stack	Seismic:Reflection	These data were acquired commercially for geophysical and geological (G&G) exploration of oil and gas prospects on the U.S. Outer Continental Shelf (OCS).  The Dept. of Interior, which regulates G&G activities on the OCS, acquired these data in order to ensure that the Federal government received fair market value for leases issued for oil and gas production on the OCS, and to accomplish other regulatory functions.	hart@usgs.gov	Patrick Hart	U.S. Geological Survey	pointOfContact	DigitalSeg:DigitallyAcquired	MCS Data transferred from BOEM to USGS for posting on NAMSS. Limited information available.	1975-12-31	1975-01-01	2016-05-23	ptriezenberg@usgs.gov	Peter Triezenberg	U.S. Geological Survey	pointOfContact	2018-03-16	Seismic Metadata v.1
Sercel	digital		2349.39840			49.98720			1			Hydrophone_Streamer		2000		Distance	25.14600					222.80880	SeismicSource_Gun_Air	1080.00000	Cubic Inches		Atlantic Seal	Digicon	SEGP1	undocumented	NAD83	-72.09106	39.43643	37.74591	-74.27506	processed	matthew.wilson@boem.gov	Matthew Wilson	Bureau of Ocean Energy Management	pointOfContact	Online	Seismic:Active:MCS	matthew.wilson@boem.gov	Matthew Wilson	Bureau of Ocean Energy Management	pointOfContact	2002-09-24	open	https://walrus.wr.usgs.gov/namss/survey/b-11-77-at/dataset/	These data were acquired by BOEM (formerly MMS and USGS).  Under the terms of procurement, these data are to be available to the public 25 years after the issuance of the exploration permit.	namss.B-11-77-AT.mcs.airgun.zip					dataset	Unspecified		Unspecified	1.7 GB	1977-09-01	creation	Data zip file	https://walrus.wr.usgs.gov/namss/data/1977/namss.B-11-77-AT.mcs.airgun.zip										Baltimore Canyon	Migration:Depth, Migration	Seismic:Reflection	These data were acquired commercially for geophysical and geological (G&G) exploration of oil and gas prospects on the U.S. Outer Continental Shelf (OCS).  The Dept. of Interior, which regulates G&G activities on the OCS, acquired these data in order to ensure that the Federal government received fair market value for leases issued for oil and gas production on the OCS, and to accomplish other regulatory functions.	hart@usgs.gov	Patrick Hart	U.S. Geological Survey	pointOfContact	DigitalSeg:DigitallyAcquired	MCS Data transferred from BOEM to USGS for posting on NAMSS. Limited information available.	1977-09-30	1977-09-01	2016-05-23	ptriezenberg@usgs.gov	Peter Triezenberg	U.S. Geological Survey	pointOfContact	2018-03-16	Seismic Metadata v.1
GUS	digital		2938.88160			44.80560			1		75	Hydrophone_Streamer	6.00000	4000		Distance	22.49424		10.05840			297.78960	Other				Kirsten Bravo	Exxon	SEGP1	undocumented	NAD83	-66.96536	40.66289	39.99054	-67.61647	processed	matthew.wilson@boem.gov	Matthew Wilson	Bureau of Ocean Energy Management	pointOfContact	Online	Seismic:Active:MCS	matthew.wilson@boem.gov	Matthew Wilson	Bureau of Ocean Energy Management	pointOfContact	2003-10-25	open	https://walrus.wr.usgs.gov/namss/survey/b-11-78-at/dataset/	These data were acquired by BOEM (formerly MMS and USGS).  Under the terms of procurement, these data are to be available to the public 25 years after the issuance of the exploration permit.	namss.B-11-78-AT.mcs.sleeveexploder.zip					dataset	Unspecified		Unspecified	53.9 MB	1978-10-01	creation	Data zip file	https://walrus.wr.usgs.gov/namss/data/1978/namss.B-11-78-AT.mcs.sleeveexploder.zip										Atlantic Ocean	Migration, Other, Stack	Seismic:Reflection, Seismic:Velocity	These data were acquired commercially for geophysical and geological (G&G) exploration of oil and gas prospects on the U.S. Outer Continental Shelf (OCS).  The Dept. of Interior, which regulates G&G activities on the OCS, acquired these data in order to ensure that the Federal government received fair market value for leases issued for oil and gas production on the OCS, and to accomplish other regulatory functions.	hart@usgs.gov	Patrick Hart	U.S. Geological Survey	pointOfContact	DigitalSeg:DigitallyAcquired	MCS Data transferred from BOEM to USGS for posting on NAMSS. Limited information available.	1978-10-31	1978-10-01	2016-05-23	ptriezenberg@usgs.gov	Peter Triezenberg	U.S. Geological Survey	pointOfContact	2018-03-16	Seismic Metadata v.1
	digital								1			Hydrophone_Streamer	8.00000	2000			2000.00000					328.87920	SeismicSource_Gun_Air	5600.00000	Cubic Inches		Arco Resolution	Arco	SEGP1	undocumented	WGS84	-68.25924	41.64094	36.36874	-75.71070	processed	matthew.wilson@boem.gov	Matthew Wilson	Bureau of Ocean Energy Management	pointOfContact	Online	Seismic:Active:MCS	matthew.wilson@boem.gov	Matthew Wilson	Bureau of Ocean Energy Management	pointOfContact	2007-07-25	open	https://walrus.wr.usgs.gov/namss/survey/b-11-82-at/dataset/	These data were acquired by BOEM (formerly MMS and USGS).  Under the terms of procurement, these data are to be available to the public 25 years after the issuance of the exploration permit.	namss.B-11-82-AT.mcs.airgun.zip					dataset	Unspecified		Unspecified	641.2 MB	1982-07-01	creation	Data zip file	https://walrus.wr.usgs.gov/namss/data/1982/namss.B-11-82-AT.mcs.airgun.zip										Mid-Atlantic Ocean	Migration	Seismic:Reflection	These data were acquired commercially for geophysical and geological (G&G) exploration of oil and gas prospects on the U.S. Outer Continental Shelf (OCS).  The Dept. of Interior, which regulates G&G activities on the OCS, acquired these data in order to ensure that the Federal government received fair market value for leases issued for oil and gas production on the OCS, and to accomplish other regulatory functions.	hart@usgs.gov	Patrick Hart	U.S. Geological Survey	pointOfContact	DigitalSeg:DigitallyAcquired	MCS Data transferred from BOEM to USGS for posting on NAMSS. Limited information available.	1982-07-31	1982-07-01	2016-05-23	ptriezenberg@usgs.gov	Peter Triezenberg	U.S. Geological Survey	pointOfContact	2018-03-16	Seismic Metadata v.1
	digital											Hydrophone_Streamer											SeismicSource_Gun_Air						SEGP1	undocumented	NAD27	-87.65215	30.16942	29.17342	-88.53910	processed	matthew.wilson@boem.gov	Matthew Wilson	Bureau of Ocean Energy Management	pointOfContact	Online	Seismic:Active:MCS	matthew.wilson@boem.gov	Matthew Wilson	Bureau of Ocean Energy Management	pointOfContact	2009-01-24	open	https://walrus.wr.usgs.gov/namss/survey/b-11-84-mi/dataset/	These data were acquired by BOEM (formerly MMS and USGS).  Under the terms of procurement, these data are to be available to the public 25 years after the issuance of the exploration permit.	namss.B-11-84-MI.mcs.airgun.zip					dataset	Unspecified		Unspecified	286.5 MB	1984-01-01	creation	Data zip file	https://walrus.wr.usgs.gov/namss/data/1984/namss.B-11-84-MI.mcs.airgun.zip										Gulf of Mexico	Stack	Seismic:Reflection	These data were acquired commercially for geophysical and geological (G&G) exploration of oil and gas prospects on the U.S. Outer Continental Shelf (OCS).  The Dept. of Interior, which regulates G&G activities on the OCS, acquired these data in order to ensure that the Federal government received fair market value for leases issued for oil and gas production on the OCS, and to accomplish other regulatory functions.	hart@usgs.gov	Patrick Hart	U.S. Geological Survey	pointOfContact	DigitalSeg:DigitallyAcquired	MCS Data transferred from BOEM to USGS for posting on NAMSS. Limited information available.	1984-01-31	1984-01-01	2016-05-23	ptriezenberg@usgs.gov	Peter Triezenberg	U.S. Geological Survey	pointOfContact	2018-03-16	Seismic Metadata v.1
	digital											Hydrophone_Streamer											SeismicSource_Gun_Air						SEGP1	undocumented	NAD27	-88.57024	29.21864	28.41745	-90.76617	processed	matthew.wilson@boem.gov	Matthew Wilson	Bureau of Ocean Energy Management	pointOfContact	Online	Seismic:Active:MCS	matthew.wilson@boem.gov	Matthew Wilson	Bureau of Ocean Energy Management	pointOfContact	2010-01-25	open	https://walrus.wr.usgs.gov/namss/survey/b-11-85-la/dataset/	These data were acquired by BOEM (formerly MMS and USGS).  Under the terms of procurement, these data are to be available to the public 25 years after the issuance of the exploration permit.	namss.B-11-85-LA.mcs.airgun.zip					dataset	Unspecified		Unspecified	2.5 GB	1985-01-01	creation	Data zip file	https://walrus.wr.usgs.gov/namss/data/1985/namss.B-11-85-LA.mcs.airgun.zip										Gulf of Mexico	Stack	Seismic:Reflection	These data were acquired commercially for geophysical and geological (G&G) exploration of oil and gas prospects on the U.S. Outer Continental Shelf (OCS).  The Dept. of Interior, which regulates G&G activities on the OCS, acquired these data in order to ensure that the Federal government received fair market value for leases issued for oil and gas production on the OCS, and to accomplish other regulatory functions.	hart@usgs.gov	Patrick Hart	U.S. Geological Survey	pointOfContact	DigitalSeg:DigitallyAcquired	MCS Data transferred from BOEM to USGS for posting on NAMSS. Limited information available.	1985-01-31	1985-01-01	2016-05-23	ptriezenberg@usgs.gov	Peter Triezenberg	U.S. Geological Survey	pointOfContact	2018-03-16	Seismic Metadata v.1
	digital											Hydrophone_Streamer											SeismicSource_Gun_Air						SEGP1	undocumented	NAD27	-83.65523	29.38611	27.01747	-87.48738	processed	matthew.wilson@boem.gov	Matthew Wilson	Bureau of Ocean Energy Management	pointOfContact	Online	Seismic:Active:MCS	matthew.wilson@boem.gov	Matthew Wilson	Bureau of Ocean Energy Management	pointOfContact	2011-01-25	open	https://walrus.wr.usgs.gov/namss/survey/b-11-86-mi/dataset/	These data were acquired by BOEM (formerly MMS and USGS).  Under the terms of procurement, these data are to be available to the public 25 years after the issuance of the exploration permit.	namss.B-11-86-MI.mcs.airgun.zip					dataset	Unspecified		Unspecified	1.3 GB	1986-01-01	creation	Data zip file	https://walrus.wr.usgs.gov/namss/data/1986/namss.B-11-86-MI.mcs.airgun.zip										Gulf of Mexico	Stack	Seismic:Reflection	These data were acquired commercially for geophysical and geological (G&G) exploration of oil and gas prospects on the U.S. Outer Continental Shelf (OCS).  The Dept. of Interior, which regulates G&G activities on the OCS, acquired these data in order to ensure that the Federal government received fair market value for leases issued for oil and gas production on the OCS, and to accomplish other regulatory functions.	hart@usgs.gov	Patrick Hart	U.S. Geological Survey	pointOfContact	DigitalSeg:DigitallyAcquired	MCS Data transferred from BOEM to USGS for posting on NAMSS. Limited information available.	1986-01-31	1986-01-01	2016-05-23	ptriezenberg@usgs.gov	Peter Triezenberg	U.S. Geological Survey	pointOfContact	2018-03-16	Seismic Metadata v.1
	digital											Hydrophone_Streamer											SeismicSource_Gun_Air						SEGP1	undocumented	NAD83	-67.24707	42.52107	42.15764	-67.85059	processed	matthew.wilson@boem.gov	Matthew Wilson	Bureau of Ocean Energy Management	pointOfContact	Online	Seismic:Active:MCS	matthew.wilson@boem.gov	Matthew Wilson	Bureau of Ocean Energy Management	pointOfContact	2013-01-31	open	https://walrus.wr.usgs.gov/namss/survey/b-11-88-at/dataset/	These data were acquired by BOEM (formerly MMS and USGS).  Under the terms of procurement, these data are to be available to the public 25 years after the issuance of the exploration permit.	namss.B-11-88-AT.mcs.airgun.zip					dataset	Unspecified		Unspecified	198.7 MB	1988-01-01	creation	Data zip file	https://walrus.wr.usgs.gov/namss/data/1988/namss.B-11-88-AT.mcs.airgun.zip											Migration, Stack	Seismic:Reflection	These data were acquired commercially for geophysical and geological (G&G) exploration of oil and gas prospects on the U.S. Outer Continental Shelf (OCS).  The Dept. of Interior, which regulates G&G activities on the OCS, acquired these data in order to ensure that the Federal government received fair market value for leases issued for oil and gas production on the OCS, and to accomplish other regulatory functions.	hart@usgs.gov	Patrick Hart	U.S. Geological Survey	pointOfContact	DigitalSeg:DigitallyAcquired	MCS Data transferred from BOEM to USGS for posting on NAMSS. Limited information available.	1988-01-31	1988-01-01	2016-05-23	ptriezenberg@usgs.gov	Peter Triezenberg	U.S. Geological Survey	pointOfContact	2018-03-16	Seismic Metadata v.1
	digital											Hydrophone_Streamer											SeismicSource_Gun_Air						SEGP1	undocumented	NAD27	-91.44514	28.95215	27.99884	-92.60139	processed	matthew.wilson@boem.gov	Matthew Wilson	Bureau of Ocean Energy Management	pointOfContact	Online	Seismic:Active:MCS	matthew.wilson@boem.gov	Matthew Wilson	Bureau of Ocean Energy Management	pointOfContact	2013-01-31	open	https://walrus.wr.usgs.gov/namss/survey/b-11-88-gm/dataset/	These data were acquired by BOEM (formerly MMS and USGS).  Under the terms of procurement, these data are to be available to the public 25 years after the issuance of the exploration permit.	namss.B-11-88-GM.mcs.airgun.zip					dataset	Unspecified		Unspecified	2.1 GB	1988-01-01	creation	Data zip file	https://walrus.wr.usgs.gov/namss/data/1988/namss.B-11-88-GM.mcs.airgun.zip											Stack	Seismic:Reflection	These data were acquired commercially for geophysical and geological (G&G) exploration of oil and gas prospects on the U.S. Outer Continental Shelf (OCS).  The Dept. of Interior, which regulates G&G activities on the OCS, acquired these data in order to ensure that the Federal government received fair market value for leases issued for oil and gas production on the OCS, and to accomplish other regulatory functions.	hart@usgs.gov	Patrick Hart	U.S. Geological Survey	pointOfContact	DigitalSeg:DigitallyAcquired	MCS Data transferred from BOEM to USGS for posting on NAMSS. Limited information available.	1988-01-31	1988-01-01	2016-05-23	ptriezenberg@usgs.gov	Peter Triezenberg	U.S. Geological Survey	pointOfContact	2018-03-16	Seismic Metadata v.1
DFS-IV	digital		2400.00008		13.71600	50.00000					48	Hydrophone_Streamer	6.00000	2000		Distance	25.00000		7.62000				SeismicSource_Gun_Air	1200.00000	Cubic Inches		Midnight Sun	GSI	SEGP1	undocumented	NAD27	-89.48747	29.47777	29.33503	-89.75193	processed	matthew.wilson@boem.gov	Matthew Wilson	Bureau of Ocean Energy Management	pointOfContact	Online	Seismic:Active:MCS	matthew.wilson@boem.gov	Matthew Wilson	Bureau of Ocean Energy Management	pointOfContact	2001-12-25	open	https://walrus.wr.usgs.gov/namss/survey/b-12-76-la/dataset/	These data were acquired by BOEM (formerly MMS and USGS).  Under the terms of procurement, these data are to be available to the public 25 years after the issuance of the exploration permit.	namss.B-12-76-LA.mcs.airgun.zip					dataset	Unspecified		Unspecified	496.9 MB	1976-01-01	creation	Data zip file	https://walrus.wr.usgs.gov/namss/data/1976/namss.B-12-76-LA.mcs.airgun.zip										South Pass	Stack	Seismic:Reflection	These data were acquired commercially for geophysical and geological (G&G) exploration of oil and gas prospects on the U.S. Outer Continental Shelf (OCS).  The Dept. of Interior, which regulates G&G activities on the OCS, acquired these data in order to ensure that the Federal government received fair market value for leases issued for oil and gas production on the OCS, and to accomplish other regulatory functions.	hart@usgs.gov	Patrick Hart	U.S. Geological Survey	pointOfContact	DigitalSeg:DigitallyAcquired	MCS Data transferred from BOEM to USGS for posting on NAMSS. Limited information available.	1976-12-31	1976-01-01	2016-05-23	ptriezenberg@usgs.gov	Peter Triezenberg	U.S. Geological Survey	pointOfContact	2018-03-16	Seismic Metadata v.1
DFS-III	digital		2350.00800			50.29200			1			Hydrophone_Streamer		2000		Distance	25.14600					222.19920	SeismicSource_Gun_Air	980.00000	Cubic Inches		Atlantic Seal	Digicon	SEGP1	undocumented	NAD83	-68.00342	41.88142	41.15527	-69.00471	processed	matthew.wilson@boem.gov	Matthew Wilson	Bureau of Ocean Energy Management	pointOfContact	Online	Seismic:Active:MCS	matthew.wilson@boem.gov	Matthew Wilson	Bureau of Ocean Energy Management	pointOfContact	2002-08-25	open	https://walrus.wr.usgs.gov/namss/survey/b-12-77-at/dataset/	These data were acquired by BOEM (formerly MMS and USGS).  Under the terms of procurement, these data are to be available to the public 25 years after the issuance of the exploration permit.	namss.B-12-77-AT.mcs.airgun.zip					dataset	Unspecified		Unspecified	161.1 MB	1977-08-01	creation	Data zip file	https://walrus.wr.usgs.gov/namss/data/1977/namss.B-12-77-AT.mcs.airgun.zip										Georges Bank	Migration, Other, Stack	Seismic:Reflection, Seismic:Velocity	These data were acquired commercially for geophysical and geological (G&G) exploration of oil and gas prospects on the U.S. Outer Continental Shelf (OCS).  The Dept. of Interior, which regulates G&G activities on the OCS, acquired these data in order to ensure that the Federal government received fair market value for leases issued for oil and gas production on the OCS, and to accomplish other regulatory functions.	hart@usgs.gov	Patrick Hart	U.S. Geological Survey	pointOfContact	DigitalSeg:DigitallyAcquired	MCS Data transferred from BOEM to USGS for posting on NAMSS. Limited information available.	1977-08-31	1977-08-01	2016-05-23	ptriezenberg@usgs.gov	Peter Triezenberg	U.S. Geological Survey	pointOfContact	2018-03-16	Seismic Metadata v.1
	digital											Hydrophone_Streamer											SeismicSource_Gun_Air						SEGP1	no	NAD27	-87.81395	30.20013	29.61721	-88.54999	processed	matthew.wilson@boem.gov	Matthew Wilson	Bureau of Ocean Energy Management	pointOfContact	Online	Seismic:Active:MCS	matthew.wilson@boem.gov	Matthew Wilson	Bureau of Ocean Energy Management	pointOfContact	2005-01-24	open	https://walrus.wr.usgs.gov/namss/survey/b-12-80-mi/dataset/	These data were acquired by BOEM (formerly MMS and USGS).  Under the terms of procurement, these data are to be available to the public 25 years after the issuance of the exploration permit.	namss.B-12-80-MI.mcs.airgun.zip					dataset	Unspecified		Unspecified	131.3 MB	1980-01-01	creation	Data zip file	https://walrus.wr.usgs.gov/namss/data/1980/namss.B-12-80-MI.mcs.airgun.zip										Gulf of Mexico	Stack	Seismic:Reflection	These data were acquired commercially for geophysical and geological (G&G) exploration of oil and gas prospects on the U.S. Outer Continental Shelf (OCS).  The Dept. of Interior, which regulates G&G activities on the OCS, acquired these data in order to ensure that the Federal government received fair market value for leases issued for oil and gas production on the OCS, and to accomplish other regulatory functions.	hart@usgs.gov	Patrick Hart	U.S. Geological Survey	pointOfContact	DigitalSeg:DigitallyAcquired	MCS Data transferred from BOEM to USGS for posting on NAMSS. Limited information available.	1980-01-31	1980-01-01	2016-05-23	ptriezenberg@usgs.gov	Peter Triezenberg	U.S. Geological Survey	pointOfContact	2018-03-16	Seismic Metadata v.1
DFS-IV	digital	15.24000	2974.23840			24.99360					120	Hydrophone_Streamer	6.00000	2000		Distance	49.98720		6.09600	6		263.65200	Other				Western Reef	Western Geophysical	SEGP1	undocumented	NAD27	-90.96065	28.98012	28.87720	-91.09201	processed	matthew.wilson@boem.gov	Matthew Wilson	Bureau of Ocean Energy Management	pointOfContact	Online	Seismic:Active:MCS	matthew.wilson@boem.gov	Matthew Wilson	Bureau of Ocean Energy Management	pointOfContact	2008-02-22	open	https://walrus.wr.usgs.gov/namss/survey/b-12-83-la/dataset/	These data were acquired by BOEM (formerly MMS and USGS).  Under the terms of procurement, these data are to be available to the public 25 years after the issuance of the exploration permit.	namss.B-12-83-LA.mcs.aquapulse.zip					dataset	Unspecified		Unspecified	18.7 MB	1983-02-01	creation	Data zip file	https://walrus.wr.usgs.gov/namss/data/1983/namss.B-12-83-LA.mcs.aquapulse.zip										Ship Shoal	Stack	Seismic:Reflection	These data were acquired commercially for geophysical and geological (G&G) exploration of oil and gas prospects on the U.S. Outer Continental Shelf (OCS).  The Dept. of Interior, which regulates G&G activities on the OCS, acquired these data in order to ensure that the Federal government received fair market value for leases issued for oil and gas production on the OCS, and to accomplish other regulatory functions.	hart@usgs.gov	Patrick Hart	U.S. Geological Survey	pointOfContact	DigitalSeg:DigitallyAcquired	MCS Data transferred from BOEM to USGS for posting on NAMSS. Limited information available.	1983-02-28	1983-02-01	2016-05-23	ptriezenberg@usgs.gov	Peter Triezenberg	U.S. Geological Survey	pointOfContact	2018-03-16	Seismic Metadata v.1
DFS-V	digital		3524.09760		13.71600	74.98080					48	Hydrophone_Streamer	13.00000	2000	Long Range Navigation	Distance	74.98080		6.09600	14		292.60800	SeismicSource_Gun_Air	3132.00000	Cubic Inches		Robray I	Petty Ray	SEGP1	undocumented	NAD27	-85.78413	30.19323	27.46744	-89.15250	processed	matthew.wilson@boem.gov	Matthew Wilson	Bureau of Ocean Energy Management	pointOfContact	Online	Seismic:Active:MCS	matthew.wilson@boem.gov	Matthew Wilson	Bureau of Ocean Energy Management	pointOfContact	2008-07-24	open	https://walrus.wr.usgs.gov/namss/survey/b-12-83-mi/dataset/	These data were acquired by BOEM (formerly MMS and USGS).  Under the terms of procurement, these data are to be available to the public 25 years after the issuance of the exploration permit.	namss.B-12-83-MI.mcs.airgun.zip					dataset	Unspecified		Unspecified	112.5 MB	1983-07-01	creation	Data zip file	https://walrus.wr.usgs.gov/namss/data/1983/namss.B-12-83-MI.mcs.airgun.zip										Gulf of Mexico	Stack	Seismic:Reflection	These data were acquired commercially for geophysical and geological (G&G) exploration of oil and gas prospects on the U.S. Outer Continental Shelf (OCS).  The Dept. of Interior, which regulates G&G activities on the OCS, acquired these data in order to ensure that the Federal government received fair market value for leases issued for oil and gas production on the OCS, and to accomplish other regulatory functions.	hart@usgs.gov	Patrick Hart	U.S. Geological Survey	pointOfContact	DigitalSeg:DigitallyAcquired	MCS Data transferred from BOEM to USGS for posting on NAMSS. Limited information available.	1983-07-31	1983-07-01	2016-05-23	ptriezenberg@usgs.gov	Peter Triezenberg	U.S. Geological Survey	pointOfContact	2018-03-16	Seismic Metadata v.1
DFS-V	digital	60.65520	2974.84800		9.14400	25.00000					120	Hydrophone_Streamer	7.00000	2000		Distance	25.00000		9.14400	14		249.93600	SeismicSource_Gun_Air	2440.00000	Cubic Inches				SEGP1	undocumented	NAD27	-95.32133	28.41544	27.76683	-96.74687	processed	matthew.wilson@boem.gov	Matthew Wilson	Bureau of Ocean Energy Management	pointOfContact	Online	Seismic:Active:MCS	matthew.wilson@boem.gov	Matthew Wilson	Bureau of Ocean Energy Management	pointOfContact	2008-03-24	open	https://walrus.wr.usgs.gov/namss/survey/b-12-83-tx/dataset/	These data were acquired by BOEM (formerly MMS and USGS).  Under the terms of procurement, these data are to be available to the public 25 years after the issuance of the exploration permit.	namss.B-12-83-TX.mcs.airgun.zip					dataset	Unspecified		Unspecified	96.4 MB	1983-03-01	creation	Data zip file	https://walrus.wr.usgs.gov/namss/data/1983/namss.B-12-83-TX.mcs.airgun.zip										Texas	Stack	Seismic:Reflection	These data were acquired commercially for geophysical and geological (G&G) exploration of oil and gas prospects on the U.S. Outer Continental Shelf (OCS).  The Dept. of Interior, which regulates G&G activities on the OCS, acquired these data in order to ensure that the Federal government received fair market value for leases issued for oil and gas production on the OCS, and to accomplish other regulatory functions.	hart@usgs.gov	Patrick Hart	U.S. Geological Survey	pointOfContact	DigitalSeg:DigitallyAcquired	MCS Data transferred from BOEM to USGS for posting on NAMSS. Limited information available.	1983-03-31	1983-03-01	2016-05-23	ptriezenberg@usgs.gov	Peter Triezenberg	U.S. Geological Survey	pointOfContact	2018-03-16	Seismic Metadata v.1
DFS-V	digital	62.78880	2999.23200		8.38200	24.99360					120	Hydrophone_Streamer	7.00000	2000		Distance	24.99360		7.01040			194.76720	SeismicSource_Gun_Air	1960.00000	Cubic Inches		C. General	GSI	SEGP1	undocumented	NAD27	-87.51757	30.21992	30.13309	-88.31145	processed	matthew.wilson@boem.gov	Matthew Wilson	Bureau of Ocean Energy Management	pointOfContact	Online	Seismic:Active:MCS	matthew.wilson@boem.gov	Matthew Wilson	Bureau of Ocean Energy Management	pointOfContact	2009-03-25	open	https://walrus.wr.usgs.gov/namss/survey/b-12-84-al/dataset/	These data were acquired by BOEM (formerly MMS and USGS).  Under the terms of procurement, these data are to be available to the public 25 years after the issuance of the exploration permit.	namss.B-12-84-AL.mcs.airgun.zip					dataset	Unspecified		Unspecified	96.3 MB	1984-03-01	creation	Data zip file	https://walrus.wr.usgs.gov/namss/data/1984/namss.B-12-84-AL.mcs.airgun.zip										Mobile Bay	Stack	Seismic:Reflection	These data were acquired commercially for geophysical and geological (G&G) exploration of oil and gas prospects on the U.S. Outer Continental Shelf (OCS).  The Dept. of Interior, which regulates G&G activities on the OCS, acquired these data in order to ensure that the Federal government received fair market value for leases issued for oil and gas production on the OCS, and to accomplish other regulatory functions.	hart@usgs.gov	Patrick Hart	U.S. Geological Survey	pointOfContact	DigitalSeg:DigitallyAcquired	MCS Data transferred from BOEM to USGS for posting on NAMSS. Limited information available.	1984-03-31	1984-03-01	2016-05-23	ptriezenberg@usgs.gov	Peter Triezenberg	U.S. Geological Survey	pointOfContact	2018-03-16	Seismic Metadata v.1
	digital											Hydrophone_Streamer											SeismicSource_Gun_Air						SEGP1	undocumented	NAD27	-93.88497	28.04783	26.69990	-96.54498	processed	matthew.wilson@boem.gov	Matthew Wilson	Bureau of Ocean Energy Management	pointOfContact	Online	Seismic:Active:MCS	matthew.wilson@boem.gov	Matthew Wilson	Bureau of Ocean Energy Management	pointOfContact	2013-01-31	open	https://walrus.wr.usgs.gov/namss/survey/b-12-88-gm/dataset/	These data were acquired by BOEM (formerly MMS and USGS).  Under the terms of procurement, these data are to be available to the public 25 years after the issuance of the exploration permit.	namss.B-12-88-GM.mcs.airgun.zip					dataset	Unspecified		Unspecified	3.1 GB	1988-01-01	creation	Data zip file	https://walrus.wr.usgs.gov/namss/data/1988/namss.B-12-88-GM.mcs.airgun.zip											Stack	Seismic:Reflection	These data were acquired commercially for geophysical and geological (G&G) exploration of oil and gas prospects on the U.S. Outer Continental Shelf (OCS).  The Dept. of Interior, which regulates G&G activities on the OCS, acquired these data in order to ensure that the Federal government received fair market value for leases issued for oil and gas production on the OCS, and to accomplish other regulatory functions.	hart@usgs.gov	Patrick Hart	U.S. Geological Survey	pointOfContact	DigitalSeg:DigitallyAcquired	MCS Data transferred from BOEM to USGS for posting on NAMSS. Limited information available.	1988-01-31	1988-01-01	2016-05-23	ptriezenberg@usgs.gov	Peter Triezenberg	U.S. Geological Survey	pointOfContact	2018-03-16	Seismic Metadata v.1
DFS-IV	digital		3549.09120		13.10640				1			Hydrophone_Streamer	7.00000	4000		Distance	49.98720		7.62000	5		355.09200	SeismicSource_Gun_Air	660.00000	Cubic Inches		Trinity	Texaco	SEGP1	undocumented	NAD83	-66.72173	41.10180	40.35699	-70.22299	processed	matthew.wilson@boem.gov	Matthew Wilson	Bureau of Ocean Energy Management	pointOfContact	Online	Seismic:Active:MCS	matthew.wilson@boem.gov	Matthew Wilson	Bureau of Ocean Energy Management	pointOfContact	2001-06-24	open	https://walrus.wr.usgs.gov/namss/survey/b-13-76-at/dataset/	These data were acquired by BOEM (formerly MMS and USGS).  Under the terms of procurement, these data are to be available to the public 25 years after the issuance of the exploration permit.	namss.B-13-76-AT.mcs.airgun.zip					dataset	Unspecified		Unspecified	146.7 MB	1976-06-01	creation	Data zip file	https://walrus.wr.usgs.gov/namss/data/1976/namss.B-13-76-AT.mcs.airgun.zip										Georges Bank	Migration, Other, Stack	Seismic:Reflection, Seismic:Velocity	These data were acquired commercially for geophysical and geological (G&G) exploration of oil and gas prospects on the U.S. Outer Continental Shelf (OCS).  The Dept. of Interior, which regulates G&G activities on the OCS, acquired these data in order to ensure that the Federal government received fair market value for leases issued for oil and gas production on the OCS, and to accomplish other regulatory functions.	hart@usgs.gov	Patrick Hart	U.S. Geological Survey	pointOfContact	DigitalSeg:DigitallyAcquired	MCS Data transferred from BOEM to USGS for posting on NAMSS. Limited information available.	1976-06-30	1976-06-01	2016-05-23	ptriezenberg@usgs.gov	Peter Triezenberg	U.S. Geological Survey	pointOfContact	2018-03-16	Seismic Metadata v.1
DFS-IV	digital					49.98720					48	Hydrophone_Streamer				Distance	24.99360			4		304.80000	SeismicSource_Gun_Air						SEGP1	undocumented	NAD27	-93.50778	29.04943	27.81438	-95.47183	processed	matthew.wilson@boem.gov	Matthew Wilson	Bureau of Ocean Energy Management	pointOfContact	Online	Seismic:Active:MCS	matthew.wilson@boem.gov	Matthew Wilson	Bureau of Ocean Energy Management	pointOfContact	2002-01-25	open	https://walrus.wr.usgs.gov/namss/survey/b-13-77-tx/dataset/	These data were acquired by BOEM (formerly MMS and USGS).  Under the terms of procurement, these data are to be available to the public 25 years after the issuance of the exploration permit.	namss.B-13-77-TX.mcs.airgun.zip					dataset	Unspecified		Unspecified	704.8 MB	1977-01-01	creation	Data zip file	https://walrus.wr.usgs.gov/namss/data/1977/namss.B-13-77-TX.mcs.airgun.zip										Texas	Stack	Seismic:Reflection	These data were acquired commercially for geophysical and geological (G&G) exploration of oil and gas prospects on the U.S. Outer Continental Shelf (OCS).  The Dept. of Interior, which regulates G&G activities on the OCS, acquired these data in order to ensure that the Federal government received fair market value for leases issued for oil and gas production on the OCS, and to accomplish other regulatory functions.	hart@usgs.gov	Patrick Hart	U.S. Geological Survey	pointOfContact	DigitalSeg:DigitallyAcquired	MCS Data transferred from BOEM to USGS for posting on NAMSS. Limited information available.	1977-01-31	1977-01-01	2016-05-23	ptriezenberg@usgs.gov	Peter Triezenberg	U.S. Geological Survey	pointOfContact	2018-03-16	Seismic Metadata v.1
DFS-IV	digital	42.06240	3165.95760		19.81200	67.36080			1		48	Hydrophone_Streamer	6.00000	2000		Distance	33.68040		9.14400	14		599.84640	SeismicSource_Gun_Air	2680.00000	Cubic Inches		Deep Sea Explorer	Geosource	SEGP1	undocumented	NAD83	-73.95338	38.01331	37.68342	-74.28180	processed	matthew.wilson@boem.gov	Matthew Wilson	Bureau of Ocean Energy Management	pointOfContact	Online	Seismic:Active:MCS	matthew.wilson@boem.gov	Matthew Wilson	Bureau of Ocean Energy Management	pointOfContact	2003-11-24	open	https://walrus.wr.usgs.gov/namss/survey/b-13-78-at/dataset/	These data were acquired by BOEM (formerly MMS and USGS).  Under the terms of procurement, these data are to be available to the public 25 years after the issuance of the exploration permit.	namss.B-13-78-AT.mcs.airgun.zip					dataset	Unspecified		Unspecified	82.1 MB	1978-11-01	creation	Data zip file	https://walrus.wr.usgs.gov/namss/data/1978/namss.B-13-78-AT.mcs.airgun.zip										South Baltimore Canyon 	Migration, Other, Stack	Seismic:Reflection, Seismic:Velocity	These data were acquired commercially for geophysical and geological (G&G) exploration of oil and gas prospects on the U.S. Outer Continental Shelf (OCS).  The Dept. of Interior, which regulates G&G activities on the OCS, acquired these data in order to ensure that the Federal government received fair market value for leases issued for oil and gas production on the OCS, and to accomplish other regulatory functions.	hart@usgs.gov	Patrick Hart	U.S. Geological Survey	pointOfContact	DigitalSeg:DigitallyAcquired	MCS Data transferred from BOEM to USGS for posting on NAMSS. Limited information available.	1978-11-30	1978-11-01	2016-05-23	ptriezenberg@usgs.gov	Peter Triezenberg	U.S. Geological Survey	pointOfContact	2018-03-16	Seismic Metadata v.1
	digital											Hydrophone_Streamer											SeismicSource_Gun_Air						SEGP1	undocumented	NAD27	-88.16674	29.85439	27.71004	-93.74483	processed	matthew.wilson@boem.gov	Matthew Wilson	Bureau of Ocean Energy Management	pointOfContact	Online	Seismic:Active:MCS	matthew.wilson@boem.gov	Matthew Wilson	Bureau of Ocean Energy Management	pointOfContact	2004-01-25	open	https://walrus.wr.usgs.gov/namss/survey/b-13-79-la/dataset/	These data were acquired by BOEM (formerly MMS and USGS).  Under the terms of procurement, these data are to be available to the public 25 years after the issuance of the exploration permit.	namss.B-13-79-LA.mcs.airgun.zip					dataset	Unspecified		Unspecified	712.4 MB	1979-01-01	creation	Data zip file	https://walrus.wr.usgs.gov/namss/data/1979/namss.B-13-79-LA.mcs.airgun.zip										Gulf of Mexico	Stack	Seismic:Reflection	These data were acquired commercially for geophysical and geological (G&G) exploration of oil and gas prospects on the U.S. Outer Continental Shelf (OCS).  The Dept. of Interior, which regulates G&G activities on the OCS, acquired these data in order to ensure that the Federal government received fair market value for leases issued for oil and gas production on the OCS, and to accomplish other regulatory functions.	hart@usgs.gov	Patrick Hart	U.S. Geological Survey	pointOfContact	DigitalSeg:DigitallyAcquired	MCS Data transferred from BOEM to USGS for posting on NAMSS. Limited information available.	1979-01-31	1979-01-01	2016-05-23	ptriezenberg@usgs.gov	Peter Triezenberg	U.S. Geological Survey	pointOfContact	2018-03-16	Seismic Metadata v.1
DFS-V	digital		2949.24480		12.19200	49.98720					60	Hydrophone_Streamer	6.00000	2000		Distance	24.99360		10.05840	6			Other						SEGP1	undocumented	NAD27	-96.28854	28.03677	27.81929	-96.63591	processed	matthew.wilson@boem.gov	Matthew Wilson	Bureau of Ocean Energy Management	pointOfContact	Online	Seismic:Active:MCS	matthew.wilson@boem.gov	Matthew Wilson	Bureau of Ocean Energy Management	pointOfContact	2007-03-25	open	https://walrus.wr.usgs.gov/namss/survey/b-13-82-tx/dataset/	These data were acquired by BOEM (formerly MMS and USGS).  Under the terms of procurement, these data are to be available to the public 25 years after the issuance of the exploration permit.	namss.B-13-82-TX.mcs.aquapulse.zip					dataset	Unspecified		Unspecified	6.3 MB	1982-03-01	creation	Data zip file	https://walrus.wr.usgs.gov/namss/data/1982/namss.B-13-82-TX.mcs.aquapulse.zip										Texas	Stack	Seismic:Reflection	These data were acquired commercially for geophysical and geological (G&G) exploration of oil and gas prospects on the U.S. Outer Continental Shelf (OCS).  The Dept. of Interior, which regulates G&G activities on the OCS, acquired these data in order to ensure that the Federal government received fair market value for leases issued for oil and gas production on the OCS, and to accomplish other regulatory functions.	hart@usgs.gov	Patrick Hart	U.S. Geological Survey	pointOfContact	DigitalSeg:DigitallyAcquired	MCS Data transferred from BOEM to USGS for posting on NAMSS. Limited information available.	1982-03-31	1982-03-01	2016-05-23	ptriezenberg@usgs.gov	Peter Triezenberg	U.S. Geological Survey	pointOfContact	2018-03-16	Seismic Metadata v.1
	digital											Hydrophone_Streamer											SeismicSource_Gun_Air						SEGP1	undocumented	NAD27	-81.89735	26.38308	24.56976	-84.82436	processed	matthew.wilson@boem.gov	Matthew Wilson	Bureau of Ocean Energy Management	pointOfContact	Online	Seismic:Active:MCS	matthew.wilson@boem.gov	Matthew Wilson	Bureau of Ocean Energy Management	pointOfContact	2008-01-25	open	https://walrus.wr.usgs.gov/namss/survey/b-13-83-fl/dataset/	These data were acquired by BOEM (formerly MMS and USGS).  Under the terms of procurement, these data are to be available to the public 25 years after the issuance of the exploration permit.	namss.B-13-83-FL.mcs.airgun.zip					dataset	Unspecified		Unspecified	58.8 MB	1983-01-01	creation	Data zip file	https://walrus.wr.usgs.gov/namss/data/1983/namss.B-13-83-FL.mcs.airgun.zip										South Florida Basin	Stack	Seismic:Reflection	These data were acquired commercially for geophysical and geological (G&G) exploration of oil and gas prospects on the U.S. Outer Continental Shelf (OCS).  The Dept. of Interior, which regulates G&G activities on the OCS, acquired these data in order to ensure that the Federal government received fair market value for leases issued for oil and gas production on the OCS, and to accomplish other regulatory functions.	hart@usgs.gov	Patrick Hart	U.S. Geological Survey	pointOfContact	DigitalSeg:DigitallyAcquired	MCS Data transferred from BOEM to USGS for posting on NAMSS. Limited information available.	1983-01-31	1983-01-01	2016-05-23	ptriezenberg@usgs.gov	Peter Triezenberg	U.S. Geological Survey	pointOfContact	2018-03-16	Seismic Metadata v.1
	digital											Hydrophone_Streamer											SeismicSource_Gun_Air						SEGP1	undocumented	NAD27	-93.81707	27.85252	26.70144	-96.48933	processed	matthew.wilson@boem.gov	Matthew Wilson	Bureau of Ocean Energy Management	pointOfContact	Online	Seismic:Active:MCS	matthew.wilson@boem.gov	Matthew Wilson	Bureau of Ocean Energy Management	pointOfContact	2013-01-31	open	https://walrus.wr.usgs.gov/namss/survey/b-13-88-gm/dataset/	These data were acquired by BOEM (formerly MMS and USGS).  Under the terms of procurement, these data are to be available to the public 25 years after the issuance of the exploration permit.	namss.B-13-88-GM.mcs.airgun.zip					dataset	Unspecified		Unspecified	3.1 GB	1988-01-01	creation	Data zip file	https://walrus.wr.usgs.gov/namss/data/1988/namss.B-13-88-GM.mcs.airgun.zip											Stack	Seismic:Reflection	These data were acquired commercially for geophysical and geological (G&G) exploration of oil and gas prospects on the U.S. Outer Continental Shelf (OCS).  The Dept. of Interior, which regulates G&G activities on the OCS, acquired these data in order to ensure that the Federal government received fair market value for leases issued for oil and gas production on the OCS, and to accomplish other regulatory functions.	hart@usgs.gov	Patrick Hart	U.S. Geological Survey	pointOfContact	DigitalSeg:DigitallyAcquired	MCS Data transferred from BOEM to USGS for posting on NAMSS. Limited information available.	1988-01-31	1988-01-01	2016-05-23	ptriezenberg@usgs.gov	Peter Triezenberg	U.S. Geological Survey	pointOfContact	2018-03-16	Seismic Metadata v.1
	digital											Hydrophone_Streamer											SeismicSource_Gun_Air						SEGP1	undocumented	NAD27	-93.39253	28.68531	27.77451	-95.38595	processed	matthew.wilson@boem.gov	Matthew Wilson	Bureau of Ocean Energy Management	pointOfContact	Online	Seismic:Active:MCS	matthew.wilson@boem.gov	Matthew Wilson	Bureau of Ocean Energy Management	pointOfContact	2013-01-31	open	https://walrus.wr.usgs.gov/namss/survey/b-13-88-tx/dataset/	These data were acquired by BOEM (formerly MMS and USGS).  Under the terms of procurement, these data are to be available to the public 25 years after the issuance of the exploration permit.	namss.B-13-88-TX.mcs.airgun.zip					dataset	Unspecified		Unspecified	3.7 GB	1988-01-01	creation	Data zip file	https://walrus.wr.usgs.gov/namss/data/1988/namss.B-13-88-TX.mcs.airgun.zip											Stack	Seismic:Reflection	These data were acquired commercially for geophysical and geological (G&G) exploration of oil and gas prospects on the U.S. Outer Continental Shelf (OCS).  The Dept. of Interior, which regulates G&G activities on the OCS, acquired these data in order to ensure that the Federal government received fair market value for leases issued for oil and gas production on the OCS, and to accomplish other regulatory functions.	hart@usgs.gov	Patrick Hart	U.S. Geological Survey	pointOfContact	DigitalSeg:DigitallyAcquired	MCS Data transferred from BOEM to USGS for posting on NAMSS. Limited information available.	1988-01-31	1988-01-01	2016-05-23	ptriezenberg@usgs.gov	Peter Triezenberg	U.S. Geological Survey	pointOfContact	2018-03-16	Seismic Metadata v.1
	digital											Hydrophone_Streamer											SeismicSource_Gun_Air						SEGP1	no	NAD27	-89.89372	28.52676	27.86779	-91.20517	processed	hart@usgs.gov	Patrick Hart	U.S. Geological Survey	pointOfContact	Online	Seismic:Active:MCS	hart@usgs.gov	Patrick Hart	U.S. Geological Survey	pointOfContact		open	https://walrus.wr.usgs.gov/namss/survey/b-139-89-la/dataset/	These data were acquired by BOEM (formerly MMS and USGS). Under the terms of procurement, these data are to be available to the public 25 years after the issuance of the exploration permit.	namss.B-139-89-LA.mcs.airgun.zip					dataset	Unspecified		Unspecified	2.0 GB	1989-01-01	creation	Dataset zip file	https://walrus.wr.usgs.gov/namss/data/1989/namss.B-139-89-LA.mcs.airgun.zip										Gulf of Mexico	Stack	Seismic:Reflection	These data were acquired commercially for geophysical and geological (G&G) exploration of oil and gas prospects on the U.S. Outer Continental Shelf (OCS). The Dept. of Interior, which regulates G&G activities on the OCS, acquired these data in order to ensure that the Federal government received fair market value for leases issued for oil and gas production on the OCS, and to accomplish other regulatory functions.	matthew.wilson@boem.gov	Matthew Wilson	Bureau of Ocean Energy Management	pointOfContact	DigitalSeg:DigitallyAcquired	MCS Data transferred from BOEM to USGS for posting on NAMSS. Limited information available.	1989-01-01	1989-01-01	2017-02-08	ptriezenberg@usgs.gov	Peter Triezenberg	U.S. Geological Survey	pointOfContact	2018-03-16	Seismic Metadata v.1
	digital											Hydrophone_Streamer											SeismicSource_Gun_Air						SEGP1	no	NAD27	-88.48070	29.31418	27.40715	-93.22215	processed	hart@usgs.gov	Patrick Hart	U.S. Geological Survey	pointOfContact	Online	Seismic:Active:MCS	hart@usgs.gov	Patrick Hart	U.S. Geological Survey	pointOfContact		open	https://walrus.wr.usgs.gov/namss/survey/b-139a-89-la/dataset/	These data were acquired by BOEM (formerly MMS and USGS). Under the terms of procurement, these data are to be available to the public 25 years after the issuance of the exploration permit.	namss.B-139a-89-LA.mcs.airgun.zip					dataset	Unspecified		Unspecified	1.4 MB	1989-01-01	creation	Dataset zip file	https://walrus.wr.usgs.gov/namss/data/1989/namss.B-139a-89-LA.mcs.airgun.zip										Gulf of Mexico	Stack	Seismic:Reflection	These data were acquired commercially for geophysical and geological (G&G) exploration of oil and gas prospects on the U.S. Outer Continental Shelf (OCS). The Dept. of Interior, which regulates G&G activities on the OCS, acquired these data in order to ensure that the Federal government received fair market value for leases issued for oil and gas production on the OCS, and to accomplish other regulatory functions.	matthew.wilson@boem.gov	Matthew Wilson	Bureau of Ocean Energy Management	pointOfContact	DigitalSeg:DigitallyAcquired	MCS Data transferred from BOEM to USGS for posting on NAMSS. Limited information available.	1989-01-01	1989-01-01	2017-02-08	ptriezenberg@usgs.gov	Peter Triezenberg	U.S. Geological Survey	pointOfContact	2018-03-16	Seismic Metadata v.1
	digital											Hydrophone_Streamer											SeismicSource_Gun_Air						SEGP1	no	NAD27	-87.94216	29.07387	27.40715	-93.22215	processed	hart@usgs.gov	Patrick Hart	U.S. Geological Survey	pointOfContact	Online	Seismic:Active:MCS	hart@usgs.gov	Patrick Hart	U.S. Geological Survey	pointOfContact		open	https://walrus.wr.usgs.gov/namss/survey/b-139b-89-la/dataset/	These data were acquired by BOEM (formerly MMS and USGS). Under the terms of procurement, these data are to be available to the public 25 years after the issuance of the exploration permit.	namss.B-139b-89-LA.mcs.airgun.zip					dataset	Unspecified		Unspecified	33.0 MB	1989-01-01	creation	Dataset zip file	https://walrus.wr.usgs.gov/namss/data/1989/namss.B-139b-89-LA.mcs.airgun.zip										Gulf of Mexico	Stack	Seismic:Reflection	These data were acquired commercially for geophysical and geological (G&G) exploration of oil and gas prospects on the U.S. Outer Continental Shelf (OCS). The Dept. of Interior, which regulates G&G activities on the OCS, acquired these data in order to ensure that the Federal government received fair market value for leases issued for oil and gas production on the OCS, and to accomplish other regulatory functions.	matthew.wilson@boem.gov	Matthew Wilson	Bureau of Ocean Energy Management	pointOfContact	DigitalSeg:DigitallyAcquired	MCS Data transferred from BOEM to USGS for posting on NAMSS. Limited information available.	1989-01-01	1989-01-01	2017-02-08	ptriezenberg@usgs.gov	Peter Triezenberg	U.S. Geological Survey	pointOfContact	2018-03-16	Seismic Metadata v.1
	digital		3151.63200			67.05600			1		48	Hydrophone_Streamer	3.25000	4000			4000.00000						SeismicSource_Gun_Air						SEGP1	undocumented	WGS84	-74.77249	35.42769	32.59385	-78.86609	processed	matthew.wilson@boem.gov	Matthew Wilson	Bureau of Ocean Energy Management	pointOfContact	Online	Seismic:Active:MCS	matthew.wilson@boem.gov	Matthew Wilson	Bureau of Ocean Energy Management	pointOfContact	2000-08-24	open	https://walrus.wr.usgs.gov/namss/survey/b-14-75-at/dataset/	These data were acquired by BOEM (formerly MMS and USGS).  Under the terms of procurement, these data are to be available to the public 25 years after the issuance of the exploration permit.	namss.B-14-75-AT.mcs.airgun.zip					dataset	Unspecified		Unspecified	285.7 MB	1975-08-01	creation	Data zip file	https://walrus.wr.usgs.gov/namss/data/1975/namss.B-14-75-AT.mcs.airgun.zip										Atlantic Ocean	Stack	Seismic:Reflection	These data were acquired commercially for geophysical and geological (G&G) exploration of oil and gas prospects on the U.S. Outer Continental Shelf (OCS).  The Dept. of Interior, which regulates G&G activities on the OCS, acquired these data in order to ensure that the Federal government received fair market value for leases issued for oil and gas production on the OCS, and to accomplish other regulatory functions.	hart@usgs.gov	Patrick Hart	U.S. Geological Survey	pointOfContact	DigitalSeg:DigitallyAcquired	MCS Data transferred from BOEM to USGS for posting on NAMSS. Limited information available.	1975-08-31	1975-08-01	2016-05-23	ptriezenberg@usgs.gov	Peter Triezenberg	U.S. Geological Survey	pointOfContact	2018-03-16	Seismic Metadata v.1
	digital											Hydrophone_Streamer											SeismicSource_Gun_Air						SEGP1	undocumented	NAD83	-72.37703	39.07831	38.19366	-73.57785	processed	matthew.wilson@boem.gov	Matthew Wilson	Bureau of Ocean Energy Management	pointOfContact	Online	Seismic:Active:MCS	matthew.wilson@boem.gov	Matthew Wilson	Bureau of Ocean Energy Management	pointOfContact	2002-01-25	open	https://walrus.wr.usgs.gov/namss/survey/b-14-77-at/dataset/	These data were acquired by BOEM (formerly MMS and USGS).  Under the terms of procurement, these data are to be available to the public 25 years after the issuance of the exploration permit.	namss.B-14-77-AT.mcs.airgun.zip					dataset	Unspecified		Unspecified	11.7 MB	1977-01-01	creation	Data zip file	https://walrus.wr.usgs.gov/namss/data/1977/namss.B-14-77-AT.mcs.airgun.zip										Atlantic Ocean	Migration:Depth	Seismic:Reflection	These data were acquired commercially for geophysical and geological (G&G) exploration of oil and gas prospects on the U.S. Outer Continental Shelf (OCS).  The Dept. of Interior, which regulates G&G activities on the OCS, acquired these data in order to ensure that the Federal government received fair market value for leases issued for oil and gas production on the OCS, and to accomplish other regulatory functions.	hart@usgs.gov	Patrick Hart	U.S. Geological Survey	pointOfContact	DigitalSeg:DigitallyAcquired	MCS Data transferred from BOEM to USGS for posting on NAMSS. Limited information available.	1977-01-31	1977-01-01	2016-05-23	ptriezenberg@usgs.gov	Peter Triezenberg	U.S. Geological Survey	pointOfContact	2018-03-16	Seismic Metadata v.1
	digital											Hydrophone_Streamer											SeismicSource_Gun_Air						N83	no	NAD83	-166.67784	61.95055	55.47585	-179.26343	processed	matthew.wilson@boem.gov	Matthew Wilson	Bureau of Ocean Energy Management	pointOfContact	Online	Seismic:Active:MCS	hart@usgs.gov	Patrick Hart	U.S. Geological Survey	pointOfContact		open	https://walrus.wr.usgs.gov/namss/survey/b-14-80-ak/dataset/	These data were acquired by BOEM (formerly MMS and USGS).  Under the terms of procurement, these data are to be available to the public 25 years after the issuance of the exploration permit.	namss.B-14-80-AK.mcs.airgun.zip					dataset	Unspecified		Unspecified	1.8 GB	1980-05-27	creation	Dataset zip file	https://walrus.wr.usgs.gov/namss/data/1980/namss.B-14-80-AK.mcs.airgun.zip										Alaska	Stack	Seismic:Reflection	These data were acquired commercially for geophysical and geological (G&G) exploration of oil and gas prospects on the U.S. Outer Continental Shelf (OCS).  The Dept. of Interior, which regulates G&G activities on the OCS, acquired these data in order to ensure that the Federal government received fair market value for leases issued for oil and gas production on the OCS, and to accomplish other regulatory functions.	hart@usgs.gov	Patrick Hart	U.S. Geological Survey	pointOfContact	DigitalSeg:DigitallyAcquired	MCS Data transferred from BOEM to USGS for posting on NAMSS. Limited information available.	1980-10-09	1980-05-27	2017-03-08	ptriezenberg@usgs.gov	Peter Triezenberg	U.S. Geological Survey	pointOfContact	2018-03-16	Seismic Metadata v.1
MDS-10	digital		3524.09760		13.71600	74.98080					48	Hydrophone_Streamer	13.00000	2000	Long Range Navigation	Distance	74.98080		8.99160			210.31200	SeismicSource_Gun_Air	2682.00000	Cubic Inches		Geomar I	Geosource	SEGP1	undocumented	NAD27	-85.83157	29.73402	26.59290	-89.09865	processed	matthew.wilson@boem.gov	Matthew Wilson	Bureau of Ocean Energy Management	pointOfContact	Online	Seismic:Active:MCS	matthew.wilson@boem.gov	Matthew Wilson	Bureau of Ocean Energy Management	pointOfContact	2005-12-25	open	https://walrus.wr.usgs.gov/namss/survey/b-14-80-tx/dataset/	These data were acquired by BOEM (formerly MMS and USGS).  Under the terms of procurement, these data are to be available to the public 25 years after the issuance of the exploration permit.	namss.B-14-80-TX.mcs.airgun.zip					dataset	Unspecified		Unspecified	311.5 MB	1980-12-01	creation	Data zip file	https://walrus.wr.usgs.gov/namss/data/1980/namss.B-14-80-TX.mcs.airgun.zip										Texas	Stack	Seismic:Reflection	These data were acquired commercially for geophysical and geological (G&G) exploration of oil and gas prospects on the U.S. Outer Continental Shelf (OCS).  The Dept. of Interior, which regulates G&G activities on the OCS, acquired these data in order to ensure that the Federal government received fair market value for leases issued for oil and gas production on the OCS, and to accomplish other regulatory functions.	hart@usgs.gov	Patrick Hart	U.S. Geological Survey	pointOfContact	DigitalSeg:DigitallyAcquired	MCS Data transferred from BOEM to USGS for posting on NAMSS. Limited information available.	1980-12-31	1980-12-01	2016-05-23	ptriezenberg@usgs.gov	Peter Triezenberg	U.S. Geological Survey	pointOfContact	2018-03-16	Seismic Metadata v.1
	digital											Hydrophone_Streamer											SeismicSource_Gun_Air						SEGP1	undocumented	NAD27	-87.76568	29.72125	26.93670	-93.66318	processed	matthew.wilson@boem.gov	Matthew Wilson	Bureau of Ocean Energy Management	pointOfContact	Online	Seismic:Active:MCS	matthew.wilson@boem.gov	Matthew Wilson	Bureau of Ocean Energy Management	pointOfContact	2006-01-25	open	https://walrus.wr.usgs.gov/namss/survey/b-14-81-la/dataset/	These data were acquired by BOEM (formerly MMS and USGS).  Under the terms of procurement, these data are to be available to the public 25 years after the issuance of the exploration permit.	namss.B-14-81-LA.mcs.airgun.zip					dataset	Unspecified		Unspecified	480.2 MB	1981-01-01	creation	Data zip file	https://walrus.wr.usgs.gov/namss/data/1981/namss.B-14-81-LA.mcs.airgun.zip										Gulf of Mexico	Stack	Seismic:Reflection	These data were acquired commercially for geophysical and geological (G&G) exploration of oil and gas prospects on the U.S. Outer Continental Shelf (OCS).  The Dept. of Interior, which regulates G&G activities on the OCS, acquired these data in order to ensure that the Federal government received fair market value for leases issued for oil and gas production on the OCS, and to accomplish other regulatory functions.	hart@usgs.gov	Patrick Hart	U.S. Geological Survey	pointOfContact	DigitalSeg:DigitallyAcquired	MCS Data transferred from BOEM to USGS for posting on NAMSS. Limited information available.	1981-01-31	1981-01-01	2016-05-23	ptriezenberg@usgs.gov	Peter Triezenberg	U.S. Geological Survey	pointOfContact	2018-03-16	Seismic Metadata v.1
LRS-16	digital	18.59280	3147.06000			53.34000					60	Hydrophone_Streamer	7.00000	1000		Distance	26.51760					213.36000	Other						SEGP1	undocumented	NAD27	-95.11393	28.40454	26.78951	-96.96221	processed	matthew.wilson@boem.gov	Matthew Wilson	Bureau of Ocean Energy Management	pointOfContact	Online	Seismic:Active:MCS	matthew.wilson@boem.gov	Matthew Wilson	Bureau of Ocean Energy Management	pointOfContact	2007-04-24	open	https://walrus.wr.usgs.gov/namss/survey/b-14-82-tx/dataset/	These data were acquired by BOEM (formerly MMS and USGS).  Under the terms of procurement, these data are to be available to the public 25 years after the issuance of the exploration permit.	namss.B-14-82-TX.mcs.aquapulse.zip					dataset	Unspecified		Unspecified	18.0 MB	1982-04-01	creation	Data zip file	https://walrus.wr.usgs.gov/namss/data/1982/namss.B-14-82-TX.mcs.aquapulse.zip										Texas	Stack	Seismic:Reflection	These data were acquired commercially for geophysical and geological (G&G) exploration of oil and gas prospects on the U.S. Outer Continental Shelf (OCS).  The Dept. of Interior, which regulates G&G activities on the OCS, acquired these data in order to ensure that the Federal government received fair market value for leases issued for oil and gas production on the OCS, and to accomplish other regulatory functions.	hart@usgs.gov	Patrick Hart	U.S. Geological Survey	pointOfContact	DigitalSeg:DigitallyAcquired	MCS Data transferred from BOEM to USGS for posting on NAMSS. Limited information available.	1982-04-30	1982-04-01	2016-05-23	ptriezenberg@usgs.gov	Peter Triezenberg	U.S. Geological Survey	pointOfContact	2018-03-16	Seismic Metadata v.1
DDS-120	digital	79.24800	3010.81440		11.73480	24.99360					120	Hydrophone_Streamer	6.00000	2000	Raydist	Distance	24.99360		8.83920	27		222.19920	SeismicSource_Gun_Air	4000.00000	Cubic Inches		Digicon Explorer	Digicon	SEGP1	undocumented	NAD27	-94.61085	28.48668	27.84906	-94.97909	processed	matthew.wilson@boem.gov	Matthew Wilson	Bureau of Ocean Energy Management	pointOfContact	Online	Seismic:Active:MCS	matthew.wilson@boem.gov	Matthew Wilson	Bureau of Ocean Energy Management	pointOfContact	2008-04-23	open	https://walrus.wr.usgs.gov/namss/survey/b-14-83-tx/dataset/	These data were acquired by BOEM (formerly MMS and USGS).  Under the terms of procurement, these data are to be available to the public 25 years after the issuance of the exploration permit.	namss.B-14-83-TX.mcs.airgun.zip					dataset	Unspecified		Unspecified	59.8 MB	1983-04-01	creation	Data zip file	https://walrus.wr.usgs.gov/namss/data/1983/namss.B-14-83-TX.mcs.airgun.zip										Texas	Stack	Seismic:Reflection	These data were acquired commercially for geophysical and geological (G&G) exploration of oil and gas prospects on the U.S. Outer Continental Shelf (OCS).  The Dept. of Interior, which regulates G&G activities on the OCS, acquired these data in order to ensure that the Federal government received fair market value for leases issued for oil and gas production on the OCS, and to accomplish other regulatory functions.	hart@usgs.gov	Patrick Hart	U.S. Geological Survey	pointOfContact	DigitalSeg:DigitallyAcquired	MCS Data transferred from BOEM to USGS for posting on NAMSS. Limited information available.	1983-04-30	1983-04-01	2016-05-23	ptriezenberg@usgs.gov	Peter Triezenberg	U.S. Geological Survey	pointOfContact	2018-03-16	Seismic Metadata v.1
DFS-V	digital	60.04560	3000.14640		9.14400	24.99360					120	Hydrophone_Streamer	7.00000	4000		Distance	24.99360		7.62000			172.51680	SeismicSource_Gun_Air	3565.00000	Cubic Inches		Renee-Callais	GSI	SEGP1	undocumented	NAD27	-89.08465	29.28097	28.18209	-93.54950	processed	matthew.wilson@boem.gov	Matthew Wilson	Bureau of Ocean Energy Management	pointOfContact	Online	Seismic:Active:MCS	matthew.wilson@boem.gov	Matthew Wilson	Bureau of Ocean Energy Management	pointOfContact	2009-11-24	open	https://walrus.wr.usgs.gov/namss/survey/b-14-84-la/dataset/	These data were acquired by BOEM (formerly MMS and USGS).  Under the terms of procurement, these data are to be available to the public 25 years after the issuance of the exploration permit.	namss.B-14-84-LA.mcs.airgun.zip					dataset	Unspecified		Unspecified	81.0 MB	1984-11-01	creation	Data zip file	https://walrus.wr.usgs.gov/namss/data/1984/namss.B-14-84-LA.mcs.airgun.zip										Louisiana	Stack	Seismic:Reflection	These data were acquired commercially for geophysical and geological (G&G) exploration of oil and gas prospects on the U.S. Outer Continental Shelf (OCS).  The Dept. of Interior, which regulates G&G activities on the OCS, acquired these data in order to ensure that the Federal government received fair market value for leases issued for oil and gas production on the OCS, and to accomplish other regulatory functions.	hart@usgs.gov	Patrick Hart	U.S. Geological Survey	pointOfContact	DigitalSeg:DigitallyAcquired	MCS Data transferred from BOEM to USGS for posting on NAMSS. Limited information available.	1984-11-30	1984-11-01	2016-05-23	ptriezenberg@usgs.gov	Peter Triezenberg	U.S. Geological Survey	pointOfContact	2018-03-16	Seismic Metadata v.1
	digital											Hydrophone_Streamer											SeismicSource_Gun_Air						SEGP1	undocumented	NAD27	-96.31972	27.21410	26.43384	-97.21188	processed	matthew.wilson@boem.gov	Matthew Wilson	Bureau of Ocean Energy Management	pointOfContact	Online	Seismic:Active:MCS	matthew.wilson@boem.gov	Matthew Wilson	Bureau of Ocean Energy Management	pointOfContact	2013-01-31	open	https://walrus.wr.usgs.gov/namss/survey/b-14-88-tx/dataset/	These data were acquired by BOEM (formerly MMS and USGS).  Under the terms of procurement, these data are to be available to the public 25 years after the issuance of the exploration permit.	namss.B-14-88-TX.mcs.airgun.zip					dataset	Unspecified		Unspecified	2.0 GB	1988-01-01	creation	Data zip file	https://walrus.wr.usgs.gov/namss/data/1988/namss.B-14-88-TX.mcs.airgun.zip											Stack	Seismic:Reflection	These data were acquired commercially for geophysical and geological (G&G) exploration of oil and gas prospects on the U.S. Outer Continental Shelf (OCS).  The Dept. of Interior, which regulates G&G activities on the OCS, acquired these data in order to ensure that the Federal government received fair market value for leases issued for oil and gas production on the OCS, and to accomplish other regulatory functions.	hart@usgs.gov	Patrick Hart	U.S. Geological Survey	pointOfContact	DigitalSeg:DigitallyAcquired	MCS Data transferred from BOEM to USGS for posting on NAMSS. Limited information available.	1988-01-31	1988-01-01	2016-05-23	ptriezenberg@usgs.gov	Peter Triezenberg	U.S. Geological Survey	pointOfContact	2018-03-16	Seismic Metadata v.1
	digital											Hydrophone_Streamer											SeismicSource_Gun_Air						SEGP1	no	NAD27	-88.48070	29.31418	27.40715	-93.22215	processed	hart@usgs.gov	Patrick Hart	U.S. Geological Survey	pointOfContact	Online	Seismic:Active:MCS	hart@usgs.gov	Patrick Hart	U.S. Geological Survey	pointOfContact		open	https://walrus.wr.usgs.gov/namss/survey/b-14-89-la/dataset/	These data were acquired by BOEM (formerly MMS and USGS). Under the terms of procurement, these data are to be available to the public 25 years after the issuance of the exploration permit.	namss.B-14-89-LA.mcs.airgun.zip					dataset	Unspecified		Unspecified	22.8 MB	1989-01-01	creation	Dataset zip file	https://walrus.wr.usgs.gov/namss/data/1989/namss.B-14-89-LA.mcs.airgun.zip										Gulf of Mexico	Stack	Seismic:Reflection	These data were acquired commercially for geophysical and geological (G&G) exploration of oil and gas prospects on the U.S. Outer Continental Shelf (OCS). The Dept. of Interior, which regulates G&G activities on the OCS, acquired these data in order to ensure that the Federal government received fair market value for leases issued for oil and gas production on the OCS, and to accomplish other regulatory functions. 	matthew.wilson@boem.gov	Matthew Wilson	Bureau of Ocean Energy Management	pointOfContact	DigitalSeg:DigitallyAcquired	MCS Data transferred from BOEM to USGS for posting on NAMSS. Limited information available.	1989-01-01	1989-01-01	2017-02-07	ptriezenberg@usgs.gov	Peter Triezenberg	U.S. Geological Survey	pointOfContact	2018-03-16	Seismic Metadata v.1
	digital											Hydrophone_Streamer											SeismicSource_Gun_Air						SEGP1	no	NAD27	-92.06994	29.35068	27.71952	-93.78339	processed	hart@usgs.gov	Patrick Hart	U.S. Geological Survey	pointOfContact	Online	Seismic:Active:MCS	hart@usgs.gov	Patrick Hart	U.S. Geological Survey	pointOfContact		open	https://walrus.wr.usgs.gov/namss/survey/b-142-90-la/dataset/	These data were acquired by BOEM (formerly MMS and USGS). Under the terms of procurement, these data are to be available to the public 25 years after the issuance of the exploration permit.	namss.B-142-90-LA.mcs.airgun.zip					dataset	Unspecified		Unspecified	3.6 GB	1990-01-01	creation	Dataset zip file	https://walrus.wr.usgs.gov/namss/data/1990/namss.B-142-90-LA.mcs.airgun.zip										Gulf of Mexico	Stack	Seismic:Reflection	These data were acquired commercially for geophysical and geological (G&G) exploration of oil and gas prospects on the U.S. Outer Continental Shelf (OCS). The Dept. of Interior, which regulates G&G activities on the OCS, acquired these data in order to ensure that the Federal government received fair market value for leases issued for oil and gas production on the OCS, and to accomplish other regulatory functions.	matthew.wilson@boem.gov	Matthew Wilson	Bureau of Ocean Energy Management	pointOfContact	DigitalSeg:DigitallyAcquired	MCS Data transferred from BOEM to USGS for posting on NAMSS. Limited information available.	1990-01-01	1990-01-01	2017-02-08	ptriezenberg@usgs.gov	Peter Triezenberg	U.S. Geological Survey	pointOfContact	2018-03-16	Seismic Metadata v.1
	digital											Hydrophone_Streamer											SeismicSource_Gun_Air						SEGP1	no	NAD27	-91.61299	29.57065	27.71302	-93.71942	processed	hart@usgs.gov	Patrick Hart	U.S. Geological Survey	pointOfContact	Online	Seismic:Active:MCS	hart@usgs.gov	Patrick Hart	U.S. Geological Survey	pointOfContact		open	https://walrus.wr.usgs.gov/namss/survey/b-142a-90-la/dataset/	These data were acquired by BOEM (formerly MMS and USGS). Under the terms of procurement, these data are to be available to the public 25 years after the issuance of the exploration permit.	namss.B-142a-90-LA.mcs.airgun.zip					dataset	Unspecified		Unspecified	3.5 GB	1990-01-01	creation	Dataset zip file	https://walrus.wr.usgs.gov/namss/data/1990/namss.B-142a-90-LA.mcs.airgun.zip										Gulf of Mexico	Stack	Seismic:Reflection	These data were acquired commercially for geophysical and geological (G&G) exploration of oil and gas prospects on the U.S. Outer Continental Shelf (OCS). The Dept. of Interior, which regulates G&G activities on the OCS, acquired these data in order to ensure that the Federal government received fair market value for leases issued for oil and gas production on the OCS, and to accomplish other regulatory functions.	matthew.wilson@boem.gov	Matthew Wilson	Bureau of Ocean Energy Management	pointOfContact	DigitalSeg:DigitallyAcquired	MCS Data transferred from BOEM to USGS for posting on NAMSS. Limited information available.	1990-01-01	1990-01-01	2017-02-08	ptriezenberg@usgs.gov	Peter Triezenberg	U.S. Geological Survey	pointOfContact	2018-03-16	Seismic Metadata v.1
	digital											Hydrophone_Streamer											SeismicSource_Gun_Air						SEGP1	no	NAD27	-92.56525	29.57120	27.81421	-93.78014	processed	hart@usgs.gov	Patrick Hart	U.S. Geological Survey	pointOfContact	Online	Seismic:Active:MCS	hart@usgs.gov	Patrick Hart	U.S. Geological Survey	pointOfContact		open	https://walrus.wr.usgs.gov/namss/survey/b-142b-90-la/dataset/	These data were acquired by BOEM (formerly MMS and USGS). Under the terms of procurement, these data are to be available to the public 25 years after the issuance of the exploration permit.	namss.B-142b-90-LA.mcs.airgun.zip					dataset	Unspecified		Unspecified	3.7 GB	1990-01-01	creation	Dataset zip file	https://walrus.wr.usgs.gov/namss/data/1990/namss.B-142b-90-LA.mcs.airgun.zip										Gulf of Mexico	Stack	Seismic:Reflection	These data were acquired commercially for geophysical and geological (G&G) exploration of oil and gas prospects on the U.S. Outer Continental Shelf (OCS). The Dept. of Interior, which regulates G&G activities on the OCS, acquired these data in order to ensure that the Federal government received fair market value for leases issued for oil and gas production on the OCS, and to accomplish other regulatory functions.	matthew.wilson@boem.gov	Matthew Wilson	Bureau of Ocean Energy Management	pointOfContact	DigitalSeg:DigitallyAcquired	MCS Data transferred from BOEM to USGS for posting on NAMSS. Limited information available.	1990-01-01	1990-01-01	2017-02-08	ptriezenberg@usgs.gov	Peter Triezenberg	U.S. Geological Survey	pointOfContact	2018-03-16	Seismic Metadata v.1
	digital											Hydrophone_Streamer											SeismicSource_Gun_Air						N83	no	NAD83	-140.90184	71.41279	69.71898	-156.04185	processed	hart@usgs.gov	Patrick Hart	U.S. Geological Survey	pointOfContact	Online	Seismic:Active:MCS	Unspecified	Unspecified	Unspecified	resourceProvider		open	https://walrus.wr.usgs.gov/namss/survey/b-15-77-ak/dataset/	Unspecified	namss.B-15-77-AK.mcs.airgun.zip					dataset	Unspecified		Unspecified	13.7 GB	1977-01-01	creation	Dataset zip file	https://walrus.wr.usgs.gov/namss/data/1977/namss.B-15-77-AK.mcs.airgun.zip										Beaufort Sea	Migration:3D, Stack	Seismic:Reflection		hart@usgs.gov	Patrick Hart	U.S. Geological Survey	pointOfContact	DigitalSeg:DigitallyAcquired		1977-01-01	1977-01-01	2016-06-08	ptriezenberg@usgs.gov	Peter Triezenberg	U.S. Geological Survey	pointOfContact	2018-03-16	Seismic Metadata v.1
DFS-V	digital	78.02880	3599.07840		15.24000				1		96	Hydrophone_Streamer	7.00000	4000		Distance	24.99360		7.62000	34		341.68080	SeismicSource_Gun_Air	1940.00000	Cubic Inches		Java Seal	Digicon	SEGP1	undocumented	NAD83	-71.95717	39.66176	37.82923	-74.13274	processed	matthew.wilson@boem.gov	Matthew Wilson	Bureau of Ocean Energy Management	pointOfContact	Online	Seismic:Active:MCS	matthew.wilson@boem.gov	Matthew Wilson	Bureau of Ocean Energy Management	pointOfContact	2004-01-25	open	https://walrus.wr.usgs.gov/namss/survey/b-15-79-at/dataset/	These data were acquired by BOEM (formerly MMS and USGS).  Under the terms of procurement, these data are to be available to the public 25 years after the issuance of the exploration permit.	namss.B-15-79-AT.mcs.airgun.zip					dataset	Unspecified		Unspecified	137.8 MB	1979-01-01	creation	Data zip file	https://walrus.wr.usgs.gov/namss/data/1979/namss.B-15-79-AT.mcs.airgun.zip										Baltimore Canyon	Migration, Other, Stack	Seismic:Reflection, Seismic:Velocity	These data were acquired commercially for geophysical and geological (G&G) exploration of oil and gas prospects on the U.S. Outer Continental Shelf (OCS).  The Dept. of Interior, which regulates G&G activities on the OCS, acquired these data in order to ensure that the Federal government received fair market value for leases issued for oil and gas production on the OCS, and to accomplish other regulatory functions.	hart@usgs.gov	Patrick Hart	U.S. Geological Survey	pointOfContact	DigitalSeg:DigitallyAcquired	MCS Data transferred from BOEM to USGS for posting on NAMSS. Limited information available.	1979-01-31	1979-01-01	2016-05-23	ptriezenberg@usgs.gov	Peter Triezenberg	U.S. Geological Survey	pointOfContact	2018-03-16	Seismic Metadata v.1
DFS-V	digital		3599.07840			49.98720			1			Hydrophone_Streamer		2000		Distance	24.99360			29		312.42000	SeismicSource_Gun_Air	1800.00000	Cubic Inches		Gulf Seal	Unspecified	SEGP1	undocumented	NAD83	-76.73635	31.59281	24.06608	-83.30890	processed	matthew.wilson@boem.gov	Matthew Wilson	Bureau of Ocean Energy Management	pointOfContact	Online	Seismic:Active:MCS	matthew.wilson@boem.gov	Matthew Wilson	Bureau of Ocean Energy Management	pointOfContact	2006-12-25	open	https://walrus.wr.usgs.gov/namss/survey/b-15-81-at/dataset/	These data were acquired by BOEM (formerly MMS and USGS).  Under the terms of procurement, these data are to be available to the public 25 years after the issuance of the exploration permit.	namss.B-15-81-AT.mcs.airgun.zip					dataset	Unspecified		Unspecified	326.7 MB	1981-12-01	creation	Data zip file	https://walrus.wr.usgs.gov/namss/data/1981/namss.B-15-81-AT.mcs.airgun.zip										Atlantic Ocean	Stack	Seismic:Reflection	These data were acquired commercially for geophysical and geological (G&G) exploration of oil and gas prospects on the U.S. Outer Continental Shelf (OCS).  The Dept. of Interior, which regulates G&G activities on the OCS, acquired these data in order to ensure that the Federal government received fair market value for leases issued for oil and gas production on the OCS, and to accomplish other regulatory functions.	hart@usgs.gov	Patrick Hart	U.S. Geological Survey	pointOfContact	DigitalSeg:DigitallyAcquired	MCS Data transferred from BOEM to USGS for posting on NAMSS. Limited information available.	1981-12-31	1981-12-01	2016-05-23	ptriezenberg@usgs.gov	Peter Triezenberg	U.S. Geological Survey	pointOfContact	2018-03-16	Seismic Metadata v.1
DFS-V	digital		2974.23840		12.80160	24.99360					120	Hydrophone_Streamer	5.00000	2000		Distance	24.99360		9.14400			187.45200	SeismicSource_Gun_Air						SEGP1	undocumented	NAD27	-83.17093	27.13228	25.92443	-84.38112	processed	matthew.wilson@boem.gov	Matthew Wilson	Bureau of Ocean Energy Management	pointOfContact	Online	Seismic:Active:MCS	matthew.wilson@boem.gov	Matthew Wilson	Bureau of Ocean Energy Management	pointOfContact	2006-04-24	open	https://walrus.wr.usgs.gov/namss/survey/b-15-81-fl/dataset/	These data were acquired by BOEM (formerly MMS and USGS).  Under the terms of procurement, these data are to be available to the public 25 years after the issuance of the exploration permit.	namss.B-15-81-FL.mcs.airgun.zip					dataset	Unspecified		Unspecified	215.0 MB	1981-04-01	creation	Data zip file	https://walrus.wr.usgs.gov/namss/data/1981/namss.B-15-81-FL.mcs.airgun.zip										Gulf of Mexico	Stack	Seismic:Reflection	These data were acquired commercially for geophysical and geological (G&G) exploration of oil and gas prospects on the U.S. Outer Continental Shelf (OCS).  The Dept. of Interior, which regulates G&G activities on the OCS, acquired these data in order to ensure that the Federal government received fair market value for leases issued for oil and gas production on the OCS, and to accomplish other regulatory functions.	hart@usgs.gov	Patrick Hart	U.S. Geological Survey	pointOfContact	DigitalSeg:DigitallyAcquired	MCS Data transferred from BOEM to USGS for posting on NAMSS. Limited information available.	1981-04-30	1981-04-01	2016-05-23	ptriezenberg@usgs.gov	Peter Triezenberg	U.S. Geological Survey	pointOfContact	2018-03-16	Seismic Metadata v.1
DFS-V	digital	114.90960	3583.83840			14.99616					240	Hydrophone_Streamer	8.00000	2000	ARGO	Distance	29.99232		7.49808			281.94000	SeismicSource_Gun_Air	5754.00000	Cubic Inches		Alpha	Geco	SEGP1	undocumented	NAD27	-84.30124	30.18951	27.71630	-88.35095	processed	matthew.wilson@boem.gov	Matthew Wilson	Bureau of Ocean Energy Management	pointOfContact	Online	Seismic:Active:MCS	matthew.wilson@boem.gov	Matthew Wilson	Bureau of Ocean Energy Management	pointOfContact	2011-08-25	open	https://walrus.wr.usgs.gov/namss/survey/b-15-86-mi/dataset/	These data were acquired by BOEM (formerly MMS and USGS).  Under the terms of procurement, these data are to be available to the public 25 years after the issuance of the exploration permit.	namss.B-15-86-MI.mcs.airgun.zip					dataset	Unspecified		Unspecified	105.8 MB	1986-08-01	creation	Data zip file	https://walrus.wr.usgs.gov/namss/data/1986/namss.B-15-86-MI.mcs.airgun.zip										Gulf of Mexico	Stack	Seismic:Reflection	These data were acquired commercially for geophysical and geological (G&G) exploration of oil and gas prospects on the U.S. Outer Continental Shelf (OCS).  The Dept. of Interior, which regulates G&G activities on the OCS, acquired these data in order to ensure that the Federal government received fair market value for leases issued for oil and gas production on the OCS, and to accomplish other regulatory functions.	hart@usgs.gov	Patrick Hart	U.S. Geological Survey	pointOfContact	DigitalSeg:DigitallyAcquired	MCS Data transferred from BOEM to USGS for posting on NAMSS. Limited information available.	1986-08-31	1986-08-01	2016-05-23	ptriezenberg@usgs.gov	Peter Triezenberg	U.S. Geological Survey	pointOfContact	2018-03-16	Seismic Metadata v.1
	digital											Hydrophone_Streamer											SeismicSource_Gun_Air						N83	undocumented	NAD83	-151.54878	71.93281	71.20848	-155.62019	processed	hart@usgs.gov	Patrick Hart	U.S. Geological Survey	pointOfContact	Online	Seismic:Active:MCS	hart@usgs.gov	Patrick Hart	U.S. Geological Survey	pointOfContact	2012-09-28	open	https://walrus.wr.usgs.gov/namss/survey/b-15-87-ar/dataset/	These data were acquired by BOEM (formerly MMS and USGS).  Under the terms of procurement, these data are to be available to the public 25 years after the issuance of the exploration permit.	namss.B-15-87-AR.mcs.airgun.zip					dataset	Unspecified		Unspecified	1.7 GB	1987-09-05	creation	Dataset zip file	https://walrus.wr.usgs.gov/namss/data/1987/namss.B-15-87-AR.mcs.airgun.zip										Beaufort Sea	Migration, Stack	Seismic:Reflection, Seismic:Velocity	These data were acquired commercially for geophysical and geological (G&G) exploration of oil and gas prospects on the U.S. Outer Continental Shelf (OCS).  The Dept. of Interior, which regulates G&G activities on the OCS, acquired these data in order to ensure that the Federal government received fair market value for leases issued for oil and gas production on the OCS, and to accomplish other regulatory functions.	hart@usgs.gov	Patrick Hart	U.S. Geological Survey	pointOfContact	DigitalSeg:DigitallyAcquired	MCS Data transferred from BOEM to USGS for posting on NAMSS. Limited information available.	1987-09-28	1987-09-05	2016-05-23	ptriezenberg@usgs.gov	Peter Triezenberg	U.S. Geological Survey	pointOfContact	2018-03-16	Seismic Metadata v.1
	digital											Hydrophone_Streamer											SeismicSource_Gun_Air						SEGP1	undocumented	NAD27	-88.22167	29.03385	25.94305	-95.36905	processed	matthew.wilson@boem.gov	Matthew Wilson	Bureau of Ocean Energy Management	pointOfContact	Online	Seismic:Active:MCS	matthew.wilson@boem.gov	Matthew Wilson	Bureau of Ocean Energy Management	pointOfContact	2013-01-31	open	https://walrus.wr.usgs.gov/namss/survey/b-15-88-gm/dataset/	These data were acquired by BOEM (formerly MMS and USGS).  Under the terms of procurement, these data are to be available to the public 25 years after the issuance of the exploration permit.	namss.B-15-88-GM.mcs.airgun.zip					dataset	Unspecified		Unspecified	1.3 GB	1988-01-01	creation	Data zip file	https://walrus.wr.usgs.gov/namss/data/1988/namss.B-15-88-GM.mcs.airgun.zip											Stack	Seismic:Reflection	These data were acquired commercially for geophysical and geological (G&G) exploration of oil and gas prospects on the U.S. Outer Continental Shelf (OCS).  The Dept. of Interior, which regulates G&G activities on the OCS, acquired these data in order to ensure that the Federal government received fair market value for leases issued for oil and gas production on the OCS, and to accomplish other regulatory functions.	hart@usgs.gov	Patrick Hart	U.S. Geological Survey	pointOfContact	DigitalSeg:DigitallyAcquired	MCS Data transferred from BOEM to USGS for posting on NAMSS. Limited information available.	1988-01-31	1988-01-01	2016-05-23	ptriezenberg@usgs.gov	Peter Triezenberg	U.S. Geological Survey	pointOfContact	2018-03-16	Seismic Metadata v.1
	digital											Hydrophone_Streamer											SeismicSource_Gun_Air						SEGP1	undocumented	NAD27	-93.68108	29.42390	28.09742	-95.66246	processed	matthew.wilson@boem.gov	Matthew Wilson	Bureau of Ocean Energy Management	pointOfContact	Online	Seismic:Active:MCS	matthew.wilson@boem.gov	Matthew Wilson	Bureau of Ocean Energy Management	pointOfContact	2013-01-31	open	https://walrus.wr.usgs.gov/namss/survey/b-15-88-tx/dataset/	These data were acquired by BOEM (formerly MMS and USGS).  Under the terms of procurement, these data are to be available to the public 25 years after the issuance of the exploration permit.	namss.B-15-88-TX.mcs.airgun.zip					dataset	Unspecified		Unspecified	651.4 MB	1988-01-01	creation	Data zip file	https://walrus.wr.usgs.gov/namss/data/1988/namss.B-15-88-TX.mcs.airgun.zip											Stack	Seismic:Reflection	These data were acquired commercially for geophysical and geological (G&G) exploration of oil and gas prospects on the U.S. Outer Continental Shelf (OCS).  The Dept. of Interior, which regulates G&G activities on the OCS, acquired these data in order to ensure that the Federal government received fair market value for leases issued for oil and gas production on the OCS, and to accomplish other regulatory functions.	hart@usgs.gov	Patrick Hart	U.S. Geological Survey	pointOfContact	DigitalSeg:DigitallyAcquired	MCS Data transferred from BOEM to USGS for posting on NAMSS. Limited information available.	1988-01-31	1988-01-01	2016-05-23	ptriezenberg@usgs.gov	Peter Triezenberg	U.S. Geological Survey	pointOfContact	2018-03-16	Seismic Metadata v.1
	digital											Hydrophone_Streamer											SeismicSource_Gun_Air						SEGP1	no	NAD27	-88.48070	29.31418	27.40715	-93.22215	processed	hart@usgs.gov	Patrick Hart	U.S. Geological Survey	pointOfContact	Online	Seismic:Active:MCS	hart@usgs.gov	Patrick Hart	U.S. Geological Survey	pointOfContact		open	https://walrus.wr.usgs.gov/namss/survey/b-15b-89-tx/dataset/	These data were acquired by BOEM (formerly MMS and USGS). Under the terms of procurement, these data are to be available to the public 25 years after the issuance of the exploration permit.	namss.B-15b-89-TX.mcs.airgun.zip					dataset	Unspecified		Unspecified	2.1 MB	1989-01-01	creation	Dataset zip file	https://walrus.wr.usgs.gov/namss/data/1989/namss.B-15b-89-TX.mcs.airgun.zip										Gulf of Mexico	Stack	Seismic:Reflection	These data were acquired commercially for geophysical and geological (G&G) exploration of oil and gas prospects on the U.S. Outer Continental Shelf (OCS). The Dept. of Interior, which regulates G&G activities on the OCS, acquired these data in order to ensure that the Federal government received fair market value for leases issued for oil and gas production on the OCS, and to accomplish other regulatory functions.	matthew.wilson@boem.gov	Matthew Wilson	Bureau of Ocean Energy Management	pointOfContact	DigitalSeg:DigitallyAcquired	MCS Data transferred from BOEM to USGS for posting on NAMSS. Limited information available.	1989-01-01	1989-01-01	2017-02-07	ptriezenberg@usgs.gov	Peter Triezenberg	U.S. Geological Survey	pointOfContact	2018-03-16	Seismic Metadata v.1
	digital											Hydrophone_Streamer											SeismicSource_Gun_Air						SEGP1	no	NAD27	-88.48070	29.31418	27.40715	-93.22215	processed	hart@usgs.gov	Patrick Hart	U.S. Geological Survey	pointOfContact	Online	Seismic:Active:MCS	hart@usgs.gov	Patrick Hart	U.S. Geological Survey	pointOfContact		open	https://walrus.wr.usgs.gov/namss/survey/b-15c-89-tx/dataset/	These data were acquired by BOEM (formerly MMS and USGS). Under the terms of procurement, these data are to be available to the public 25 years after the issuance of the exploration permit.	namss.B-15c-89-TX.mcs.airgun.zip					dataset	Unspecified		Unspecified	2.2 MB	1989-01-01	creation	Dataset zip file	https://walrus.wr.usgs.gov/namss/data/1989/namss.B-15c-89-TX.mcs.airgun.zip										Gulf of Mexico	Stack	Seismic:Reflection	These data were acquired commercially for geophysical and geological (G&G) exploration of oil and gas prospects on the U.S. Outer Continental Shelf (OCS). The Dept. of Interior, which regulates G&G activities on the OCS, acquired these data in order to ensure that the Federal government received fair market value for leases issued for oil and gas production on the OCS, and to accomplish other regulatory functions.	matthew.wilson@boem.gov	Matthew Wilson	Bureau of Ocean Energy Management	pointOfContact	DigitalSeg:DigitallyAcquired	MCS Data transferred from BOEM to USGS for posting on NAMSS. Limited information available.	1989-01-01	1989-01-01	2017-02-07	ptriezenberg@usgs.gov	Peter Triezenberg	U.S. Geological Survey	pointOfContact	2018-03-16	Seismic Metadata v.1
DFS-III	digital	31.08960	3569.20800						1			Hydrophone_Streamer							14.93520	18		345.64320	SeismicSource_Gun_Air	1700.00000	Cubic Inches		Gulf Seal	Unspecified	SEGP1	undocumented	NAD83	-73.54560	38.99504	34.62177	-75.56547	processed	matthew.wilson@boem.gov	Matthew Wilson	Bureau of Ocean Energy Management	pointOfContact	Online	Seismic:Active:MCS	matthew.wilson@boem.gov	Matthew Wilson	Bureau of Ocean Energy Management	pointOfContact	2001-01-24	open	https://walrus.wr.usgs.gov/namss/survey/b-16-76-at/dataset/	These data were acquired by BOEM (formerly MMS and USGS).  Under the terms of procurement, these data are to be available to the public 25 years after the issuance of the exploration permit.	namss.B-16-76-AT.mcs.airgun.zip					dataset	Unspecified		Unspecified	1.7 GB	1976-01-01	creation	Data zip file	https://walrus.wr.usgs.gov/namss/data/1976/namss.B-16-76-AT.mcs.airgun.zip										Mid-Atlantic Ocean	Migration, Other, Stack	Seismic:Reflection, Seismic:Velocity	These data were acquired commercially for geophysical and geological (G&G) exploration of oil and gas prospects on the U.S. Outer Continental Shelf (OCS).  The Dept. of Interior, which regulates G&G activities on the OCS, acquired these data in order to ensure that the Federal government received fair market value for leases issued for oil and gas production on the OCS, and to accomplish other regulatory functions.	hart@usgs.gov	Patrick Hart	U.S. Geological Survey	pointOfContact	DigitalSeg:DigitallyAcquired	MCS Data transferred from BOEM to USGS for posting on NAMSS. Limited information available.	1976-01-31	1976-01-01	2016-05-23	ptriezenberg@usgs.gov	Peter Triezenberg	U.S. Geological Survey	pointOfContact	2018-03-16	Seismic Metadata v.1
DFS-IV	digital	53.94960	2349.70320		10.36320	49.68240			1		48	Hydrophone_Streamer	7.00000	2000		Distance	24.99360		9.14400	7		239.87760	SeismicSource_Gun_Air	1341.00000	Cubic Inches				SEGP1	undocumented	NAD83	-72.53092	39.24403	38.85682	-72.97712	processed	hart@usgs.gov	Patrick Hart	U.S. Geological Survey	pointOfContact	Online	Seismic:Active:MCS	hart@usgs.gov	Patrick Hart	U.S. Geological Survey	pointOfContact	2002-10-25	open	https://walrus.wr.usgs.gov/namss/survey/b-16-77-at/dataset/	These data were acquired by BOEM (formerly MMS and USGS).  Under the terms of procurement, these data are to be available to the public 25 years after the issuance of the exploration permit.	namss.B-16-77-AT.mcs.airgun.zip					dataset	Unspecified		Unspecified	279.7 MB	1977-10-01	creation	Data zip file	https://walrus.wr.usgs.gov/namss/data/1977/namss.B-16-77-AT.mcs.airgun.zip										Baltimore Canyon	Migration	Seismic:Reflection	These data were acquired commercially for geophysical and geological (G&G) exploration of oil and gas prospects on the U.S. Outer Continental Shelf (OCS).  The Dept. of Interior, which regulates G&G activities on the OCS, acquired these data in order to ensure that the Federal government received fair market value for leases issued for oil and gas production on the OCS, and to accomplish other regulatory functions.	hart@usgs.gov	Patrick Hart	U.S. Geological Survey	pointOfContact	DigitalSeg:DigitallyAcquired	MCS Data transferred from BOEM to USGS for posting on NAMSS. Limited information available.	1977-10-31	1977-10-01	2016-05-23	ptriezenberg@usgs.gov	Peter Triezenberg	U.S. Geological Survey	pointOfContact	2018-03-16	Seismic Metadata v.1
DFS-V	digital		2974.23840		12.80160	24.99360					120	Hydrophone_Streamer	5.00000	2000		Distance	37.49040		9.14400			146.30400	SeismicSource_Gun_Air						SEGP1	undocumented	NAD27	-81.80443	26.92552	24.64228	-84.37401	processed	matthew.wilson@boem.gov	Matthew Wilson	Bureau of Ocean Energy Management	pointOfContact	Online	Seismic:Active:MCS	matthew.wilson@boem.gov	Matthew Wilson	Bureau of Ocean Energy Management	pointOfContact	2005-12-25	open	https://walrus.wr.usgs.gov/namss/survey/b-16-80-fl/dataset/	These data were acquired by BOEM (formerly MMS and USGS).  Under the terms of procurement, these data are to be available to the public 25 years after the issuance of the exploration permit.	namss.B-16-80-FL.mcs.airgun.zip					dataset	Unspecified		Unspecified	19.1 MB	1980-12-01	creation	Data zip file	https://walrus.wr.usgs.gov/namss/data/1980/namss.B-16-80-FL.mcs.airgun.zip										Pulley Ridge	Stack	Seismic:Reflection	These data were acquired commercially for geophysical and geological (G&G) exploration of oil and gas prospects on the U.S. Outer Continental Shelf (OCS).  The Dept. of Interior, which regulates G&G activities on the OCS, acquired these data in order to ensure that the Federal government received fair market value for leases issued for oil and gas production on the OCS, and to accomplish other regulatory functions.	hart@usgs.gov	Patrick Hart	U.S. Geological Survey	pointOfContact	DigitalSeg:DigitallyAcquired	MCS Data transferred from BOEM to USGS for posting on NAMSS. Limited information available.	1980-12-31	1980-12-01	2016-05-23	ptriezenberg@usgs.gov	Peter Triezenberg	U.S. Geological Survey	pointOfContact	2018-03-16	Seismic Metadata v.1
	digital											Hydrophone_Streamer											SeismicSource_Gun_Air						SEGP1	undocumented	NAD27	-89.81335	28.98507	27.86705	-91.36934	processed	matthew.wilson@boem.gov	Matthew Wilson	Bureau of Ocean Energy Management	pointOfContact	Online	Seismic:Active:MCS	matthew.wilson@boem.gov	Matthew Wilson	Bureau of Ocean Energy Management	pointOfContact	2013-01-31	open	https://walrus.wr.usgs.gov/namss/survey/b-16-88-la/dataset/	These data were acquired by BOEM (formerly MMS and USGS).  Under the terms of procurement, these data are to be available to the public 25 years after the issuance of the exploration permit.	namss.B-16-88-LA.mcs.airgun.zip					dataset	Unspecified		Unspecified	1.7 GB	1988-01-01	creation	Data zip file	https://walrus.wr.usgs.gov/namss/data/1988/namss.B-16-88-LA.mcs.airgun.zip											Stack	Seismic:Reflection	These data were acquired commercially for geophysical and geological (G&G) exploration of oil and gas prospects on the U.S. Outer Continental Shelf (OCS).  The Dept. of Interior, which regulates G&G activities on the OCS, acquired these data in order to ensure that the Federal government received fair market value for leases issued for oil and gas production on the OCS, and to accomplish other regulatory functions.	hart@usgs.gov	Patrick Hart	U.S. Geological Survey	pointOfContact	DigitalSeg:DigitallyAcquired	MCS Data transferred from BOEM to USGS for posting on NAMSS. Limited information available.	1988-01-31	1988-01-01	2016-05-23	ptriezenberg@usgs.gov	Peter Triezenberg	U.S. Geological Survey	pointOfContact	2018-03-16	Seismic Metadata v.1
	digital											Hydrophone_Streamer											SeismicSource_Gun_Air						SEGP1	undocumented	NAD27	-85.47031	28.53936	26.95536	-88.70760	processed	matthew.wilson@boem.gov	Matthew Wilson	Bureau of Ocean Energy Management	pointOfContact	Online	Seismic:Active:MCS	matthew.wilson@boem.gov	Matthew Wilson	Bureau of Ocean Energy Management	pointOfContact	2012-01-25	open	https://walrus.wr.usgs.gov/namss/survey/b-16a-87-mi/dataset/	These data were acquired by BOEM (formerly MMS and USGS).  Under the terms of procurement, these data are to be available to the public 25 years after the issuance of the exploration permit.	namss.B-16A-87-MI.mcs.airgun.zip					dataset	Unspecified		Unspecified	2.1 GB	1987-01-01	creation	Data zip file	https://walrus.wr.usgs.gov/namss/data/1987/namss.B-16A-87-MI.mcs.airgun.zip										Gulf of Mexico	Stack	Seismic:Reflection	These data were acquired commercially for geophysical and geological (G&G) exploration of oil and gas prospects on the U.S. Outer Continental Shelf (OCS).  The Dept. of Interior, which regulates G&G activities on the OCS, acquired these data in order to ensure that the Federal government received fair market value for leases issued for oil and gas production on the OCS, and to accomplish other regulatory functions.	hart@usgs.gov	Patrick Hart	U.S. Geological Survey	pointOfContact	DigitalSeg:DigitallyAcquired	MCS Data transferred from BOEM to USGS for posting on NAMSS. Limited information available.	1987-01-31	1987-01-01	2016-05-23	ptriezenberg@usgs.gov	Peter Triezenberg	U.S. Geological Survey	pointOfContact	2018-03-16	Seismic Metadata v.1
	digital											Hydrophone_Streamer											SeismicSource_Gun_Air						SEGP1	undocumented	NAD27	-83.92833	29.41778	26.95101	-86.89887	processed	matthew.wilson@boem.gov	Matthew Wilson	Bureau of Ocean Energy Management	pointOfContact	Online	Seismic:Active:MCS	matthew.wilson@boem.gov	Matthew Wilson	Bureau of Ocean Energy Management	pointOfContact	2012-01-25	open	https://walrus.wr.usgs.gov/namss/survey/b-16b-87-mi/dataset/	These data were acquired by BOEM (formerly MMS and USGS).  Under the terms of procurement, these data are to be available to the public 25 years after the issuance of the exploration permit.	namss.B-16B-87-MI.mcs.airgun.zip					dataset	Unspecified		Unspecified	1.7 GB	1987-01-01	creation	Data zip file	https://walrus.wr.usgs.gov/namss/data/1987/namss.B-16B-87-MI.mcs.airgun.zip										Gulf of Mexico	Stack	Seismic:Reflection	These data were acquired commercially for geophysical and geological (G&G) exploration of oil and gas prospects on the U.S. Outer Continental Shelf (OCS).  The Dept. of Interior, which regulates G&G activities on the OCS, acquired these data in order to ensure that the Federal government received fair market value for leases issued for oil and gas production on the OCS, and to accomplish other regulatory functions.	hart@usgs.gov	Patrick Hart	U.S. Geological Survey	pointOfContact	DigitalSeg:DigitallyAcquired	MCS Data transferred from BOEM to USGS for posting on NAMSS. Limited information available.	1987-01-31	1987-01-01	2016-05-23	ptriezenberg@usgs.gov	Peter Triezenberg	U.S. Geological Survey	pointOfContact	2018-03-16	Seismic Metadata v.1
	digital											Hydrophone_Streamer											SeismicSource_Gun_Air						N83	no	NAD83	-159.13691	57.71171	54.36199	-167.83114	processed	hart@usgs.gov	Patrick Hart	U.S. Geological Survey	pointOfContact	Online	Seismic:Active:MCS	Unspecified	Unspecified	Unspecified	resourceProvider		open	https://walrus.wr.usgs.gov/namss/survey/b-17-75-ak/dataset/	Unspecified	namss.B-17-75-AK.mcs.airgun.zip					dataset	Unspecified		Unspecified	10.5 GB	1975-01-01	creation	Dataset zip file	https://walrus.wr.usgs.gov/namss/data/1975/namss.B-17-75-AK.mcs.airgun.zip										Alaska		Seismic:Reflection		hart@usgs.gov	Patrick Hart	U.S. Geological Survey	pointOfContact	DigitalSeg:DigitallyAcquired		1975-01-01	1975-01-01	2016-06-06	ptriezenberg@usgs.gov	Peter Triezenberg	U.S. Geological Survey	pointOfContact	2018-03-16	Seismic Metadata v.1
DFS-III	digital	47.85360	785.16480			34.13760			1		24	Hydrophone_Streamer		1			1.00000					40.84320	SeismicSource_Sparker				Gary Chouest	Digicon	SEGP1	undocumented	WGS84	-72.41097	40.61887	35.16011	-75.48561	processed	matthew.wilson@boem.gov	Matthew Wilson	Bureau of Ocean Energy Management	pointOfContact	Online	Seismic:Active:MCS	matthew.wilson@boem.gov	Matthew Wilson	Bureau of Ocean Energy Management	pointOfContact	2000-09-23	open	https://walrus.wr.usgs.gov/namss/survey/b-17-75-at/dataset/	These data were acquired by BOEM (formerly MMS and USGS).  Under the terms of procurement, these data are to be available to the public 25 years after the issuance of the exploration permit.	namss.B-17-75-AT.mcs.sparker.zip					dataset	Unspecified		Unspecified	448.4 MB	1975-09-01	creation	Data zip file	https://walrus.wr.usgs.gov/namss/data/1975/namss.B-17-75-AT.mcs.sparker.zip										Baltimore Canyon	Stack	Seismic:Reflection	These data were acquired commercially for geophysical and geological (G&G) exploration of oil and gas prospects on the U.S. Outer Continental Shelf (OCS).  The Dept. of Interior, which regulates G&G activities on the OCS, acquired these data in order to ensure that the Federal government received fair market value for leases issued for oil and gas production on the OCS, and to accomplish other regulatory functions.	hart@usgs.gov	Patrick Hart	U.S. Geological Survey	pointOfContact	DigitalSeg:DigitallyAcquired	MCS Data transferred from BOEM to USGS for posting on NAMSS. Limited information available.	1975-09-30	1975-09-01	2016-05-23	ptriezenberg@usgs.gov	Peter Triezenberg	U.S. Geological Survey	pointOfContact	2018-03-16	Seismic Metadata v.1
DFS-IV	digital	53.94960	2349.70320		10.36320	49.68240			1		48	Hydrophone_Streamer	6.00000	2000		Distance	24.99360		9.14400	7		239.87760	SeismicSource_Gun_Air	1341.00000	Cubic Inches				SEGP1	undocumented	NAD83	-79.55727	32.15740	32.04103	-79.74574	processed	matthew.wilson@boem.gov	Matthew Wilson	Bureau of Ocean Energy Management	pointOfContact	Online	Seismic:Active:MCS	matthew.wilson@boem.gov	Matthew Wilson	Bureau of Ocean Energy Management	pointOfContact	2002-11-24	open	https://walrus.wr.usgs.gov/namss/survey/b-17-77-at/dataset/	These data were acquired by BOEM (formerly MMS and USGS).  Under the terms of procurement, these data are to be available to the public 25 years after the issuance of the exploration permit.	namss.B-17-77-AT.mcs.airgun.zip					dataset	Unspecified		Unspecified	148.7 MB	1977-11-01	creation	Data zip file	https://walrus.wr.usgs.gov/namss/data/1977/namss.B-17-77-AT.mcs.airgun.zip										Georgia Embayment	Migration, Other, Stack	Seismic:Reflection, Seismic:Velocity	These data were acquired commercially for geophysical and geological (G&G) exploration of oil and gas prospects on the U.S. Outer Continental Shelf (OCS).  The Dept. of Interior, which regulates G&G activities on the OCS, acquired these data in order to ensure that the Federal government received fair market value for leases issued for oil and gas production on the OCS, and to accomplish other regulatory functions.	hart@usgs.gov	Patrick Hart	U.S. Geological Survey	pointOfContact	DigitalSeg:DigitallyAcquired	MCS Data transferred from BOEM to USGS for posting on NAMSS. Limited information available.	1977-11-30	1977-11-01	2016-05-23	ptriezenberg@usgs.gov	Peter Triezenberg	U.S. Geological Survey	pointOfContact	2018-03-16	Seismic Metadata v.1
	digital											Hydrophone_Streamer											SeismicSource_Gun_Air						SEGP1	undocumented	NAD27	-89.44033	29.14631	28.32837	-90.55541	processed	matthew.wilson@boem.gov	Matthew Wilson	Bureau of Ocean Energy Management	pointOfContact	Online	Seismic:Active:MCS	matthew.wilson@boem.gov	Matthew Wilson	Bureau of Ocean Energy Management	pointOfContact	2007-01-25	open	https://walrus.wr.usgs.gov/namss/survey/b-17-82-la/dataset/	These data were acquired by BOEM (formerly MMS and USGS).  Under the terms of procurement, these data are to be available to the public 25 years after the issuance of the exploration permit.	namss.B-17-82-LA.mcs.airgun.zip					dataset	Unspecified		Unspecified	132.2 MB	1982-01-01	creation	Data zip file	https://walrus.wr.usgs.gov/namss/data/1982/namss.B-17-82-LA.mcs.airgun.zip										Gulf of Mexico	Stack	Seismic:Reflection	These data were acquired commercially for geophysical and geological (G&G) exploration of oil and gas prospects on the U.S. Outer Continental Shelf (OCS).  The Dept. of Interior, which regulates G&G activities on the OCS, acquired these data in order to ensure that the Federal government received fair market value for leases issued for oil and gas production on the OCS, and to accomplish other regulatory functions.	hart@usgs.gov	Patrick Hart	U.S. Geological Survey	pointOfContact	DigitalSeg:DigitallyAcquired	MCS Data transferred from BOEM to USGS for posting on NAMSS. Limited information available.	1982-01-31	1982-01-01	2016-05-23	ptriezenberg@usgs.gov	Peter Triezenberg	U.S. Geological Survey	pointOfContact	2018-03-16	Seismic Metadata v.1
DFS-V	digital					49.98720					120	Hydrophone_Streamer	8.00000	2000		Distance	24.99360					249.93600	SeismicSource_Gun_Air						SEGP1	undocumented	NAD27	-88.49617	28.89987	28.58591	-88.84499	processed	matthew.wilson@boem.gov	Matthew Wilson	Bureau of Ocean Energy Management	pointOfContact	Online	Seismic:Active:MCS	matthew.wilson@boem.gov	Matthew Wilson	Bureau of Ocean Energy Management	pointOfContact	2009-01-24	open	https://walrus.wr.usgs.gov/namss/survey/b-17-84-la/dataset/	These data were acquired by BOEM (formerly MMS and USGS).  Under the terms of procurement, these data are to be available to the public 25 years after the issuance of the exploration permit.	namss.B-17-84-LA.mcs.airgun.zip					dataset	Unspecified		Unspecified	11.1 MB	1984-01-01	creation	Data zip file	https://walrus.wr.usgs.gov/namss/data/1984/namss.B-17-84-LA.mcs.airgun.zip										Louisiana	Stack	Seismic:Reflection	These data were acquired commercially for geophysical and geological (G&G) exploration of oil and gas prospects on the U.S. Outer Continental Shelf (OCS).  The Dept. of Interior, which regulates G&G activities on the OCS, acquired these data in order to ensure that the Federal government received fair market value for leases issued for oil and gas production on the OCS, and to accomplish other regulatory functions.	hart@usgs.gov	Patrick Hart	U.S. Geological Survey	pointOfContact	DigitalSeg:DigitallyAcquired	MCS Data transferred from BOEM to USGS for posting on NAMSS. Limited information available.	1984-01-31	1984-01-01	2016-05-23	ptriezenberg@usgs.gov	Peter Triezenberg	U.S. Geological Survey	pointOfContact	2018-03-16	Seismic Metadata v.1
DFS-V	digital	174.04080	2999.23200		9.14400	24.99360					120	Hydrophone_Streamer	8.00000	2000	Raydist	Distance	24.99360		7.62000			309.06720	SeismicSource_Gun_Air	3564.00000	Cubic Inches		Echo	Geco	SEGP1	undocumented	NAD27	-93.37728	28.52591	27.68473	-94.72291	processed	matthew.wilson@boem.gov	Matthew Wilson	Bureau of Ocean Energy Management	pointOfContact	Online	Seismic:Active:MCS	matthew.wilson@boem.gov	Matthew Wilson	Bureau of Ocean Energy Management	pointOfContact	2009-02-22	open	https://walrus.wr.usgs.gov/namss/survey/b-17-84-tx/dataset/	These data were acquired by BOEM (formerly MMS and USGS).  Under the terms of procurement, these data are to be available to the public 25 years after the issuance of the exploration permit.	namss.B-17-84-TX.mcs.airgun.zip					dataset	Unspecified		Unspecified	340.0 MB	1984-02-01	creation	Data zip file	https://walrus.wr.usgs.gov/namss/data/1984/namss.B-17-84-TX.mcs.airgun.zip										Texas	Stack	Seismic:Reflection	These data were acquired commercially for geophysical and geological (G&G) exploration of oil and gas prospects on the U.S. Outer Continental Shelf (OCS).  The Dept. of Interior, which regulates G&G activities on the OCS, acquired these data in order to ensure that the Federal government received fair market value for leases issued for oil and gas production on the OCS, and to accomplish other regulatory functions.	hart@usgs.gov	Patrick Hart	U.S. Geological Survey	pointOfContact	DigitalSeg:DigitallyAcquired	MCS Data transferred from BOEM to USGS for posting on NAMSS. Limited information available.	1984-02-29	1984-02-01	2016-05-23	ptriezenberg@usgs.gov	Peter Triezenberg	U.S. Geological Survey	pointOfContact	2018-03-16	Seismic Metadata v.1
	digital											Hydrophone_Streamer											SeismicSource_Gun_Air						SEGP1	no	NAD27	-91.73830	27.39566	26.28645	-93.48671	processed	matthew.wilson@boem.gov	Matthew Wilson	Bureau of Ocean Energy Management	pointOfContact	Online	Seismic:Active:MCS	matthew.wilson@boem.gov	Matthew Wilson	Bureau of Ocean Energy Management	pointOfContact	2010-01-25	open	https://walrus.wr.usgs.gov/namss/survey/b-17-85-la/dataset/	These data were acquired by BOEM (formerly MMS and USGS).  Under the terms of procurement, these data are to be available to the public 25 years after the issuance of the exploration permit.	namss.B-17-85-LA.mcs.airgun.zip					dataset	Unspecified		Unspecified	270.1 KB	1985-01-01	creation	Data zip file	https://walrus.wr.usgs.gov/namss/data/1985/namss.B-17-85-LA.mcs.airgun.zip										Gulf of Mexico	Stack	Seismic:Reflection	These data were acquired commercially for geophysical and geological (G&G) exploration of oil and gas prospects on the U.S. Outer Continental Shelf (OCS).  The Dept. of Interior, which regulates G&G activities on the OCS, acquired these data in order to ensure that the Federal government received fair market value for leases issued for oil and gas production on the OCS, and to accomplish other regulatory functions.	hart@usgs.gov	Patrick Hart	U.S. Geological Survey	pointOfContact	DigitalSeg:DigitallyAcquired	MCS Data transferred from BOEM to USGS for posting on NAMSS. Limited information available.	1985-01-31	1985-01-01	2016-05-23	ptriezenberg@usgs.gov	Peter Triezenberg	U.S. Geological Survey	pointOfContact	2018-03-16	Seismic Metadata v.1
DFS-V	digital	185.01360	2986.73520			12.49680					240	Hydrophone_Streamer	7.00000	2000	Long Range Navigation	Distance	24.99360		7.49808			99.97440	SeismicSource_Gun_Air	7524.00000	Cubic Inches		Sea Searcher	Geco	SEGP1	undocumented	NAD27	-84.95738	30.11165	29.34511	-88.32031	processed	matthew.wilson@boem.gov	Matthew Wilson	Bureau of Ocean Energy Management	pointOfContact	Online	Seismic:Active:MCS	matthew.wilson@boem.gov	Matthew Wilson	Bureau of Ocean Energy Management	pointOfContact	2011-11-24	open	https://walrus.wr.usgs.gov/namss/survey/b-17-86-mi/dataset/	These data were acquired by BOEM (formerly MMS and USGS).  Under the terms of procurement, these data are to be available to the public 25 years after the issuance of the exploration permit.	namss.B-17-86-MI.mcs.airgun.zip					dataset	Unspecified		Unspecified	28.8 MB	1986-11-01	creation	Data zip file	https://walrus.wr.usgs.gov/namss/data/1986/namss.B-17-86-MI.mcs.airgun.zip										Gulf of Mexico	Stack	Seismic:Reflection	These data were acquired commercially for geophysical and geological (G&G) exploration of oil and gas prospects on the U.S. Outer Continental Shelf (OCS).  The Dept. of Interior, which regulates G&G activities on the OCS, acquired these data in order to ensure that the Federal government received fair market value for leases issued for oil and gas production on the OCS, and to accomplish other regulatory functions.	hart@usgs.gov	Patrick Hart	U.S. Geological Survey	pointOfContact	DigitalSeg:DigitallyAcquired	MCS Data transferred from BOEM to USGS for posting on NAMSS. Limited information available.	1986-11-30	1986-11-01	2016-05-23	ptriezenberg@usgs.gov	Peter Triezenberg	U.S. Geological Survey	pointOfContact	2018-03-16	Seismic Metadata v.1
	digital											Hydrophone_Streamer											SeismicSource_Gun_Air						SEGP1	undocumented	NAD27	-86.90671	28.51085	27.40997	-87.97788	processed	matthew.wilson@boem.gov	Matthew Wilson	Bureau of Ocean Energy Management	pointOfContact	Online	Seismic:Active:MCS	matthew.wilson@boem.gov	Matthew Wilson	Bureau of Ocean Energy Management	pointOfContact	2013-01-31	open	https://walrus.wr.usgs.gov/namss/survey/b-17-88-mi/dataset/	These data were acquired by BOEM (formerly MMS and USGS).  Under the terms of procurement, these data are to be available to the public 25 years after the issuance of the exploration permit.	namss.B-17-88-MI.mcs.airgun.zip					dataset	Unspecified		Unspecified	296.3 MB	1988-01-01	creation	Data zip file	https://walrus.wr.usgs.gov/namss/data/1988/namss.B-17-88-MI.mcs.airgun.zip											Stack	Seismic:Reflection	These data were acquired commercially for geophysical and geological (G&G) exploration of oil and gas prospects on the U.S. Outer Continental Shelf (OCS).  The Dept. of Interior, which regulates G&G activities on the OCS, acquired these data in order to ensure that the Federal government received fair market value for leases issued for oil and gas production on the OCS, and to accomplish other regulatory functions.	hart@usgs.gov	Patrick Hart	U.S. Geological Survey	pointOfContact	DigitalSeg:DigitallyAcquired	MCS Data transferred from BOEM to USGS for posting on NAMSS. Limited information available.	1988-01-31	1988-01-01	2016-05-23	ptriezenberg@usgs.gov	Peter Triezenberg	U.S. Geological Survey	pointOfContact	2018-03-16	Seismic Metadata v.1
	digital											Hydrophone_Streamer											SeismicSource_Gun_Air						SEGP1	undocumented	NAD27	-83.72369	27.39212	26.23627	-84.25475	processed	matthew.wilson@boem.gov	Matthew Wilson	Bureau of Ocean Energy Management	pointOfContact	Online	Seismic:Active:MCS	matthew.wilson@boem.gov	Matthew Wilson	Bureau of Ocean Energy Management	pointOfContact	2006-01-25	open	https://walrus.wr.usgs.gov/namss/survey/b-18-81-mi/dataset/	These data were acquired by BOEM (formerly MMS and USGS).  Under the terms of procurement, these data are to be available to the public 25 years after the issuance of the exploration permit.	namss.B-18-81-MI.mcs.airgun.zip					dataset	Unspecified		Unspecified	5.6 MB	1981-01-01	creation	Data zip file	https://walrus.wr.usgs.gov/namss/data/1981/namss.B-18-81-MI.mcs.airgun.zip										Gulf of Mexico	Stack	Seismic:Reflection	These data were acquired commercially for geophysical and geological (G&G) exploration of oil and gas prospects on the U.S. Outer Continental Shelf (OCS).  The Dept. of Interior, which regulates G&G activities on the OCS, acquired these data in order to ensure that the Federal government received fair market value for leases issued for oil and gas production on the OCS, and to accomplish other regulatory functions.	hart@usgs.gov	Patrick Hart	U.S. Geological Survey	pointOfContact	DigitalSeg:DigitallyAcquired	MCS Data transferred from BOEM to USGS for posting on NAMSS. Limited information available.	1981-01-31	1981-01-01	2016-05-23	ptriezenberg@usgs.gov	Peter Triezenberg	U.S. Geological Survey	pointOfContact	2018-03-16	Seismic Metadata v.1
	digital											Hydrophone_Streamer											SeismicSource_Gun_Air						SEGP1	undocumented	NAD27	-93.35206	27.32483	25.93062	-96.26035	processed	matthew.wilson@boem.gov	Matthew Wilson	Bureau of Ocean Energy Management	pointOfContact	Online	Seismic:Active:MCS	matthew.wilson@boem.gov	Matthew Wilson	Bureau of Ocean Energy Management	pointOfContact	2011-01-25	open	https://walrus.wr.usgs.gov/namss/survey/b-18-86-tx/dataset/	These data were acquired by BOEM (formerly MMS and USGS).  Under the terms of procurement, these data are to be available to the public 25 years after the issuance of the exploration permit.	namss.B-18-86-TX.mcs.airgun.zip					dataset	Unspecified		Unspecified	311.3 MB	1986-01-01	creation	Data zip file	https://walrus.wr.usgs.gov/namss/data/1986/namss.B-18-86-TX.mcs.airgun.zip										Gulf of Mexico	Stack	Seismic:Reflection	These data were acquired commercially for geophysical and geological (G&G) exploration of oil and gas prospects on the U.S. Outer Continental Shelf (OCS).  The Dept. of Interior, which regulates G&G activities on the OCS, acquired these data in order to ensure that the Federal government received fair market value for leases issued for oil and gas production on the OCS, and to accomplish other regulatory functions.	hart@usgs.gov	Patrick Hart	U.S. Geological Survey	pointOfContact	DigitalSeg:DigitallyAcquired	MCS Data transferred from BOEM to USGS for posting on NAMSS. Limited information available.	1986-01-31	1986-01-01	2016-05-23	ptriezenberg@usgs.gov	Peter Triezenberg	U.S. Geological Survey	pointOfContact	2018-03-16	Seismic Metadata v.1
	digital											Hydrophone_Streamer											SeismicSource_Gun_Air						N83	no	NAD83	-160.63217	56.82063	55.22042	-168.69039	processed	matthew.wilson@boem.gov	Matthew Wilson	Bureau of Ocean Energy Management	pointOfContact	Online	Seismic:Active:MCS	hart@usgs.gov	Patrick Hart	U.S. Geological Survey	pointOfContact		open	https://walrus.wr.usgs.gov/namss/survey/b-19-81-ak/dataset/	These data were acquired by BOEM (formerly MMS and USGS).  Under the terms of procurement, these data are to be available to the public 25 years after the issuance of the exploration permit.	namss.B-19-81-AK.mcs.airgun.zip					dataset	Unspecified		Unspecified	10.4 GB	1981-06-08	creation	Dataset zip file	https://walrus.wr.usgs.gov/namss/data/1981/namss.B-19-81-AK.mcs.airgun.zip										Alaska	Stack	Seismic:Reflection	These data were acquired commercially for geophysical and geological (G&G) exploration of oil and gas prospects on the U.S. Outer Continental Shelf (OCS).  The Dept. of Interior, which regulates G&G activities on the OCS, acquired these data in order to ensure that the Federal government received fair market value for leases issued for oil and gas production on the OCS, and to accomplish other regulatory functions.	hart@usgs.gov	Patrick Hart	U.S. Geological Survey	pointOfContact	DigitalSeg:DigitallyAcquired	MCS Data transferred from BOEM to USGS for posting on NAMSS. Limited information available.	1981-07-29	1981-06-08	2017-03-08	ptriezenberg@usgs.gov	Peter Triezenberg	U.S. Geological Survey	pointOfContact	2018-03-16	Seismic Metadata v.1
DFS-V	digital	67.97040	2974.23840		9.14400	24.99360					120	Hydrophone_Streamer	7.00000	2000		Distance	24.99360		6.09600	14		303.58080	SeismicSource_Gun_Air				Pheonix	Fairfield Ind	SEGP1	undocumented	NAD27	-87.40892	30.21693	29.70282	-88.74071	processed	matthew.wilson@boem.gov	Matthew Wilson	Bureau of Ocean Energy Management	pointOfContact	Online	Seismic:Active:MCS	matthew.wilson@boem.gov	Matthew Wilson	Bureau of Ocean Energy Management	pointOfContact	2009-07-25	open	https://walrus.wr.usgs.gov/namss/survey/b-19-84-mi/dataset/	These data were acquired by BOEM (formerly MMS and USGS).  Under the terms of procurement, these data are to be available to the public 25 years after the issuance of the exploration permit.	namss.B-19-84-MI.mcs.airgun.zip					dataset	Unspecified		Unspecified	107.2 MB	1984-07-01	creation	Data zip file	https://walrus.wr.usgs.gov/namss/data/1984/namss.B-19-84-MI.mcs.airgun.zip										Gulf of Mexico	Stack	Seismic:Reflection	These data were acquired commercially for geophysical and geological (G&G) exploration of oil and gas prospects on the U.S. Outer Continental Shelf (OCS).  The Dept. of Interior, which regulates G&G activities on the OCS, acquired these data in order to ensure that the Federal government received fair market value for leases issued for oil and gas production on the OCS, and to accomplish other regulatory functions.	hart@usgs.gov	Patrick Hart	U.S. Geological Survey	pointOfContact	DigitalSeg:DigitallyAcquired	MCS Data transferred from BOEM to USGS for posting on NAMSS. Limited information available.	1984-07-31	1984-07-01	2016-05-23	ptriezenberg@usgs.gov	Peter Triezenberg	U.S. Geological Survey	pointOfContact	2018-03-16	Seismic Metadata v.1
DFS-IV	digital		2399.38560			49.98720					48	Hydrophone_Streamer		4000		Distance	99.97440		3.04800				SeismicSource_Gun_Air	900.00000	Cubic Inches				SEGP1	undocumented	NAD27	-93.32667	29.70615	29.62007	-93.45369	processed	matthew.wilson@boem.gov	Matthew Wilson	Bureau of Ocean Energy Management	pointOfContact	Online	Seismic:Active:MCS	matthew.wilson@boem.gov	Matthew Wilson	Bureau of Ocean Energy Management	pointOfContact	2000-12-24	open	https://walrus.wr.usgs.gov/namss/survey/b-20-75-la/dataset/	These data were acquired by BOEM (formerly MMS and USGS).  Under the terms of procurement, these data are to be available to the public 25 years after the issuance of the exploration permit.	namss.B-20-75-LA.mcs.airgun.zip					dataset	Unspecified		Unspecified	13.3 MB	1975-01-01	creation	Data zip file	https://walrus.wr.usgs.gov/namss/data/1975/namss.B-20-75-LA.mcs.airgun.zip										West Cameron	Stack	Seismic:Reflection	These data were acquired commercially for geophysical and geological (G&G) exploration of oil and gas prospects on the U.S. Outer Continental Shelf (OCS).  The Dept. of Interior, which regulates G&G activities on the OCS, acquired these data in order to ensure that the Federal government received fair market value for leases issued for oil and gas production on the OCS, and to accomplish other regulatory functions.	hart@usgs.gov	Patrick Hart	U.S. Geological Survey	pointOfContact	DigitalSeg:DigitallyAcquired	MCS Data transferred from BOEM to USGS for posting on NAMSS. Limited information available.	1975-12-31	1975-01-01	2016-05-23	ptriezenberg@usgs.gov	Peter Triezenberg	U.S. Geological Survey	pointOfContact	2018-03-16	Seismic Metadata v.1
	digital											Hydrophone_Streamer											SeismicSource_Gun_Air						SEGP1	undocumented	NAD27	-87.90721	29.67971	28.12890	-93.52063	processed	matthew.wilson@boem.gov	Matthew Wilson	Bureau of Ocean Energy Management	pointOfContact	Online	Seismic:Active:MCS	matthew.wilson@boem.gov	Matthew Wilson	Bureau of Ocean Energy Management	pointOfContact	2003-01-25	open	https://walrus.wr.usgs.gov/namss/survey/b-20-78-la/dataset/	These data were acquired by BOEM (formerly MMS and USGS).  Under the terms of procurement, these data are to be available to the public 25 years after the issuance of the exploration permit.	namss.B-20-78-LA.mcs.airgun.zip					dataset	Unspecified		Unspecified	442.1 MB	1978-01-01	creation	Data zip file	https://walrus.wr.usgs.gov/namss/data/1978/namss.B-20-78-LA.mcs.airgun.zip										Gulf of Mexico	Stack	Seismic:Reflection	These data were acquired commercially for geophysical and geological (G&G) exploration of oil and gas prospects on the U.S. Outer Continental Shelf (OCS).  The Dept. of Interior, which regulates G&G activities on the OCS, acquired these data in order to ensure that the Federal government received fair market value for leases issued for oil and gas production on the OCS, and to accomplish other regulatory functions.	hart@usgs.gov	Patrick Hart	U.S. Geological Survey	pointOfContact	DigitalSeg:DigitallyAcquired	MCS Data transferred from BOEM to USGS for posting on NAMSS. Limited information available.	1978-01-31	1978-01-01	2016-05-23	ptriezenberg@usgs.gov	Peter Triezenberg	U.S. Geological Survey	pointOfContact	2018-03-16	Seismic Metadata v.1
DFS-V	digital					24.99360					120	Hydrophone_Streamer	5.00000	2000		Distance	24.99360			9		187.45200	SeismicSource_Gun_Air						SEGP1	undocumented	NAD27	-83.43547	26.18953	25.98135	-83.69279	processed	matthew.wilson@boem.gov	Matthew Wilson	Bureau of Ocean Energy Management	pointOfContact	Online	Seismic:Active:MCS	matthew.wilson@boem.gov	Matthew Wilson	Bureau of Ocean Energy Management	pointOfContact	2006-01-25	open	https://walrus.wr.usgs.gov/namss/survey/b-20-81-fl/dataset/	These data were acquired by BOEM (formerly MMS and USGS).  Under the terms of procurement, these data are to be available to the public 25 years after the issuance of the exploration permit.	namss.B-20-81-FL.mcs.airgun.zip					dataset	Unspecified		Unspecified	15.1 MB	1981-01-01	creation	Data zip file	https://walrus.wr.usgs.gov/namss/data/1981/namss.B-20-81-FL.mcs.airgun.zip										Gulf of Mexico	Stack	Seismic:Reflection	These data were acquired commercially for geophysical and geological (G&G) exploration of oil and gas prospects on the U.S. Outer Continental Shelf (OCS).  The Dept. of Interior, which regulates G&G activities on the OCS, acquired these data in order to ensure that the Federal government received fair market value for leases issued for oil and gas production on the OCS, and to accomplish other regulatory functions.	hart@usgs.gov	Patrick Hart	U.S. Geological Survey	pointOfContact	DigitalSeg:DigitallyAcquired	MCS Data transferred from BOEM to USGS for posting on NAMSS. Limited information available.	1981-01-31	1981-01-01	2016-05-23	ptriezenberg@usgs.gov	Peter Triezenberg	U.S. Geological Survey	pointOfContact	2018-03-16	Seismic Metadata v.1
	digital											Hydrophone_Streamer											SeismicSource_Gun_Air						SEGP1	undocumented	NAD27	-93.57168	29.22110	26.68260	-97.05201	processed	matthew.wilson@boem.gov	Matthew Wilson	Bureau of Ocean Energy Management	pointOfContact	Online	Seismic:Active:MCS	matthew.wilson@boem.gov	Matthew Wilson	Bureau of Ocean Energy Management	pointOfContact	2008-01-25	open	https://walrus.wr.usgs.gov/namss/survey/b-20-83-tx/dataset/	These data were acquired by BOEM (formerly MMS and USGS).  Under the terms of procurement, these data are to be available to the public 25 years after the issuance of the exploration permit.	namss.B-20-83-TX.mcs.airgun.zip					dataset	Unspecified		Unspecified	436.8 MB	1983-01-01	creation	Data zip file	https://walrus.wr.usgs.gov/namss/data/1983/namss.B-20-83-TX.mcs.airgun.zip										Gulf of Mexico	Stack	Seismic:Reflection	These data were acquired commercially for geophysical and geological (G&G) exploration of oil and gas prospects on the U.S. Outer Continental Shelf (OCS).  The Dept. of Interior, which regulates G&G activities on the OCS, acquired these data in order to ensure that the Federal government received fair market value for leases issued for oil and gas production on the OCS, and to accomplish other regulatory functions.	hart@usgs.gov	Patrick Hart	U.S. Geological Survey	pointOfContact	DigitalSeg:DigitallyAcquired	MCS Data transferred from BOEM to USGS for posting on NAMSS. Limited information available.	1983-01-31	1983-01-01	2016-05-23	ptriezenberg@usgs.gov	Peter Triezenberg	U.S. Geological Survey	pointOfContact	2018-03-16	Seismic Metadata v.1
DDS-888	digital					67.05600					48	Hydrophone_Streamer	6.00000	4000		Distance	67.05600						Other						SEGP1	undocumented	NAD27	-89.47675	29.10406	29.00564	-89.71245	processed	matthew.wilson@boem.gov	Matthew Wilson	Bureau of Ocean Energy Management	pointOfContact	Online	Seismic:Active:MCS	matthew.wilson@boem.gov	Matthew Wilson	Bureau of Ocean Energy Management	pointOfContact	2000-12-24	open	https://walrus.wr.usgs.gov/namss/survey/b-21-75-la/dataset/	These data were acquired by BOEM (formerly MMS and USGS).  Under the terms of procurement, these data are to be available to the public 25 years after the issuance of the exploration permit.	namss.B-21-75-LA.mcs.aquapulse.zip					dataset	Unspecified		Unspecified	24.3 MB	1975-01-01	creation	Data zip file	https://walrus.wr.usgs.gov/namss/data/1975/namss.B-21-75-LA.mcs.aquapulse.zip										West Delta	Stack	Seismic:Reflection	These data were acquired commercially for geophysical and geological (G&G) exploration of oil and gas prospects on the U.S. Outer Continental Shelf (OCS).  The Dept. of Interior, which regulates G&G activities on the OCS, acquired these data in order to ensure that the Federal government received fair market value for leases issued for oil and gas production on the OCS, and to accomplish other regulatory functions.	hart@usgs.gov	Patrick Hart	U.S. Geological Survey	pointOfContact	DigitalSeg:DigitallyAcquired	MCS Data transferred from BOEM to USGS for posting on NAMSS. Limited information available.	1975-12-31	1975-01-01	2016-05-23	ptriezenberg@usgs.gov	Peter Triezenberg	U.S. Geological Survey	pointOfContact	2018-03-16	Seismic Metadata v.1
	digital											Hydrophone_Streamer											SeismicSource_Gun_Air						SEGP1	undocumented	NAD27	-93.64538	29.14482	28.23660	-94.83279	processed	matthew.wilson@boem.gov	Matthew Wilson	Bureau of Ocean Energy Management	pointOfContact	Online	Seismic:Active:MCS	matthew.wilson@boem.gov	Matthew Wilson	Bureau of Ocean Energy Management	pointOfContact	2001-01-24	open	https://walrus.wr.usgs.gov/namss/survey/b-21-76-tx/dataset/	These data were acquired by BOEM (formerly MMS and USGS).  Under the terms of procurement, these data are to be available to the public 25 years after the issuance of the exploration permit.	namss.B-21-76-TX.mcs.airgun.zip					dataset	Unspecified		Unspecified	86.7 MB	1976-01-01	creation	Data zip file	https://walrus.wr.usgs.gov/namss/data/1976/namss.B-21-76-TX.mcs.airgun.zip										Gulf of Mexico	Stack	Seismic:Reflection	These data were acquired commercially for geophysical and geological (G&G) exploration of oil and gas prospects on the U.S. Outer Continental Shelf (OCS).  The Dept. of Interior, which regulates G&G activities on the OCS, acquired these data in order to ensure that the Federal government received fair market value for leases issued for oil and gas production on the OCS, and to accomplish other regulatory functions.	hart@usgs.gov	Patrick Hart	U.S. Geological Survey	pointOfContact	DigitalSeg:DigitallyAcquired	MCS Data transferred from BOEM to USGS for posting on NAMSS. Limited information available.	1976-01-31	1976-01-01	2016-05-23	ptriezenberg@usgs.gov	Peter Triezenberg	U.S. Geological Survey	pointOfContact	2018-03-16	Seismic Metadata v.1
	digital											Hydrophone_Streamer											SeismicSource_Gun_Air						N83	no	NAD83	-162.58163	56.12303	55.13243	-164.12986	processed	matthew.wilson@boem.gov	Matthew Wilson	Bureau of Ocean Energy Management	pointOfContact	Online	Seismic:Active:MCS	hart@usgs.gov	Patrick Hart	U.S. Geological Survey	pointOfContact		open	https://walrus.wr.usgs.gov/namss/survey/b-21-80-ak/dataset/	These data were acquired by BOEM (formerly MMS and USGS).  Under the terms of procurement, these data are to be available to the public 25 years after the issuance of the exploration permit.	namss.B-21-80-AK.mcs.airgun.zip					dataset	Unspecified		Unspecified	79.7 MB	1980-04-29	creation	Dataset zip file	https://walrus.wr.usgs.gov/namss/data/1980/namss.B-21-80-AK.mcs.airgun.zip										Alaska	Stack	Seismic:Reflection	These data were acquired commercially for geophysical and geological (G&G) exploration of oil and gas prospects on the U.S. Outer Continental Shelf (OCS).  The Dept. of Interior, which regulates G&G activities on the OCS, acquired these data in order to ensure that the Federal government received fair market value for leases issued for oil and gas production on the OCS, and to accomplish other regulatory functions.	hart@usgs.gov	Patrick Hart	U.S. Geological Survey	pointOfContact	DigitalSeg:DigitallyAcquired	MCS Data transferred from BOEM to USGS for posting on NAMSS. Limited information available.	1980-10-02	1980-04-29	2017-03-08	ptriezenberg@usgs.gov	Peter Triezenberg	U.S. Geological Survey	pointOfContact	2018-03-16	Seismic Metadata v.1
MDS-10	digital		3149.19360		10.66800	49.98720					64	Hydrophone_Streamer	6.00000	2000		Distance	49.98720		8.99160	7		199.94880	SeismicSource_Gun_Air	1029.00000	Cubic Inches		Geomar I	Geosource	SEGP1	undocumented	NAD27	-88.22531	29.44299	29.26997	-88.87987	processed	matthew.wilson@boem.gov	Matthew Wilson	Bureau of Ocean Energy Management	pointOfContact	Online	Seismic:Active:MCS	matthew.wilson@boem.gov	Matthew Wilson	Bureau of Ocean Energy Management	pointOfContact	2005-02-22	open	https://walrus.wr.usgs.gov/namss/survey/b-21-80-la/dataset/	These data were acquired by BOEM (formerly MMS and USGS).  Under the terms of procurement, these data are to be available to the public 25 years after the issuance of the exploration permit.	namss.B-21-80-LA.mcs.airgun.zip					dataset	Unspecified		Unspecified	4.2 MB	1980-02-01	creation	Data zip file	https://walrus.wr.usgs.gov/namss/data/1980/namss.B-21-80-LA.mcs.airgun.zip										Main Pass	Stack	Seismic:Reflection	These data were acquired commercially for geophysical and geological (G&G) exploration of oil and gas prospects on the U.S. Outer Continental Shelf (OCS).  The Dept. of Interior, which regulates G&G activities on the OCS, acquired these data in order to ensure that the Federal government received fair market value for leases issued for oil and gas production on the OCS, and to accomplish other regulatory functions.	hart@usgs.gov	Patrick Hart	U.S. Geological Survey	pointOfContact	DigitalSeg:DigitallyAcquired	MCS Data transferred from BOEM to USGS for posting on NAMSS. Limited information available.	1980-02-29	1980-02-01	2016-05-23	ptriezenberg@usgs.gov	Peter Triezenberg	U.S. Geological Survey	pointOfContact	2018-03-16	Seismic Metadata v.1
	digital											Hydrophone_Streamer											SeismicSource_Gun_Air						SEGP1	undocumented	NAD27	-87.55914	29.17737	26.09115	-93.41922	processed	matthew.wilson@boem.gov	Matthew Wilson	Bureau of Ocean Energy Management	pointOfContact	Online	Seismic:Active:MCS	matthew.wilson@boem.gov	Matthew Wilson	Bureau of Ocean Energy Management	pointOfContact	2008-01-25	open	https://walrus.wr.usgs.gov/namss/survey/b-21-83-la/dataset/	These data were acquired by BOEM (formerly MMS and USGS).  Under the terms of procurement, these data are to be available to the public 25 years after the issuance of the exploration permit.	namss.B-21-83-LA.mcs.airgun.zip					dataset	Unspecified		Unspecified	3.6 GB	1983-01-01	creation	Data zip file	https://walrus.wr.usgs.gov/namss/data/1983/namss.B-21-83-LA.mcs.airgun.zip										Gulf of Mexico	Stack	Seismic:Reflection	These data were acquired commercially for geophysical and geological (G&G) exploration of oil and gas prospects on the U.S. Outer Continental Shelf (OCS).  The Dept. of Interior, which regulates G&G activities on the OCS, acquired these data in order to ensure that the Federal government received fair market value for leases issued for oil and gas production on the OCS, and to accomplish other regulatory functions.	hart@usgs.gov	Patrick Hart	U.S. Geological Survey	pointOfContact	DigitalSeg:DigitallyAcquired	MCS Data transferred from BOEM to USGS for posting on NAMSS. Limited information available.	1983-01-31	1983-01-01	2016-05-23	ptriezenberg@usgs.gov	Peter Triezenberg	U.S. Geological Survey	pointOfContact	2018-03-16	Seismic Metadata v.1
DFS-V	digital	60.96000	3000.14640		12.19200	24.99360					120	Hydrophone_Streamer	7.00000	2000		Distance	49.98720					165.81120	SeismicSource_Gun_Air	2405.00000	Cubic Inches		Renee-Callais	GSI	SEGP1	undocumented	NAD27	-95.23524	28.79567	28.26186	-95.88296	processed	matthew.wilson@boem.gov	Matthew Wilson	Bureau of Ocean Energy Management	pointOfContact	Online	Seismic:Active:MCS	matthew.wilson@boem.gov	Matthew Wilson	Bureau of Ocean Energy Management	pointOfContact	2008-04-23	open	https://walrus.wr.usgs.gov/namss/survey/b-21-83-tx/dataset/	These data were acquired by BOEM (formerly MMS and USGS).  Under the terms of procurement, these data are to be available to the public 25 years after the issuance of the exploration permit.	namss.B-21-83-TX.mcs.airgun.zip					dataset	Unspecified		Unspecified	19.7 MB	1983-04-01	creation	Data zip file	https://walrus.wr.usgs.gov/namss/data/1983/namss.B-21-83-TX.mcs.airgun.zip										Texas	Stack	Seismic:Reflection	These data were acquired commercially for geophysical and geological (G&G) exploration of oil and gas prospects on the U.S. Outer Continental Shelf (OCS).  The Dept. of Interior, which regulates G&G activities on the OCS, acquired these data in order to ensure that the Federal government received fair market value for leases issued for oil and gas production on the OCS, and to accomplish other regulatory functions.	hart@usgs.gov	Patrick Hart	U.S. Geological Survey	pointOfContact	DigitalSeg:DigitallyAcquired	MCS Data transferred from BOEM to USGS for posting on NAMSS. Limited information available.	1983-04-30	1983-04-01	2016-05-23	ptriezenberg@usgs.gov	Peter Triezenberg	U.S. Geological Survey	pointOfContact	2018-03-16	Seismic Metadata v.1
DFS-IV	digital		3524.09760			74.98080			1			Hydrophone_Streamer				Distance	37.49040			4		277.97760	SeismicSource_Gun_Air						SEGP1	undocumented	WGS84	-72.48754	39.47816	37.27581	-74.97537	processed	matthew.wilson@boem.gov	Matthew Wilson	Bureau of Ocean Energy Management	pointOfContact	Online	Seismic:Active:MCS	matthew.wilson@boem.gov	Matthew Wilson	Bureau of Ocean Energy Management	pointOfContact	2000-01-25	open	https://walrus.wr.usgs.gov/namss/survey/b-22-75-at/dataset/	These data were acquired by BOEM (formerly MMS and USGS).  Under the terms of procurement, these data are to be available to the public 25 years after the issuance of the exploration permit.	namss.B-22-75-AT.mcs.airgun.zip					dataset	Unspecified		Unspecified	1.0 GB	1975-01-01	creation	Data zip file	https://walrus.wr.usgs.gov/namss/data/1975/namss.B-22-75-AT.mcs.airgun.zip										Baltimore Canyon	Stack	Seismic:Reflection	These data were acquired commercially for geophysical and geological (G&G) exploration of oil and gas prospects on the U.S. Outer Continental Shelf (OCS).  The Dept. of Interior, which regulates G&G activities on the OCS, acquired these data in order to ensure that the Federal government received fair market value for leases issued for oil and gas production on the OCS, and to accomplish other regulatory functions.	hart@usgs.gov	Patrick Hart	U.S. Geological Survey	pointOfContact	DigitalSeg:DigitallyAcquired	MCS Data transferred from BOEM to USGS for posting on NAMSS. Limited information available.	1975-01-31	1975-01-01	2016-05-23	ptriezenberg@usgs.gov	Peter Triezenberg	U.S. Geological Survey	pointOfContact	2018-03-16	Seismic Metadata v.1
DDS-888	digital		3151.63200			67.05600					48	Hydrophone_Streamer	6.00000	4000									Other						SEGP1	undocumented	NAD27	-91.01254	28.77294	28.65648	-91.15930	processed	matthew.wilson@boem.gov	Matthew Wilson	Bureau of Ocean Energy Management	pointOfContact	Online	Seismic:Active:MCS	matthew.wilson@boem.gov	Matthew Wilson	Bureau of Ocean Energy Management	pointOfContact	2000-12-24	open	https://walrus.wr.usgs.gov/namss/survey/b-22-75-la/dataset/	These data were acquired by BOEM (formerly MMS and USGS).  Under the terms of procurement, these data are to be available to the public 25 years after the issuance of the exploration permit.	namss.B-22-75-LA.mcs.aquapulse.zip					dataset	Unspecified		Unspecified	41.4 MB	1975-01-01	creation	Data zip file	https://walrus.wr.usgs.gov/namss/data/1975/namss.B-22-75-LA.mcs.aquapulse.zip										Louisiana	Stack	Seismic:Reflection	These data were acquired commercially for geophysical and geological (G&G) exploration of oil and gas prospects on the U.S. Outer Continental Shelf (OCS).  The Dept. of Interior, which regulates G&G activities on the OCS, acquired these data in order to ensure that the Federal government received fair market value for leases issued for oil and gas production on the OCS, and to accomplish other regulatory functions.	hart@usgs.gov	Patrick Hart	U.S. Geological Survey	pointOfContact	DigitalSeg:DigitallyAcquired	MCS Data transferred from BOEM to USGS for posting on NAMSS. Limited information available.	1975-12-31	1975-01-01	2016-05-23	ptriezenberg@usgs.gov	Peter Triezenberg	U.S. Geological Survey	pointOfContact	2018-03-16	Seismic Metadata v.1
	digital											Hydrophone_Streamer											SeismicSource_Gun_Air						SEGP1	no	NAD27	-88.24084	30.00254	27.68214	-93.62486	processed	matthew.wilson@boem.gov	Matthew Wilson	Bureau of Ocean Energy Management	pointOfContact	Online	Seismic:Active:MCS	matthew.wilson@boem.gov	Matthew Wilson	Bureau of Ocean Energy Management	pointOfContact	2005-01-24	open	https://walrus.wr.usgs.gov/namss/survey/b-22-80-la/dataset/	These data were acquired by BOEM (formerly MMS and USGS).  Under the terms of procurement, these data are to be available to the public 25 years after the issuance of the exploration permit.	namss.B-22-80-LA.mcs.airgun.zip					dataset	Unspecified		Unspecified	392.7 MB	1980-01-01	creation	Data zip file	https://walrus.wr.usgs.gov/namss/data/1980/namss.B-22-80-LA.mcs.airgun.zip										Gulf of Mexico	Stack	Seismic:Reflection	These data were acquired commercially for geophysical and geological (G&G) exploration of oil and gas prospects on the U.S. Outer Continental Shelf (OCS).  The Dept. of Interior, which regulates G&G activities on the OCS, acquired these data in order to ensure that the Federal government received fair market value for leases issued for oil and gas production on the OCS, and to accomplish other regulatory functions.	hart@usgs.gov	Patrick Hart	U.S. Geological Survey	pointOfContact	DigitalSeg:DigitallyAcquired	MCS Data transferred from BOEM to USGS for posting on NAMSS. Limited information available.	1980-01-31	1980-01-01	2016-05-23	ptriezenberg@usgs.gov	Peter Triezenberg	U.S. Geological Survey	pointOfContact	2019-08-09	Seismic Metadata v.1
	digital											Hydrophone_Streamer											SeismicSource_Gun_Air						N83	no	NAD83	-164.45901	56.29524	54.44233	-167.00596	processed	hart@usgs.gov	Patrick Hart	U.S. Geological Survey	pointOfContact	Online	Seismic:Active:MCS	hart@usgs.gov	Patrick Hart	U.S. Geological Survey	pointOfContact	2016-09-01	open	https://walrus.wr.usgs.gov/namss/survey/b-22-84-ak/dataset/	These data were acquired by BOEM (formerly MMS and USGS). Under the terms of procurement, these data are to be available to the public 25 years after the issuance of the exploration permit.	namss.B-22-84-AK.mcs.airgun.zip					dataset	Unspecified		Unspecified	871.6 MB	1984-06-25	creation	Dataset zip file	https://walrus.wr.usgs.gov/namss/data/1984/namss.B-22-84-AK.mcs.airgun.zip										Gulf of Alaska	Stack	Seismic:Reflection	These data were acquired commercially for geophysical and geological (G&G) exploration of oil and gas prospects on the U.S. Outer Continental Shelf (OCS). The Dept. of Interior, which regulates G&G activities on the OCS, acquired these data in order to ensure that the Federal government received fair market value for leases issued for oil and gas production on the OCS, and to accomplish other regulatory functions.	matthew.wilson@boem.gov	Matthew Wilson	Bureau of Ocean Energy Management	pointOfContact	DigitalSeg:DigitallyAcquired	MCS Data transferred from BOEM to USGS for posting on NAMSS. Limited information available.	1984-12-19	1984-06-25	2017-04-18	ptriezenberg@usgs.gov	Peter Triezenberg	U.S. Geological Survey	pointOfContact	2018-03-16	Seismic Metadata v.1
DFS-V	digital					24.99360					120	Hydrophone_Streamer	8.00000	2000		Distance	24.99360					299.92320	SeismicSource_Gun_Air						SEGP1	undocumented	NAD27	-94.95975	28.55026	28.12346	-95.49228	processed	matthew.wilson@boem.gov	Matthew Wilson	Bureau of Ocean Energy Management	pointOfContact	Online	Seismic:Active:MCS	matthew.wilson@boem.gov	Matthew Wilson	Bureau of Ocean Energy Management	pointOfContact	2010-01-25	open	https://walrus.wr.usgs.gov/namss/survey/b-22-85-tx/dataset/	These data were acquired by BOEM (formerly MMS and USGS).  Under the terms of procurement, these data are to be available to the public 25 years after the issuance of the exploration permit.	namss.B-22-85-TX.mcs.airgun.zip					dataset	Unspecified		Unspecified	31.8 MB	1985-01-01	creation	Data zip file	https://walrus.wr.usgs.gov/namss/data/1985/namss.B-22-85-TX.mcs.airgun.zip										Texas	Stack	Seismic:Reflection	These data were acquired commercially for geophysical and geological (G&G) exploration of oil and gas prospects on the U.S. Outer Continental Shelf (OCS).  The Dept. of Interior, which regulates G&G activities on the OCS, acquired these data in order to ensure that the Federal government received fair market value for leases issued for oil and gas production on the OCS, and to accomplish other regulatory functions.	hart@usgs.gov	Patrick Hart	U.S. Geological Survey	pointOfContact	DigitalSeg:DigitallyAcquired	MCS Data transferred from BOEM to USGS for posting on NAMSS. Limited information available.	1985-01-31	1985-01-01	2016-05-23	ptriezenberg@usgs.gov	Peter Triezenberg	U.S. Geological Survey	pointOfContact	2018-03-16	Seismic Metadata v.1
DDS-888	digital		3151.63200			67.05600					96	Hydrophone_Streamer	6.00000	2000		Distance	33.52800		9.14400				Other						SEGP1	undocumented	NAD27	-88.91108	29.38167	29.29344	-89.00521	processed	matthew.wilson@boem.gov	Matthew Wilson	Bureau of Ocean Energy Management	pointOfContact	Online	Seismic:Active:MCS	matthew.wilson@boem.gov	Matthew Wilson	Bureau of Ocean Energy Management	pointOfContact	2000-12-24	open	https://walrus.wr.usgs.gov/namss/survey/b-23-75-la/dataset/	These data were acquired by BOEM (formerly MMS and USGS).  Under the terms of procurement, these data are to be available to the public 25 years after the issuance of the exploration permit.	namss.B-23-75-LA.mcs.aquapulse.zip					dataset	Unspecified		Unspecified	514.0 MB	1975-01-01	creation	Data zip file	https://walrus.wr.usgs.gov/namss/data/1975/namss.B-23-75-LA.mcs.aquapulse.zip										Main pass	Stack	Seismic:Reflection	These data were acquired commercially for geophysical and geological (G&G) exploration of oil and gas prospects on the U.S. Outer Continental Shelf (OCS).  The Dept. of Interior, which regulates G&G activities on the OCS, acquired these data in order to ensure that the Federal government received fair market value for leases issued for oil and gas production on the OCS, and to accomplish other regulatory functions.	hart@usgs.gov	Patrick Hart	U.S. Geological Survey	pointOfContact	DigitalSeg:DigitallyAcquired	MCS Data transferred from BOEM to USGS for posting on NAMSS. Limited information available.	1975-12-31	1975-01-01	2016-05-23	ptriezenberg@usgs.gov	Peter Triezenberg	U.S. Geological Survey	pointOfContact	2018-03-16	Seismic Metadata v.1
	digital											Hydrophone_Streamer											SeismicSource_Gun_Air						N83	undocumented	NAD83	-144.00913	71.91305	69.98958	-156.60516	processed	hart@usgs.gov	Patrick Hart	U.S. Geological Survey	pointOfContact	Online	Seismic:Active:MCS	hart@usgs.gov	Patrick Hart	U.S. Geological Survey	pointOfContact	2006-09-28	open	https://walrus.wr.usgs.gov/namss/survey/b-23-81-ar/dataset/	These data were acquired by BOEM (formerly MMS and USGS).  Under the terms of procurement, these data are to be available to the public 25 years after the issuance of the exploration permit.	namss.B-23-81-AR.mcs.airgun.zip					dataset	Unspecified		Unspecified	2.7 GB	1981-08-10	creation	Dataset zip file	https://walrus.wr.usgs.gov/namss/data/1981/namss.B-23-81-AR.mcs.airgun.zip										Beaufort Sea	Migration, Stack	Seismic:Reflection, Seismic:Velocity	These data were acquired commercially for geophysical and geological (G&G) exploration of oil and gas prospects on the U.S. Outer Continental Shelf (OCS).  The Dept. of Interior, which regulates G&G activities on the OCS, acquired these data in order to ensure that the Federal government received fair market value for leases issued for oil and gas production on the OCS, and to accomplish other regulatory functions.	hart@usgs.gov	Patrick Hart	U.S. Geological Survey	pointOfContact	DigitalSeg:DigitallyAcquired	MCS Data transferred from BOEM to USGS for posting on NAMSS. Limited information available.	1981-09-28	1981-08-10	2016-05-23	ptriezenberg@usgs.gov	Peter Triezenberg	U.S. Geological Survey	pointOfContact	2018-03-16	Seismic Metadata v.1
DFS-V	digital	68.58000	2999.23200		7.62000	24.99360					120	Hydrophone_Streamer	8.00000	2000		Distance	24.99360		6.09600			188.06160	SeismicSource_Gun_Air	4075.00000	Cubic Inches		Arctic Seal	GSI	SEGP1	undocumented	NAD27	-93.81369	29.52984	28.75220	-95.27949	processed	matthew.wilson@boem.gov	Matthew Wilson	Bureau of Ocean Energy Management	pointOfContact	Online	Seismic:Active:MCS	matthew.wilson@boem.gov	Matthew Wilson	Bureau of Ocean Energy Management	pointOfContact	2008-04-23	open	https://walrus.wr.usgs.gov/namss/survey/b-23-83-tx/dataset/	These data were acquired by BOEM (formerly MMS and USGS).  Under the terms of procurement, these data are to be available to the public 25 years after the issuance of the exploration permit.	namss.B-23-83-TX.mcs.airgun.zip					dataset	Unspecified		Unspecified	13.3 MB	1983-04-01	creation	Data zip file	https://walrus.wr.usgs.gov/namss/data/1983/namss.B-23-83-TX.mcs.airgun.zip										Texas	Stack	Seismic:Reflection	These data were acquired commercially for geophysical and geological (G&G) exploration of oil and gas prospects on the U.S. Outer Continental Shelf (OCS).  The Dept. of Interior, which regulates G&G activities on the OCS, acquired these data in order to ensure that the Federal government received fair market value for leases issued for oil and gas production on the OCS, and to accomplish other regulatory functions.	hart@usgs.gov	Patrick Hart	U.S. Geological Survey	pointOfContact	DigitalSeg:DigitallyAcquired	MCS Data transferred from BOEM to USGS for posting on NAMSS. Limited information available.	1983-04-30	1983-04-01	2016-05-23	ptriezenberg@usgs.gov	Peter Triezenberg	U.S. Geological Survey	pointOfContact	2018-03-16	Seismic Metadata v.1
DDS-777	digital		3151.63200		15.24000	67.05600					48	Hydrophone_Streamer	6.00000	2000		Distance	33.52800		7.62000			274.32000	Other						SEGP1	undocumented	NAD27	-89.28285	28.89257	28.78638	-89.41902	processed	matthew.wilson@boem.gov	Matthew Wilson	Bureau of Ocean Energy Management	pointOfContact	Online	Seismic:Active:MCS	matthew.wilson@boem.gov	Matthew Wilson	Bureau of Ocean Energy Management	pointOfContact	2000-12-24	open	https://walrus.wr.usgs.gov/namss/survey/b-24-75-la/dataset/	These data were acquired by BOEM (formerly MMS and USGS).  Under the terms of procurement, these data are to be available to the public 25 years after the issuance of the exploration permit.	namss.B-24-75-LA.mcs.aquapulse.zip					dataset	Unspecified		Unspecified	497.0 MB	1975-01-01	creation	Data zip file	https://walrus.wr.usgs.gov/namss/data/1975/namss.B-24-75-LA.mcs.aquapulse.zip										South Pass	Stack	Seismic:Reflection	These data were acquired commercially for geophysical and geological (G&G) exploration of oil and gas prospects on the U.S. Outer Continental Shelf (OCS).  The Dept. of Interior, which regulates G&G activities on the OCS, acquired these data in order to ensure that the Federal government received fair market value for leases issued for oil and gas production on the OCS, and to accomplish other regulatory functions.	hart@usgs.gov	Patrick Hart	U.S. Geological Survey	pointOfContact	DigitalSeg:DigitallyAcquired	MCS Data transferred from BOEM to USGS for posting on NAMSS. Limited information available.	1975-12-31	1975-01-01	2016-05-23	ptriezenberg@usgs.gov	Peter Triezenberg	U.S. Geological Survey	pointOfContact	2018-03-16	Seismic Metadata v.1
DFS-III	digital	64.31280	1194.81600			34.13760			1		36	Hydrophone_Streamer							3.81000			72.84720	SeismicSource_Sparker				Atlantic Seal	Digicon	SEGP1	undocumented	WGS84	-78.54127	32.98458	30.25098	-81.18733	processed	matthew.wilson@boem.gov	Matthew Wilson	Bureau of Ocean Energy Management	pointOfContact	Online	Seismic:Active:MCS	matthew.wilson@boem.gov	Matthew Wilson	Bureau of Ocean Energy Management	pointOfContact	2001-02-22	open	https://walrus.wr.usgs.gov/namss/survey/b-24-76-at/dataset/	These data were acquired by BOEM (formerly MMS and USGS).  Under the terms of procurement, these data are to be available to the public 25 years after the issuance of the exploration permit.	namss.B-24-76-AT.mcs.sparker.zip					dataset	Unspecified		Unspecified	442.6 MB	1976-02-01	creation	Data zip file	https://walrus.wr.usgs.gov/namss/data/1976/namss.B-24-76-AT.mcs.sparker.zip										Georgia Embayment	Stack	Seismic:Reflection	These data were acquired commercially for geophysical and geological (G&G) exploration of oil and gas prospects on the U.S. Outer Continental Shelf (OCS).  The Dept. of Interior, which regulates G&G activities on the OCS, acquired these data in order to ensure that the Federal government received fair market value for leases issued for oil and gas production on the OCS, and to accomplish other regulatory functions.	hart@usgs.gov	Patrick Hart	U.S. Geological Survey	pointOfContact	DigitalSeg:DigitallyAcquired	MCS Data transferred from BOEM to USGS for posting on NAMSS. Limited information available.	1976-02-29	1976-02-01	2016-05-23	ptriezenberg@usgs.gov	Peter Triezenberg	U.S. Geological Survey	pointOfContact	2018-03-16	Seismic Metadata v.1
	digital											Hydrophone_Streamer											SeismicSource_Gun_Air						SEGP1	undocumented	NAD27	-91.28083	29.10793	28.66185	-92.43228	processed	matthew.wilson@boem.gov	Matthew Wilson	Bureau of Ocean Energy Management	pointOfContact	Online	Seismic:Active:MCS	matthew.wilson@boem.gov	Matthew Wilson	Bureau of Ocean Energy Management	pointOfContact	2006-01-25	open	https://walrus.wr.usgs.gov/namss/survey/b-24-81-la/dataset/	These data were acquired by BOEM (formerly MMS and USGS).  Under the terms of procurement, these data are to be available to the public 25 years after the issuance of the exploration permit.	namss.B-24-81-LA.mcs.airgun.zip					dataset	Unspecified		Unspecified	3.1 GB	1981-01-01	creation	Data zip file	https://walrus.wr.usgs.gov/namss/data/1981/namss.B-24-81-LA.mcs.airgun.zip										Gulf of Mexico	Stack	Seismic:Reflection	These data were acquired commercially for geophysical and geological (G&G) exploration of oil and gas prospects on the U.S. Outer Continental Shelf (OCS).  The Dept. of Interior, which regulates G&G activities on the OCS, acquired these data in order to ensure that the Federal government received fair market value for leases issued for oil and gas production on the OCS, and to accomplish other regulatory functions.	hart@usgs.gov	Patrick Hart	U.S. Geological Survey	pointOfContact	DigitalSeg:DigitallyAcquired	MCS Data transferred from BOEM to USGS for posting on NAMSS. Limited information available.	1981-01-31	1981-01-01	2016-05-23	ptriezenberg@usgs.gov	Peter Triezenberg	U.S. Geological Survey	pointOfContact	2018-03-16	Seismic Metadata v.1
	digital											Hydrophone_Streamer											SeismicSource_Gun_Air						SEGP1	undocumented	NAD27	-95.01279	28.65770	26.98127	-97.15208	processed	matthew.wilson@boem.gov	Matthew Wilson	Bureau of Ocean Energy Management	pointOfContact	Online	Seismic:Active:MCS	matthew.wilson@boem.gov	Matthew Wilson	Bureau of Ocean Energy Management	pointOfContact	2009-01-24	open	https://walrus.wr.usgs.gov/namss/survey/b-24-84-tx/dataset/	These data were acquired by BOEM (formerly MMS and USGS).  Under the terms of procurement, these data are to be available to the public 25 years after the issuance of the exploration permit.	namss.B-24-84-TX.mcs.airgun.zip					dataset	Unspecified		Unspecified	45.7 MB	1984-01-01	creation	Data zip file	https://walrus.wr.usgs.gov/namss/data/1984/namss.B-24-84-TX.mcs.airgun.zip										Gulf of Mexico	Stack	Seismic:Reflection	These data were acquired commercially for geophysical and geological (G&G) exploration of oil and gas prospects on the U.S. Outer Continental Shelf (OCS).  The Dept. of Interior, which regulates G&G activities on the OCS, acquired these data in order to ensure that the Federal government received fair market value for leases issued for oil and gas production on the OCS, and to accomplish other regulatory functions.	hart@usgs.gov	Patrick Hart	U.S. Geological Survey	pointOfContact	DigitalSeg:DigitallyAcquired	MCS Data transferred from BOEM to USGS for posting on NAMSS. Limited information available.	1984-01-31	1984-01-01	2016-05-23	ptriezenberg@usgs.gov	Peter Triezenberg	U.S. Geological Survey	pointOfContact	2018-03-16	Seismic Metadata v.1
	digital											Hydrophone_Streamer											SeismicSource_Gun_Air						SEGP1	undocumented	NAD27	-87.42388	30.19503	29.27948	-88.74772	processed	matthew.wilson@boem.gov	Matthew Wilson	Bureau of Ocean Energy Management	pointOfContact	Online	Seismic:Active:MCS	matthew.wilson@boem.gov	Matthew Wilson	Bureau of Ocean Energy Management	pointOfContact	2010-01-25	open	https://walrus.wr.usgs.gov/namss/survey/b-24-85-mi/dataset/	These data were acquired by BOEM (formerly MMS and USGS).  Under the terms of procurement, these data are to be available to the public 25 years after the issuance of the exploration permit.	namss.B-24-85-MI.mcs.airgun.zip					dataset	Unspecified		Unspecified	476.8 MB	1985-01-01	creation	Data zip file	https://walrus.wr.usgs.gov/namss/data/1985/namss.B-24-85-MI.mcs.airgun.zip										Gulf of Mexico	Stack	Seismic:Reflection	These data were acquired commercially for geophysical and geological (G&G) exploration of oil and gas prospects on the U.S. Outer Continental Shelf (OCS).  The Dept. of Interior, which regulates G&G activities on the OCS, acquired these data in order to ensure that the Federal government received fair market value for leases issued for oil and gas production on the OCS, and to accomplish other regulatory functions.	hart@usgs.gov	Patrick Hart	U.S. Geological Survey	pointOfContact	DigitalSeg:DigitallyAcquired	MCS Data transferred from BOEM to USGS for posting on NAMSS. Limited information available.	1985-01-31	1985-01-01	2016-05-23	ptriezenberg@usgs.gov	Peter Triezenberg	U.S. Geological Survey	pointOfContact	2018-03-16	Seismic Metadata v.1
DFS-III	digital		3520.44000		16.76400	99.97440			1		36	Hydrophone_Streamer	7.00000	4000		Distance	49.98720		9.14400	23		345.64320	SeismicSource_Gun_Air	1700.00000	Cubic Inches		Gulf Seal	Unspecified	SEGP1	undocumented	NAD83	-66.00376	41.66749	40.15259	-70.19787	processed	matthew.wilson@boem.gov	Matthew Wilson	Bureau of Ocean Energy Management	pointOfContact	Online	Seismic:Active:MCS	matthew.wilson@boem.gov	Matthew Wilson	Bureau of Ocean Energy Management	pointOfContact	2001-11-24	open	https://walrus.wr.usgs.gov/namss/survey/b-25-76-at/dataset/	These data were acquired by BOEM (formerly MMS and USGS).  Under the terms of procurement, these data are to be available to the public 25 years after the issuance of the exploration permit.	namss.B-25-76-AT.mcs.airgun.zip					dataset	Unspecified		Unspecified	234.7 MB	1976-11-01	creation	Data zip file	https://walrus.wr.usgs.gov/namss/data/1976/namss.B-25-76-AT.mcs.airgun.zip										Georges Bank	Stack	Seismic:Reflection	These data were acquired commercially for geophysical and geological (G&G) exploration of oil and gas prospects on the U.S. Outer Continental Shelf (OCS).  The Dept. of Interior, which regulates G&G activities on the OCS, acquired these data in order to ensure that the Federal government received fair market value for leases issued for oil and gas production on the OCS, and to accomplish other regulatory functions.	hart@usgs.gov	Patrick Hart	U.S. Geological Survey	pointOfContact	DigitalSeg:DigitallyAcquired	MCS Data transferred from BOEM to USGS for posting on NAMSS. Limited information available.	1976-11-30	1976-11-01	2016-05-23	ptriezenberg@usgs.gov	Peter Triezenberg	U.S. Geological Survey	pointOfContact	2018-03-16	Seismic Metadata v.1
	digital											Hydrophone_Streamer											SeismicSource_Gun_Air				Western Geo	Unspecified	N83	undocumented	NAD83	-142.97690	71.68084	70.06849	-153.35545	processed	hart@usgs.gov	Patrick Hart	U.S. Geological Survey	pointOfContact	Online	Seismic:Active:MCS	Unspecified	Unspecified	Unspecified	resourceProvider		open	https://walrus.wr.usgs.gov/namss/survey/b-25-77-ak/dataset/	These data were acquired by BOEM (formerly MMS and USGS).  Under the terms of procurement, these data are to be available to the public 25 years after the issuance of the exploration permit.	namss.B-25-77-AK.mcs.airgun.zip					dataset	Unspecified		Unspecified	49.8 GB	1977-07-25	creation	Data zip file	https://walrus.wr.usgs.gov/namss/data/1977/namss.B-25-77-AK.mcs.airgun.zip										Beaufort Sea	Migration, Stack	Seismic:Reflection, Seismic:Velocity	These data were acquired commercially for geophysical and geological (G&G) exploration of oil and gas prospects on the U.S. Outer Continental Shelf (OCS).  The Dept. of Interior, which regulates G&G activities on the OCS, acquired these data in order to ensure that the Federal government received fair market value for leases issued for oil and gas production on the OCS, and to accomplish other regulatory functions.	hart@usgs.gov	Patrick Hart	U.S. Geological Survey	pointOfContact	DigitalSeg:DigitallyAcquired	MCS Data transferred from BOEM to USGS for posting on NAMSS. Limited information available.	1977-10-10	1977-07-25	2016-08-29	ptriezenberg@usgs.gov	Peter Triezenberg	U.S. Geological Survey	pointOfContact	2018-03-16	Seismic Metadata v.1
DFS-IV	digital											Hydrophone_Streamer	6.00000	2000						4		304.80000	SeismicSource_Gun_Air						SEGP1	undocumented	NAD27	-91.47318	28.77918	27.90008	-93.50729	processed	matthew.wilson@boem.gov	Matthew Wilson	Bureau of Ocean Energy Management	pointOfContact	Online	Seismic:Active:MCS	matthew.wilson@boem.gov	Matthew Wilson	Bureau of Ocean Energy Management	pointOfContact	2003-01-25	open	https://walrus.wr.usgs.gov/namss/survey/b-25-78-la/dataset/	These data were acquired by BOEM (formerly MMS and USGS).  Under the terms of procurement, these data are to be available to the public 25 years after the issuance of the exploration permit.	namss.B-25-78-LA.mcs.airgun.zip					dataset	Unspecified		Unspecified	95.3 MB	1978-01-01	creation	Data zip file	https://walrus.wr.usgs.gov/namss/data/1978/namss.B-25-78-LA.mcs.airgun.zip										West Cameron	Stack	Seismic:Reflection	These data were acquired commercially for geophysical and geological (G&G) exploration of oil and gas prospects on the U.S. Outer Continental Shelf (OCS).  The Dept. of Interior, which regulates G&G activities on the OCS, acquired these data in order to ensure that the Federal government received fair market value for leases issued for oil and gas production on the OCS, and to accomplish other regulatory functions.	hart@usgs.gov	Patrick Hart	U.S. Geological Survey	pointOfContact	DigitalSeg:DigitallyAcquired	MCS Data transferred from BOEM to USGS for posting on NAMSS. Limited information available.	1978-01-31	1978-01-01	2016-05-23	ptriezenberg@usgs.gov	Peter Triezenberg	U.S. Geological Survey	pointOfContact	2018-03-16	Seismic Metadata v.1
DFS-IV	digital		3167.17680		12.19200	67.36080					48	Hydrophone_Streamer	6.00000	2000	LORAC	Distance	33.68040		9.14400	7		220.06560	SeismicSource_Gun_Air	1684.00000	Cubic Inches		Deep Sea Explorer	Geosource	SEGP1	undocumented	NAD27	-96.34464	28.09626	27.78806	-96.62055	processed	matthew.wilson@boem.gov	Matthew Wilson	Bureau of Ocean Energy Management	pointOfContact	Online	Seismic:Active:MCS	matthew.wilson@boem.gov	Matthew Wilson	Bureau of Ocean Energy Management	pointOfContact	2005-03-25	open	https://walrus.wr.usgs.gov/namss/survey/b-25-80-tx/dataset/	These data were acquired by BOEM (formerly MMS and USGS).  Under the terms of procurement, these data are to be available to the public 25 years after the issuance of the exploration permit.	namss.B-25-80-TX.mcs.airgun.zip					dataset	Unspecified		Unspecified	44.1 MB	1980-03-01	creation	Data zip file	https://walrus.wr.usgs.gov/namss/data/1980/namss.B-25-80-TX.mcs.airgun.zip										Texas	Stack	Seismic:Reflection	These data were acquired commercially for geophysical and geological (G&G) exploration of oil and gas prospects on the U.S. Outer Continental Shelf (OCS).  The Dept. of Interior, which regulates G&G activities on the OCS, acquired these data in order to ensure that the Federal government received fair market value for leases issued for oil and gas production on the OCS, and to accomplish other regulatory functions.	hart@usgs.gov	Patrick Hart	U.S. Geological Survey	pointOfContact	DigitalSeg:DigitallyAcquired	MCS Data transferred from BOEM to USGS for posting on NAMSS. Limited information available.	1980-03-31	1980-03-01	2016-05-23	ptriezenberg@usgs.gov	Peter Triezenberg	U.S. Geological Survey	pointOfContact	2018-03-16	Seismic Metadata v.1
FCS II GUS	digital		2925.16560		10.66800	15.00000					121	Hydrophone_Streamer	8.00000	4000	Long Range Navigation	Distance	22.49424		7.62000	10		290.77920	Other				Kirsten Bravo	Exxon	SEGP1	undocumented	NAD27	-85.31007	29.16135	27.46246	-86.81774	processed	matthew.wilson@boem.gov	Matthew Wilson	Bureau of Ocean Energy Management	pointOfContact	Online	Seismic:Active:MCS	matthew.wilson@boem.gov	Matthew Wilson	Bureau of Ocean Energy Management	pointOfContact	2006-09-24	open	https://walrus.wr.usgs.gov/namss/survey/b-25-81-mi/dataset/	These data were acquired by BOEM (formerly MMS and USGS).  Under the terms of procurement, these data are to be available to the public 25 years after the issuance of the exploration permit.	namss.B-25-81-MI.mcs.eprgg.zip					dataset	Unspecified		Unspecified	359.8 MB	1981-09-01	creation	Data zip file	https://walrus.wr.usgs.gov/namss/data/1981/namss.B-25-81-MI.mcs.eprgg.zip										Gulf of Mexico	Stack	Seismic:Reflection	These data were acquired commercially for geophysical and geological (G&G) exploration of oil and gas prospects on the U.S. Outer Continental Shelf (OCS).  The Dept. of Interior, which regulates G&G activities on the OCS, acquired these data in order to ensure that the Federal government received fair market value for leases issued for oil and gas production on the OCS, and to accomplish other regulatory functions.	hart@usgs.gov	Patrick Hart	U.S. Geological Survey	pointOfContact	DigitalSeg:DigitallyAcquired	MCS Data transferred from BOEM to USGS for posting on NAMSS. Limited information available.	1981-09-30	1981-09-01	2016-05-23	ptriezenberg@usgs.gov	Peter Triezenberg	U.S. Geological Survey	pointOfContact	2018-03-16	Seismic Metadata v.1
LAS-888	digital				9.14400	67.05600					48	Hydrophone_Streamer	6.00000	2000		Distance	67.05600		14.32560	6		274.32000	Other						SEGP1	undocumented	NAD27	-94.46158	27.83396	27.58386	-94.80124	processed	matthew.wilson@boem.gov	Matthew Wilson	Bureau of Ocean Energy Management	pointOfContact	Online	Seismic:Active:MCS	matthew.wilson@boem.gov	Matthew Wilson	Bureau of Ocean Energy Management	pointOfContact	2006-10-25	open	https://walrus.wr.usgs.gov/namss/survey/b-25-81-tx/dataset/	These data were acquired by BOEM (formerly MMS and USGS).  Under the terms of procurement, these data are to be available to the public 25 years after the issuance of the exploration permit.	namss.B-25-81-TX.mcs.aquapulse.zip					dataset	Unspecified		Unspecified	12.6 MB	1981-10-01	creation	Data zip file	https://walrus.wr.usgs.gov/namss/data/1981/namss.B-25-81-TX.mcs.aquapulse.zip										Texas	Stack	Seismic:Reflection	These data were acquired commercially for geophysical and geological (G&G) exploration of oil and gas prospects on the U.S. Outer Continental Shelf (OCS).  The Dept. of Interior, which regulates G&G activities on the OCS, acquired these data in order to ensure that the Federal government received fair market value for leases issued for oil and gas production on the OCS, and to accomplish other regulatory functions.	hart@usgs.gov	Patrick Hart	U.S. Geological Survey	pointOfContact	DigitalSeg:DigitallyAcquired	MCS Data transferred from BOEM to USGS for posting on NAMSS. Limited information available.	1981-10-31	1981-10-01	2016-05-23	ptriezenberg@usgs.gov	Peter Triezenberg	U.S. Geological Survey	pointOfContact	2018-03-16	Seismic Metadata v.1
	digital											Hydrophone_Streamer											SeismicSource_Gun_Air						N83	no	NAD83	-164.21860	56.96815	54.19183	-171.74737	processed	hart@usgs.gov	Patrick Hart	U.S. Geological Survey	pointOfContact	Online	Seismic:Active:MCS	hart@usgs.gov	Patrick Hart	U.S. Geological Survey	pointOfContact	2016-09-01	open	https://walrus.wr.usgs.gov/namss/survey/b-25-83-ak/dataset/	These data were acquired by BOEM (formerly MMS and USGS). Under the terms of procurement, these data are to be available to the public 25 years after the issuance of the exploration permit.	namss.B-25-83-AK.mcs.airgun.zip					dataset	Unspecified		Unspecified	2.3 GB	1983-05-06	creation	Dataset zip file	https://walrus.wr.usgs.gov/namss/data/1983/namss.B-25-83-AK.mcs.airgun.zip										Gulf of Alaska	Stack	Seismic:Reflection	These data were acquired commercially for geophysical and geological (G&G) exploration of oil and gas prospects on the U.S. Outer Continental Shelf (OCS). The Dept. of Interior, which regulates G&G activities on the OCS, acquired these data in order to ensure that the Federal government received fair market value for leases issued for oil and gas production on the OCS, and to accomplish other regulatory functions.	matthew.wilson@boem.gov	Matthew Wilson	Bureau of Ocean Energy Management	pointOfContact	DigitalSeg:DigitallyAcquired	MCS Data transferred from BOEM to USGS for posting on NAMSS. Limited information available.	1983-10-30	1983-05-06	2017-04-18	ptriezenberg@usgs.gov	Peter Triezenberg	U.S. Geological Survey	pointOfContact	2018-03-16	Seismic Metadata v.1
	digital											Hydrophone_Streamer											SeismicSource_Gun_Air						SEGP1	no	NAD27	-89.89372	28.74624	27.84015	-93.34868	processed	hart@usgs.gov	Patrick Hart	U.S. Geological Survey	pointOfContact	Online	Seismic:Active:MCS	hart@usgs.gov	Patrick Hart	U.S. Geological Survey	pointOfContact	2017-03-17	open	https://walrus.wr.usgs.gov/namss/survey/b-25-92-la/dataset/	These data were acquired by BOEM (formerly MMS and USGS). Under the terms of procurement, these data are to be available to the public 25 years after the issuance of the exploration permit.	namss.B-25-92-LA.mcs.airgun.zip					dataset	Unspecified		Unspecified	3.6 GB	1992-01-01	creation	Dataset zip file	https://walrus.wr.usgs.gov/namss/data/1992/namss.B-25-92-LA.mcs.airgun.zip										Gulf of Mexico	Stack	Seismic:Reflection	These data were acquired commercially for geophysical and geological (G&G) exploration of oil and gas prospects on the U.S. Outer Continental Shelf (OCS). The Dept. of Interior, which regulates G&G activities on the OCS, acquired these data in order to ensure that the Federal government received fair market value for leases issued for oil and gas production on the OCS, and to accomplish other regulatory functions.	matthew.wilson@boem.gov	Matthew Wilson	Bureau of Ocean Energy Management	pointOfContact	DigitalSeg:DigitallyAcquired	MCS Data transferred from BOEM to USGS for posting on NAMSS. Limited information available.	1992-01-01	1992-01-01	2017-04-11	ptriezenberg@usgs.gov	Peter Triezenberg	U.S. Geological Survey	pointOfContact	2018-03-16	Seismic Metadata v.1
	digital											Hydrophone_Streamer											SeismicSource_Gun_Air						SEGP1	no	NAD27	-89.90614	28.73457	27.82737	-93.08224	processed	hart@usgs.gov	Patrick Hart	U.S. Geological Survey	pointOfContact	Online	Seismic:Active:MCS	hart@usgs.gov	Patrick Hart	U.S. Geological Survey	pointOfContact	2017-03-17	open	https://walrus.wr.usgs.gov/namss/survey/b-25a-92-la/dataset/	These data were acquired by BOEM (formerly MMS and USGS). Under the terms of procurement, these data are to be available to the public 25 years after the issuance of the exploration permit.	namss.B-25a-92-LA.mcs.airgun.zip					dataset	Unspecified		Unspecified	3.4 GB	1992-01-01	creation	Dataset zip file	https://walrus.wr.usgs.gov/namss/data/1992/namss.B-25a-92-LA.mcs.airgun.zip										Gulf of Mexico	Stack	Seismic:Reflection	These data were acquired commercially for geophysical and geological (G&G) exploration of oil and gas prospects on the U.S. Outer Continental Shelf (OCS). The Dept. of Interior, which regulates G&G activities on the OCS, acquired these data in order to ensure that the Federal government received fair market value for leases issued for oil and gas production on the OCS, and to accomplish other regulatory functions.	matthew.wilson@boem.gov	Matthew Wilson	Bureau of Ocean Energy Management	pointOfContact	DigitalSeg:DigitallyAcquired	MCS Data transferred from BOEM to USGS for posting on NAMSS. Limited information available.	1992-01-01	1992-01-01	2017-04-11	ptriezenberg@usgs.gov	Peter Triezenberg	U.S. Geological Survey	pointOfContact	2018-03-16	Seismic Metadata v.1
	digital											Hydrophone_Streamer											SeismicSource_Gun_Air						SEGP1	no	NAD27	-87.83610	29.32502	27.75445	-90.11937	processed	hart@usgs.gov	Patrick Hart	U.S. Geological Survey	pointOfContact	Online	Seismic:Active:MCS	hart@usgs.gov	Patrick Hart	U.S. Geological Survey	pointOfContact	2017-03-17	open	https://walrus.wr.usgs.gov/namss/survey/b-25b-92-la/dataset/	These data were acquired by BOEM (formerly MMS and USGS). Under the terms of procurement, these data are to be available to the public 25 years after the issuance of the exploration permit.	namss.B-25b-92-LA.mcs.airgun.zip					dataset	Unspecified		Unspecified	1.9 GB	1992-01-01	creation	Dataset zip file	https://walrus.wr.usgs.gov/namss/data/1992/namss.B-25b-92-LA.mcs.airgun.zip										Gulf of Mexico	Stack	Seismic:Reflection	These data were acquired commercially for geophysical and geological (G&G) exploration of oil and gas prospects on the U.S. Outer Continental Shelf (OCS). The Dept. of Interior, which regulates G&G activities on the OCS, acquired these data in order to ensure that the Federal government received fair market value for leases issued for oil and gas production on the OCS, and to accomplish other regulatory functions.	matthew.wilson@boem.gov	Matthew Wilson	Bureau of Ocean Energy Management	pointOfContact	DigitalSeg:DigitallyAcquired	MCS Data transferred from BOEM to USGS for posting on NAMSS. Limited information available.	1992-01-01	1992-01-01	2017-04-11	ptriezenberg@usgs.gov	Peter Triezenberg	U.S. Geological Survey	pointOfContact	2018-03-16	Seismic Metadata v.1
	digital											Hydrophone_Streamer											SeismicSource_Gun_Air						SEGP1	no	NAD27	-87.83610	29.32502	27.75445	-90.11937	processed	hart@usgs.gov	Patrick Hart	U.S. Geological Survey	pointOfContact	Online	Seismic:Active:MCS	hart@usgs.gov	Patrick Hart	U.S. Geological Survey	pointOfContact	2017-03-17	open	https://walrus.wr.usgs.gov/namss/survey/b-25c-92-la/dataset/	These data were acquired by BOEM (formerly MMS and USGS). Under the terms of procurement, these data are to be available to the public 25 years after the issuance of the exploration permit.	namss.B-25c-92-LA.mcs.airgun.zip					dataset	Unspecified		Unspecified	2.4 GB	1992-01-01	creation	Dataset zip file	https://walrus.wr.usgs.gov/namss/data/1992/namss.B-25c-92-LA.mcs.airgun.zip										Gulf of Mexico	Stack	Seismic:Reflection	These data were acquired commercially for geophysical and geological (G&G) exploration of oil and gas prospects on the U.S. Outer Continental Shelf (OCS). The Dept. of Interior, which regulates G&G activities on the OCS, acquired these data in order to ensure that the Federal government received fair market value for leases issued for oil and gas production on the OCS, and to accomplish other regulatory functions.	matthew.wilson@boem.gov	Matthew Wilson	Bureau of Ocean Energy Management	pointOfContact	DigitalSeg:DigitallyAcquired	MCS Data transferred from BOEM to USGS for posting on NAMSS. Limited information available.	1992-01-01	1992-01-01	2017-04-11	ptriezenberg@usgs.gov	Peter Triezenberg	U.S. Geological Survey	pointOfContact	2018-03-16	Seismic Metadata v.1
	digital											Hydrophone_Streamer											SeismicSource_Gun_Air						SEGP1	no	NAD27	-87.96069	29.29950	27.43868	-93.19111	processed	hart@usgs.gov	Patrick Hart	U.S. Geological Survey	pointOfContact	Online	Seismic:Active:MCS	hart@usgs.gov	Patrick Hart	U.S. Geological Survey	pointOfContact	2017-03-17	open	https://walrus.wr.usgs.gov/namss/survey/b-25d-92-la/dataset/	These data were acquired by BOEM (formerly MMS and USGS). Under the terms of procurement, these data are to be available to the public 25 years after the issuance of the exploration permit.	namss.B-25d-92-LA.mcs.airgun.zip					dataset	Unspecified		Unspecified	7.3 MB	1992-01-01	creation	Dataset zip file	https://walrus.wr.usgs.gov/namss/data/1992/namss.B-25d-92-LA.mcs.airgun.zip										Gulf of Mexico	Stack	Seismic:Reflection	These data were acquired commercially for geophysical and geological (G&G) exploration of oil and gas prospects on the U.S. Outer Continental Shelf (OCS). The Dept. of Interior, which regulates G&G activities on the OCS, acquired these data in order to ensure that the Federal government received fair market value for leases issued for oil and gas production on the OCS, and to accomplish other regulatory functions.	matthew.wilson@boem.gov	Matthew Wilson	Bureau of Ocean Energy Management	pointOfContact	DigitalSeg:DigitallyAcquired	MCS Data transferred from BOEM to USGS for posting on NAMSS. Limited information available.	1992-01-01	1992-01-01	2017-04-12	ptriezenberg@usgs.gov	Peter Triezenberg	U.S. Geological Survey	pointOfContact	2018-03-16	Seismic Metadata v.1
	digital											Hydrophone_Streamer											SeismicSource_Gun_Air						SEGP1	no	NAD27	-87.96069	29.29950	27.43868	-93.19111	processed	hart@usgs.gov	Patrick Hart	U.S. Geological Survey	pointOfContact	Online	Seismic:Active:MCS	hart@usgs.gov	Patrick Hart	U.S. Geological Survey	pointOfContact	2017-03-17	open	https://walrus.wr.usgs.gov/namss/survey/b-25e-92-la/dataset/	These data were acquired by BOEM (formerly MMS and USGS). Under the terms of procurement, these data are to be available to the public 25 years after the issuance of the exploration permit.	namss.B-25e-92-LA.mcs.airgun.zip					dataset	Unspecified		Unspecified	32.3 MB	1992-01-01	creation	Dataset zip file	https://walrus.wr.usgs.gov/namss/data/1992/namss.B-25e-92-LA.mcs.airgun.zip										Gulf of Mexico	Stack	Seismic:Reflection	These data were acquired commercially for geophysical and geological (G&G) exploration of oil and gas prospects on the U.S. Outer Continental Shelf (OCS). The Dept. of Interior, which regulates G&G activities on the OCS, acquired these data in order to ensure that the Federal government received fair market value for leases issued for oil and gas production on the OCS, and to accomplish other regulatory functions.	matthew.wilson@boem.gov	Matthew Wilson	Bureau of Ocean Energy Management	pointOfContact	DigitalSeg:DigitallyAcquired	MCS Data transferred from BOEM to USGS for posting on NAMSS. Limited information available.	1992-01-01	1992-01-01	2017-04-12	ptriezenberg@usgs.gov	Peter Triezenberg	U.S. Geological Survey	pointOfContact	2018-03-16	Seismic Metadata v.1
	digital											Hydrophone_Streamer											SeismicSource_Gun_Air						N83	no	NAD83	-142.13939	60.09956	59.42842	-146.81468	processed	hart@usgs.gov	Patrick Hart	U.S. Geological Survey	pointOfContact	Online	Seismic:Active:MCS	Unspecified	Unspecified	Unspecified	resourceProvider		open	https://walrus.wr.usgs.gov/namss/survey/b-26-75-ak/dataset/	Unspecified	namss.B-26-75-AK.mcs.airgun.zip					dataset	Unspecified		Unspecified	1.5 GB	1975-01-01	creation	Dataset zip file	https://walrus.wr.usgs.gov/namss/data/1975/namss.B-26-75-AK.mcs.airgun.zip										Alaska		Seismic:Reflection		hart@usgs.gov	Patrick Hart	U.S. Geological Survey	pointOfContact	DigitalSeg:DigitallyAcquired		1975-01-01	1975-01-01	2016-06-06	ptriezenberg@usgs.gov	Peter Triezenberg	U.S. Geological Survey	pointOfContact	2018-03-16	Seismic Metadata v.1
DFS-IV	digital					49.98720						Hydrophone_Streamer	6.00000							7		293.82720	SeismicSource_Gun_Air						SEGP1	undocumented	NAD27	-92.60458	29.16480	29.06299	-92.75568	processed	matthew.wilson@boem.gov	Matthew Wilson	Bureau of Ocean Energy Management	pointOfContact	Online	Seismic:Active:MCS	matthew.wilson@boem.gov	Matthew Wilson	Bureau of Ocean Energy Management	pointOfContact	2002-01-25	open	https://walrus.wr.usgs.gov/namss/survey/b-26-77-la/dataset/	These data were acquired by BOEM (formerly MMS and USGS).  Under the terms of procurement, these data are to be available to the public 25 years after the issuance of the exploration permit.	namss.B-26-77-LA.mcs.airgun.zip					dataset	Unspecified		Unspecified	19.9 MB	1977-01-01	creation	Data zip file	https://walrus.wr.usgs.gov/namss/data/1977/namss.B-26-77-LA.mcs.airgun.zip										Louisiana	Stack	Seismic:Reflection	These data were acquired commercially for geophysical and geological (G&G) exploration of oil and gas prospects on the U.S. Outer Continental Shelf (OCS).  The Dept. of Interior, which regulates G&G activities on the OCS, acquired these data in order to ensure that the Federal government received fair market value for leases issued for oil and gas production on the OCS, and to accomplish other regulatory functions.	hart@usgs.gov	Patrick Hart	U.S. Geological Survey	pointOfContact	DigitalSeg:DigitallyAcquired	MCS Data transferred from BOEM to USGS for posting on NAMSS. Limited information available.	1977-01-31	1977-01-01	2016-05-23	ptriezenberg@usgs.gov	Peter Triezenberg	U.S. Geological Survey	pointOfContact	2018-03-16	Seismic Metadata v.1
	digital											Hydrophone_Streamer											SeismicSource_Gun_Air						SEGP1	undocumented	NAD27	-94.56680	28.28310	27.99486	-94.80067	processed	matthew.wilson@boem.gov	Matthew Wilson	Bureau of Ocean Energy Management	pointOfContact	Online	Seismic:Active:MCS	matthew.wilson@boem.gov	Matthew Wilson	Bureau of Ocean Energy Management	pointOfContact	2003-01-25	open	https://walrus.wr.usgs.gov/namss/survey/b-26-78-tx/dataset/	These data were acquired by BOEM (formerly MMS and USGS).  Under the terms of procurement, these data are to be available to the public 25 years after the issuance of the exploration permit.	namss.B-26-78-TX.mcs.airgun.zip					dataset	Unspecified		Unspecified	7.7 MB	1978-01-01	creation	Data zip file	https://walrus.wr.usgs.gov/namss/data/1978/namss.B-26-78-TX.mcs.airgun.zip										Gulf of Mexico	Stack	Seismic:Reflection	These data were acquired commercially for geophysical and geological (G&G) exploration of oil and gas prospects on the U.S. Outer Continental Shelf (OCS).  The Dept. of Interior, which regulates G&G activities on the OCS, acquired these data in order to ensure that the Federal government received fair market value for leases issued for oil and gas production on the OCS, and to accomplish other regulatory functions.	hart@usgs.gov	Patrick Hart	U.S. Geological Survey	pointOfContact	DigitalSeg:DigitallyAcquired	MCS Data transferred from BOEM to USGS for posting on NAMSS. Limited information available.	1978-01-31	1978-01-01	2016-05-23	ptriezenberg@usgs.gov	Peter Triezenberg	U.S. Geological Survey	pointOfContact	2018-03-16	Seismic Metadata v.1
DFS-IV	digital					49.98720					60	Hydrophone_Streamer	6.00000	2000		Distance	24.99360			8		152.40000	SeismicSource_Gun_Air						SEGP1	undocumented	NAD27	-93.50795	29.09791	27.29613	-96.72823	processed	matthew.wilson@boem.gov	Matthew Wilson	Bureau of Ocean Energy Management	pointOfContact	Online	Seismic:Active:MCS	matthew.wilson@boem.gov	Matthew Wilson	Bureau of Ocean Energy Management	pointOfContact	2006-01-25	open	https://walrus.wr.usgs.gov/namss/survey/b-26-81-tx/dataset/	These data were acquired by BOEM (formerly MMS and USGS).  Under the terms of procurement, these data are to be available to the public 25 years after the issuance of the exploration permit.	namss.B-26-81-TX.mcs.airgun.zip					dataset	Unspecified		Unspecified	343.7 MB	1981-01-01	creation	Data zip file	https://walrus.wr.usgs.gov/namss/data/1981/namss.B-26-81-TX.mcs.airgun.zip										Texas	Stack	Seismic:Reflection	These data were acquired commercially for geophysical and geological (G&G) exploration of oil and gas prospects on the U.S. Outer Continental Shelf (OCS).  The Dept. of Interior, which regulates G&G activities on the OCS, acquired these data in order to ensure that the Federal government received fair market value for leases issued for oil and gas production on the OCS, and to accomplish other regulatory functions.	hart@usgs.gov	Patrick Hart	U.S. Geological Survey	pointOfContact	DigitalSeg:DigitallyAcquired	MCS Data transferred from BOEM to USGS for posting on NAMSS. Limited information available.	1981-01-31	1981-01-01	2016-05-23	ptriezenberg@usgs.gov	Peter Triezenberg	U.S. Geological Survey	pointOfContact	2018-03-16	Seismic Metadata v.1
DFS-V	digital		8180.83200			67.05600					120	Hydrophone_Streamer	8.00000	2000		Distance	67.05600		1.21920				SeismicSource_Gun_Air	2000.00000	Cubic Inches				SEGP1	undocumented	NAD27	-89.87711	29.32999	28.72990	-91.49022	processed	matthew.wilson@boem.gov	Matthew Wilson	Bureau of Ocean Energy Management	pointOfContact	Online	Seismic:Active:MCS	matthew.wilson@boem.gov	Matthew Wilson	Bureau of Ocean Energy Management	pointOfContact	2009-07-25	open	https://walrus.wr.usgs.gov/namss/survey/b-26-84-la/dataset/	These data were acquired by BOEM (formerly MMS and USGS).  Under the terms of procurement, these data are to be available to the public 25 years after the issuance of the exploration permit.	namss.B-26-84-LA.mcs.airgun.zip					dataset	Unspecified		Unspecified	94.5 MB	1984-07-01	creation	Data zip file	https://walrus.wr.usgs.gov/namss/data/1984/namss.B-26-84-LA.mcs.airgun.zip										Louisiana	Stack	Seismic:Reflection	These data were acquired commercially for geophysical and geological (G&G) exploration of oil and gas prospects on the U.S. Outer Continental Shelf (OCS).  The Dept. of Interior, which regulates G&G activities on the OCS, acquired these data in order to ensure that the Federal government received fair market value for leases issued for oil and gas production on the OCS, and to accomplish other regulatory functions.	hart@usgs.gov	Patrick Hart	U.S. Geological Survey	pointOfContact	DigitalSeg:DigitallyAcquired	MCS Data transferred from BOEM to USGS for posting on NAMSS. Limited information available.	1984-07-31	1984-07-01	2016-05-23	ptriezenberg@usgs.gov	Peter Triezenberg	U.S. Geological Survey	pointOfContact	2018-03-16	Seismic Metadata v.1
	digital											Hydrophone_Streamer											SeismicSource_Gun_Air						SEGP1	undocumented	NAD27	-91.85227	29.65330	28.86779	-93.27586	processed	matthew.wilson@boem.gov	Matthew Wilson	Bureau of Ocean Energy Management	pointOfContact	Online	Seismic:Active:MCS	matthew.wilson@boem.gov	Matthew Wilson	Bureau of Ocean Energy Management	pointOfContact	2002-01-25	open	https://walrus.wr.usgs.gov/namss/survey/b-27-77-la/dataset/	These data were acquired by BOEM (formerly MMS and USGS).  Under the terms of procurement, these data are to be available to the public 25 years after the issuance of the exploration permit.	namss.B-27-77-LA.mcs.airgun.zip					dataset	Unspecified		Unspecified	50.5 MB	1977-01-01	creation	Data zip file	https://walrus.wr.usgs.gov/namss/data/1977/namss.B-27-77-LA.mcs.airgun.zip										Gulf of Mexico	Stack	Seismic:Reflection	These data were acquired commercially for geophysical and geological (G&G) exploration of oil and gas prospects on the U.S. Outer Continental Shelf (OCS).  The Dept. of Interior, which regulates G&G activities on the OCS, acquired these data in order to ensure that the Federal government received fair market value for leases issued for oil and gas production on the OCS, and to accomplish other regulatory functions.	hart@usgs.gov	Patrick Hart	U.S. Geological Survey	pointOfContact	DigitalSeg:DigitallyAcquired	MCS Data transferred from BOEM to USGS for posting on NAMSS. Limited information available.	1977-01-31	1977-01-01	2016-05-23	ptriezenberg@usgs.gov	Peter Triezenberg	U.S. Geological Survey	pointOfContact	2018-03-16	Seismic Metadata v.1
	digital											Hydrophone_Streamer											SeismicSource_Gun_Air						SEGP1	undocumented	NAD27	-84.57214	27.09782	25.87802	-86.23871	processed	matthew.wilson@boem.gov	Matthew Wilson	Bureau of Ocean Energy Management	pointOfContact	Online	Seismic:Active:MCS	matthew.wilson@boem.gov	Matthew Wilson	Bureau of Ocean Energy Management	pointOfContact	2013-01-31	open	https://walrus.wr.usgs.gov/namss/survey/b-27-88-mi/dataset/	These data were acquired by BOEM (formerly MMS and USGS).  Under the terms of procurement, these data are to be available to the public 25 years after the issuance of the exploration permit.	namss.B-27-88-MI.mcs.airgun.zip					dataset	Unspecified		Unspecified	967.3 MB	1988-01-01	creation	Data zip file	https://walrus.wr.usgs.gov/namss/data/1988/namss.B-27-88-MI.mcs.airgun.zip											Stack	Seismic:Reflection	These data were acquired commercially for geophysical and geological (G&G) exploration of oil and gas prospects on the U.S. Outer Continental Shelf (OCS).  The Dept. of Interior, which regulates G&G activities on the OCS, acquired these data in order to ensure that the Federal government received fair market value for leases issued for oil and gas production on the OCS, and to accomplish other regulatory functions.	hart@usgs.gov	Patrick Hart	U.S. Geological Survey	pointOfContact	DigitalSeg:DigitallyAcquired	MCS Data transferred from BOEM to USGS for posting on NAMSS. Limited information available.	1988-01-31	1988-01-01	2016-05-23	ptriezenberg@usgs.gov	Peter Triezenberg	U.S. Geological Survey	pointOfContact	2018-03-16	Seismic Metadata v.1
DFS-III	digital	31.08960	3569.20800						1			Hydrophone_Streamer							14.93520	18		345.64320	SeismicSource_Gun_Air	1700.00000	Cubic Inches		Gulf Seal	Unspecified	SEGP1	undocumented	WGS84	-75.13279	35.22513	27.42201	-80.74238	processed	matthew.wilson@boem.gov	Matthew Wilson	Bureau of Ocean Energy Management	pointOfContact	Online	Seismic:Active:MCS	matthew.wilson@boem.gov	Matthew Wilson	Bureau of Ocean Energy Management	pointOfContact	2000-01-25	open	https://walrus.wr.usgs.gov/namss/survey/b-28-75-at/dataset/	These data were acquired by BOEM (formerly MMS and USGS).  Under the terms of procurement, these data are to be available to the public 25 years after the issuance of the exploration permit.	namss.B-28-75-AT.mcs.airgun.zip					dataset	Unspecified		Unspecified	1.9 GB	1975-01-01	creation	Data zip file	https://walrus.wr.usgs.gov/namss/data/1975/namss.B-28-75-AT.mcs.airgun.zip										Blake Plateau	Migration:Depth, Migration, Other, Stack	Seismic:Reflection, Seismic:Velocity	These data were acquired commercially for geophysical and geological (G&G) exploration of oil and gas prospects on the U.S. Outer Continental Shelf (OCS).  The Dept. of Interior, which regulates G&G activities on the OCS, acquired these data in order to ensure that the Federal government received fair market value for leases issued for oil and gas production on the OCS, and to accomplish other regulatory functions.	hart@usgs.gov	Patrick Hart	U.S. Geological Survey	pointOfContact	DigitalSeg:DigitallyAcquired	MCS Data transferred from BOEM to USGS for posting on NAMSS. Limited information available.	1975-01-31	1975-01-01	2016-05-23	ptriezenberg@usgs.gov	Peter Triezenberg	U.S. Geological Survey	pointOfContact	2018-03-16	Seismic Metadata v.1
DFS-V	digital		2400.00008		15.24000	50.00000					48	Hydrophone_Streamer	6.00000	2000		Distance	50.00000		7.62000				SeismicSource_Gun_Air	900.00000	Cubic Inches		Bill Tommie	GSI	SEGP1	undocumented	NAD27	-93.55669	29.30866	28.79439	-93.73505	processed	matthew.wilson@boem.gov	Matthew Wilson	Bureau of Ocean Energy Management	pointOfContact	Online	Seismic:Active:MCS	matthew.wilson@boem.gov	Matthew Wilson	Bureau of Ocean Energy Management	pointOfContact	2000-07-24	open	https://walrus.wr.usgs.gov/namss/survey/b-28-75-tx/dataset/	These data were acquired by BOEM (formerly MMS and USGS).  Under the terms of procurement, these data are to be available to the public 25 years after the issuance of the exploration permit.	namss.B-28-75-TX.mcs.airgun.zip					dataset	Unspecified		Unspecified	80.3 MB	1975-07-01	creation	Data zip file	https://walrus.wr.usgs.gov/namss/data/1975/namss.B-28-75-TX.mcs.airgun.zip										West Cameron	Stack	Seismic:Reflection	These data were acquired commercially for geophysical and geological (G&G) exploration of oil and gas prospects on the U.S. Outer Continental Shelf (OCS).  The Dept. of Interior, which regulates G&G activities on the OCS, acquired these data in order to ensure that the Federal government received fair market value for leases issued for oil and gas production on the OCS, and to accomplish other regulatory functions.	hart@usgs.gov	Patrick Hart	U.S. Geological Survey	pointOfContact	DigitalSeg:DigitallyAcquired	MCS Data transferred from BOEM to USGS for posting on NAMSS. Limited information available.	1975-07-31	1975-07-01	2016-05-23	ptriezenberg@usgs.gov	Peter Triezenberg	U.S. Geological Survey	pointOfContact	2018-03-16	Seismic Metadata v.1
DFS-IV	digital					49.98720					48	Hydrophone_Streamer	6.00000	2000		Distance	24.99360			7		304.80000	SeismicSource_Gun_Air						SEGP1	undocumented	NAD27	-94.60772	28.86039	27.54270	-96.52872	processed	matthew.wilson@boem.gov	Matthew Wilson	Bureau of Ocean Energy Management	pointOfContact	Online	Seismic:Active:MCS	matthew.wilson@boem.gov	Matthew Wilson	Bureau of Ocean Energy Management	pointOfContact	2005-01-24	open	https://walrus.wr.usgs.gov/namss/survey/b-28-80-tx/dataset/	These data were acquired by BOEM (formerly MMS and USGS).  Under the terms of procurement, these data are to be available to the public 25 years after the issuance of the exploration permit.	namss.B-28-80-TX.mcs.airgun.zip					dataset	Unspecified		Unspecified	171.3 MB	1980-01-01	creation	Data zip file	https://walrus.wr.usgs.gov/namss/data/1980/namss.B-28-80-TX.mcs.airgun.zip										Texas	Stack	Seismic:Reflection	These data were acquired commercially for geophysical and geological (G&G) exploration of oil and gas prospects on the U.S. Outer Continental Shelf (OCS).  The Dept. of Interior, which regulates G&G activities on the OCS, acquired these data in order to ensure that the Federal government received fair market value for leases issued for oil and gas production on the OCS, and to accomplish other regulatory functions.	hart@usgs.gov	Patrick Hart	U.S. Geological Survey	pointOfContact	DigitalSeg:DigitallyAcquired	MCS Data transferred from BOEM to USGS for posting on NAMSS. Limited information available.	1980-01-31	1980-01-01	2016-05-23	ptriezenberg@usgs.gov	Peter Triezenberg	U.S. Geological Survey	pointOfContact	2018-03-16	Seismic Metadata v.1
LRS-16	digital		3188.26010		9.14400	13.34000					240	Hydrophone_Streamer	8.00000	1000		Distance	26.67000		9.50000	12			Other						SEGP1	undocumented	NAD27	-88.52288	29.34844	26.97419	-96.91875	processed	matthew.wilson@boem.gov	Matthew Wilson	Bureau of Ocean Energy Management	pointOfContact	Online	Seismic:Active:MCS	matthew.wilson@boem.gov	Matthew Wilson	Bureau of Ocean Energy Management	pointOfContact	2007-03-25	open	https://walrus.wr.usgs.gov/namss/survey/b-28-82-tx/dataset/	These data were acquired by BOEM (formerly MMS and USGS).  Under the terms of procurement, these data are to be available to the public 25 years after the issuance of the exploration permit.	namss.B-28-82-TX.mcs.aquapulse.zip					dataset	Unspecified		Unspecified	220.4 MB	1982-03-01	creation	Data zip file	https://walrus.wr.usgs.gov/namss/data/1982/namss.B-28-82-TX.mcs.aquapulse.zip										Texas	Stack	Seismic:Reflection	These data were acquired commercially for geophysical and geological (G&G) exploration of oil and gas prospects on the U.S. Outer Continental Shelf (OCS).  The Dept. of Interior, which regulates G&G activities on the OCS, acquired these data in order to ensure that the Federal government received fair market value for leases issued for oil and gas production on the OCS, and to accomplish other regulatory functions.	hart@usgs.gov	Patrick Hart	U.S. Geological Survey	pointOfContact	DigitalSeg:DigitallyAcquired	MCS Data transferred from BOEM to USGS for posting on NAMSS. Limited information available.	1982-03-31	1982-03-01	2016-05-23	ptriezenberg@usgs.gov	Peter Triezenberg	U.S. Geological Survey	pointOfContact	2018-03-16	Seismic Metadata v.1
	digital											Hydrophone_Streamer											SeismicSource_Gun_Air						SEGP1	undocumented	NAD27	-83.04005	30.23453	25.96221	-88.52262	processed	matthew.wilson@boem.gov	Matthew Wilson	Bureau of Ocean Energy Management	pointOfContact	Online	Seismic:Active:MCS	matthew.wilson@boem.gov	Matthew Wilson	Bureau of Ocean Energy Management	pointOfContact	2010-01-25	open	https://walrus.wr.usgs.gov/namss/survey/b-28-85-mi/dataset/	These data were acquired by BOEM (formerly MMS and USGS).  Under the terms of procurement, these data are to be available to the public 25 years after the issuance of the exploration permit.	namss.B-28-85-MI.mcs.airgun.zip					dataset	Unspecified		Unspecified	852.0 MB	1985-01-01	creation	Data zip file	https://walrus.wr.usgs.gov/namss/data/1985/namss.B-28-85-MI.mcs.airgun.zip										Gulf of Mexico	Stack	Seismic:Reflection	These data were acquired commercially for geophysical and geological (G&G) exploration of oil and gas prospects on the U.S. Outer Continental Shelf (OCS).  The Dept. of Interior, which regulates G&G activities on the OCS, acquired these data in order to ensure that the Federal government received fair market value for leases issued for oil and gas production on the OCS, and to accomplish other regulatory functions.	hart@usgs.gov	Patrick Hart	U.S. Geological Survey	pointOfContact	DigitalSeg:DigitallyAcquired	MCS Data transferred from BOEM to USGS for posting on NAMSS. Limited information available.	1985-01-31	1985-01-01	2016-05-23	ptriezenberg@usgs.gov	Peter Triezenberg	U.S. Geological Survey	pointOfContact	2020-11-23	Seismic Metadata v.1
	digital											Hydrophone_Streamer											SeismicSource_Gun_Air						SEGP1	no	NAD27	-91.99007	29.72589	29.05304	-93.86735	processed	hart@usgs.gov	Patrick Hart	U.S. Geological Survey	pointOfContact	Online	Seismic:Active:MCS	hart@usgs.gov	Patrick Hart	U.S. Geological Survey	pointOfContact		open	https://walrus.wr.usgs.gov/namss/survey/b-28-89-tx/dataset/	These data were acquired by BOEM (formerly MMS and USGS). Under the terms of procurement, these data are to be available to the public 25 years after the issuance of the exploration permit.	namss.B-28-89-TX.mcs.airgun.zip					dataset	Unspecified		Unspecified	2.7 GB	1989-01-01	creation	Dataset zip file	https://walrus.wr.usgs.gov/namss/data/1989/namss.B-28-89-TX.mcs.airgun.zip										Gulf of Mexico	Stack	Seismic:Reflection	These data were acquired commercially for geophysical and geological (G&G) exploration of oil and gas prospects on the U.S. Outer Continental Shelf (OCS). The Dept. of Interior, which regulates G&G activities on the OCS, acquired these data in order to ensure that the Federal government received fair market value for leases issued for oil and gas production on the OCS, and to accomplish other regulatory functions.	matthew.wilson@boem.gov	Matthew Wilson	Bureau of Ocean Energy Management	pointOfContact	DigitalSeg:DigitallyAcquired	MCS Data transferred from BOEM to USGS for posting on NAMSS. Limited information available.	1989-01-01	1989-01-01	2017-02-07	ptriezenberg@usgs.gov	Peter Triezenberg	U.S. Geological Survey	pointOfContact	2018-03-16	Seismic Metadata v.1
	digital											Hydrophone_Streamer											SeismicSource_Gun_Air						N83	no	NAD83	-165.53740	56.96644	54.89422	-171.22173	processed	hart@usgs.gov	Patrick Hart	U.S. Geological Survey	pointOfContact	Online	Seismic:Active:MCS	Unspecified	Unspecified	Unspecified	resourceProvider		open	https://walrus.wr.usgs.gov/namss/survey/b-29-75-ak/dataset/	Unspecified	namss.B-29-75-AK.mcs.airgun.zip					dataset	Unspecified		Unspecified	8.7 GB	1975-01-01	creation	Dataset zip file	https://walrus.wr.usgs.gov/namss/data/1975/namss.B-29-75-AK.mcs.airgun.zip										Alaska	Stack	Seismic:Reflection		hart@usgs.gov	Patrick Hart	U.S. Geological Survey	pointOfContact	DigitalSeg:DigitallyAcquired		1975-01-01	1975-01-01	2016-06-06	ptriezenberg@usgs.gov	Peter Triezenberg	U.S. Geological Survey	pointOfContact	2018-03-16	Seismic Metadata v.1
DFS-IV	digital		3200.00071		12.19200	66.66890			1		48	Hydrophone_Streamer	7.00000	2000		Distance	33.32988		7.62000				SeismicSource_Gun_Air	1200.00000	Cubic Inches		Midnight Sun	GSI	SEGP1	undocumented	NAD83	-77.52933	31.34919	30.00057	-80.20822	processed	matthew.wilson@boem.gov	Matthew Wilson	Bureau of Ocean Energy Management	pointOfContact	Online	Seismic:Active:MCS	matthew.wilson@boem.gov	Matthew Wilson	Bureau of Ocean Energy Management	pointOfContact	2000-08-24	open	https://walrus.wr.usgs.gov/namss/survey/b-29-75-at/dataset/	These data were acquired by BOEM (formerly MMS and USGS).  Under the terms of procurement, these data are to be available to the public 25 years after the issuance of the exploration permit.	namss.B-29-75-AT.mcs.airgun.zip					dataset	Unspecified		Unspecified	172.4 MB	1975-08-01	creation	Data zip file	https://walrus.wr.usgs.gov/namss/data/1975/namss.B-29-75-AT.mcs.airgun.zip										Georgia Embayment	Stack	Seismic:Reflection	These data were acquired commercially for geophysical and geological (G&G) exploration of oil and gas prospects on the U.S. Outer Continental Shelf (OCS).  The Dept. of Interior, which regulates G&G activities on the OCS, acquired these data in order to ensure that the Federal government received fair market value for leases issued for oil and gas production on the OCS, and to accomplish other regulatory functions.	hart@usgs.gov	Patrick Hart	U.S. Geological Survey	pointOfContact	DigitalSeg:DigitallyAcquired	MCS Data transferred from BOEM to USGS for posting on NAMSS. Limited information available.	1975-08-31	1975-08-01	2016-05-23	ptriezenberg@usgs.gov	Peter Triezenberg	U.S. Geological Survey	pointOfContact	2018-03-16	Seismic Metadata v.1
DFS-IV	digital		3599.07840						1		96	Hydrophone_Streamer	6.00000	4000		Distance	24.99360		10.66800	40		486.46080	SeismicSource_Gun_Air	6000.00000	Cubic Inches				SEGP1	undocumented	NAD83	-79.51058	32.18342	30.34456	-80.91786	processed	matthew.wilson@boem.gov	Matthew Wilson	Bureau of Ocean Energy Management	pointOfContact	Online	Seismic:Active:MCS	matthew.wilson@boem.gov	Matthew Wilson	Bureau of Ocean Energy Management	pointOfContact	2001-12-25	open	https://walrus.wr.usgs.gov/namss/survey/b-29-76-at/dataset/	These data were acquired by BOEM (formerly MMS and USGS).  Under the terms of procurement, these data are to be available to the public 25 years after the issuance of the exploration permit.	namss.B-29-76-AT.mcs.airgun.zip					dataset	Unspecified		Unspecified	433.8 MB	1976-12-01	creation	Data zip file	https://walrus.wr.usgs.gov/namss/data/1976/namss.B-29-76-AT.mcs.airgun.zip										Atlantic Ocean	Migration, Other, Stack	Seismic:Reflection, Seismic:Velocity	These data were acquired commercially for geophysical and geological (G&G) exploration of oil and gas prospects on the U.S. Outer Continental Shelf (OCS).  The Dept. of Interior, which regulates G&G activities on the OCS, acquired these data in order to ensure that the Federal government received fair market value for leases issued for oil and gas production on the OCS, and to accomplish other regulatory functions.	hart@usgs.gov	Patrick Hart	U.S. Geological Survey	pointOfContact	DigitalSeg:DigitallyAcquired	MCS Data transferred from BOEM to USGS for posting on NAMSS. Limited information available.	1976-12-31	1976-12-01	2016-05-23	ptriezenberg@usgs.gov	Peter Triezenberg	U.S. Geological Survey	pointOfContact	2018-03-16	Seismic Metadata v.1
	digital											Hydrophone_Streamer											SeismicSource_Gun_Air						SEGP1	undocumented	NAD27	-90.78840	29.33294	28.70352	-91.83748	processed	matthew.wilson@boem.gov	Matthew Wilson	Bureau of Ocean Energy Management	pointOfContact	Online	Seismic:Active:MCS	matthew.wilson@boem.gov	Matthew Wilson	Bureau of Ocean Energy Management	pointOfContact	2001-01-24	open	https://walrus.wr.usgs.gov/namss/survey/b-29-76-la/dataset/	These data were acquired by BOEM (formerly MMS and USGS).  Under the terms of procurement, these data are to be available to the public 25 years after the issuance of the exploration permit.	namss.B-29-76-LA.mcs.airgun.zip					dataset	Unspecified		Unspecified	136.4 MB	1976-01-01	creation	Data zip file	https://walrus.wr.usgs.gov/namss/data/1976/namss.B-29-76-LA.mcs.airgun.zip										Gulf of Mexico	Stack	Seismic:Reflection	These data were acquired commercially for geophysical and geological (G&G) exploration of oil and gas prospects on the U.S. Outer Continental Shelf (OCS).  The Dept. of Interior, which regulates G&G activities on the OCS, acquired these data in order to ensure that the Federal government received fair market value for leases issued for oil and gas production on the OCS, and to accomplish other regulatory functions.	hart@usgs.gov	Patrick Hart	U.S. Geological Survey	pointOfContact	DigitalSeg:DigitallyAcquired	MCS Data transferred from BOEM to USGS for posting on NAMSS. Limited information available.	1976-01-31	1976-01-01	2016-05-23	ptriezenberg@usgs.gov	Peter Triezenberg	U.S. Geological Survey	pointOfContact	2018-03-16	Seismic Metadata v.1
DFS-IV	digital		3200.00010			66.60000					48	Hydrophone_Streamer	6.00000	2000		Distance	66.60000		3.04800			171.60240	SeismicSource_Gun_Air	1200.00000	Cubic Inches		C. General	GSI	SEGP1	undocumented	NAD27	-91.85229	29.37936	29.11323	-92.05274	processed	matthew.wilson@boem.gov	Matthew Wilson	Bureau of Ocean Energy Management	pointOfContact	Online	Seismic:Active:MCS	matthew.wilson@boem.gov	Matthew Wilson	Bureau of Ocean Energy Management	pointOfContact	2005-11-24	open	https://walrus.wr.usgs.gov/namss/survey/b-29-80-la/dataset/	These data were acquired by BOEM (formerly MMS and USGS).  Under the terms of procurement, these data are to be available to the public 25 years after the issuance of the exploration permit.	namss.B-29-80-LA.mcs.airgun.zip					dataset	Unspecified		Unspecified	9.6 MB	1980-11-01	creation	Data zip file	https://walrus.wr.usgs.gov/namss/data/1980/namss.B-29-80-LA.mcs.airgun.zip										Louisiana	Stack	Seismic:Reflection	These data were acquired commercially for geophysical and geological (G&G) exploration of oil and gas prospects on the U.S. Outer Continental Shelf (OCS).  The Dept. of Interior, which regulates G&G activities on the OCS, acquired these data in order to ensure that the Federal government received fair market value for leases issued for oil and gas production on the OCS, and to accomplish other regulatory functions.	hart@usgs.gov	Patrick Hart	U.S. Geological Survey	pointOfContact	DigitalSeg:DigitallyAcquired	MCS Data transferred from BOEM to USGS for posting on NAMSS. Limited information available.	1980-11-30	1980-11-01	2016-05-23	ptriezenberg@usgs.gov	Peter Triezenberg	U.S. Geological Survey	pointOfContact	2018-03-16	Seismic Metadata v.1
DFS-IV	digital		3520.44000			100.58400					36	Hydrophone_Streamer	6.00000	4000		Distance	50.29200		1.52400				SeismicSource_Gun_Air	900.00000	Cubic Inches				SEGP1	undocumented	NAD27	-91.02775	29.31668	29.01228	-91.64215	processed	matthew.wilson@boem.gov	Matthew Wilson	Bureau of Ocean Energy Management	pointOfContact	Online	Seismic:Active:MCS	matthew.wilson@boem.gov	Matthew Wilson	Bureau of Ocean Energy Management	pointOfContact	2006-05-25	open	https://walrus.wr.usgs.gov/namss/survey/b-29-81-la/dataset/	These data were acquired by BOEM (formerly MMS and USGS).  Under the terms of procurement, these data are to be available to the public 25 years after the issuance of the exploration permit.	namss.B-29-81-LA.mcs.airgun.zip					dataset	Unspecified		Unspecified	12.1 MB	1981-05-01	creation	Data zip file	https://walrus.wr.usgs.gov/namss/data/1981/namss.B-29-81-LA.mcs.airgun.zip										Louisiana	Stack	Seismic:Reflection	These data were acquired commercially for geophysical and geological (G&G) exploration of oil and gas prospects on the U.S. Outer Continental Shelf (OCS).  The Dept. of Interior, which regulates G&G activities on the OCS, acquired these data in order to ensure that the Federal government received fair market value for leases issued for oil and gas production on the OCS, and to accomplish other regulatory functions.	hart@usgs.gov	Patrick Hart	U.S. Geological Survey	pointOfContact	DigitalSeg:DigitallyAcquired	MCS Data transferred from BOEM to USGS for posting on NAMSS. Limited information available.	1981-05-31	1981-05-01	2016-05-23	ptriezenberg@usgs.gov	Peter Triezenberg	U.S. Geological Survey	pointOfContact	2018-03-16	Seismic Metadata v.1
	digital											Hydrophone_Streamer											SeismicSource_Gun_Air						SEGP1	undocumented	NAD27	-87.74573	30.14385	29.96593	-88.75534	processed	matthew.wilson@boem.gov	Matthew Wilson	Bureau of Ocean Energy Management	pointOfContact	Online	Seismic:Active:MCS	matthew.wilson@boem.gov	Matthew Wilson	Bureau of Ocean Energy Management	pointOfContact	2006-01-25	open	https://walrus.wr.usgs.gov/namss/survey/b-29-81-mi/dataset/	These data were acquired by BOEM (formerly MMS and USGS).  Under the terms of procurement, these data are to be available to the public 25 years after the issuance of the exploration permit.	namss.B-29-81-MI.mcs.airgun.zip					dataset	Unspecified		Unspecified	108.3 MB	1981-01-01	creation	Data zip file	https://walrus.wr.usgs.gov/namss/data/1981/namss.B-29-81-MI.mcs.airgun.zip										Gulf of Mexico	Stack	Seismic:Reflection	These data were acquired commercially for geophysical and geological (G&G) exploration of oil and gas prospects on the U.S. Outer Continental Shelf (OCS).  The Dept. of Interior, which regulates G&G activities on the OCS, acquired these data in order to ensure that the Federal government received fair market value for leases issued for oil and gas production on the OCS, and to accomplish other regulatory functions.	hart@usgs.gov	Patrick Hart	U.S. Geological Survey	pointOfContact	DigitalSeg:DigitallyAcquired	MCS Data transferred from BOEM to USGS for posting on NAMSS. Limited information available.	1981-01-31	1981-01-01	2016-05-23	ptriezenberg@usgs.gov	Peter Triezenberg	U.S. Geological Survey	pointOfContact	2018-03-16	Seismic Metadata v.1
DFS-V	digital		2949.24480		9.14400	49.98720					60	Hydrophone_Streamer	6.00000	2000		Distance	24.99360		10.66800	6			Other						SEGP1	undocumented	NAD27	-96.74572	27.92100	27.79870	-96.87032	processed	matthew.wilson@boem.gov	Matthew Wilson	Bureau of Ocean Energy Management	pointOfContact	Online	Seismic:Active:MCS	matthew.wilson@boem.gov	Matthew Wilson	Bureau of Ocean Energy Management	pointOfContact	2006-10-25	open	https://walrus.wr.usgs.gov/namss/survey/b-29-81-tx/dataset/	These data were acquired by BOEM (formerly MMS and USGS).  Under the terms of procurement, these data are to be available to the public 25 years after the issuance of the exploration permit.	namss.B-29-81-TX.mcs.aquapulse.zip					dataset	Unspecified		Unspecified	12.2 MB	1981-10-01	creation	Data zip file	https://walrus.wr.usgs.gov/namss/data/1981/namss.B-29-81-TX.mcs.aquapulse.zip										Texas	Stack	Seismic:Reflection	These data were acquired commercially for geophysical and geological (G&G) exploration of oil and gas prospects on the U.S. Outer Continental Shelf (OCS).  The Dept. of Interior, which regulates G&G activities on the OCS, acquired these data in order to ensure that the Federal government received fair market value for leases issued for oil and gas production on the OCS, and to accomplish other regulatory functions.	hart@usgs.gov	Patrick Hart	U.S. Geological Survey	pointOfContact	DigitalSeg:DigitallyAcquired	MCS Data transferred from BOEM to USGS for posting on NAMSS. Limited information available.	1981-10-31	1981-10-01	2016-05-23	ptriezenberg@usgs.gov	Peter Triezenberg	U.S. Geological Survey	pointOfContact	2018-03-16	Seismic Metadata v.1
	digital											Hydrophone_Streamer											SeismicSource_Gun_Air						N83	no	NAD83	-167.25590	59.44266	56.51641	-168.95291	processed	hart@usgs.gov	Patrick Hart	U.S. Geological Survey	pointOfContact	Online	Seismic:Active:MCS	hart@usgs.gov	Patrick Hart	U.S. Geological Survey	pointOfContact	2016-07-01	open	https://walrus.wr.usgs.gov/namss/survey/b-29-82-ak/dataset/	These data were acquired by BOEM (formerly MMS and USGS). Under the terms of procurement, these data are to be available to the public 25 years after the issuance of the exploration permit.	namss.B-29-82-AK.mcs.airgun.zip					dataset	Unspecified		Unspecified	48.6 MB	1982-05-15	creation	Dataset zip file	https://walrus.wr.usgs.gov/namss/data/1982/namss.B-29-82-AK.mcs.airgun.zip										Gulf of Alaska	Stack	Seismic:Reflection	These data were acquired commercially for geophysical and geological (G&G) exploration of oil and gas prospects on the U.S. Outer Continental Shelf (OCS). The Dept. of Interior, which regulates G&G activities on the OCS, acquired these data in order to ensure that the Federal government received fair market value for leases issued for oil and gas production on the OCS, and to accomplish other regulatory functions.	matthew.wilson@boem.gov	Matthew Wilson	Bureau of Ocean Energy Management	pointOfContact	DigitalSeg:DigitallyAcquired	MCS Data transferred from BOEM to USGS for posting on NAMSS. Limited information available.	1982-09-06	1982-05-15	2017-04-18	ptriezenberg@usgs.gov	Peter Triezenberg	U.S. Geological Survey	pointOfContact	2018-03-16	Seismic Metadata v.1
	digital											Hydrophone_Streamer			LORAN								SeismicSource_Sparker				R/V Seamark	Unspecified	N83	undocumented	NAD83	-168.40314	57.41391	55.43201	-171.08462	processed	hart@usgs.gov	Patrick Hart	U.S. Geological Survey	pointOfContact	Online	Seismic:Active:MCS	Unspecified	Unspecified	Unspecified	resourceProvider		open	https://walrus.wr.usgs.gov/namss/survey/b-30-75-ak/dataset/	These data were acquired by BOEM (formerly MMS and USGS).  Under the terms of procurement, these data are to be available to the public 25 years after the issuance of the exploration permit.	namss.B-30-75-AK.mcs.sparker.zip					dataset	Unspecified		Unspecified	6.6 GB	1975-06-04	creation	Data zip file	https://walrus.wr.usgs.gov/namss/data/1975/namss.B-30-75-AK.mcs.sparker.zip										St. George Basin	Stack	Seismic:Reflection	These data were acquired commercially for geophysical and geological (G&G) exploration of oil and gas prospects on the U.S. Outer Continental Shelf (OCS).  The Dept. of Interior, which regulates G&G activities on the OCS, acquired these data in order to ensure that the Federal government received fair market value for leases issued for oil and gas production on the OCS, and to accomplish other regulatory functions.	hart@usgs.gov	Patrick Hart	U.S. Geological Survey	pointOfContact	DigitalSeg:DigitallyAcquired	MCS Data transferred from BOEM to USGS for posting on NAMSS. Limited information available.	1975-08-03	1975-06-04	2016-08-26	ptriezenberg@usgs.gov	Peter Triezenberg	U.S. Geological Survey	pointOfContact	2018-03-16	Seismic Metadata v.1
DFS-IV	digital		3200.00010			66.66000					48	Hydrophone_Streamer	6.00000	2000		Distance	66.66000		3.04800				SeismicSource_Gun_Air	1200.00000	Cubic Inches		State Falcon	GSI	SEGP1	undocumented	NAD27	-91.67512	29.31214	29.11603	-92.04835	processed	matthew.wilson@boem.gov	Matthew Wilson	Bureau of Ocean Energy Management	pointOfContact	Online	Seismic:Active:MCS	matthew.wilson@boem.gov	Matthew Wilson	Bureau of Ocean Energy Management	pointOfContact	2003-04-24	open	https://walrus.wr.usgs.gov/namss/survey/b-30-78-la/dataset/	These data were acquired by BOEM (formerly MMS and USGS).  Under the terms of procurement, these data are to be available to the public 25 years after the issuance of the exploration permit.	namss.B-30-78-LA.mcs.airgun.zip					dataset	Unspecified		Unspecified	19.4 MB	1978-04-01	creation	Data zip file	https://walrus.wr.usgs.gov/namss/data/1978/namss.B-30-78-LA.mcs.airgun.zip										South Marsh Island	Stack	Seismic:Reflection	These data were acquired commercially for geophysical and geological (G&G) exploration of oil and gas prospects on the U.S. Outer Continental Shelf (OCS).  The Dept. of Interior, which regulates G&G activities on the OCS, acquired these data in order to ensure that the Federal government received fair market value for leases issued for oil and gas production on the OCS, and to accomplish other regulatory functions.	hart@usgs.gov	Patrick Hart	U.S. Geological Survey	pointOfContact	DigitalSeg:DigitallyAcquired	MCS Data transferred from BOEM to USGS for posting on NAMSS. Limited information available.	1978-04-30	1978-04-01	2016-05-23	ptriezenberg@usgs.gov	Peter Triezenberg	U.S. Geological Survey	pointOfContact	2018-03-16	Seismic Metadata v.1
	digital											Hydrophone_Streamer											SeismicSource_Gun_Air						N83	no	NAD83	-165.04561	56.56192	54.90326	-168.66968	processed	hart@usgs.gov	Patrick Hart	U.S. Geological Survey	pointOfContact	Online	Seismic:Active:MCS	hart@usgs.gov	Patrick Hart	U.S. Geological Survey	pointOfContact		open	https://walrus.wr.usgs.gov/namss/survey/b-30-80-ak/dataset/	These data were acquired by BOEM (formerly MMS and USGS). Under the terms of procurement, these data are to be available to the public 25 years after the issuance of the exploration permit.	namss.B-30-80-AK.mcs.airgun.zip					dataset	Unspecified		Unspecified	5.3 GB	1980-04-29	creation	Dataset zip file	https://walrus.wr.usgs.gov/namss/data/1980/namss.B-30-80-AK.mcs.airgun.zip										Gulf of Alaska	Stack	Seismic:Reflection	These data were acquired commercially for geophysical and geological (G&G) exploration of oil and gas prospects on the U.S. Outer Continental Shelf (OCS). The Dept. of Interior, which regulates G&G activities on the OCS, acquired these data in order to ensure that the Federal government received fair market value for leases issued for oil and gas production on the OCS, and to accomplish other regulatory functions.	matthew.wilson@boem.gov	Matthew Wilson	Bureau of Ocean Energy Management	pointOfContact	DigitalSeg:DigitallyAcquired	MCS Data transferred from BOEM to USGS for posting on NAMSS. Limited information available.	1980-05-29	1980-04-29	2017-04-18	ptriezenberg@usgs.gov	Peter Triezenberg	U.S. Geological Survey	pointOfContact	2018-03-16	Seismic Metadata v.1
DFS-V	digital					37.49040					96	Hydrophone_Streamer	7.00000	2000		Distance	37.49040			14		336.80400	SeismicSource_Gun_Air						SEGP1	undocumented	NAD27	-86.97276	29.61397	27.81060	-89.42715	processed	matthew.wilson@boem.gov	Matthew Wilson	Bureau of Ocean Energy Management	pointOfContact	Online	Seismic:Active:MCS	matthew.wilson@boem.gov	Matthew Wilson	Bureau of Ocean Energy Management	pointOfContact	2006-11-24	open	https://walrus.wr.usgs.gov/namss/survey/b-30-81-la/dataset/	These data were acquired by BOEM (formerly MMS and USGS).  Under the terms of procurement, these data are to be available to the public 25 years after the issuance of the exploration permit.	namss.B-30-81-LA.mcs.airgun.zip					dataset	Unspecified		Unspecified	128.9 MB	1981-11-01	creation	Data zip file	https://walrus.wr.usgs.gov/namss/data/1981/namss.B-30-81-LA.mcs.airgun.zip										Louisiana	Stack	Seismic:Reflection	These data were acquired commercially for geophysical and geological (G&G) exploration of oil and gas prospects on the U.S. Outer Continental Shelf (OCS).  The Dept. of Interior, which regulates G&G activities on the OCS, acquired these data in order to ensure that the Federal government received fair market value for leases issued for oil and gas production on the OCS, and to accomplish other regulatory functions.	hart@usgs.gov	Patrick Hart	U.S. Geological Survey	pointOfContact	DigitalSeg:DigitallyAcquired	MCS Data transferred from BOEM to USGS for posting on NAMSS. Limited information available.	1981-11-30	1981-11-01	2016-05-23	ptriezenberg@usgs.gov	Peter Triezenberg	U.S. Geological Survey	pointOfContact	2018-03-16	Seismic Metadata v.1
	digital											Hydrophone_Streamer											SeismicSource_Gun_Air						N83	undocumented	NAD83	-140.99691	71.17176	69.80599	-148.21341	processed	hart@usgs.gov	Patrick Hart	U.S. Geological Survey	pointOfContact	Online	Seismic:Active:MCS	Unspecified	Unspecified	Unspecified	resourceProvider		open	https://walrus.wr.usgs.gov/namss/survey/b-30-82-ar/dataset/	These data were acquired by BOEM (formerly MMS and USGS).  Under the terms of procurement, these data are to be available to the public 25 years after the issuance of the exploration permit.	namss.B-30-82-AR.mcs.airgun.zip					dataset	Unspecified		Unspecified	1.4 GB	1982-07-24	creation	Data zip file	https://walrus.wr.usgs.gov/namss/data/1982/namss.B-30-82-AR.mcs.airgun.zip										Beaufort Sea	Migration, Stack	Seismic:Reflection, Seismic:Velocity	These data were acquired commercially for geophysical and geological (G&G) exploration of oil and gas prospects on the U.S. Outer Continental Shelf (OCS).  The Dept. of Interior, which regulates G&G activities on the OCS, acquired these data in order to ensure that the Federal government received fair market value for leases issued for oil and gas production on the OCS, and to accomplish other regulatory functions.	hart@usgs.gov	Patrick Hart	U.S. Geological Survey	pointOfContact	DigitalSeg:DigitallyAcquired	MCS Data transferred from BOEM to USGS for posting on NAMSS. Limited information available.	1982-10-05	1982-07-24	2016-08-29	ptriezenberg@usgs.gov	Peter Triezenberg	U.S. Geological Survey	pointOfContact	2018-03-16	Seismic Metadata v.1
	digital											Hydrophone_Streamer											SeismicSource_Gun_Air						SEGP1	undocumented	NAD27	-89.46174	29.15904	28.07711	-90.73995	processed	matthew.wilson@boem.gov	Matthew Wilson	Bureau of Ocean Energy Management	pointOfContact	Online	Seismic:Active:MCS	matthew.wilson@boem.gov	Matthew Wilson	Bureau of Ocean Energy Management	pointOfContact	2007-01-25	open	https://walrus.wr.usgs.gov/namss/survey/b-30-82-la/dataset/	These data were acquired by BOEM (formerly MMS and USGS).  Under the terms of procurement, these data are to be available to the public 25 years after the issuance of the exploration permit.	namss.B-30-82-LA.mcs.airgun.zip					dataset	Unspecified		Unspecified	101.7 MB	1982-01-01	creation	Data zip file	https://walrus.wr.usgs.gov/namss/data/1982/namss.B-30-82-LA.mcs.airgun.zip										Gulf of Mexico	Stack	Seismic:Reflection	These data were acquired commercially for geophysical and geological (G&G) exploration of oil and gas prospects on the U.S. Outer Continental Shelf (OCS).  The Dept. of Interior, which regulates G&G activities on the OCS, acquired these data in order to ensure that the Federal government received fair market value for leases issued for oil and gas production on the OCS, and to accomplish other regulatory functions.	hart@usgs.gov	Patrick Hart	U.S. Geological Survey	pointOfContact	DigitalSeg:DigitallyAcquired	MCS Data transferred from BOEM to USGS for posting on NAMSS. Limited information available.	1982-01-31	1982-01-01	2016-05-23	ptriezenberg@usgs.gov	Peter Triezenberg	U.S. Geological Survey	pointOfContact	2018-03-16	Seismic Metadata v.1
	digital											Hydrophone_Streamer											SeismicSource_Gun_Air						N83	no	NAD83	-161.25605	56.58284	54.93192	-165.01041	processed	hart@usgs.gov	Patrick Hart	U.S. Geological Survey	pointOfContact	Online	Seismic:Active:MCS	hart@usgs.gov	Patrick Hart	U.S. Geological Survey	pointOfContact	2016-09-01	open	https://walrus.wr.usgs.gov/namss/survey/b-30-84-ak/dataset/	These data were acquired by BOEM (formerly MMS and USGS). Under the terms of procurement, these data are to be available to the public 25 years after the issuance of the exploration permit.	namss.B-30-84-AK.mcs.airgun.zip					dataset	Unspecified		Unspecified	545.5 MB	1984-07-01	creation	Dataset zip file	https://walrus.wr.usgs.gov/namss/data/1984/namss.B-30-84-AK.mcs.airgun.zip										Gulf of Alaska	Stack	Seismic:Reflection	These data were acquired commercially for geophysical and geological (G&G) exploration of oil and gas prospects on the U.S. Outer Continental Shelf (OCS). The Dept. of Interior, which regulates G&G activities on the OCS, acquired these data in order to ensure that the Federal government received fair market value for leases issued for oil and gas production on the OCS, and to accomplish other regulatory functions.	matthew.wilson@boem.gov	Matthew Wilson	Bureau of Ocean Energy Management	pointOfContact	DigitalSeg:DigitallyAcquired	MCS Data transferred from BOEM to USGS for posting on NAMSS. Limited information available.	1984-09-30	1984-07-01	2017-04-18	ptriezenberg@usgs.gov	Peter Triezenberg	U.S. Geological Survey	pointOfContact	2018-03-16	Seismic Metadata v.1
	digital											Hydrophone_Streamer											SeismicSource_Gun_Air						420	undocumented	NAD83	-162.01988	71.18312	67.17981	-168.90271	processed	matthew.wilson@boem.gov	Matthew Wilson	Bureau of Ocean Energy Management	pointOfContact	Online	Seismic:Active:MCS	matthew.wilson@boem.gov	Matthew Wilson	Bureau of Ocean Energy Management	pointOfContact	2005-12-25	open	https://walrus.wr.usgs.gov/namss/survey/b-31-80-cs/dataset/	These data were acquired by BOEM (formerly MMS and USGS).  Under the terms of procurement, these data are to be available to the public 25 years after the issuance of the exploration permit.	namss.B-31-80-CS.mcs.airgun.zip					dataset	Unspecified		Unspecified	3.4 GB	1980-01-01	creation	Data zip file	https://walrus.wr.usgs.gov/namss/data/1980/namss.B-31-80-CS.mcs.airgun.zip										Chukchi Sea	Migration, Other, Stack	Seismic:Reflection, Seismic:Velocity	These data were acquired commercially for geophysical and geological (G&G) exploration of oil and gas prospects on the U.S. Outer Continental Shelf (OCS).  The Dept. of Interior, which regulates G&G activities on the OCS, acquired these data in order to ensure that the Federal government received fair market value for leases issued for oil and gas production on the OCS, and to accomplish other regulatory functions.	hart@usgs.gov	Patrick Hart	U.S. Geological Survey	pointOfContact	DigitalSeg:DigitallyAcquired	MCS Data transferred from BOEM to USGS for posting on NAMSS. Limited information available.	1980-12-31	1980-01-01	2016-05-23	ptriezenberg@usgs.gov	Peter Triezenberg	U.S. Geological Survey	pointOfContact	2018-03-16	Seismic Metadata v.1
	digital											Hydrophone_Streamer											SeismicSource_Gun_Air						N83	undocumented	NAD83	-152.67014	72.03331	71.11289	-157.31019	processed	hart@usgs.gov	Patrick Hart	U.S. Geological Survey	pointOfContact	Online	Seismic:Active:MCS	hart@usgs.gov	Patrick Hart	U.S. Geological Survey	pointOfContact	2009-10-21	open	https://walrus.wr.usgs.gov/namss/survey/b-32-84-ar/dataset/	These data were acquired by BOEM (formerly MMS and USGS).  Under the terms of procurement, these data are to be available to the public 25 years after the issuance of the exploration permit.	namss.B-32-84-AR.mcs.airgun.zip					dataset	Unspecified		Unspecified	1.7 GB	1984-09-28	creation	Dataset zip file	https://walrus.wr.usgs.gov/namss/data/1984/namss.B-32-84-AR.mcs.airgun.zip										Beaufort Sea	Migration, Stack	Seismic:Reflection, Seismic:Velocity	These data were acquired commercially for geophysical and geological (G&G) exploration of oil and gas prospects on the U.S. Outer Continental Shelf (OCS).  The Dept. of Interior, which regulates G&G activities on the OCS, acquired these data in order to ensure that the Federal government received fair market value for leases issued for oil and gas production on the OCS, and to accomplish other regulatory functions.	hart@usgs.gov	Patrick Hart	U.S. Geological Survey	pointOfContact	DigitalSeg:DigitallyAcquired	MCS Data transferred from BOEM to USGS for posting on NAMSS. Limited information available.	1984-10-21	1984-09-28	2016-05-23	ptriezenberg@usgs.gov	Peter Triezenberg	U.S. Geological Survey	pointOfContact	2018-03-16	Seismic Metadata v.1
	digital											Hydrophone_Streamer											SeismicSource_Gun_Air						SEGP1	undocumented	NAD27	-81.83916	27.05753	24.48079	-84.82337	processed	matthew.wilson@boem.gov	Matthew Wilson	Bureau of Ocean Energy Management	pointOfContact	Online	Seismic:Active:MCS	matthew.wilson@boem.gov	Matthew Wilson	Bureau of Ocean Energy Management	pointOfContact	2009-01-24	open	https://walrus.wr.usgs.gov/namss/survey/b-32-84-mi/dataset/	These data were acquired by BOEM (formerly MMS and USGS).  Under the terms of procurement, these data are to be available to the public 25 years after the issuance of the exploration permit.	namss.B-32-84-MI.mcs.airgun.zip					dataset	Unspecified		Unspecified	1.3 GB	1984-01-01	creation	Data zip file	https://walrus.wr.usgs.gov/namss/data/1984/namss.B-32-84-MI.mcs.airgun.zip										Gulf of Mexico	Stack	Seismic:Reflection	These data were acquired commercially for geophysical and geological (G&G) exploration of oil and gas prospects on the U.S. Outer Continental Shelf (OCS).  The Dept. of Interior, which regulates G&G activities on the OCS, acquired these data in order to ensure that the Federal government received fair market value for leases issued for oil and gas production on the OCS, and to accomplish other regulatory functions.	hart@usgs.gov	Patrick Hart	U.S. Geological Survey	pointOfContact	DigitalSeg:DigitallyAcquired	MCS Data transferred from BOEM to USGS for posting on NAMSS. Limited information available.	1984-01-31	1984-01-01	2016-05-23	ptriezenberg@usgs.gov	Peter Triezenberg	U.S. Geological Survey	pointOfContact	2018-03-16	Seismic Metadata v.1
DFS-V	digital		4724.40000		13.71600	49.98720					96	Hydrophone_Streamer	14.00000	2000	Raydist	Distance	49.98720		9.14400	20		234.69600	SeismicSource_Gun_Air	5053.00000	Cubic Inches		Geomar IV	Petty-Ray	SEGP1	undocumented	NAD27	-95.30991	28.61346	25.96655	-97.13967	processed	matthew.wilson@boem.gov	Matthew Wilson	Bureau of Ocean Energy Management	pointOfContact	Online	Seismic:Active:MCS	matthew.wilson@boem.gov	Matthew Wilson	Bureau of Ocean Energy Management	pointOfContact	2009-06-24	open	https://walrus.wr.usgs.gov/namss/survey/b-32-84-tx/dataset/	These data were acquired by BOEM (formerly MMS and USGS).  Under the terms of procurement, these data are to be available to the public 25 years after the issuance of the exploration permit.	namss.B-32-84-TX.mcs.airgun.zip					dataset	Unspecified		Unspecified	49.8 MB	1984-06-01	creation	Data zip file	https://walrus.wr.usgs.gov/namss/data/1984/namss.B-32-84-TX.mcs.airgun.zip										Texas	Stack	Seismic:Reflection	These data were acquired commercially for geophysical and geological (G&G) exploration of oil and gas prospects on the U.S. Outer Continental Shelf (OCS).  The Dept. of Interior, which regulates G&G activities on the OCS, acquired these data in order to ensure that the Federal government received fair market value for leases issued for oil and gas production on the OCS, and to accomplish other regulatory functions.	hart@usgs.gov	Patrick Hart	U.S. Geological Survey	pointOfContact	DigitalSeg:DigitallyAcquired	MCS Data transferred from BOEM to USGS for posting on NAMSS. Limited information available.	1984-06-30	1984-06-01	2016-05-23	ptriezenberg@usgs.gov	Peter Triezenberg	U.S. Geological Survey	pointOfContact	2018-03-16	Seismic Metadata v.1
	digital											Hydrophone_Streamer											SeismicSource_Gun_Air						SEGP1	undocumented	NAD27	-91.88076	27.49349	25.95018	-93.92949	processed	matthew.wilson@boem.gov	Matthew Wilson	Bureau of Ocean Energy Management	pointOfContact	Online	Seismic:Active:MCS	matthew.wilson@boem.gov	Matthew Wilson	Bureau of Ocean Energy Management	pointOfContact	2013-01-31	open	https://walrus.wr.usgs.gov/namss/survey/b-32-88-la/dataset/	These data were acquired by BOEM (formerly MMS and USGS).  Under the terms of procurement, these data are to be available to the public 25 years after the issuance of the exploration permit.	namss.B-32-88-LA.mcs.airgun.zip					dataset	Unspecified		Unspecified	6.0 GB	1988-01-01	creation	Data zip file	https://walrus.wr.usgs.gov/namss/data/1988/namss.B-32-88-LA.mcs.airgun.zip											Stack	Seismic:Reflection	These data were acquired commercially for geophysical and geological (G&G) exploration of oil and gas prospects on the U.S. Outer Continental Shelf (OCS).  The Dept. of Interior, which regulates G&G activities on the OCS, acquired these data in order to ensure that the Federal government received fair market value for leases issued for oil and gas production on the OCS, and to accomplish other regulatory functions.	hart@usgs.gov	Patrick Hart	U.S. Geological Survey	pointOfContact	DigitalSeg:DigitallyAcquired	MCS Data transferred from BOEM to USGS for posting on NAMSS. Limited information available.	1988-01-31	1988-01-01	2016-05-23	ptriezenberg@usgs.gov	Peter Triezenberg	U.S. Geological Survey	pointOfContact	2018-03-16	Seismic Metadata v.1
	digital											Hydrophone_Streamer											SeismicSource_Gun_Air						N83	undocumented	NAD83	-145.38614	70.61478	70.06184	-149.87701	processed	hart@usgs.gov	Patrick Hart	U.S. Geological Survey	pointOfContact	Online	Seismic:Active:MCS	Unspecified	Unspecified	Unspecified	resourceProvider		open	https://walrus.wr.usgs.gov/namss/survey/b-33-77-ak/dataset/	These data were acquired by BOEM (formerly MMS and USGS).  Under the terms of procurement, these data are to be available to the public 25 years after the issuance of the exploration permit.	namss.B-33-77-AK.mcs.airgun.zip					dataset	Unspecified		Unspecified	4.1 GB	1978-02-13	creation	Data zip file	https://walrus.wr.usgs.gov/namss/data/1977/namss.B-33-77-AK.mcs.airgun.zip										Beaufort Sea	Migration, Stack	Seismic:Reflection	These data were acquired commercially for geophysical and geological (G&G) exploration of oil and gas prospects on the U.S. Outer Continental Shelf (OCS).  The Dept. of Interior, which regulates G&G activities on the OCS, acquired these data in order to ensure that the Federal government received fair market value for leases issued for oil and gas production on the OCS, and to accomplish other regulatory functions.	hart@usgs.gov	Patrick Hart	U.S. Geological Survey	pointOfContact	DigitalSeg:DigitallyAcquired	MCS Data transferred from BOEM to USGS for posting on NAMSS. Limited information available.	1978-05-02	1978-02-13	2016-08-29	ptriezenberg@usgs.gov	Peter Triezenberg	U.S. Geological Survey	pointOfContact	2018-03-16	Seismic Metadata v.1
	digital											Hydrophone_Streamer											SeismicSource_Gun_Air						N83	no	NAD83	-160.59587	56.61328	55.48812	-163.73445	processed	hart@usgs.gov	Patrick Hart	U.S. Geological Survey	pointOfContact	Online	Seismic:Active:MCS	hart@usgs.gov	Patrick Hart	U.S. Geological Survey	pointOfContact	2016-09-01	open	https://walrus.wr.usgs.gov/namss/survey/b-33-82-ak/dataset/	These data were acquired by BOEM (formerly MMS and USGS). Under the terms of procurement, these data are to be available to the public 25 years after the issuance of the exploration permit.	namss.B-33-82-AK.mcs.airgun.zip					dataset	Unspecified		Unspecified	2.2 GB	1982-05-01	creation	Dataset zip file	https://walrus.wr.usgs.gov/namss/data/1982/namss.B-33-82-AK.mcs.airgun.zip										Gulf of Alaska	Stack	Seismic:Reflection	These data were acquired commercially for geophysical and geological (G&G) exploration of oil and gas prospects on the U.S. Outer Continental Shelf (OCS). The Dept. of Interior, which regulates G&G activities on the OCS, acquired these data in order to ensure that the Federal government received fair market value for leases issued for oil and gas production on the OCS, and to accomplish other regulatory functions.	matthew.wilson@boem.gov	Matthew Wilson	Bureau of Ocean Energy Management	pointOfContact	DigitalSeg:DigitallyAcquired	MCS Data transferred from BOEM to USGS for posting on NAMSS. Limited information available.	1982-09-15	1982-05-01	2017-04-18	ptriezenberg@usgs.gov	Peter Triezenberg	U.S. Geological Survey	pointOfContact	2018-03-16	Seismic Metadata v.1
	digital											Hydrophone_Streamer											SeismicSource_Gun_Air						N83	no	NAD83	-157.86720	58.13579	57.13243	-159.04616	processed	hart@usgs.gov	Patrick Hart	U.S. Geological Survey	pointOfContact	Online	Seismic:Active:MCS	hart@usgs.gov	Patrick Hart	U.S. Geological Survey	pointOfContact	2016-09-01	open	https://walrus.wr.usgs.gov/namss/survey/b-33-83-ak/dataset/	These data were acquired by BOEM (formerly MMS and USGS). Under the terms of procurement, these data are to be available to the public 25 years after the issuance of the exploration permit.	namss.B-33-83-AK.mcs.airgun.zip					dataset	Unspecified		Unspecified	124.8 MB	1983-08-09	creation	Dataset zip file	https://walrus.wr.usgs.gov/namss/data/1983/namss.B-33-83-AK.mcs.airgun.zip										Gulf of Alaska	Stack	Seismic:Reflection	These data were acquired commercially for geophysical and geological (G&G) exploration of oil and gas prospects on the U.S. Outer Continental Shelf (OCS). The Dept. of Interior, which regulates G&G activities on the OCS, acquired these data in order to ensure that the Federal government received fair market value for leases issued for oil and gas production on the OCS, and to accomplish other regulatory functions.	hart@usgs.gov	Patrick Hart	U.S. Geological Survey	pointOfContact	DigitalSeg:DigitallyAcquired	MCS Data transferred from BOEM to USGS for posting on NAMSS. Limited information available.	1983-08-30	1983-08-09	2017-04-18	ptriezenberg@usgs.gov	Peter Triezenberg	U.S. Geological Survey	pointOfContact	2018-03-16	Seismic Metadata v.1
DDS-777	digital		3151.63200		15.24000	67.05600					48	Hydrophone_Streamer	6.00000	2000		Distance	33.52800		7.62000			274.32000	Other						SEGP1	undocumented	NAD27	-89.03454	28.90421	28.73449	-89.43257	processed	matthew.wilson@boem.gov	Matthew Wilson	Bureau of Ocean Energy Management	pointOfContact	Online	Seismic:Active:MCS	matthew.wilson@boem.gov	Matthew Wilson	Bureau of Ocean Energy Management	pointOfContact	2000-12-24	open	https://walrus.wr.usgs.gov/namss/survey/b-34-75-la/dataset/	These data were acquired by BOEM (formerly MMS and USGS).  Under the terms of procurement, these data are to be available to the public 25 years after the issuance of the exploration permit.	namss.B-34-75-LA.mcs.aquapulse.zip					dataset	Unspecified		Unspecified	497.0 MB	1975-01-01	creation	Data zip file	https://walrus.wr.usgs.gov/namss/data/1975/namss.B-34-75-LA.mcs.aquapulse.zip										Southern Pass	Stack	Seismic:Reflection	These data were acquired commercially for geophysical and geological (G&G) exploration of oil and gas prospects on the U.S. Outer Continental Shelf (OCS).  The Dept. of Interior, which regulates G&G activities on the OCS, acquired these data in order to ensure that the Federal government received fair market value for leases issued for oil and gas production on the OCS, and to accomplish other regulatory functions.	hart@usgs.gov	Patrick Hart	U.S. Geological Survey	pointOfContact	DigitalSeg:DigitallyAcquired	MCS Data transferred from BOEM to USGS for posting on NAMSS. Limited information available.	1975-12-31	1975-01-01	2016-05-23	ptriezenberg@usgs.gov	Peter Triezenberg	U.S. Geological Survey	pointOfContact	2018-03-16	Seismic Metadata v.1
	digital											Hydrophone_Streamer											SeismicSource_Gun_Air						SEGP1	undocumented	NAD27	-93.54100	29.72150	29.25680	-93.88382	processed	matthew.wilson@boem.gov	Matthew Wilson	Bureau of Ocean Energy Management	pointOfContact	Online	Seismic:Active:MCS	matthew.wilson@boem.gov	Matthew Wilson	Bureau of Ocean Energy Management	pointOfContact	2002-01-25	open	https://walrus.wr.usgs.gov/namss/survey/b-34-77-la/dataset/	These data were acquired by BOEM (formerly MMS and USGS).  Under the terms of procurement, these data are to be available to the public 25 years after the issuance of the exploration permit.	namss.B-34-77-LA.mcs.airgun.zip					dataset	Unspecified		Unspecified	105.7 MB	1977-01-01	creation	Data zip file	https://walrus.wr.usgs.gov/namss/data/1977/namss.B-34-77-LA.mcs.airgun.zip										Gulf of Mexico	Stack	Seismic:Reflection	These data were acquired commercially for geophysical and geological (G&G) exploration of oil and gas prospects on the U.S. Outer Continental Shelf (OCS).  The Dept. of Interior, which regulates G&G activities on the OCS, acquired these data in order to ensure that the Federal government received fair market value for leases issued for oil and gas production on the OCS, and to accomplish other regulatory functions.	hart@usgs.gov	Patrick Hart	U.S. Geological Survey	pointOfContact	DigitalSeg:DigitallyAcquired	MCS Data transferred from BOEM to USGS for posting on NAMSS. Limited information available.	1977-01-31	1977-01-01	2016-05-23	ptriezenberg@usgs.gov	Peter Triezenberg	U.S. Geological Survey	pointOfContact	2018-03-16	Seismic Metadata v.1
	digital											Hydrophone_Streamer											SeismicSource_Gun_Air						SEGP1	undocumented	NAD27	-96.28952	27.73456	27.15341	-97.19908	processed	matthew.wilson@boem.gov	Matthew Wilson	Bureau of Ocean Energy Management	pointOfContact	Online	Seismic:Active:MCS	matthew.wilson@boem.gov	Matthew Wilson	Bureau of Ocean Energy Management	pointOfContact	2012-01-25	open	https://walrus.wr.usgs.gov/namss/survey/b-34-87-tx/dataset/	These data were acquired by BOEM (formerly MMS and USGS).  Under the terms of procurement, these data are to be available to the public 25 years after the issuance of the exploration permit.	namss.B-34-87-TX.mcs.airgun.zip					dataset	Unspecified		Unspecified	1.2 GB	1987-01-01	creation	Data zip file	https://walrus.wr.usgs.gov/namss/data/1987/namss.B-34-87-TX.mcs.airgun.zip										Gulf of Mexico	Stack	Seismic:Reflection	These data were acquired commercially for geophysical and geological (G&G) exploration of oil and gas prospects on the U.S. Outer Continental Shelf (OCS).  The Dept. of Interior, which regulates G&G activities on the OCS, acquired these data in order to ensure that the Federal government received fair market value for leases issued for oil and gas production on the OCS, and to accomplish other regulatory functions.	hart@usgs.gov	Patrick Hart	U.S. Geological Survey	pointOfContact	DigitalSeg:DigitallyAcquired	MCS Data transferred from BOEM to USGS for posting on NAMSS. Limited information available.	1987-01-31	1987-01-01	2016-05-23	ptriezenberg@usgs.gov	Peter Triezenberg	U.S. Geological Survey	pointOfContact	2018-03-16	Seismic Metadata v.1
	digital											Hydrophone_Streamer											SeismicSource_Gun_Air						SEGP1	undocumented	NAD27	-91.17569	26.28655	25.60613	-93.41342	processed	matthew.wilson@boem.gov	Matthew Wilson	Bureau of Ocean Energy Management	pointOfContact	Online	Seismic:Active:MCS	matthew.wilson@boem.gov	Matthew Wilson	Bureau of Ocean Energy Management	pointOfContact	2013-01-31	open	https://walrus.wr.usgs.gov/namss/survey/b-34-88-la/dataset/	These data were acquired by BOEM (formerly MMS and USGS).  Under the terms of procurement, these data are to be available to the public 25 years after the issuance of the exploration permit.	namss.B-34-88-LA.mcs.airgun.zip					dataset	Unspecified		Unspecified	2.3 GB	1988-01-01	creation	Data zip file	https://walrus.wr.usgs.gov/namss/data/1988/namss.B-34-88-LA.mcs.airgun.zip											Stack	Seismic:Reflection	These data were acquired commercially for geophysical and geological (G&G) exploration of oil and gas prospects on the U.S. Outer Continental Shelf (OCS).  The Dept. of Interior, which regulates G&G activities on the OCS, acquired these data in order to ensure that the Federal government received fair market value for leases issued for oil and gas production on the OCS, and to accomplish other regulatory functions.	hart@usgs.gov	Patrick Hart	U.S. Geological Survey	pointOfContact	DigitalSeg:DigitallyAcquired	MCS Data transferred from BOEM to USGS for posting on NAMSS. Limited information available.	1988-01-31	1988-01-01	2016-05-23	ptriezenberg@usgs.gov	Peter Triezenberg	U.S. Geological Survey	pointOfContact	2018-03-16	Seismic Metadata v.1
MDS-10	digital		3524.09760		13.71600	74.98080					48	Hydrophone_Streamer			Long Range Navigation	Distance	74.98080		8.99160	14		210.31200	SeismicSource_Gun_Air	2682.00000	Cubic Inches		Geomar I	Geosource	SEGP1	undocumented	NAD27	-88.19140	28.22931	25.66107	-93.81063	processed	matthew.wilson@boem.gov	Matthew Wilson	Bureau of Ocean Energy Management	pointOfContact	Online	Seismic:Active:MCS	matthew.wilson@boem.gov	Matthew Wilson	Bureau of Ocean Energy Management	pointOfContact	2006-12-25	open	https://walrus.wr.usgs.gov/namss/survey/b-35-81-la/dataset/	These data were acquired by BOEM (formerly MMS and USGS).  Under the terms of procurement, these data are to be available to the public 25 years after the issuance of the exploration permit.	namss.B-35-81-LA.mcs.airgun.zip					dataset	Unspecified		Unspecified	145.5 MB	1981-12-01	creation	Data zip file	https://walrus.wr.usgs.gov/namss/data/1981/namss.B-35-81-LA.mcs.airgun.zip										Louisiana	Stack	Seismic:Reflection	These data were acquired commercially for geophysical and geological (G&G) exploration of oil and gas prospects on the U.S. Outer Continental Shelf (OCS).  The Dept. of Interior, which regulates G&G activities on the OCS, acquired these data in order to ensure that the Federal government received fair market value for leases issued for oil and gas production on the OCS, and to accomplish other regulatory functions.	hart@usgs.gov	Patrick Hart	U.S. Geological Survey	pointOfContact	DigitalSeg:DigitallyAcquired	MCS Data transferred from BOEM to USGS for posting on NAMSS. Limited information available.	1981-12-31	1981-12-01	2016-05-23	ptriezenberg@usgs.gov	Peter Triezenberg	U.S. Geological Survey	pointOfContact	2018-03-16	Seismic Metadata v.1
	digital											Hydrophone_Streamer											SeismicSource_Gun_Air						SEGP1	undocumented	NAD27	-93.39166	27.87609	26.97846	-96.41680	processed	matthew.wilson@boem.gov	Matthew Wilson	Bureau of Ocean Energy Management	pointOfContact	Online	Seismic:Active:MCS	matthew.wilson@boem.gov	Matthew Wilson	Bureau of Ocean Energy Management	pointOfContact	2007-01-25	open	https://walrus.wr.usgs.gov/namss/survey/b-35-82-tx/dataset/	These data were acquired by BOEM (formerly MMS and USGS).  Under the terms of procurement, these data are to be available to the public 25 years after the issuance of the exploration permit.	namss.B-35-82-TX.mcs.airgun.zip					dataset	Unspecified		Unspecified	1.5 GB	1982-01-01	creation	Data zip file	https://walrus.wr.usgs.gov/namss/data/1982/namss.B-35-82-TX.mcs.airgun.zip										Gulf of Mexico	Stack	Seismic:Reflection	These data were acquired commercially for geophysical and geological (G&G) exploration of oil and gas prospects on the U.S. Outer Continental Shelf (OCS).  The Dept. of Interior, which regulates G&G activities on the OCS, acquired these data in order to ensure that the Federal government received fair market value for leases issued for oil and gas production on the OCS, and to accomplish other regulatory functions.	hart@usgs.gov	Patrick Hart	U.S. Geological Survey	pointOfContact	DigitalSeg:DigitallyAcquired	MCS Data transferred from BOEM to USGS for posting on NAMSS. Limited information available.	1982-01-31	1982-01-01	2016-05-23	ptriezenberg@usgs.gov	Peter Triezenberg	U.S. Geological Survey	pointOfContact	2018-03-16	Seismic Metadata v.1
	digital											Hydrophone_Streamer											SeismicSource_Gun_Air						SEGP1	undocumented	NAD27	-83.35159	28.81322	27.03462	-84.57936	processed	matthew.wilson@boem.gov	Matthew Wilson	Bureau of Ocean Energy Management	pointOfContact	Online	Seismic:Active:MCS	matthew.wilson@boem.gov	Matthew Wilson	Bureau of Ocean Energy Management	pointOfContact	2009-01-24	open	https://walrus.wr.usgs.gov/namss/survey/b-35-84-mi/dataset/	These data were acquired by BOEM (formerly MMS and USGS).  Under the terms of procurement, these data are to be available to the public 25 years after the issuance of the exploration permit.	namss.B-35-84-MI.mcs.airgun.zip					dataset	Unspecified		Unspecified	39.2 MB	1984-01-01	creation	Data zip file	https://walrus.wr.usgs.gov/namss/data/1984/namss.B-35-84-MI.mcs.airgun.zip										Gulf of Mexico	Stack	Seismic:Reflection	These data were acquired commercially for geophysical and geological (G&G) exploration of oil and gas prospects on the U.S. Outer Continental Shelf (OCS).  The Dept. of Interior, which regulates G&G activities on the OCS, acquired these data in order to ensure that the Federal government received fair market value for leases issued for oil and gas production on the OCS, and to accomplish other regulatory functions.	hart@usgs.gov	Patrick Hart	U.S. Geological Survey	pointOfContact	DigitalSeg:DigitallyAcquired	MCS Data transferred from BOEM to USGS for posting on NAMSS. Limited information available.	1984-01-31	1984-01-01	2016-05-23	ptriezenberg@usgs.gov	Peter Triezenberg	U.S. Geological Survey	pointOfContact	2018-03-16	Seismic Metadata v.1
DFS-IV	digital					49.98720					48	Hydrophone_Streamer	6.00000	2000		Distance	24.99360					276.45360	SeismicSource_Gun_Air						SEGP1	undocumented	NAD27	-93.78093	28.59689	27.81116	-96.70020	processed	matthew.wilson@boem.gov	Matthew Wilson	Bureau of Ocean Energy Management	pointOfContact	Online	Seismic:Active:MCS	matthew.wilson@boem.gov	Matthew Wilson	Bureau of Ocean Energy Management	pointOfContact	2004-01-25	open	https://walrus.wr.usgs.gov/namss/survey/b-37-79-tx/dataset/	These data were acquired by BOEM (formerly MMS and USGS).  Under the terms of procurement, these data are to be available to the public 25 years after the issuance of the exploration permit.	namss.B-37-79-TX.mcs.airgun.zip					dataset	Unspecified		Unspecified	14.5 MB	1979-01-01	creation	Data zip file	https://walrus.wr.usgs.gov/namss/data/1979/namss.B-37-79-TX.mcs.airgun.zip										Texas	Stack	Seismic:Reflection	These data were acquired commercially for geophysical and geological (G&G) exploration of oil and gas prospects on the U.S. Outer Continental Shelf (OCS).  The Dept. of Interior, which regulates G&G activities on the OCS, acquired these data in order to ensure that the Federal government received fair market value for leases issued for oil and gas production on the OCS, and to accomplish other regulatory functions.	hart@usgs.gov	Patrick Hart	U.S. Geological Survey	pointOfContact	DigitalSeg:DigitallyAcquired	MCS Data transferred from BOEM to USGS for posting on NAMSS. Limited information available.	1979-01-31	1979-01-01	2016-05-23	ptriezenberg@usgs.gov	Peter Triezenberg	U.S. Geological Survey	pointOfContact	2018-03-16	Seismic Metadata v.1
DFS-V	digital					49.98720					72	Hydrophone_Streamer	7.00000	2000		Distance	24.99360			14			SeismicSource_Gun_Air	3264.00000	Cubic Inches				SEGP1	undocumented	NAD27	-86.00110	30.24870	29.59605	-87.79368	processed	matthew.wilson@boem.gov	Matthew Wilson	Bureau of Ocean Energy Management	pointOfContact	Online	Seismic:Active:MCS	matthew.wilson@boem.gov	Matthew Wilson	Bureau of Ocean Energy Management	pointOfContact	2010-01-25	open	https://walrus.wr.usgs.gov/namss/survey/b-37-85-fl/dataset/	These data were acquired by BOEM (formerly MMS and USGS).  Under the terms of procurement, these data are to be available to the public 25 years after the issuance of the exploration permit.	namss.B-37-85-FL.mcs.airgun.zip					dataset	Unspecified		Unspecified	97.5 MB	1985-01-01	creation	Data zip file	https://walrus.wr.usgs.gov/namss/data/1985/namss.B-37-85-FL.mcs.airgun.zip										Gulf of Mexico	Stack	Seismic:Reflection	These data were acquired commercially for geophysical and geological (G&G) exploration of oil and gas prospects on the U.S. Outer Continental Shelf (OCS).  The Dept. of Interior, which regulates G&G activities on the OCS, acquired these data in order to ensure that the Federal government received fair market value for leases issued for oil and gas production on the OCS, and to accomplish other regulatory functions.	hart@usgs.gov	Patrick Hart	U.S. Geological Survey	pointOfContact	DigitalSeg:DigitallyAcquired	MCS Data transferred from BOEM to USGS for posting on NAMSS. Limited information available.	1985-01-31	1985-01-01	2016-05-23	ptriezenberg@usgs.gov	Peter Triezenberg	U.S. Geological Survey	pointOfContact	2018-03-16	Seismic Metadata v.1
	digital											Hydrophone_Streamer											SeismicSource_Gun_Air						N83	no	NAD83	-166.73144	56.72032	55.84365	-168.76550	processed	hart@usgs.gov	Patrick Hart	U.S. Geological Survey	pointOfContact	Online	Seismic:Active:MCS	hart@usgs.gov	Patrick Hart	U.S. Geological Survey	pointOfContact	2016-09-01	open	https://walrus.wr.usgs.gov/namss/survey/b-38-81-ak/dataset/	These data were acquired by BOEM (formerly MMS and USGS). Under the terms of procurement, these data are to be available to the public 25 years after the issuance of the exploration permit.	namss.B-38-81-AK.mcs.airgun.zip					dataset	Unspecified		Unspecified	1.2 GB	1981-06-08	creation	Dataset zip file	https://walrus.wr.usgs.gov/namss/data/1981/namss.B-38-81-AK.mcs.airgun.zip										Gulf of Alaska	Stack	Seismic:Reflection	These data were acquired commercially for geophysical and geological (G&G) exploration of oil and gas prospects on the U.S. Outer Continental Shelf (OCS). The Dept. of Interior, which regulates G&G activities on the OCS, acquired these data in order to ensure that the Federal government received fair market value for leases issued for oil and gas production on the OCS, and to accomplish other regulatory functions.	matthew.wilson@boem.gov	Matthew Wilson	Bureau of Ocean Energy Management	pointOfContact	DigitalSeg:DigitallyAcquired	MCS Data transferred from BOEM to USGS for posting on NAMSS. Limited information available.	1981-10-23	1981-06-08	2017-04-18	ptriezenberg@usgs.gov	Peter Triezenberg	U.S. Geological Survey	pointOfContact	2018-03-16	Seismic Metadata v.1
DFS-V	digital		2574.34080			24.99360					104	Hydrophone_Streamer	6.00000	2000	Raydist	Distance	24.99360		7.62000				SeismicSource_Gun_Air	3564.00000	Cubic Inches		Malene Ostervold	Geco	SEGP1	undocumented	NAD27	-87.62215	30.04249	27.95734	-89.68215	processed	matthew.wilson@boem.gov	Matthew Wilson	Bureau of Ocean Energy Management	pointOfContact	Online	Seismic:Active:MCS	matthew.wilson@boem.gov	Matthew Wilson	Bureau of Ocean Energy Management	pointOfContact	2006-10-25	open	https://walrus.wr.usgs.gov/namss/survey/b-38-81-la/dataset/	These data were acquired by BOEM (formerly MMS and USGS).  Under the terms of procurement, these data are to be available to the public 25 years after the issuance of the exploration permit.	namss.B-38-81-LA.mcs.airgun.zip					dataset	Unspecified		Unspecified	114.1 MB	1981-10-01	creation	Data zip file	https://walrus.wr.usgs.gov/namss/data/1981/namss.B-38-81-LA.mcs.airgun.zip										Louisiana	Stack	Seismic:Reflection	These data were acquired commercially for geophysical and geological (G&G) exploration of oil and gas prospects on the U.S. Outer Continental Shelf (OCS).  The Dept. of Interior, which regulates G&G activities on the OCS, acquired these data in order to ensure that the Federal government received fair market value for leases issued for oil and gas production on the OCS, and to accomplish other regulatory functions.	hart@usgs.gov	Patrick Hart	U.S. Geological Survey	pointOfContact	DigitalSeg:DigitallyAcquired	MCS Data transferred from BOEM to USGS for posting on NAMSS. Limited information available.	1981-10-31	1981-10-01	2016-05-23	ptriezenberg@usgs.gov	Peter Triezenberg	U.S. Geological Survey	pointOfContact	2018-03-16	Seismic Metadata v.1
	digital											Hydrophone_Streamer											SeismicSource_Gun_Air						SEGP1	no	NAD27	-90.96784	29.02459	28.96729	-91.07357	processed	matthew.wilson@boem.gov	Matthew Wilson	Bureau of Ocean Energy Management	pointOfContact	Online	Seismic:Active:MCS	matthew.wilson@boem.gov	Matthew Wilson	Bureau of Ocean Energy Management	pointOfContact	2010-01-25	open	https://walrus.wr.usgs.gov/namss/survey/b-38-85-la/dataset/	These data were acquired by BOEM (formerly MMS and USGS).  Under the terms of procurement, these data are to be available to the public 25 years after the issuance of the exploration permit.	namss.B-38-85-LA.mcs.airgun.zip					dataset	Unspecified		Unspecified	6.6 KB	1985-01-01	creation	Data zip file	https://walrus.wr.usgs.gov/namss/data/1985/namss.B-38-85-LA.mcs.airgun.zip										Gulf of Mexico	Stack	Seismic:Reflection	These data were acquired commercially for geophysical and geological (G&G) exploration of oil and gas prospects on the U.S. Outer Continental Shelf (OCS).  The Dept. of Interior, which regulates G&G activities on the OCS, acquired these data in order to ensure that the Federal government received fair market value for leases issued for oil and gas production on the OCS, and to accomplish other regulatory functions.	hart@usgs.gov	Patrick Hart	U.S. Geological Survey	pointOfContact	DigitalSeg:DigitallyAcquired	MCS Data transferred from BOEM to USGS for posting on NAMSS. Limited information available.	1985-01-31	1985-01-01	2016-05-23	ptriezenberg@usgs.gov	Peter Triezenberg	U.S. Geological Survey	pointOfContact	2018-03-16	Seismic Metadata v.1
	digital											Hydrophone_Streamer			LORAN								SeismicSource_Gun_Air				Cecil Green	Unspecified	N83	undocumented	NAD83	-162.75404	64.38476	62.51078	-167.43780	processed	hart@usgs.gov	Patrick Hart	U.S. Geological Survey	pointOfContact	Online	Seismic:Active:MCS	Unspecified	Unspecified	Unspecified	resourceProvider		open	https://walrus.wr.usgs.gov/namss/survey/b-39-75-ak/dataset/	These data were acquired by BOEM (formerly MMS and USGS).  Under the terms of procurement, these data are to be available to the public 25 years after the issuance of the exploration permit.	namss.B-39-75-AK.mcs.airgun.zip					dataset	Unspecified		Unspecified	4.8 GB	1975-09-03	creation	Data zip file	https://walrus.wr.usgs.gov/namss/data/1975/namss.B-39-75-AK.mcs.airgun.zip										Norton Sound	Stack	Seismic:Reflection	These data were acquired commercially for geophysical and geological (G&G) exploration of oil and gas prospects on the U.S. Outer Continental Shelf (OCS).  The Dept. of Interior, which regulates G&G activities on the OCS, acquired these data in order to ensure that the Federal government received fair market value for leases issued for oil and gas production on the OCS, and to accomplish other regulatory functions.	hart@usgs.gov	Patrick Hart	U.S. Geological Survey	pointOfContact	DigitalSeg:DigitallyAcquired	MCS Data transferred from BOEM to USGS for posting on NAMSS. Limited information available.	1975-09-17	1975-09-03	2016-08-29	ptriezenberg@usgs.gov	Peter Triezenberg	U.S. Geological Survey	pointOfContact	2018-03-16	Seismic Metadata v.1
DFS-IV	digital					24.99360						Hydrophone_Streamer	6.00000	4000		Distance	49.98720						SeismicSource_Gun_Air						SEGP1	undocumented	NAD27	-89.91156	28.72390	28.61226	-90.08801	processed	matthew.wilson@boem.gov	Matthew Wilson	Bureau of Ocean Energy Management	pointOfContact	Online	Seismic:Active:MCS	matthew.wilson@boem.gov	Matthew Wilson	Bureau of Ocean Energy Management	pointOfContact	2004-08-24	open	https://walrus.wr.usgs.gov/namss/survey/b-39-79-la/dataset/	These data were acquired by BOEM (formerly MMS and USGS).  Under the terms of procurement, these data are to be available to the public 25 years after the issuance of the exploration permit.	namss.B-39-79-LA.mcs.airgun.zip					dataset	Unspecified		Unspecified	10.4 MB	1979-08-01	creation	Data zip file	https://walrus.wr.usgs.gov/namss/data/1979/namss.B-39-79-LA.mcs.airgun.zip										Louisiana	Stack	Seismic:Reflection	These data were acquired commercially for geophysical and geological (G&G) exploration of oil and gas prospects on the U.S. Outer Continental Shelf (OCS).  The Dept. of Interior, which regulates G&G activities on the OCS, acquired these data in order to ensure that the Federal government received fair market value for leases issued for oil and gas production on the OCS, and to accomplish other regulatory functions.	hart@usgs.gov	Patrick Hart	U.S. Geological Survey	pointOfContact	DigitalSeg:DigitallyAcquired	MCS Data transferred from BOEM to USGS for posting on NAMSS. Limited information available.	1979-08-31	1979-08-01	2016-05-23	ptriezenberg@usgs.gov	Peter Triezenberg	U.S. Geological Survey	pointOfContact	2018-03-16	Seismic Metadata v.1
LAS-888	digital	44.80560	3185.16000		12.19200	33.52800					96	Hydrophone_Streamer				Distance	33.52800		6.09600	10			SeismicSource_Gun_Air	560.00000	Cubic Inches				SEGP1	undocumented	NAD27	-95.29153	27.84829	26.35933	-97.16266	processed	matthew.wilson@boem.gov	Matthew Wilson	Bureau of Ocean Energy Management	pointOfContact	Online	Seismic:Active:MCS	matthew.wilson@boem.gov	Matthew Wilson	Bureau of Ocean Energy Management	pointOfContact	2005-11-24	open	https://walrus.wr.usgs.gov/namss/survey/b-39-80-tx/dataset/	These data were acquired by BOEM (formerly MMS and USGS).  Under the terms of procurement, these data are to be available to the public 25 years after the issuance of the exploration permit.	namss.B-39-80-TX.mcs.airgun.zip					dataset	Unspecified		Unspecified	29.3 MB	1980-11-01	creation	Data zip file	https://walrus.wr.usgs.gov/namss/data/1980/namss.B-39-80-TX.mcs.airgun.zip										Texas	Stack	Seismic:Reflection	These data were acquired commercially for geophysical and geological (G&G) exploration of oil and gas prospects on the U.S. Outer Continental Shelf (OCS).  The Dept. of Interior, which regulates G&G activities on the OCS, acquired these data in order to ensure that the Federal government received fair market value for leases issued for oil and gas production on the OCS, and to accomplish other regulatory functions.	hart@usgs.gov	Patrick Hart	U.S. Geological Survey	pointOfContact	DigitalSeg:DigitallyAcquired	MCS Data transferred from BOEM to USGS for posting on NAMSS. Limited information available.	1980-11-30	1980-11-01	2016-05-23	ptriezenberg@usgs.gov	Peter Triezenberg	U.S. Geological Survey	pointOfContact	2018-03-16	Seismic Metadata v.1
	digital											Hydrophone_Streamer											SeismicSource_Gun_Air						N83	no	NAD83	-165.14175	55.90843	55.23093	-165.80351	processed	hart@usgs.gov	Patrick Hart	U.S. Geological Survey	pointOfContact	Online	Seismic:Active:MCS	hart@usgs.gov	Patrick Hart	U.S. Geological Survey	pointOfContact	2016-09-01	open	https://walrus.wr.usgs.gov/namss/survey/b-39-82-ak/dataset/	These data were acquired by BOEM (formerly MMS and USGS). Under the terms of procurement, these data are to be available to the public 25 years after the issuance of the exploration permit.	namss.B-39-82-AK.mcs.airgun.zip					dataset	Unspecified		Unspecified	64.6 MB	1982-05-26	creation	Dataset zip file	https://walrus.wr.usgs.gov/namss/data/1982/namss.B-39-82-AK.mcs.airgun.zip										Gulf of Alaska	Stack	Seismic:Reflection	These data were acquired commercially for geophysical and geological (G&G) exploration of oil and gas prospects on the U.S. Outer Continental Shelf (OCS). The Dept. of Interior, which regulates G&G activities on the OCS, acquired these data in order to ensure that the Federal government received fair market value for leases issued for oil and gas production on the OCS, and to accomplish other regulatory functions.	matthew.wilson@boem.gov	Matthew Wilson	Bureau of Ocean Energy Management	pointOfContact	DigitalSeg:DigitallyAcquired	MCS Data transferred from BOEM to USGS for posting on NAMSS. Limited information available.	1982-07-09	1982-05-26	2017-04-18	ptriezenberg@usgs.gov	Peter Triezenberg	U.S. Geological Survey	pointOfContact	2018-03-16	Seismic Metadata v.1
	digital											Hydrophone_Streamer											SeismicSource_Gun_Air						SEGP1	undocumented	NAD27	-90.90449	28.88174	27.89917	-91.98752	processed	matthew.wilson@boem.gov	Matthew Wilson	Bureau of Ocean Energy Management	pointOfContact	Online	Seismic:Active:MCS	matthew.wilson@boem.gov	Matthew Wilson	Bureau of Ocean Energy Management	pointOfContact	2011-01-25	open	https://walrus.wr.usgs.gov/namss/survey/b-39-86-la/dataset/	These data were acquired by BOEM (formerly MMS and USGS).  Under the terms of procurement, these data are to be available to the public 25 years after the issuance of the exploration permit.	namss.B-39-86-LA.mcs.airgun.zip					dataset	Unspecified		Unspecified	3.3 GB	1986-01-01	creation	Data zip file	https://walrus.wr.usgs.gov/namss/data/1986/namss.B-39-86-LA.mcs.airgun.zip										Gulf of Mexico	Stack	Seismic:Reflection	These data were acquired commercially for geophysical and geological (G&G) exploration of oil and gas prospects on the U.S. Outer Continental Shelf (OCS).  The Dept. of Interior, which regulates G&G activities on the OCS, acquired these data in order to ensure that the Federal government received fair market value for leases issued for oil and gas production on the OCS, and to accomplish other regulatory functions.	hart@usgs.gov	Patrick Hart	U.S. Geological Survey	pointOfContact	DigitalSeg:DigitallyAcquired	MCS Data transferred from BOEM to USGS for posting on NAMSS. Limited information available.	1986-01-31	1986-01-01	2016-05-23	ptriezenberg@usgs.gov	Peter Triezenberg	U.S. Geological Survey	pointOfContact	2018-03-16	Seismic Metadata v.1
DFS-IV	digital		3165.95760		11.43000	67.36080					48	Hydrophone_Streamer	14.00000	4000		Distance	67.36080		15.24000	7		270.96720	Other				Deep Sea Explorer	Geosource	SEGP1	undocumented	NAD27	-88.11940	28.09215	25.41613	-96.03339	processed	matthew.wilson@boem.gov	Matthew Wilson	Bureau of Ocean Energy Management	pointOfContact	Online	Seismic:Active:MCS	matthew.wilson@boem.gov	Matthew Wilson	Bureau of Ocean Energy Management	pointOfContact	2002-01-25	open	https://walrus.wr.usgs.gov/namss/survey/b-40-77-la/dataset/	These data were acquired by BOEM (formerly MMS and USGS).  Under the terms of procurement, these data are to be available to the public 25 years after the issuance of the exploration permit.	namss.B-40-77-LA.mcs.stagaray.zip					dataset	Unspecified		Unspecified	107.3 MB	1977-01-01	creation	Data zip file	https://walrus.wr.usgs.gov/namss/data/1977/namss.B-40-77-LA.mcs.stagaray.zip										Louisiana	Stack	Seismic:Reflection	These data were acquired commercially for geophysical and geological (G&G) exploration of oil and gas prospects on the U.S. Outer Continental Shelf (OCS).  The Dept. of Interior, which regulates G&G activities on the OCS, acquired these data in order to ensure that the Federal government received fair market value for leases issued for oil and gas production on the OCS, and to accomplish other regulatory functions.	hart@usgs.gov	Patrick Hart	U.S. Geological Survey	pointOfContact	DigitalSeg:DigitallyAcquired	MCS Data transferred from BOEM to USGS for posting on NAMSS. Limited information available.	1977-01-31	1977-01-01	2016-05-23	ptriezenberg@usgs.gov	Peter Triezenberg	U.S. Geological Survey	pointOfContact	2018-03-16	Seismic Metadata v.1
DFS-IV	digital					49.98720					48	Hydrophone_Streamer	6.00000	2000		Distance	24.99360					304.80000	SeismicSource_Gun_Air						SEGP1	undocumented	NAD27	-88.56083	29.55727	29.08272	-88.83770	processed	matthew.wilson@boem.gov	Matthew Wilson	Bureau of Ocean Energy Management	pointOfContact	Online	Seismic:Active:MCS	matthew.wilson@boem.gov	Matthew Wilson	Bureau of Ocean Energy Management	pointOfContact	2004-01-25	open	https://walrus.wr.usgs.gov/namss/survey/b-40-79-la/dataset/	These data were acquired by BOEM (formerly MMS and USGS).  Under the terms of procurement, these data are to be available to the public 25 years after the issuance of the exploration permit.	namss.B-40-79-LA.mcs.airgun.zip					dataset	Unspecified		Unspecified	34.3 MB	1979-01-01	creation	Data zip file	https://walrus.wr.usgs.gov/namss/data/1979/namss.B-40-79-LA.mcs.airgun.zip										West Cameron	Stack	Seismic:Reflection	These data were acquired commercially for geophysical and geological (G&G) exploration of oil and gas prospects on the U.S. Outer Continental Shelf (OCS).  The Dept. of Interior, which regulates G&G activities on the OCS, acquired these data in order to ensure that the Federal government received fair market value for leases issued for oil and gas production on the OCS, and to accomplish other regulatory functions.	hart@usgs.gov	Patrick Hart	U.S. Geological Survey	pointOfContact	DigitalSeg:DigitallyAcquired	MCS Data transferred from BOEM to USGS for posting on NAMSS. Limited information available.	1979-01-31	1979-01-01	2016-05-23	ptriezenberg@usgs.gov	Peter Triezenberg	U.S. Geological Survey	pointOfContact	2018-03-16	Seismic Metadata v.1
	digital											Hydrophone_Streamer											SeismicSource_Gun_Air						SEGP1	undocumented	NAD27	-95.39022	28.22135	27.78722	-95.97915	processed	matthew.wilson@boem.gov	Matthew Wilson	Bureau of Ocean Energy Management	pointOfContact	Online	Seismic:Active:MCS	matthew.wilson@boem.gov	Matthew Wilson	Bureau of Ocean Energy Management	pointOfContact	2009-01-24	open	https://walrus.wr.usgs.gov/namss/survey/b-40-84-tx/dataset/	These data were acquired by BOEM (formerly MMS and USGS).  Under the terms of procurement, these data are to be available to the public 25 years after the issuance of the exploration permit.	namss.B-40-84-TX.mcs.airgun.zip					dataset	Unspecified		Unspecified	54.8 MB	1984-01-01	creation	Data zip file	https://walrus.wr.usgs.gov/namss/data/1984/namss.B-40-84-TX.mcs.airgun.zip										Gulf of Mexico	Stack	Seismic:Reflection	These data were acquired commercially for geophysical and geological (G&G) exploration of oil and gas prospects on the U.S. Outer Continental Shelf (OCS).  The Dept. of Interior, which regulates G&G activities on the OCS, acquired these data in order to ensure that the Federal government received fair market value for leases issued for oil and gas production on the OCS, and to accomplish other regulatory functions.	hart@usgs.gov	Patrick Hart	U.S. Geological Survey	pointOfContact	DigitalSeg:DigitallyAcquired	MCS Data transferred from BOEM to USGS for posting on NAMSS. Limited information available.	1984-01-31	1984-01-01	2016-05-23	ptriezenberg@usgs.gov	Peter Triezenberg	U.S. Geological Survey	pointOfContact	2018-03-16	Seismic Metadata v.1
DDS-888	digital		1432.56000			30.48000					48	Hydrophone_Streamer	6.00000	2000		Distance	30.48000		9.14400			275.84400	Other						SEGP1	undocumented	NAD27	-89.54774	29.37588	28.10564	-92.59960	processed	matthew.wilson@boem.gov	Matthew Wilson	Bureau of Ocean Energy Management	pointOfContact	Online	Seismic:Active:MCS	matthew.wilson@boem.gov	Matthew Wilson	Bureau of Ocean Energy Management	pointOfContact	2000-12-24	open	https://walrus.wr.usgs.gov/namss/survey/b-41-75-la/dataset/	These data were acquired by BOEM (formerly MMS and USGS).  Under the terms of procurement, these data are to be available to the public 25 years after the issuance of the exploration permit.	namss.B-41-75-LA.mcs.aquapulse.zip					dataset	Unspecified		Unspecified	384.9 MB	1975-01-01	creation	Data zip file	https://walrus.wr.usgs.gov/namss/data/1975/namss.B-41-75-LA.mcs.aquapulse.zip										Ship Shoal	Stack	Seismic:Reflection	These data were acquired commercially for geophysical and geological (G&G) exploration of oil and gas prospects on the U.S. Outer Continental Shelf (OCS).  The Dept. of Interior, which regulates G&G activities on the OCS, acquired these data in order to ensure that the Federal government received fair market value for leases issued for oil and gas production on the OCS, and to accomplish other regulatory functions.	hart@usgs.gov	Patrick Hart	U.S. Geological Survey	pointOfContact	DigitalSeg:DigitallyAcquired	MCS Data transferred from BOEM to USGS for posting on NAMSS. Limited information available.	1975-12-31	1975-01-01	2016-05-23	ptriezenberg@usgs.gov	Peter Triezenberg	U.S. Geological Survey	pointOfContact	2018-03-16	Seismic Metadata v.1
	digital											Hydrophone_Streamer											SeismicSource_Gun_Air						N83	no	NAD83	-140.93110	71.14272	69.87539	-148.49465	processed	hart@usgs.gov	Patrick Hart	U.S. Geological Survey	pointOfContact	Online	Seismic:Active:MCS	hart@usgs.gov	Patrick Hart	U.S. Geological Survey	pointOfContact	2016-09-01	open	https://walrus.wr.usgs.gov/namss/survey/b-41-81-ak/dataset/	These data were acquired by BOEM (formerly MMS and USGS). Under the terms of procurement, these data are to be available to the public 25 years after the issuance of the exploration permit.	namss.B-41-81-AK.mcs.airgun.zip					dataset	Unspecified		Unspecified	1.6 GB	1981-09-09	creation	Dataset zip file	https://walrus.wr.usgs.gov/namss/data/1981/namss.B-41-81-AK.mcs.airgun.zip										Gulf of Alaska	Stack	Seismic:Reflection	These data were acquired commercially for geophysical and geological (G&G) exploration of oil and gas prospects on the U.S. Outer Continental Shelf (OCS). The Dept. of Interior, which regulates G&G activities on the OCS, acquired these data in order to ensure that the Federal government received fair market value for leases issued for oil and gas production on the OCS, and to accomplish other regulatory functions.	matthew.wilson@boem.gov	Matthew Wilson	Bureau of Ocean Energy Management	pointOfContact	DigitalSeg:DigitallyAcquired	MCS Data transferred from BOEM to USGS for posting on NAMSS. Limited information available.	1981-09-26	1981-09-09	2017-04-18	ptriezenberg@usgs.gov	Peter Triezenberg	U.S. Geological Survey	pointOfContact	2018-03-16	Seismic Metadata v.1
DFS-IV	digital											Hydrophone_Streamer			LORAN								SeismicSource_Gun_Air				State Wave	Unspecified	N83	undocumented	NAD83	-164.63125	56.99495	54.90586	-171.09112	processed	hart@usgs.gov	Patrick Hart	U.S. Geological Survey	pointOfContact	Online	Seismic:Active:MCS	Unspecified	Unspecified	Unspecified	resourceProvider		open	https://walrus.wr.usgs.gov/namss/survey/b-43-75-ak/dataset/	These data were acquired by BOEM (formerly MMS and USGS).  Under the terms of procurement, these data are to be available to the public 25 years after the issuance of the exploration permit.	namss.B-43-75-AK.mcs.airgun.zip					dataset	Unspecified		Unspecified	6.6 GB	1975-06-01	creation	Data zip file	https://walrus.wr.usgs.gov/namss/data/1975/namss.B-43-75-AK.mcs.airgun.zip										St. George Basin	Stack	Seismic:Reflection	These data were acquired commercially for geophysical and geological (G&G) exploration of oil and gas prospects on the U.S. Outer Continental Shelf (OCS).  The Dept. of Interior, which regulates G&G activities on the OCS, acquired these data in order to ensure that the Federal government received fair market value for leases issued for oil and gas production on the OCS, and to accomplish other regulatory functions.	hart@usgs.gov	Patrick Hart	U.S. Geological Survey	pointOfContact	DigitalSeg:DigitallyAcquired	MCS Data transferred from BOEM to USGS for posting on NAMSS. Limited information available.	1975-07-31	1975-06-01	2016-08-29	ptriezenberg@usgs.gov	Peter Triezenberg	U.S. Geological Survey	pointOfContact	2018-03-16	Seismic Metadata v.1
	digital											Hydrophone_Streamer											SeismicSource_Gun_Air						SEGP1	undocumented	NAD27	-93.72936	29.53284	29.30524	-94.23099	processed	matthew.wilson@boem.gov	Matthew Wilson	Bureau of Ocean Energy Management	pointOfContact	Online	Seismic:Active:MCS	matthew.wilson@boem.gov	Matthew Wilson	Bureau of Ocean Energy Management	pointOfContact	2011-01-25	open	https://walrus.wr.usgs.gov/namss/survey/b-43-86-tx/dataset/	These data were acquired by BOEM (formerly MMS and USGS).  Under the terms of procurement, these data are to be available to the public 25 years after the issuance of the exploration permit.	namss.B-43-86-TX.mcs.airgun.zip					dataset	Unspecified		Unspecified	209.8 MB	1986-01-01	creation	Data zip file	https://walrus.wr.usgs.gov/namss/data/1986/namss.B-43-86-TX.mcs.airgun.zip										Gulf of Mexico	Stack	Seismic:Reflection	These data were acquired commercially for geophysical and geological (G&G) exploration of oil and gas prospects on the U.S. Outer Continental Shelf (OCS).  The Dept. of Interior, which regulates G&G activities on the OCS, acquired these data in order to ensure that the Federal government received fair market value for leases issued for oil and gas production on the OCS, and to accomplish other regulatory functions.	hart@usgs.gov	Patrick Hart	U.S. Geological Survey	pointOfContact	DigitalSeg:DigitallyAcquired	MCS Data transferred from BOEM to USGS for posting on NAMSS. Limited information available.	1986-01-31	1986-01-01	2016-05-23	ptriezenberg@usgs.gov	Peter Triezenberg	U.S. Geological Survey	pointOfContact	2018-03-16	Seismic Metadata v.1
DDS-888	digital		2313.43200			100.58400					24	Hydrophone_Streamer	6.00000	2000		Distance	100.58400		7.62000	6		167.03040	Other						SEGP1	undocumented	NAD27	-89.49575	29.13318	28.79625	-90.99459	processed	matthew.wilson@boem.gov	Matthew Wilson	Bureau of Ocean Energy Management	pointOfContact	Online	Seismic:Active:MCS	matthew.wilson@boem.gov	Matthew Wilson	Bureau of Ocean Energy Management	pointOfContact	2000-12-24	open	https://walrus.wr.usgs.gov/namss/survey/b-44-75-la/dataset/	These data were acquired by BOEM (formerly MMS and USGS).  Under the terms of procurement, these data are to be available to the public 25 years after the issuance of the exploration permit.	namss.B-44-75-LA.mcs.aquapulse.zip					dataset	Unspecified		Unspecified	386.5 MB	1975-01-01	creation	Data zip file	https://walrus.wr.usgs.gov/namss/data/1975/namss.B-44-75-LA.mcs.aquapulse.zip										Ship Shoal	Stack	Seismic:Reflection	These data were acquired commercially for geophysical and geological (G&G) exploration of oil and gas prospects on the U.S. Outer Continental Shelf (OCS).  The Dept. of Interior, which regulates G&G activities on the OCS, acquired these data in order to ensure that the Federal government received fair market value for leases issued for oil and gas production on the OCS, and to accomplish other regulatory functions.	hart@usgs.gov	Patrick Hart	U.S. Geological Survey	pointOfContact	DigitalSeg:DigitallyAcquired	MCS Data transferred from BOEM to USGS for posting on NAMSS. Limited information available.	1975-12-31	1975-01-01	2016-05-23	ptriezenberg@usgs.gov	Peter Triezenberg	U.S. Geological Survey	pointOfContact	2018-03-16	Seismic Metadata v.1
	digital											Hydrophone_Streamer											SeismicSource_Gun_Air						SEGP1	undocumented	NAD27	-89.51933	28.90233	28.08998	-93.50337	processed	matthew.wilson@boem.gov	Matthew Wilson	Bureau of Ocean Energy Management	pointOfContact	Online	Seismic:Active:MCS	matthew.wilson@boem.gov	Matthew Wilson	Bureau of Ocean Energy Management	pointOfContact	2006-01-25	open	https://walrus.wr.usgs.gov/namss/survey/b-44-81-la/dataset/	These data were acquired by BOEM (formerly MMS and USGS).  Under the terms of procurement, these data are to be available to the public 25 years after the issuance of the exploration permit.	namss.B-44-81-LA.mcs.airgun.zip					dataset	Unspecified		Unspecified	53.3 MB	1981-01-01	creation	Data zip file	https://walrus.wr.usgs.gov/namss/data/1981/namss.B-44-81-LA.mcs.airgun.zip										Gulf of Mexico	Stack	Seismic:Reflection	These data were acquired commercially for geophysical and geological (G&G) exploration of oil and gas prospects on the U.S. Outer Continental Shelf (OCS).  The Dept. of Interior, which regulates G&G activities on the OCS, acquired these data in order to ensure that the Federal government received fair market value for leases issued for oil and gas production on the OCS, and to accomplish other regulatory functions.	hart@usgs.gov	Patrick Hart	U.S. Geological Survey	pointOfContact	DigitalSeg:DigitallyAcquired	MCS Data transferred from BOEM to USGS for posting on NAMSS. Limited information available.	1981-01-31	1981-01-01	2016-05-23	ptriezenberg@usgs.gov	Peter Triezenberg	U.S. Geological Survey	pointOfContact	2018-03-16	Seismic Metadata v.1
	digital											Hydrophone_Streamer											SeismicSource_Gun_Air						SEGP1	undocumented	NAD27	-93.59249	29.16913	28.43531	-93.73783	processed	matthew.wilson@boem.gov	Matthew Wilson	Bureau of Ocean Energy Management	pointOfContact	Online	Seismic:Active:MCS	matthew.wilson@boem.gov	Matthew Wilson	Bureau of Ocean Energy Management	pointOfContact	2013-01-31	open	https://walrus.wr.usgs.gov/namss/survey/b-44-88-la/dataset/	These data were acquired by BOEM (formerly MMS and USGS).  Under the terms of procurement, these data are to be available to the public 25 years after the issuance of the exploration permit.	namss.B-44-88-LA.mcs.airgun.zip					dataset	Unspecified		Unspecified	145.0 MB	1988-01-01	creation	Data zip file	https://walrus.wr.usgs.gov/namss/data/1988/namss.B-44-88-LA.mcs.airgun.zip											Stack	Seismic:Reflection	These data were acquired commercially for geophysical and geological (G&G) exploration of oil and gas prospects on the U.S. Outer Continental Shelf (OCS).  The Dept. of Interior, which regulates G&G activities on the OCS, acquired these data in order to ensure that the Federal government received fair market value for leases issued for oil and gas production on the OCS, and to accomplish other regulatory functions.	hart@usgs.gov	Patrick Hart	U.S. Geological Survey	pointOfContact	DigitalSeg:DigitallyAcquired	MCS Data transferred from BOEM to USGS for posting on NAMSS. Limited information available.	1988-01-31	1988-01-01	2016-05-23	ptriezenberg@usgs.gov	Peter Triezenberg	U.S. Geological Survey	pointOfContact	2018-03-16	Seismic Metadata v.1
	digital											Hydrophone_Streamer											SeismicSource_Gun_Air						SEGP1	undocumented	NAD27	-88.29181	29.55727	28.84002	-92.09176	processed	matthew.wilson@boem.gov	Matthew Wilson	Bureau of Ocean Energy Management	pointOfContact	Online	Seismic:Active:MCS	matthew.wilson@boem.gov	Matthew Wilson	Bureau of Ocean Energy Management	pointOfContact	2003-01-25	open	https://walrus.wr.usgs.gov/namss/survey/b-45-78-la/dataset/	These data were acquired by BOEM (formerly MMS and USGS).  Under the terms of procurement, these data are to be available to the public 25 years after the issuance of the exploration permit.	namss.B-45-78-LA.mcs.airgun.zip					dataset	Unspecified		Unspecified	75.3 MB	1978-01-01	creation	Data zip file	https://walrus.wr.usgs.gov/namss/data/1978/namss.B-45-78-LA.mcs.airgun.zip										Gulf of Mexico	Stack	Seismic:Reflection	These data were acquired commercially for geophysical and geological (G&G) exploration of oil and gas prospects on the U.S. Outer Continental Shelf (OCS).  The Dept. of Interior, which regulates G&G activities on the OCS, acquired these data in order to ensure that the Federal government received fair market value for leases issued for oil and gas production on the OCS, and to accomplish other regulatory functions.	hart@usgs.gov	Patrick Hart	U.S. Geological Survey	pointOfContact	DigitalSeg:DigitallyAcquired	MCS Data transferred from BOEM to USGS for posting on NAMSS. Limited information available.	1978-01-31	1978-01-01	2016-05-23	ptriezenberg@usgs.gov	Peter Triezenberg	U.S. Geological Survey	pointOfContact	2018-03-16	Seismic Metadata v.1
	digital											Hydrophone_Streamer											SeismicSource_Gun_Air						SEGP1	no	NAD27	-93.63547	29.46592	27.43512	-96.88746	processed	hart@usgs.gov	Patrick Hart	U.S. Geological Survey	pointOfContact	Online	Seismic:Active:MCS	hart@usgs.gov	Patrick Hart	U.S. Geological Survey	pointOfContact		open	https://walrus.wr.usgs.gov/namss/survey/b-45-90-tx/dataset/	These data were acquired by BOEM (formerly MMS and USGS). Under the terms of procurement, these data are to be available to the public 25 years after the issuance of the exploration permit.	namss.B-45-90-TX.mcs.airgun.zip					dataset	Unspecified		Unspecified	2.3 GB	1990-01-01	creation	Dataset zip file	https://walrus.wr.usgs.gov/namss/data/1990/namss.B-45-90-TX.mcs.airgun.zip										Gulf of Mexico			These data were acquired commercially for geophysical and geological (G&G) exploration of oil and gas prospects on the U.S. Outer Continental Shelf (OCS). The Dept. of Interior, which regulates G&G activities on the OCS, acquired these data in order to ensure that the Federal government received fair market value for leases issued for oil and gas production on the OCS, and to accomplish other regulatory functions.	matthew.wilson@boem.gov	Matthew Wilson	Bureau of Ocean Energy Management	pointOfContact	DigitalSeg:DigitallyAcquired	MCS Data transferred from BOEM to USGS for posting on NAMSS. Limited information available.	1990-01-01	1990-01-01	2017-02-07	ptriezenberg@usgs.gov	Peter Triezenberg	U.S. Geological Survey	pointOfContact	2018-03-16	Seismic Metadata v.1
	digital											Hydrophone_Streamer											SeismicSource_Gun_Air						SEGP1	undocumented	NAD27	-93.64763	29.24571	29.00708	-94.71161	processed	matthew.wilson@boem.gov	Matthew Wilson	Bureau of Ocean Energy Management	pointOfContact	Online	Seismic:Active:MCS	matthew.wilson@boem.gov	Matthew Wilson	Bureau of Ocean Energy Management	pointOfContact	2006-01-25	open	https://walrus.wr.usgs.gov/namss/survey/b-46-81-tx/dataset/	These data were acquired by BOEM (formerly MMS and USGS).  Under the terms of procurement, these data are to be available to the public 25 years after the issuance of the exploration permit.	namss.B-46-81-TX.mcs.airgun.zip					dataset	Unspecified		Unspecified	24.9 MB	1981-01-01	creation	Data zip file	https://walrus.wr.usgs.gov/namss/data/1981/namss.B-46-81-TX.mcs.airgun.zip										Gulf of Mexico	Stack	Seismic:Reflection	These data were acquired commercially for geophysical and geological (G&G) exploration of oil and gas prospects on the U.S. Outer Continental Shelf (OCS).  The Dept. of Interior, which regulates G&G activities on the OCS, acquired these data in order to ensure that the Federal government received fair market value for leases issued for oil and gas production on the OCS, and to accomplish other regulatory functions.	hart@usgs.gov	Patrick Hart	U.S. Geological Survey	pointOfContact	DigitalSeg:DigitallyAcquired	MCS Data transferred from BOEM to USGS for posting on NAMSS. Limited information available.	1981-01-31	1981-01-01	2016-05-23	ptriezenberg@usgs.gov	Peter Triezenberg	U.S. Geological Survey	pointOfContact	2018-03-16	Seismic Metadata v.1
	digital											Hydrophone_Streamer											SeismicSource_Gun_Air						N83	no	NAD83	-158.11244	59.15561	54.06663	-169.42497	processed	hart@usgs.gov	Patrick Hart	U.S. Geological Survey	pointOfContact	Online	Seismic:Active:MCS	hart@usgs.gov	Patrick Hart	U.S. Geological Survey	pointOfContact	2016-09-01	open	https://walrus.wr.usgs.gov/namss/survey/b-46-82-ak/dataset/	These data were acquired by BOEM (formerly MMS and USGS). Under the terms of procurement, these data are to be available to the public 25 years after the issuance of the exploration permit.	namss.B-46-82-AK.mcs.airgun.zip					dataset	Unspecified		Unspecified	2.5 GB	1982-04-27	creation	Dataset zip file	https://walrus.wr.usgs.gov/namss/data/1982/namss.B-46-82-AK.mcs.airgun.zip										Gulf of Alaska	Stack	Seismic:Reflection	These data were acquired commercially for geophysical and geological (G&G) exploration of oil and gas prospects on the U.S. Outer Continental Shelf (OCS). The Dept. of Interior, which regulates G&G activities on the OCS, acquired these data in order to ensure that the Federal government received fair market value for leases issued for oil and gas production on the OCS, and to accomplish other regulatory functions.	matthew.wilson@boem.gov	Matthew Wilson	Bureau of Ocean Energy Management	pointOfContact	DigitalSeg:DigitallyAcquired	MCS Data transferred from BOEM to USGS for posting on NAMSS. Limited information available.	1982-09-22	1982-04-27	2017-04-18	ptriezenberg@usgs.gov	Peter Triezenberg	U.S. Geological Survey	pointOfContact	2018-03-16	Seismic Metadata v.1
	digital											Hydrophone_Streamer											SeismicSource_Gun_Air						SEGP1	undocumented	NAD27	-91.35611	29.05612	27.52479	-91.92339	processed	matthew.wilson@boem.gov	Matthew Wilson	Bureau of Ocean Energy Management	pointOfContact	Online	Seismic:Active:MCS	matthew.wilson@boem.gov	Matthew Wilson	Bureau of Ocean Energy Management	pointOfContact	2007-01-25	open	https://walrus.wr.usgs.gov/namss/survey/b-46-82-la/dataset/	These data were acquired by BOEM (formerly MMS and USGS).  Under the terms of procurement, these data are to be available to the public 25 years after the issuance of the exploration permit.	namss.B-46-82-LA.mcs.airgun.zip					dataset	Unspecified		Unspecified	5.9 MB	1982-01-01	creation	Data zip file	https://walrus.wr.usgs.gov/namss/data/1982/namss.B-46-82-LA.mcs.airgun.zip										Gulf of Mexico	Stack	Seismic:Reflection	These data were acquired commercially for geophysical and geological (G&G) exploration of oil and gas prospects on the U.S. Outer Continental Shelf (OCS).  The Dept. of Interior, which regulates G&G activities on the OCS, acquired these data in order to ensure that the Federal government received fair market value for leases issued for oil and gas production on the OCS, and to accomplish other regulatory functions.	hart@usgs.gov	Patrick Hart	U.S. Geological Survey	pointOfContact	DigitalSeg:DigitallyAcquired	MCS Data transferred from BOEM to USGS for posting on NAMSS. Limited information available.	1982-01-31	1982-01-01	2016-05-23	ptriezenberg@usgs.gov	Peter Triezenberg	U.S. Geological Survey	pointOfContact	2018-03-16	Seismic Metadata v.1
	digital											Hydrophone_Streamer											SeismicSource_Gun_Air						SEGP1	no	NAD27	-95.50744	28.23534	27.18655	-97.09573	processed	matthew.wilson@boem.gov	Matthew Wilson	Bureau of Ocean Energy Management	pointOfContact	Online	Seismic:Active:MCS	matthew.wilson@boem.gov	Matthew Wilson	Bureau of Ocean Energy Management	pointOfContact	2010-01-25	open	https://walrus.wr.usgs.gov/namss/survey/b-46-85-tx/dataset/	These data were acquired by BOEM (formerly MMS and USGS).  Under the terms of procurement, these data are to be available to the public 25 years after the issuance of the exploration permit.	namss.B-46-85-TX.mcs.airgun.zip					dataset	Unspecified		Unspecified	190.9 KB	1985-01-01	creation	Data zip file	https://walrus.wr.usgs.gov/namss/data/1985/namss.B-46-85-TX.mcs.airgun.zip										Gulf of Mexico	Stack	Seismic:Reflection	These data were acquired commercially for geophysical and geological (G&G) exploration of oil and gas prospects on the U.S. Outer Continental Shelf (OCS).  The Dept. of Interior, which regulates G&G activities on the OCS, acquired these data in order to ensure that the Federal government received fair market value for leases issued for oil and gas production on the OCS, and to accomplish other regulatory functions.	hart@usgs.gov	Patrick Hart	U.S. Geological Survey	pointOfContact	DigitalSeg:DigitallyAcquired	MCS Data transferred from BOEM to USGS for posting on NAMSS. Limited information available.	1985-01-31	1985-01-01	2016-05-23	ptriezenberg@usgs.gov	Peter Triezenberg	U.S. Geological Survey	pointOfContact	2018-03-16	Seismic Metadata v.1
	digital											Hydrophone_Streamer											SeismicSource_Gun_Air						SEGP1	no	NAD27	-93.37283	29.52934	26.82553	-96.46748	processed	matthew.wilson@boem.gov	Matthew Wilson	Bureau of Ocean Energy Management	pointOfContact	Online	Seismic:Active:MCS	matthew.wilson@boem.gov	Matthew Wilson	Bureau of Ocean Energy Management	pointOfContact	2005-01-24	open	https://walrus.wr.usgs.gov/namss/survey/b-47-80-tx/dataset/	These data were acquired by BOEM (formerly MMS and USGS).  Under the terms of procurement, these data are to be available to the public 25 years after the issuance of the exploration permit.	namss.B-47-80-TX.mcs.airgun.zip					dataset	Unspecified		Unspecified	111.6 MB	1980-01-01	creation	Data zip file	https://walrus.wr.usgs.gov/namss/data/1980/namss.B-47-80-TX.mcs.airgun.zip										Gulf of Mexico	Stack	Seismic:Reflection	These data were acquired commercially for geophysical and geological (G&G) exploration of oil and gas prospects on the U.S. Outer Continental Shelf (OCS).  The Dept. of Interior, which regulates G&G activities on the OCS, acquired these data in order to ensure that the Federal government received fair market value for leases issued for oil and gas production on the OCS, and to accomplish other regulatory functions.	hart@usgs.gov	Patrick Hart	U.S. Geological Survey	pointOfContact	DigitalSeg:DigitallyAcquired	MCS Data transferred from BOEM to USGS for posting on NAMSS. Limited information available.	1980-01-31	1980-01-01	2016-05-23	ptriezenberg@usgs.gov	Peter Triezenberg	U.S. Geological Survey	pointOfContact	2018-03-16	Seismic Metadata v.1
	digital											Hydrophone_Streamer											SeismicSource_Gun_Air						N83	undocumented	NAD83	-149.42231	71.02164	70.59412	-151.26023	processed	hart@usgs.gov	Patrick Hart	U.S. Geological Survey	pointOfContact	Online	Seismic:Active:MCS	hart@usgs.gov	Patrick Hart	U.S. Geological Survey	pointOfContact	2006-09-18	open	https://walrus.wr.usgs.gov/namss/survey/b-47-81-ar/dataset/	These data were acquired by BOEM (formerly MMS and USGS).  Under the terms of procurement, these data are to be available to the public 25 years after the issuance of the exploration permit.	namss.B-47-81-AR.mcs.airgun.zip					dataset	Unspecified		Unspecified	129.5 MB	1981-09-06	creation	Dataset zip file	https://walrus.wr.usgs.gov/namss/data/1981/namss.B-47-81-AR.mcs.airgun.zip										Beaufort Sea	Stack	Seismic:Reflection	These data were acquired commercially for geophysical and geological (G&G) exploration of oil and gas prospects on the U.S. Outer Continental Shelf (OCS).  The Dept. of Interior, which regulates G&G activities on the OCS, acquired these data in order to ensure that the Federal government received fair market value for leases issued for oil and gas production on the OCS, and to accomplish other regulatory functions.	hart@usgs.gov	Patrick Hart	U.S. Geological Survey	pointOfContact	DigitalSeg:DigitallyAcquired	MCS Data transferred from BOEM to USGS for posting on NAMSS. Limited information available.	1981-09-28	1981-09-06	2016-05-23	ptriezenberg@usgs.gov	Peter Triezenberg	U.S. Geological Survey	pointOfContact	2018-03-16	Seismic Metadata v.1
DFS-IV	digital		3165.95760		12.19200	67.36080					48	Hydrophone_Streamer	6.00000	2000	LORAC	Distance	33.68040		9.08304	7		220.06560	SeismicSource_Gun_Air	1684.00000	Cubic Inches		Deep Sea Explorer	Geosource	SEGP1	undocumented	NAD27	-91.32047	28.03918	27.75900	-91.89144	processed	matthew.wilson@boem.gov	Matthew Wilson	Bureau of Ocean Energy Management	pointOfContact	Online	Seismic:Active:MCS	matthew.wilson@boem.gov	Matthew Wilson	Bureau of Ocean Energy Management	pointOfContact	2006-07-25	open	https://walrus.wr.usgs.gov/namss/survey/b-47-81-la/dataset/	These data were acquired by BOEM (formerly MMS and USGS).  Under the terms of procurement, these data are to be available to the public 25 years after the issuance of the exploration permit.	namss.B-47-81-LA.mcs.airgun.zip					dataset	Unspecified		Unspecified	20.2 MB	1981-07-01	creation	Data zip file	https://walrus.wr.usgs.gov/namss/data/1981/namss.B-47-81-LA.mcs.airgun.zip										Louisiana	Stack	Seismic:Reflection	These data were acquired commercially for geophysical and geological (G&G) exploration of oil and gas prospects on the U.S. Outer Continental Shelf (OCS).  The Dept. of Interior, which regulates G&G activities on the OCS, acquired these data in order to ensure that the Federal government received fair market value for leases issued for oil and gas production on the OCS, and to accomplish other regulatory functions.	hart@usgs.gov	Patrick Hart	U.S. Geological Survey	pointOfContact	DigitalSeg:DigitallyAcquired	MCS Data transferred from BOEM to USGS for posting on NAMSS. Limited information available.	1981-07-31	1981-07-01	2016-05-23	ptriezenberg@usgs.gov	Peter Triezenberg	U.S. Geological Survey	pointOfContact	2018-03-16	Seismic Metadata v.1
	digital											Hydrophone_Streamer											SeismicSource_Gun_Air						N83	no	NAD83	-165.87209	56.41140	55.49627	-167.02395	processed	hart@usgs.gov	Patrick Hart	U.S. Geological Survey	pointOfContact	Online	Seismic:Active:MCS	hart@usgs.gov	Patrick Hart	U.S. Geological Survey	pointOfContact	2016-09-01	open	https://walrus.wr.usgs.gov/namss/survey/b-47-83-ak/dataset/	These data were acquired by BOEM (formerly MMS and USGS). Under the terms of procurement, these data are to be available to the public 25 years after the issuance of the exploration permit.	namss.B-47-83-AK.mcs.airgun.zip					dataset	Unspecified		Unspecified	68.3 MB	1983-07-15	creation	Dataset zip file	https://walrus.wr.usgs.gov/namss/data/1983/namss.B-47-83-AK.mcs.airgun.zip										Gulf of Alaska	Stack	Seismic:Reflection	These data were acquired commercially for geophysical and geological (G&G) exploration of oil and gas prospects on the U.S. Outer Continental Shelf (OCS). The Dept. of Interior, which regulates G&G activities on the OCS, acquired these data in order to ensure that the Federal government received fair market value for leases issued for oil and gas production on the OCS, and to accomplish other regulatory functions.	matthew.wilson@boem.gov	Matthew Wilson	Bureau of Ocean Energy Management	pointOfContact	DigitalSeg:DigitallyAcquired	MCS Data transferred from BOEM to USGS for posting on NAMSS. Limited information available.	1983-10-30	1983-07-15	2017-04-18	ptriezenberg@usgs.gov	Peter Triezenberg	U.S. Geological Survey	pointOfContact	2018-03-16	Seismic Metadata v.1
	digital											Hydrophone_Streamer											SeismicSource_Gun_Air						SEGP1	undocumented	NAD27	-93.78650	29.48213	29.42143	-93.89038	processed	matthew.wilson@boem.gov	Matthew Wilson	Bureau of Ocean Energy Management	pointOfContact	Online	Seismic:Active:MCS	matthew.wilson@boem.gov	Matthew Wilson	Bureau of Ocean Energy Management	pointOfContact	2002-01-25	open	https://walrus.wr.usgs.gov/namss/survey/b-48-77-tx/dataset/	These data were acquired by BOEM (formerly MMS and USGS).  Under the terms of procurement, these data are to be available to the public 25 years after the issuance of the exploration permit.	namss.B-48-77-TX.mcs.airgun.zip					dataset	Unspecified		Unspecified	4.7 MB	1977-01-01	creation	Data zip file	https://walrus.wr.usgs.gov/namss/data/1977/namss.B-48-77-TX.mcs.airgun.zip										Gulf of Mexico	Stack	Seismic:Reflection	These data were acquired commercially for geophysical and geological (G&G) exploration of oil and gas prospects on the U.S. Outer Continental Shelf (OCS).  The Dept. of Interior, which regulates G&G activities on the OCS, acquired these data in order to ensure that the Federal government received fair market value for leases issued for oil and gas production on the OCS, and to accomplish other regulatory functions.	hart@usgs.gov	Patrick Hart	U.S. Geological Survey	pointOfContact	DigitalSeg:DigitallyAcquired	MCS Data transferred from BOEM to USGS for posting on NAMSS. Limited information available.	1977-01-31	1977-01-01	2016-05-23	ptriezenberg@usgs.gov	Peter Triezenberg	U.S. Geological Survey	pointOfContact	2018-03-16	Seismic Metadata v.1
DFS-IV	digital					49.98720					48	Hydrophone_Streamer	6.00000	2000		Distance	24.99360					304.80000	SeismicSource_Gun_Air						SEGP1	undocumented	NAD27	-94.13926	28.19848	27.98744	-94.70346	processed	matthew.wilson@boem.gov	Matthew Wilson	Bureau of Ocean Energy Management	pointOfContact	Online	Seismic:Active:MCS	matthew.wilson@boem.gov	Matthew Wilson	Bureau of Ocean Energy Management	pointOfContact	2004-01-25	open	https://walrus.wr.usgs.gov/namss/survey/b-48-79-tx/dataset/	These data were acquired by BOEM (formerly MMS and USGS).  Under the terms of procurement, these data are to be available to the public 25 years after the issuance of the exploration permit.	namss.B-48-79-TX.mcs.airgun.zip					dataset	Unspecified		Unspecified	23.5 MB	1979-01-01	creation	Data zip file	https://walrus.wr.usgs.gov/namss/data/1979/namss.B-48-79-TX.mcs.airgun.zip										Texas	Stack	Seismic:Reflection	These data were acquired commercially for geophysical and geological (G&G) exploration of oil and gas prospects on the U.S. Outer Continental Shelf (OCS).  The Dept. of Interior, which regulates G&G activities on the OCS, acquired these data in order to ensure that the Federal government received fair market value for leases issued for oil and gas production on the OCS, and to accomplish other regulatory functions.	hart@usgs.gov	Patrick Hart	U.S. Geological Survey	pointOfContact	DigitalSeg:DigitallyAcquired	MCS Data transferred from BOEM to USGS for posting on NAMSS. Limited information available.	1979-01-31	1979-01-01	2016-05-23	ptriezenberg@usgs.gov	Peter Triezenberg	U.S. Geological Survey	pointOfContact	2018-03-16	Seismic Metadata v.1
DFS-IV	digital		2400.00008			15.24000					48	Hydrophone_Streamer	6.00000	2000		Distance	50.00000		6.09600				SeismicSource_Gun_Air	1200.00000	Cubic Inches		Midnight Sun	GSI	SEGP1	undocumented	NAD27	-91.31752	28.96234	28.41319	-92.13132	processed	matthew.wilson@boem.gov	Matthew Wilson	Bureau of Ocean Energy Management	pointOfContact	Online	Seismic:Active:MCS	matthew.wilson@boem.gov	Matthew Wilson	Bureau of Ocean Energy Management	pointOfContact	1999-12-25	open	https://walrus.wr.usgs.gov/namss/survey/b-49-74-la/dataset/	These data were acquired by BOEM (formerly MMS and USGS).  Under the terms of procurement, these data are to be available to the public 25 years after the issuance of the exploration permit.	namss.B-49-74-LA.mcs.airgun.zip					dataset	Unspecified		Unspecified	32.8 MB	1974-01-01	creation	Data zip file	https://walrus.wr.usgs.gov/namss/data/1974/namss.B-49-74-LA.mcs.airgun.zip										Louisiana	Stack	Seismic:Reflection	These data were acquired commercially for geophysical and geological (G&G) exploration of oil and gas prospects on the U.S. Outer Continental Shelf (OCS).  The Dept. of Interior, which regulates G&G activities on the OCS, acquired these data in order to ensure that the Federal government received fair market value for leases issued for oil and gas production on the OCS, and to accomplish other regulatory functions.	hart@usgs.gov	Patrick Hart	U.S. Geological Survey	pointOfContact	DigitalSeg:DigitallyAcquired	MCS Data transferred from BOEM to USGS for posting on NAMSS. Limited information available.	1974-12-31	1974-01-01	2016-05-23	ptriezenberg@usgs.gov	Peter Triezenberg	U.S. Geological Survey	pointOfContact	2018-03-16	Seismic Metadata v.1
	digital											Hydrophone_Streamer											SeismicSource_Gun_Air						SEGP1	no	NAD27	-88.48070	29.31418	27.40715	-93.22215	processed	hart@usgs.gov	Patrick Hart	U.S. Geological Survey	pointOfContact	Online	Seismic:Active:MCS	hart@usgs.gov	Patrick Hart	U.S. Geological Survey	pointOfContact		open	https://walrus.wr.usgs.gov/namss/survey/b-49-89-la/dataset/	These data were acquired by BOEM (formerly MMS and USGS). Under the terms of procurement, these data are to be available to the public 25 years after the issuance of the exploration permit.	namss.B-49-89-LA.mcs.airgun.zip					dataset	Unspecified		Unspecified	12.3 MB	1989-01-01	creation	Dataset zip file	https://walrus.wr.usgs.gov/namss/data/1989/namss.B-49-89-LA.mcs.airgun.zip										Gulf of Mexico	Stack	Seismic:Reflection	These data were acquired commercially for geophysical and geological (G&G) exploration of oil and gas prospects on the U.S. Outer Continental Shelf (OCS). The Dept. of Interior, which regulates G&G activities on the OCS, acquired these data in order to ensure that the Federal government received fair market value for leases issued for oil and gas production on the OCS, and to accomplish other regulatory functions.	matthew.wilson@boem.gov	Matthew Wilson	Bureau of Ocean Energy Management	pointOfContact	DigitalSeg:DigitallyAcquired	MCS Data transferred from BOEM to USGS for posting on NAMSS. Limited information available.	1989-01-01	1989-01-01	2017-02-07	ptriezenberg@usgs.gov	Peter Triezenberg	U.S. Geological Survey	pointOfContact	2018-03-16	Seismic Metadata v.1
	digital											Hydrophone_Streamer											SeismicSource_Gun_Air						SEGP1	no	NAD27	-87.94216	29.07387	27.40715	-93.22215	processed	hart@usgs.gov	Patrick Hart	U.S. Geological Survey	pointOfContact	Online	Seismic:Active:MCS	hart@usgs.gov	Patrick Hart	U.S. Geological Survey	pointOfContact		open	https://walrus.wr.usgs.gov/namss/survey/b-49a-89-la/dataset/	These data were acquired by BOEM (formerly MMS and USGS). Under the terms of procurement, these data are to be available to the public 25 years after the issuance of the exploration permit.	namss.B-49a-89-LA.mcs.airgun.zip					dataset	Unspecified		Unspecified	6.4 MB	1989-01-01	creation	Dataset zip file	https://walrus.wr.usgs.gov/namss/data/1989/namss.B-49a-89-LA.mcs.airgun.zip										Gulf of Mexico	Stack	Seismic:Reflection	These data were acquired commercially for geophysical and geological (G&G) exploration of oil and gas prospects on the U.S. Outer Continental Shelf (OCS). The Dept. of Interior, which regulates G&G activities on the OCS, acquired these data in order to ensure that the Federal government received fair market value for leases issued for oil and gas production on the OCS, and to accomplish other regulatory functions.	matthew.wilson@boem.gov	Matthew Wilson	Bureau of Ocean Energy Management	pointOfContact	DigitalSeg:DigitallyAcquired	MCS Data transferred from BOEM to USGS for posting on NAMSS. Limited information available.	1989-01-01	1989-01-01	2017-02-07	ptriezenberg@usgs.gov	Peter Triezenberg	U.S. Geological Survey	pointOfContact	2018-03-16	Seismic Metadata v.1
DDS-777	digital		3151.63200			67.05600					48	Hydrophone_Streamer	6.00000	4000								271.27200	Other						SEGP1	undocumented	NAD27	-91.74823	28.30544	28.21215	-91.91514	processed	matthew.wilson@boem.gov	Matthew Wilson	Bureau of Ocean Energy Management	pointOfContact	Online	Seismic:Active:MCS	matthew.wilson@boem.gov	Matthew Wilson	Bureau of Ocean Energy Management	pointOfContact	2000-12-24	open	https://walrus.wr.usgs.gov/namss/survey/b-50-75-la/dataset/	These data were acquired by BOEM (formerly MMS and USGS).  Under the terms of procurement, these data are to be available to the public 25 years after the issuance of the exploration permit.	namss.B-50-75-LA.mcs.aquapulse.zip					dataset	Unspecified		Unspecified	393.2 MB	1975-01-01	creation	Data zip file	https://walrus.wr.usgs.gov/namss/data/1975/namss.B-50-75-LA.mcs.aquapulse.zip										Louisiana	Stack	Seismic:Reflection	These data were acquired commercially for geophysical and geological (G&G) exploration of oil and gas prospects on the U.S. Outer Continental Shelf (OCS).  The Dept. of Interior, which regulates G&G activities on the OCS, acquired these data in order to ensure that the Federal government received fair market value for leases issued for oil and gas production on the OCS, and to accomplish other regulatory functions.	hart@usgs.gov	Patrick Hart	U.S. Geological Survey	pointOfContact	DigitalSeg:DigitallyAcquired	MCS Data transferred from BOEM to USGS for posting on NAMSS. Limited information available.	1975-12-31	1975-01-01	2016-05-23	ptriezenberg@usgs.gov	Peter Triezenberg	U.S. Geological Survey	pointOfContact	2018-03-16	Seismic Metadata v.1
MDS-10	digital										96	Hydrophone_Streamer	7.00000	2000					4.57200				SeismicSource_Gun_Air						SEGP1	undocumented	NAD27	-89.30646	28.94921	28.82960	-89.50800	processed	matthew.wilson@boem.gov	Matthew Wilson	Bureau of Ocean Energy Management	pointOfContact	Online	Seismic:Active:MCS	matthew.wilson@boem.gov	Matthew Wilson	Bureau of Ocean Energy Management	pointOfContact	2008-03-24	open	https://walrus.wr.usgs.gov/namss/survey/b-50-83-la/dataset/	These data were acquired by BOEM (formerly MMS and USGS).  Under the terms of procurement, these data are to be available to the public 25 years after the issuance of the exploration permit.	namss.B-50-83-LA.mcs.airgun.zip					dataset	Unspecified		Unspecified	12.8 MB	1983-03-01	creation	Data zip file	https://walrus.wr.usgs.gov/namss/data/1983/namss.B-50-83-LA.mcs.airgun.zip										Mississipi Delta	Stack	Seismic:Reflection	These data were acquired commercially for geophysical and geological (G&G) exploration of oil and gas prospects on the U.S. Outer Continental Shelf (OCS).  The Dept. of Interior, which regulates G&G activities on the OCS, acquired these data in order to ensure that the Federal government received fair market value for leases issued for oil and gas production on the OCS, and to accomplish other regulatory functions.	hart@usgs.gov	Patrick Hart	U.S. Geological Survey	pointOfContact	DigitalSeg:DigitallyAcquired	MCS Data transferred from BOEM to USGS for posting on NAMSS. Limited information available.	1983-03-31	1983-03-01	2016-05-23	ptriezenberg@usgs.gov	Peter Triezenberg	U.S. Geological Survey	pointOfContact	2018-03-16	Seismic Metadata v.1
DFS-IV	digital				11.58240							Hydrophone_Streamer	6.00000	2000		Distance	49.98720						SeismicSource_Gun_Air						SEGP1	undocumented	NAD27	-90.71213	28.55912	28.29475	-90.94758	processed	matthew.wilson@boem.gov	Matthew Wilson	Bureau of Ocean Energy Management	pointOfContact	Online	Seismic:Active:MCS	matthew.wilson@boem.gov	Matthew Wilson	Bureau of Ocean Energy Management	pointOfContact	2000-12-24	open	https://walrus.wr.usgs.gov/namss/survey/b-51-75-la/dataset/	These data were acquired by BOEM (formerly MMS and USGS).  Under the terms of procurement, these data are to be available to the public 25 years after the issuance of the exploration permit.	namss.B-51-75-LA.mcs.airgun.zip					dataset	Unspecified		Unspecified	43.6 MB	1975-01-01	creation	Data zip file	https://walrus.wr.usgs.gov/namss/data/1975/namss.B-51-75-LA.mcs.airgun.zip										Louisiana	Stack	Seismic:Reflection	These data were acquired commercially for geophysical and geological (G&G) exploration of oil and gas prospects on the U.S. Outer Continental Shelf (OCS).  The Dept. of Interior, which regulates G&G activities on the OCS, acquired these data in order to ensure that the Federal government received fair market value for leases issued for oil and gas production on the OCS, and to accomplish other regulatory functions.	hart@usgs.gov	Patrick Hart	U.S. Geological Survey	pointOfContact	DigitalSeg:DigitallyAcquired	MCS Data transferred from BOEM to USGS for posting on NAMSS. Limited information available.	1975-12-31	1975-01-01	2016-05-23	ptriezenberg@usgs.gov	Peter Triezenberg	U.S. Geological Survey	pointOfContact	2018-03-16	Seismic Metadata v.1
	digital											Hydrophone_Streamer											SeismicSource_Gun_Air						SEGP1	undocumented	NAD27	-95.05662	28.70059	28.10516	-95.40633	processed	matthew.wilson@boem.gov	Matthew Wilson	Bureau of Ocean Energy Management	pointOfContact	Online	Seismic:Active:MCS	matthew.wilson@boem.gov	Matthew Wilson	Bureau of Ocean Energy Management	pointOfContact	2009-01-24	open	https://walrus.wr.usgs.gov/namss/survey/b-51-84-tx/dataset/	These data were acquired by BOEM (formerly MMS and USGS).  Under the terms of procurement, these data are to be available to the public 25 years after the issuance of the exploration permit.	namss.B-51-84-TX.mcs.airgun.zip					dataset	Unspecified		Unspecified	5.2 MB	1984-01-01	creation	Data zip file	https://walrus.wr.usgs.gov/namss/data/1984/namss.B-51-84-TX.mcs.airgun.zip										Gulf of Mexico	Stack	Seismic:Reflection	These data were acquired commercially for geophysical and geological (G&G) exploration of oil and gas prospects on the U.S. Outer Continental Shelf (OCS).  The Dept. of Interior, which regulates G&G activities on the OCS, acquired these data in order to ensure that the Federal government received fair market value for leases issued for oil and gas production on the OCS, and to accomplish other regulatory functions.	hart@usgs.gov	Patrick Hart	U.S. Geological Survey	pointOfContact	DigitalSeg:DigitallyAcquired	MCS Data transferred from BOEM to USGS for posting on NAMSS. Limited information available.	1984-01-31	1984-01-01	2016-05-23	ptriezenberg@usgs.gov	Peter Triezenberg	U.S. Geological Survey	pointOfContact	2018-03-16	Seismic Metadata v.1
	digital											Hydrophone_Streamer											SeismicSource_Gun_Air						SEGP1	undocumented	NAD27	-87.79583	28.92630	26.07711	-95.03134	processed	matthew.wilson@boem.gov	Matthew Wilson	Bureau of Ocean Energy Management	pointOfContact	Online	Seismic:Active:MCS	matthew.wilson@boem.gov	Matthew Wilson	Bureau of Ocean Energy Management	pointOfContact	2013-01-31	open	https://walrus.wr.usgs.gov/namss/survey/b-51-88-la/dataset/	These data were acquired by BOEM (formerly MMS and USGS).  Under the terms of procurement, these data are to be available to the public 25 years after the issuance of the exploration permit.	namss.B-51-88-LA.mcs.airgun.zip					dataset	Unspecified		Unspecified	2.8 GB	1988-01-01	creation	Data zip file	https://walrus.wr.usgs.gov/namss/data/1988/namss.B-51-88-LA.mcs.airgun.zip											Stack	Seismic:Reflection	These data were acquired commercially for geophysical and geological (G&G) exploration of oil and gas prospects on the U.S. Outer Continental Shelf (OCS).  The Dept. of Interior, which regulates G&G activities on the OCS, acquired these data in order to ensure that the Federal government received fair market value for leases issued for oil and gas production on the OCS, and to accomplish other regulatory functions.	hart@usgs.gov	Patrick Hart	U.S. Geological Survey	pointOfContact	DigitalSeg:DigitallyAcquired	MCS Data transferred from BOEM to USGS for posting on NAMSS. Limited information available.	1988-01-31	1988-01-01	2016-05-23	ptriezenberg@usgs.gov	Peter Triezenberg	U.S. Geological Survey	pointOfContact	2018-03-16	Seismic Metadata v.1
DFS-IV	digital		3200.00376			66.65976					48	Hydrophone_Streamer	6.00000	2000		Distance	66.65976		3.04800				SeismicSource_Gun_Air	1200.00000	Cubic Inches		State Falcon	GSI	SEGP1	undocumented	NAD27	-90.20524	29.59623	28.92057	-93.37035	processed	matthew.wilson@boem.gov	Matthew Wilson	Bureau of Ocean Energy Management	pointOfContact	Online	Seismic:Active:MCS	matthew.wilson@boem.gov	Matthew Wilson	Bureau of Ocean Energy Management	pointOfContact	2004-03-24	open	https://walrus.wr.usgs.gov/namss/survey/b-52-79-la/dataset/	These data were acquired by BOEM (formerly MMS and USGS).  Under the terms of procurement, these data are to be available to the public 25 years after the issuance of the exploration permit.	namss.B-52-79-LA.mcs.airgun.zip					dataset	Unspecified		Unspecified	12.6 MB	1979-03-01	creation	Data zip file	https://walrus.wr.usgs.gov/namss/data/1979/namss.B-52-79-LA.mcs.airgun.zip										West Cameron	Stack	Seismic:Reflection	These data were acquired commercially for geophysical and geological (G&G) exploration of oil and gas prospects on the U.S. Outer Continental Shelf (OCS).  The Dept. of Interior, which regulates G&G activities on the OCS, acquired these data in order to ensure that the Federal government received fair market value for leases issued for oil and gas production on the OCS, and to accomplish other regulatory functions.	hart@usgs.gov	Patrick Hart	U.S. Geological Survey	pointOfContact	DigitalSeg:DigitallyAcquired	MCS Data transferred from BOEM to USGS for posting on NAMSS. Limited information available.	1979-03-31	1979-03-01	2016-05-23	ptriezenberg@usgs.gov	Peter Triezenberg	U.S. Geological Survey	pointOfContact	2018-03-16	Seismic Metadata v.1
DFS-V	digital				9.14400	24.99360					120	Hydrophone_Streamer	8.00000	2000	ARGO	Distance	24.99360		9.14400	18		249.93600	SeismicSource_Gun_Air	3000.00000	Cubic Inches				SEGP1	undocumented	NAD27	-89.22861	28.90190	28.19135	-90.18376	processed	matthew.wilson@boem.gov	Matthew Wilson	Bureau of Ocean Energy Management	pointOfContact	Online	Seismic:Active:MCS	matthew.wilson@boem.gov	Matthew Wilson	Bureau of Ocean Energy Management	pointOfContact	2009-08-25	open	https://walrus.wr.usgs.gov/namss/survey/b-52-84-la/dataset/	These data were acquired by BOEM (formerly MMS and USGS).  Under the terms of procurement, these data are to be available to the public 25 years after the issuance of the exploration permit.	namss.B-52-84-LA.mcs.airgun.zip					dataset	Unspecified		Unspecified	280.1 MB	1984-08-01	creation	Data zip file	https://walrus.wr.usgs.gov/namss/data/1984/namss.B-52-84-LA.mcs.airgun.zip										West Delta	Stack	Seismic:Reflection	These data were acquired commercially for geophysical and geological (G&G) exploration of oil and gas prospects on the U.S. Outer Continental Shelf (OCS).  The Dept. of Interior, which regulates G&G activities on the OCS, acquired these data in order to ensure that the Federal government received fair market value for leases issued for oil and gas production on the OCS, and to accomplish other regulatory functions.	hart@usgs.gov	Patrick Hart	U.S. Geological Survey	pointOfContact	DigitalSeg:DigitallyAcquired	MCS Data transferred from BOEM to USGS for posting on NAMSS. Limited information available.	1984-08-31	1984-08-01	2016-05-23	ptriezenberg@usgs.gov	Peter Triezenberg	U.S. Geological Survey	pointOfContact	2018-03-16	Seismic Metadata v.1
DDS-777	digital		3151.63200		15.24000	67.05600					48	Hydrophone_Streamer	6.00000	2000		Distance	33.52800		7.62000			274.32000	Other						SEGP1	undocumented	NAD27	-89.31077	28.86091	28.83527	-89.39652	processed	matthew.wilson@boem.gov	Matthew Wilson	Bureau of Ocean Energy Management	pointOfContact	Online	Seismic:Active:MCS	matthew.wilson@boem.gov	Matthew Wilson	Bureau of Ocean Energy Management	pointOfContact	2000-12-24	open	https://walrus.wr.usgs.gov/namss/survey/b-53-75-la/dataset/	These data were acquired by BOEM (formerly MMS and USGS).  Under the terms of procurement, these data are to be available to the public 25 years after the issuance of the exploration permit.	namss.B-53-75-LA.mcs.aquapulse.zip					dataset	Unspecified		Unspecified	4.9 MB	1975-01-01	creation	Data zip file	https://walrus.wr.usgs.gov/namss/data/1975/namss.B-53-75-LA.mcs.aquapulse.zip										South Pass	Stack	Seismic:Reflection	These data were acquired commercially for geophysical and geological (G&G) exploration of oil and gas prospects on the U.S. Outer Continental Shelf (OCS).  The Dept. of Interior, which regulates G&G activities on the OCS, acquired these data in order to ensure that the Federal government received fair market value for leases issued for oil and gas production on the OCS, and to accomplish other regulatory functions.	hart@usgs.gov	Patrick Hart	U.S. Geological Survey	pointOfContact	DigitalSeg:DigitallyAcquired	MCS Data transferred from BOEM to USGS for posting on NAMSS. Limited information available.	1975-12-31	1975-01-01	2016-05-23	ptriezenberg@usgs.gov	Peter Triezenberg	U.S. Geological Survey	pointOfContact	2018-03-16	Seismic Metadata v.1
DFS-IV	digital					49.98720					48	Hydrophone_Streamer	6.00000	2000		Distance	24.99360					304.80000	SeismicSource_Gun_Air						SEGP1	undocumented	NAD27	-91.25823	29.26843	28.02048	-93.50563	processed	matthew.wilson@boem.gov	Matthew Wilson	Bureau of Ocean Energy Management	pointOfContact	Online	Seismic:Active:MCS	matthew.wilson@boem.gov	Matthew Wilson	Bureau of Ocean Energy Management	pointOfContact	2005-01-24	open	https://walrus.wr.usgs.gov/namss/survey/b-53-80-la/dataset/	These data were acquired by BOEM (formerly MMS and USGS).  Under the terms of procurement, these data are to be available to the public 25 years after the issuance of the exploration permit.	namss.B-53-80-LA.mcs.airgun.zip					dataset	Unspecified		Unspecified	47.3 MB	1980-01-01	creation	Data zip file	https://walrus.wr.usgs.gov/namss/data/1980/namss.B-53-80-LA.mcs.airgun.zip										West Cameron	Stack	Seismic:Reflection	These data were acquired commercially for geophysical and geological (G&G) exploration of oil and gas prospects on the U.S. Outer Continental Shelf (OCS).  The Dept. of Interior, which regulates G&G activities on the OCS, acquired these data in order to ensure that the Federal government received fair market value for leases issued for oil and gas production on the OCS, and to accomplish other regulatory functions.	hart@usgs.gov	Patrick Hart	U.S. Geological Survey	pointOfContact	DigitalSeg:DigitallyAcquired	MCS Data transferred from BOEM to USGS for posting on NAMSS. Limited information available.	1980-01-31	1980-01-01	2016-05-23	ptriezenberg@usgs.gov	Peter Triezenberg	U.S. Geological Survey	pointOfContact	2018-03-16	Seismic Metadata v.1
MDS-10	digital		3524.09760		13.71600	74.98080					48	Hydrophone_Streamer		2000	Long Range Navigation	Distance	74.98080		8.99160	14		210.31200	SeismicSource_Gun_Air	2682.00000	Cubic Inches		Geomar I	Geosource	SEGP1	undocumented	NAD27	-87.82189	28.29091	25.40354	-96.16065	processed	matthew.wilson@boem.gov	Matthew Wilson	Bureau of Ocean Energy Management	pointOfContact	Online	Seismic:Active:MCS	matthew.wilson@boem.gov	Matthew Wilson	Bureau of Ocean Energy Management	pointOfContact	2005-12-25	open	https://walrus.wr.usgs.gov/namss/survey/b-53-80-tx/dataset/	These data were acquired by BOEM (formerly MMS and USGS).  Under the terms of procurement, these data are to be available to the public 25 years after the issuance of the exploration permit.	namss.B-53-80-TX.mcs.airgun.zip					dataset	Unspecified		Unspecified	183.9 MB	1980-12-01	creation	Data zip file	https://walrus.wr.usgs.gov/namss/data/1980/namss.B-53-80-TX.mcs.airgun.zip										Texas	Stack	Seismic:Reflection	These data were acquired commercially for geophysical and geological (G&G) exploration of oil and gas prospects on the U.S. Outer Continental Shelf (OCS).  The Dept. of Interior, which regulates G&G activities on the OCS, acquired these data in order to ensure that the Federal government received fair market value for leases issued for oil and gas production on the OCS, and to accomplish other regulatory functions.	hart@usgs.gov	Patrick Hart	U.S. Geological Survey	pointOfContact	DigitalSeg:DigitallyAcquired	MCS Data transferred from BOEM to USGS for posting on NAMSS. Limited information available.	1980-12-31	1980-12-01	2016-05-23	ptriezenberg@usgs.gov	Peter Triezenberg	U.S. Geological Survey	pointOfContact	2018-03-16	Seismic Metadata v.1
	digital											Hydrophone_Streamer											SeismicSource_Gun_Air						SEGP1	undocumented	NAD27	-90.14639	29.30937	27.81232	-93.27708	processed	matthew.wilson@boem.gov	Matthew Wilson	Bureau of Ocean Energy Management	pointOfContact	Online	Seismic:Active:MCS	matthew.wilson@boem.gov	Matthew Wilson	Bureau of Ocean Energy Management	pointOfContact	2007-01-25	open	https://walrus.wr.usgs.gov/namss/survey/b-53-82-la/dataset/	These data were acquired by BOEM (formerly MMS and USGS).  Under the terms of procurement, these data are to be available to the public 25 years after the issuance of the exploration permit.	namss.B-53-82-LA.mcs.airgun.zip					dataset	Unspecified		Unspecified	689.5 MB	1982-01-01	creation	Data zip file	https://walrus.wr.usgs.gov/namss/data/1982/namss.B-53-82-LA.mcs.airgun.zip										Gulf of Mexico	Stack	Seismic:Reflection	These data were acquired commercially for geophysical and geological (G&G) exploration of oil and gas prospects on the U.S. Outer Continental Shelf (OCS).  The Dept. of Interior, which regulates G&G activities on the OCS, acquired these data in order to ensure that the Federal government received fair market value for leases issued for oil and gas production on the OCS, and to accomplish other regulatory functions.	hart@usgs.gov	Patrick Hart	U.S. Geological Survey	pointOfContact	DigitalSeg:DigitallyAcquired	MCS Data transferred from BOEM to USGS for posting on NAMSS. Limited information available.	1982-01-31	1982-01-01	2016-05-23	ptriezenberg@usgs.gov	Peter Triezenberg	U.S. Geological Survey	pointOfContact	2018-03-16	Seismic Metadata v.1
	digital											Hydrophone_Streamer											SeismicSource_Gun_Air						SEGP1	no	NAD27	-96.16908	26.60840	25.98277	-97.23375	processed	hart@usgs.gov	Patrick Hart	U.S. Geological Survey	pointOfContact	Online	Seismic:Active:MCS	hart@usgs.gov	Patrick Hart	U.S. Geological Survey	pointOfContact	2016-11-14	open	https://walrus.wr.usgs.gov/namss/survey/b-54-88-tx/dataset/	These data were acquired by BOEM (formerly MMS and USGS). Under the terms of procurement, these data are to be available to the public 25 years after the issuance of the exploration permit.	namss.B-54-88-TX.mcs.airgun.zip					dataset	Unspecified		Unspecified	1.9 GB	1989-11-16	creation	Dataset zip file	https://walrus.wr.usgs.gov/namss/data/1988/namss.B-54-88-TX.mcs.airgun.zip										Gulf of Mexico	Stack	Seismic:Reflection	These data were acquired commercially for geophysical and geological (G&G) exploration of oil and gas prospects on the U.S. Outer Continental Shelf (OCS). The Dept. of Interior, which regulates G&G activities on the OCS, acquired these data in order to ensure that the Federal government received fair market value for leases issued for oil and gas production on the OCS, and to accomplish other regulatory functions.	matthew.wilson@boem.gov	Matthew Wilson	Bureau of Ocean Energy Management	pointOfContact	DigitalSeg:DigitallyAcquired	MCS Data transferred from BOEM to USGS for posting on NAMSS. Limited information available. Note that there are problems with the navigation file for this survey that are currently being resolved.	1989-11-16	1989-11-16	2017-05-10	ptriezenberg@usgs.gov	Peter Triezenberg	U.S. Geological Survey	pointOfContact	2018-03-16	Seismic Metadata v.1
	digital											Hydrophone_Streamer											SeismicSource_Gun_Air						SEGP1	undocumented	NAD27	-93.53610	29.48801	27.17169	-96.18269	processed	matthew.wilson@boem.gov	Matthew Wilson	Bureau of Ocean Energy Management	pointOfContact	Online	Seismic:Active:MCS	matthew.wilson@boem.gov	Matthew Wilson	Bureau of Ocean Energy Management	pointOfContact	2004-01-25	open	https://walrus.wr.usgs.gov/namss/survey/b-55-79-tx/dataset/	These data were acquired by BOEM (formerly MMS and USGS).  Under the terms of procurement, these data are to be available to the public 25 years after the issuance of the exploration permit.	namss.B-55-79-TX.mcs.airgun.zip					dataset	Unspecified		Unspecified	294.1 MB	1979-01-01	creation	Data zip file	https://walrus.wr.usgs.gov/namss/data/1979/namss.B-55-79-TX.mcs.airgun.zip										Gulf of Mexico	Stack	Seismic:Reflection	These data were acquired commercially for geophysical and geological (G&G) exploration of oil and gas prospects on the U.S. Outer Continental Shelf (OCS).  The Dept. of Interior, which regulates G&G activities on the OCS, acquired these data in order to ensure that the Federal government received fair market value for leases issued for oil and gas production on the OCS, and to accomplish other regulatory functions.	hart@usgs.gov	Patrick Hart	U.S. Geological Survey	pointOfContact	DigitalSeg:DigitallyAcquired	MCS Data transferred from BOEM to USGS for posting on NAMSS. Limited information available.	1979-01-31	1979-01-01	2016-05-23	ptriezenberg@usgs.gov	Peter Triezenberg	U.S. Geological Survey	pointOfContact	2018-03-16	Seismic Metadata v.1
	digital											Hydrophone_Streamer											SeismicSource_Gun_Air						SEGP1	undocumented	NAD27	-90.24592	28.47232	27.95584	-93.45391	processed	matthew.wilson@boem.gov	Matthew Wilson	Bureau of Ocean Energy Management	pointOfContact	Online	Seismic:Active:MCS	matthew.wilson@boem.gov	Matthew Wilson	Bureau of Ocean Energy Management	pointOfContact	2007-01-25	open	https://walrus.wr.usgs.gov/namss/survey/b-55-82-la/dataset/	These data were acquired by BOEM (formerly MMS and USGS).  Under the terms of procurement, these data are to be available to the public 25 years after the issuance of the exploration permit.	namss.B-55-82-LA.mcs.airgun.zip					dataset	Unspecified		Unspecified	27.3 MB	1982-01-01	creation	Data zip file	https://walrus.wr.usgs.gov/namss/data/1982/namss.B-55-82-LA.mcs.airgun.zip										Gulf of Mexico	Stack	Seismic:Reflection	These data were acquired commercially for geophysical and geological (G&G) exploration of oil and gas prospects on the U.S. Outer Continental Shelf (OCS).  The Dept. of Interior, which regulates G&G activities on the OCS, acquired these data in order to ensure that the Federal government received fair market value for leases issued for oil and gas production on the OCS, and to accomplish other regulatory functions.	hart@usgs.gov	Patrick Hart	U.S. Geological Survey	pointOfContact	DigitalSeg:DigitallyAcquired	MCS Data transferred from BOEM to USGS for posting on NAMSS. Limited information available.	1982-01-31	1982-01-01	2016-05-23	ptriezenberg@usgs.gov	Peter Triezenberg	U.S. Geological Survey	pointOfContact	2018-03-16	Seismic Metadata v.1
	digital		3151.63200			67.05600					48	Hydrophone_Streamer	6.00000	4000		Distance	67.05600						Other						SEGP1	undocumented	NAD27	-92.14024	28.37822	28.26185	-92.26862	processed	matthew.wilson@boem.gov	Matthew Wilson	Bureau of Ocean Energy Management	pointOfContact	Online	Seismic:Active:MCS	matthew.wilson@boem.gov	Matthew Wilson	Bureau of Ocean Energy Management	pointOfContact	2000-01-25	open	https://walrus.wr.usgs.gov/namss/survey/b-56-75-la/dataset/	These data were acquired by BOEM (formerly MMS and USGS).  Under the terms of procurement, these data are to be available to the public 25 years after the issuance of the exploration permit.	namss.B-56-75-LA.mcs.aquapulse.zip					dataset	Unspecified		Unspecified	49.5 MB	1975-01-01	creation	Data zip file	https://walrus.wr.usgs.gov/namss/data/1975/namss.B-56-75-LA.mcs.aquapulse.zip										Louisiana	Stack	Seismic:Reflection	These data were acquired commercially for geophysical and geological (G&G) exploration of oil and gas prospects on the U.S. Outer Continental Shelf (OCS).  The Dept. of Interior, which regulates G&G activities on the OCS, acquired these data in order to ensure that the Federal government received fair market value for leases issued for oil and gas production on the OCS, and to accomplish other regulatory functions.	hart@usgs.gov	Patrick Hart	U.S. Geological Survey	pointOfContact	DigitalSeg:DigitallyAcquired	MCS Data transferred from BOEM to USGS for posting on NAMSS. Limited information available.	1975-01-31	1975-01-01	2016-05-23	ptriezenberg@usgs.gov	Peter Triezenberg	U.S. Geological Survey	pointOfContact	2018-03-16	Seismic Metadata v.1
	digital											Hydrophone_Streamer											SeismicSource_Gun_Air						SEGP1	undocumented	NAD27	-93.91165	29.53595	27.92304	-95.99342	processed	matthew.wilson@boem.gov	Matthew Wilson	Bureau of Ocean Energy Management	pointOfContact	Online	Seismic:Active:MCS	matthew.wilson@boem.gov	Matthew Wilson	Bureau of Ocean Energy Management	pointOfContact	2002-01-25	open	https://walrus.wr.usgs.gov/namss/survey/b-56-77-tx/dataset/	These data were acquired by BOEM (formerly MMS and USGS).  Under the terms of procurement, these data are to be available to the public 25 years after the issuance of the exploration permit.	namss.B-56-77-TX.mcs.airgun.zip					dataset	Unspecified		Unspecified	118.7 MB	1977-01-01	creation	Data zip file	https://walrus.wr.usgs.gov/namss/data/1977/namss.B-56-77-TX.mcs.airgun.zip										Gulf of Mexico	Stack	Seismic:Reflection	These data were acquired commercially for geophysical and geological (G&G) exploration of oil and gas prospects on the U.S. Outer Continental Shelf (OCS).  The Dept. of Interior, which regulates G&G activities on the OCS, acquired these data in order to ensure that the Federal government received fair market value for leases issued for oil and gas production on the OCS, and to accomplish other regulatory functions.	hart@usgs.gov	Patrick Hart	U.S. Geological Survey	pointOfContact	DigitalSeg:DigitallyAcquired	MCS Data transferred from BOEM to USGS for posting on NAMSS. Limited information available.	1977-01-31	1977-01-01	2016-05-23	ptriezenberg@usgs.gov	Peter Triezenberg	U.S. Geological Survey	pointOfContact	2018-03-16	Seismic Metadata v.1
DFS-V	digital		4748.78400		10.66800	49.98720					96	Hydrophone_Streamer	14.00000	2000	Raydist	Distance	49.98720		9.14400	20		234.69600	SeismicSource_Gun_Air	5053.00000	Cubic Inches		Geomar IV	Petty-Ray	SEGP1	undocumented	NAD27	-89.71056	29.00128	27.51010	-91.74745	processed	matthew.wilson@boem.gov	Matthew Wilson	Bureau of Ocean Energy Management	pointOfContact	Online	Seismic:Active:MCS	matthew.wilson@boem.gov	Matthew Wilson	Bureau of Ocean Energy Management	pointOfContact	2009-04-24	open	https://walrus.wr.usgs.gov/namss/survey/b-56-84-la/dataset/	These data were acquired by BOEM (formerly MMS and USGS).  Under the terms of procurement, these data are to be available to the public 25 years after the issuance of the exploration permit.	namss.B-56-84-LA.mcs.airgun.zip					dataset	Unspecified		Unspecified	46.9 MB	1984-04-01	creation	Data zip file	https://walrus.wr.usgs.gov/namss/data/1984/namss.B-56-84-LA.mcs.airgun.zip										Louisiana	Stack	Seismic:Reflection	These data were acquired commercially for geophysical and geological (G&G) exploration of oil and gas prospects on the U.S. Outer Continental Shelf (OCS).  The Dept. of Interior, which regulates G&G activities on the OCS, acquired these data in order to ensure that the Federal government received fair market value for leases issued for oil and gas production on the OCS, and to accomplish other regulatory functions.	hart@usgs.gov	Patrick Hart	U.S. Geological Survey	pointOfContact	DigitalSeg:DigitallyAcquired	MCS Data transferred from BOEM to USGS for posting on NAMSS. Limited information available.	1984-04-30	1984-04-01	2016-05-23	ptriezenberg@usgs.gov	Peter Triezenberg	U.S. Geological Survey	pointOfContact	2018-03-16	Seismic Metadata v.1
	digital											Hydrophone_Streamer											SeismicSource_Gun_Air						SEGP1	undocumented	NAD27	-87.65431	30.19807	28.98076	-88.75944	processed	matthew.wilson@boem.gov	Matthew Wilson	Bureau of Ocean Energy Management	pointOfContact	Online	Seismic:Active:MCS	matthew.wilson@boem.gov	Matthew Wilson	Bureau of Ocean Energy Management	pointOfContact	2012-01-25	open	https://walrus.wr.usgs.gov/namss/survey/b-56-87-la/dataset/	These data were acquired by BOEM (formerly MMS and USGS).  Under the terms of procurement, these data are to be available to the public 25 years after the issuance of the exploration permit.	namss.B-56-87-LA.mcs.airgun.zip					dataset	Unspecified		Unspecified	254.5 MB	1987-01-01	creation	Data zip file	https://walrus.wr.usgs.gov/namss/data/1987/namss.B-56-87-LA.mcs.airgun.zip										Gulf of Mexico	Stack	Seismic:Reflection	These data were acquired commercially for geophysical and geological (G&G) exploration of oil and gas prospects on the U.S. Outer Continental Shelf (OCS).  The Dept. of Interior, which regulates G&G activities on the OCS, acquired these data in order to ensure that the Federal government received fair market value for leases issued for oil and gas production on the OCS, and to accomplish other regulatory functions.	hart@usgs.gov	Patrick Hart	U.S. Geological Survey	pointOfContact	DigitalSeg:DigitallyAcquired	MCS Data transferred from BOEM to USGS for posting on NAMSS. Limited information available.	1987-01-31	1987-01-01	2016-05-23	ptriezenberg@usgs.gov	Peter Triezenberg	U.S. Geological Survey	pointOfContact	2018-03-16	Seismic Metadata v.1
MDS-10	digital		3149.19360		10.97280	49.98720					64	Hydrophone_Streamer	6.00000	2000		Distance	24.99360		8.99160	7		195.07200	SeismicSource_Gun_Air	1685.00000	Cubic Inches		Geomar I	Geosource	SEGP1	undocumented	NAD27	-89.76667	29.16374	27.84176	-93.46160	processed	matthew.wilson@boem.gov	Matthew Wilson	Bureau of Ocean Energy Management	pointOfContact	Online	Seismic:Active:MCS	matthew.wilson@boem.gov	Matthew Wilson	Bureau of Ocean Energy Management	pointOfContact	2004-08-24	open	https://walrus.wr.usgs.gov/namss/survey/b-58-79-la/dataset/	These data were acquired by BOEM (formerly MMS and USGS).  Under the terms of procurement, these data are to be available to the public 25 years after the issuance of the exploration permit.	namss.B-58-79-LA.mcs.airgun.zip					dataset	Unspecified		Unspecified	61.9 MB	1979-08-01	creation	Data zip file	https://walrus.wr.usgs.gov/namss/data/1979/namss.B-58-79-LA.mcs.airgun.zip										West Cameron	Stack	Seismic:Reflection	These data were acquired commercially for geophysical and geological (G&G) exploration of oil and gas prospects on the U.S. Outer Continental Shelf (OCS).  The Dept. of Interior, which regulates G&G activities on the OCS, acquired these data in order to ensure that the Federal government received fair market value for leases issued for oil and gas production on the OCS, and to accomplish other regulatory functions.	hart@usgs.gov	Patrick Hart	U.S. Geological Survey	pointOfContact	DigitalSeg:DigitallyAcquired	MCS Data transferred from BOEM to USGS for posting on NAMSS. Limited information available.	1979-08-31	1979-08-01	2016-05-23	ptriezenberg@usgs.gov	Peter Triezenberg	U.S. Geological Survey	pointOfContact	2018-03-16	Seismic Metadata v.1
	digital											Hydrophone_Streamer											SeismicSource_Gun_Air						SEGP1	undocumented	NAD27	-91.81355	29.11513	28.11947	-93.28320	processed	matthew.wilson@boem.gov	Matthew Wilson	Bureau of Ocean Energy Management	pointOfContact	Online	Seismic:Active:MCS	matthew.wilson@boem.gov	Matthew Wilson	Bureau of Ocean Energy Management	pointOfContact	2008-01-25	open	https://walrus.wr.usgs.gov/namss/survey/b-58-83-la/dataset/	These data were acquired by BOEM (formerly MMS and USGS).  Under the terms of procurement, these data are to be available to the public 25 years after the issuance of the exploration permit.	namss.B-58-83-LA.mcs.airgun.zip					dataset	Unspecified		Unspecified	44.0 MB	1983-01-01	creation	Data zip file	https://walrus.wr.usgs.gov/namss/data/1983/namss.B-58-83-LA.mcs.airgun.zip										Gulf of Mexico	Stack	Seismic:Reflection	These data were acquired commercially for geophysical and geological (G&G) exploration of oil and gas prospects on the U.S. Outer Continental Shelf (OCS).  The Dept. of Interior, which regulates G&G activities on the OCS, acquired these data in order to ensure that the Federal government received fair market value for leases issued for oil and gas production on the OCS, and to accomplish other regulatory functions.	hart@usgs.gov	Patrick Hart	U.S. Geological Survey	pointOfContact	DigitalSeg:DigitallyAcquired	MCS Data transferred from BOEM to USGS for posting on NAMSS. Limited information available.	1983-01-31	1983-01-01	2016-05-23	ptriezenberg@usgs.gov	Peter Triezenberg	U.S. Geological Survey	pointOfContact	2018-03-16	Seismic Metadata v.1
DFS-V	digital	56.99760	2974.23840			24.99360					120	Hydrophone_Streamer	6.00000	4000		Distance	24.99360		6.09600	12		174.95520	SeismicSource_Gun_Air	1050.00000	Cubic Inches				SEGP1	undocumented	NAD27	-92.11479	28.50671	28.42055	-92.26291	processed	matthew.wilson@boem.gov	Matthew Wilson	Bureau of Ocean Energy Management	pointOfContact	Online	Seismic:Active:MCS	matthew.wilson@boem.gov	Matthew Wilson	Bureau of Ocean Energy Management	pointOfContact	2009-01-24	open	https://walrus.wr.usgs.gov/namss/survey/b-58-84-la/dataset/	These data were acquired by BOEM (formerly MMS and USGS).  Under the terms of procurement, these data are to be available to the public 25 years after the issuance of the exploration permit.	namss.B-58-84-LA.mcs.airgun.zip					dataset	Unspecified		Unspecified	11.7 MB	1984-01-01	creation	Data zip file	https://walrus.wr.usgs.gov/namss/data/1984/namss.B-58-84-LA.mcs.airgun.zip										Vermilion	Stack	Seismic:Reflection	These data were acquired commercially for geophysical and geological (G&G) exploration of oil and gas prospects on the U.S. Outer Continental Shelf (OCS).  The Dept. of Interior, which regulates G&G activities on the OCS, acquired these data in order to ensure that the Federal government received fair market value for leases issued for oil and gas production on the OCS, and to accomplish other regulatory functions.	hart@usgs.gov	Patrick Hart	U.S. Geological Survey	pointOfContact	DigitalSeg:DigitallyAcquired	MCS Data transferred from BOEM to USGS for posting on NAMSS. Limited information available.	1984-01-31	1984-01-01	2016-05-23	ptriezenberg@usgs.gov	Peter Triezenberg	U.S. Geological Survey	pointOfContact	2018-03-16	Seismic Metadata v.1
	digital											Hydrophone_Streamer			LORAN								SeismicSource_Gun_Air				American Delta	Unspecified	N83	undocumented	NAD83	-147.44377	59.27040	54.48594	-158.57803	processed	hart@usgs.gov	Patrick Hart	U.S. Geological Survey	pointOfContact	Online	Seismic:Active:MCS	Unspecified	Unspecified	Unspecified	resourceProvider		open	https://walrus.wr.usgs.gov/namss/survey/b-59-75-ak/dataset/	These data were acquired by BOEM (formerly MMS and USGS).  Under the terms of procurement, these data are to be available to the public 25 years after the issuance of the exploration permit.	namss.B-59-75-AK.mcs.airgun.zip					dataset	Unspecified		Unspecified	22.5 GB	1975-06-02	creation	Data zip file	https://walrus.wr.usgs.gov/namss/data/1975/namss.B-59-75-AK.mcs.airgun.zip										Western Gulf of Alaska	Stack	Seismic:Reflection	These data were acquired commercially for geophysical and geological (G&G) exploration of oil and gas prospects on the U.S. Outer Continental Shelf (OCS).  The Dept. of Interior, which regulates G&G activities on the OCS, acquired these data in order to ensure that the Federal government received fair market value for leases issued for oil and gas production on the OCS, and to accomplish other regulatory functions.	hart@usgs.gov	Patrick Hart	U.S. Geological Survey	pointOfContact	DigitalSeg:DigitallyAcquired	MCS Data transferred from BOEM to USGS for posting on NAMSS. Limited information available.	1975-09-09	1975-06-02	2016-08-29	ptriezenberg@usgs.gov	Peter Triezenberg	U.S. Geological Survey	pointOfContact	2019-10-08	Seismic Metadata v.1
	digital											Hydrophone_Streamer											SeismicSource_Gun_Air						N83	undocumented	NAD83	-140.92684	71.82981	69.83439	-156.80384	processed	hart@usgs.gov	Patrick Hart	U.S. Geological Survey	pointOfContact	Online	Seismic:Active:MCS	hart@usgs.gov	Patrick Hart	U.S. Geological Survey	pointOfContact	2007-10-04	delay	https://walrus.wr.usgs.gov/namss/survey/b-59-82-ar/dataset/	These data were acquired by BOEM (formerly MMS and USGS).  Under the terms of procurement, these data are to be available to the public 25 years after the issuance of the exploration permit.	namss.B-59-82-AR.mcs.airgun.zip					dataset	Unspecified		Unspecified	3.1 GB	1982-07-29	creation	Dataset zip file	https://walrus.wr.usgs.gov/namss/data/1982/namss.B-59-82-AR.mcs.airgun.zip											Migration, Stack	Seismic:Reflection, Seismic:Velocity	These data were acquired commercially for geophysical and geological (G&G) exploration of oil and gas prospects on the U.S. Outer Continental Shelf (OCS).  The Dept. of Interior, which regulates G&G activities on the OCS, acquired these data in order to ensure that the Federal government received fair market value for leases issued for oil and gas production on the OCS, and to accomplish other regulatory functions.	hart@usgs.gov	Patrick Hart	U.S. Geological Survey	pointOfContact	DigitalSeg:DigitallyAcquired	MCS Data transferred from BOEM to USGS for posting on NAMSS. Limited information available.	1982-10-04	1982-07-29	2016-05-23	ptriezenberg@usgs.gov	Peter Triezenberg	U.S. Geological Survey	pointOfContact	2018-03-16	Seismic Metadata v.1
	digital											Hydrophone_Streamer											SeismicSource_Gun_Air						SEGP1	undocumented	NAD27	-91.28994	29.18962	27.58049	-93.74311	processed	matthew.wilson@boem.gov	Matthew Wilson	Bureau of Ocean Energy Management	pointOfContact	Online	Seismic:Active:MCS	matthew.wilson@boem.gov	Matthew Wilson	Bureau of Ocean Energy Management	pointOfContact	2008-01-25	open	https://walrus.wr.usgs.gov/namss/survey/b-59-83-la/dataset/	These data were acquired by BOEM (formerly MMS and USGS).  Under the terms of procurement, these data are to be available to the public 25 years after the issuance of the exploration permit.	namss.B-59-83-LA.mcs.airgun.zip					dataset	Unspecified		Unspecified	194.9 MB	1983-01-01	creation	Data zip file	https://walrus.wr.usgs.gov/namss/data/1983/namss.B-59-83-LA.mcs.airgun.zip										Louisiana	Stack	Seismic:Reflection	These data were acquired commercially for geophysical and geological (G&G) exploration of oil and gas prospects on the U.S. Outer Continental Shelf (OCS).  The Dept. of Interior, which regulates G&G activities on the OCS, acquired these data in order to ensure that the Federal government received fair market value for leases issued for oil and gas production on the OCS, and to accomplish other regulatory functions.	hart@usgs.gov	Patrick Hart	U.S. Geological Survey	pointOfContact	DigitalSeg:DigitallyAcquired	MCS Data transferred from BOEM to USGS for posting on NAMSS. Limited information available.	1983-01-31	1983-01-01	2016-05-23	ptriezenberg@usgs.gov	Peter Triezenberg	U.S. Geological Survey	pointOfContact	2018-03-16	Seismic Metadata v.1
	digital											Hydrophone_Streamer											SeismicSource_Gun_Air						N83	undocumented	NAD83	-156.11821	72.54974	68.38704	-169.15409	processed	matthew.wilson@boem.gov	Matthew Wilson	Bureau of Ocean Energy Management	pointOfContact	Online	Seismic:Active:MCS	matthew.wilson@boem.gov	Matthew Wilson	Bureau of Ocean Energy Management	pointOfContact	2007-10-02	open	https://walrus.wr.usgs.gov/namss/survey/b-60-82-ar/dataset/	These data were acquired by BOEM (formerly MMS and USGS).  Under the terms of procurement, these data are to be available to the public 25 years after the issuance of the exploration permit.	namss.B-60-82-AR.mcs.airgun.zip					dataset	Unspecified		Unspecified	5.2 GB	1982-08-10	creation	Data zip file	https://walrus.wr.usgs.gov/namss/data/1982/namss.B-60-82-AR.mcs.airgun.zip										Chukchi Sea	Migration, Stack	Seismic:Reflection, Seismic:Velocity	These data were acquired commercially for geophysical and geological (G&G) exploration of oil and gas prospects on the U.S. Outer Continental Shelf (OCS).  The Dept. of Interior, which regulates G&G activities on the OCS, acquired these data in order to ensure that the Federal government received fair market value for leases issued for oil and gas production on the OCS, and to accomplish other regulatory functions.	hart@usgs.gov	Patrick Hart	U.S. Geological Survey	pointOfContact	DigitalSeg:DigitallyAcquired	MCS Data transferred from BOEM to USGS for posting on NAMSS. Limited information available.	1982-10-08	1982-08-10	2016-05-23	ptriezenberg@usgs.gov	Peter Triezenberg	U.S. Geological Survey	pointOfContact	2018-03-16	Seismic Metadata v.1
	digital											Hydrophone_Streamer											SeismicSource_Gun_Air						SEGP1	undocumented	NAD27	-89.97585	28.38168	28.34699	-90.40079	processed	matthew.wilson@boem.gov	Matthew Wilson	Bureau of Ocean Energy Management	pointOfContact	Online	Seismic:Active:MCS	matthew.wilson@boem.gov	Matthew Wilson	Bureau of Ocean Energy Management	pointOfContact	2008-01-25	open	https://walrus.wr.usgs.gov/namss/survey/b-60-83-la/dataset/	These data were acquired by BOEM (formerly MMS and USGS).  Under the terms of procurement, these data are to be available to the public 25 years after the issuance of the exploration permit.	namss.B-60-83-LA.mcs.airgun.zip					dataset	Unspecified		Unspecified	4.1 MB	1983-01-01	creation	Data zip file	https://walrus.wr.usgs.gov/namss/data/1983/namss.B-60-83-LA.mcs.airgun.zip										Gulf of Mexico	Stack	Seismic:Reflection	These data were acquired commercially for geophysical and geological (G&G) exploration of oil and gas prospects on the U.S. Outer Continental Shelf (OCS).  The Dept. of Interior, which regulates G&G activities on the OCS, acquired these data in order to ensure that the Federal government received fair market value for leases issued for oil and gas production on the OCS, and to accomplish other regulatory functions.	hart@usgs.gov	Patrick Hart	U.S. Geological Survey	pointOfContact	DigitalSeg:DigitallyAcquired	MCS Data transferred from BOEM to USGS for posting on NAMSS. Limited information available.	1983-01-31	1983-01-01	2016-05-23	ptriezenberg@usgs.gov	Peter Triezenberg	U.S. Geological Survey	pointOfContact	2018-03-16	Seismic Metadata v.1
	digital											Hydrophone_Streamer											SeismicSource_Gun_Air						SEGP1	undocumented	NAD27	-95.90128	27.08614	25.93622	-96.31418	processed	matthew.wilson@boem.gov	Matthew Wilson	Bureau of Ocean Energy Management	pointOfContact	Online	Seismic:Active:MCS	matthew.wilson@boem.gov	Matthew Wilson	Bureau of Ocean Energy Management	pointOfContact	2009-01-24	open	https://walrus.wr.usgs.gov/namss/survey/b-60-84-tx/dataset/	These data were acquired by BOEM (formerly MMS and USGS).  Under the terms of procurement, these data are to be available to the public 25 years after the issuance of the exploration permit.	namss.B-60-84-TX.mcs.airgun.zip					dataset	Unspecified		Unspecified	107.4 MB	1984-01-01	creation	Data zip file	https://walrus.wr.usgs.gov/namss/data/1984/namss.B-60-84-TX.mcs.airgun.zip										Gulf of Mexico	Stack	Seismic:Reflection	These data were acquired commercially for geophysical and geological (G&G) exploration of oil and gas prospects on the U.S. Outer Continental Shelf (OCS).  The Dept. of Interior, which regulates G&G activities on the OCS, acquired these data in order to ensure that the Federal government received fair market value for leases issued for oil and gas production on the OCS, and to accomplish other regulatory functions.	hart@usgs.gov	Patrick Hart	U.S. Geological Survey	pointOfContact	DigitalSeg:DigitallyAcquired	MCS Data transferred from BOEM to USGS for posting on NAMSS. Limited information available.	1984-01-31	1984-01-01	2016-05-23	ptriezenberg@usgs.gov	Peter Triezenberg	U.S. Geological Survey	pointOfContact	2018-03-16	Seismic Metadata v.1
DFS-IV	digital		2400.00008			50.00000					48	Hydrophone_Streamer	6.00000	2000		Distance	100.00000		3.04800				SeismicSource_Gun_Air	1200.00000	Cubic Inches		Midnight Sun	GSI	SEGP1	undocumented	NAD27	-88.84848	29.36258	28.83310	-90.58170	processed	matthew.wilson@boem.gov	Matthew Wilson	Bureau of Ocean Energy Management	pointOfContact	Online	Seismic:Active:MCS	matthew.wilson@boem.gov	Matthew Wilson	Bureau of Ocean Energy Management	pointOfContact	2000-12-24	open	https://walrus.wr.usgs.gov/namss/survey/b-61-75-la/dataset/	These data were acquired by BOEM (formerly MMS and USGS).  Under the terms of procurement, these data are to be available to the public 25 years after the issuance of the exploration permit.	namss.B-61-75-LA.mcs.airgun.zip					dataset	Unspecified		Unspecified	497.3 MB	1975-01-01	creation	Data zip file	https://walrus.wr.usgs.gov/namss/data/1975/namss.B-61-75-LA.mcs.airgun.zip										South Timbalier	Stack	Seismic:Reflection	These data were acquired commercially for geophysical and geological (G&G) exploration of oil and gas prospects on the U.S. Outer Continental Shelf (OCS).  The Dept. of Interior, which regulates G&G activities on the OCS, acquired these data in order to ensure that the Federal government received fair market value for leases issued for oil and gas production on the OCS, and to accomplish other regulatory functions.	hart@usgs.gov	Patrick Hart	U.S. Geological Survey	pointOfContact	DigitalSeg:DigitallyAcquired	MCS Data transferred from BOEM to USGS for posting on NAMSS. Limited information available.	1975-12-31	1975-01-01	2016-05-23	ptriezenberg@usgs.gov	Peter Triezenberg	U.S. Geological Survey	pointOfContact	2018-03-16	Seismic Metadata v.1
DFS-IV	digital				10.66800	49.98720					48	Hydrophone_Streamer	6.00000	2000		Distance	49.98720						SeismicSource_Gun_Air						SEGP1	undocumented	NAD27	-88.82298	29.40468	29.15752	-88.95158	processed	matthew.wilson@boem.gov	Matthew Wilson	Bureau of Ocean Energy Management	pointOfContact	Online	Seismic:Active:MCS	matthew.wilson@boem.gov	Matthew Wilson	Bureau of Ocean Energy Management	pointOfContact	2002-06-24	open	https://walrus.wr.usgs.gov/namss/survey/b-61-77-la/dataset/	These data were acquired by BOEM (formerly MMS and USGS).  Under the terms of procurement, these data are to be available to the public 25 years after the issuance of the exploration permit.	namss.B-61-77-LA.mcs.airgun.zip					dataset	Unspecified		Unspecified	27.4 MB	1977-06-01	creation	Data zip file	https://walrus.wr.usgs.gov/namss/data/1977/namss.B-61-77-LA.mcs.airgun.zip										Main pass	Stack	Seismic:Reflection	These data were acquired commercially for geophysical and geological (G&G) exploration of oil and gas prospects on the U.S. Outer Continental Shelf (OCS).  The Dept. of Interior, which regulates G&G activities on the OCS, acquired these data in order to ensure that the Federal government received fair market value for leases issued for oil and gas production on the OCS, and to accomplish other regulatory functions.	hart@usgs.gov	Patrick Hart	U.S. Geological Survey	pointOfContact	DigitalSeg:DigitallyAcquired	MCS Data transferred from BOEM to USGS for posting on NAMSS. Limited information available.	1977-06-30	1977-06-01	2016-05-23	ptriezenberg@usgs.gov	Peter Triezenberg	U.S. Geological Survey	pointOfContact	2018-03-16	Seismic Metadata v.1
DFS-IV	digital					49.98720					48	Hydrophone_Streamer				Distance	24.99360			7			SeismicSource_Gun_Air						SEGP1	undocumented	NAD27	-94.04668	28.92979	26.34253	-97.01506	processed	matthew.wilson@boem.gov	Matthew Wilson	Bureau of Ocean Energy Management	pointOfContact	Online	Seismic:Active:MCS	matthew.wilson@boem.gov	Matthew Wilson	Bureau of Ocean Energy Management	pointOfContact	2002-01-25	open	https://walrus.wr.usgs.gov/namss/survey/b-61-77-tx/dataset/	These data were acquired by BOEM (formerly MMS and USGS).  Under the terms of procurement, these data are to be available to the public 25 years after the issuance of the exploration permit.	namss.B-61-77-TX.mcs.airgun.zip					dataset	Unspecified		Unspecified	271.9 MB	1977-01-01	creation	Data zip file	https://walrus.wr.usgs.gov/namss/data/1977/namss.B-61-77-TX.mcs.airgun.zip										Gulf of Mexico	Stack	Seismic:Reflection	These data were acquired commercially for geophysical and geological (G&G) exploration of oil and gas prospects on the U.S. Outer Continental Shelf (OCS).  The Dept. of Interior, which regulates G&G activities on the OCS, acquired these data in order to ensure that the Federal government received fair market value for leases issued for oil and gas production on the OCS, and to accomplish other regulatory functions.	hart@usgs.gov	Patrick Hart	U.S. Geological Survey	pointOfContact	DigitalSeg:DigitallyAcquired	MCS Data transferred from BOEM to USGS for posting on NAMSS. Limited information available.	1977-01-31	1977-01-01	2016-05-23	ptriezenberg@usgs.gov	Peter Triezenberg	U.S. Geological Survey	pointOfContact	2018-03-16	Seismic Metadata v.1
LAS-888	digital	15.24000	3151.63200		12.19200	67.05600					48	Hydrophone_Streamer	6.00000	2000		Distance	67.05600		8.53440	6		262.73760	Other						SEGP1	undocumented	NAD27	-93.60609	29.37842	29.23536	-93.62596	processed	matthew.wilson@boem.gov	Matthew Wilson	Bureau of Ocean Energy Management	pointOfContact	Online	Seismic:Active:MCS	matthew.wilson@boem.gov	Matthew Wilson	Bureau of Ocean Energy Management	pointOfContact	2005-04-24	open	https://walrus.wr.usgs.gov/namss/survey/b-61-80-la/dataset/	These data were acquired by BOEM (formerly MMS and USGS).  Under the terms of procurement, these data are to be available to the public 25 years after the issuance of the exploration permit.	namss.B-61-80-LA.mcs.aquapulse.zip					dataset	Unspecified		Unspecified	3.2 MB	1980-04-01	creation	Data zip file	https://walrus.wr.usgs.gov/namss/data/1980/namss.B-61-80-LA.mcs.aquapulse.zip										West Cameron 	Stack	Seismic:Reflection	These data were acquired commercially for geophysical and geological (G&G) exploration of oil and gas prospects on the U.S. Outer Continental Shelf (OCS).  The Dept. of Interior, which regulates G&G activities on the OCS, acquired these data in order to ensure that the Federal government received fair market value for leases issued for oil and gas production on the OCS, and to accomplish other regulatory functions.	hart@usgs.gov	Patrick Hart	U.S. Geological Survey	pointOfContact	DigitalSeg:DigitallyAcquired	MCS Data transferred from BOEM to USGS for posting on NAMSS. Limited information available.	1980-04-30	1980-04-01	2016-05-23	ptriezenberg@usgs.gov	Peter Triezenberg	U.S. Geological Survey	pointOfContact	2018-03-16	Seismic Metadata v.1
	digital											Hydrophone_Streamer											SeismicSource_Gun_Air						SEGP1	undocumented	NAD27	-90.23343	28.79211	27.88039	-93.44963	processed	matthew.wilson@boem.gov	Matthew Wilson	Bureau of Ocean Energy Management	pointOfContact	Online	Seismic:Active:MCS	matthew.wilson@boem.gov	Matthew Wilson	Bureau of Ocean Energy Management	pointOfContact	2007-01-25	open	https://walrus.wr.usgs.gov/namss/survey/b-61-82-la/dataset/	These data were acquired by BOEM (formerly MMS and USGS).  Under the terms of procurement, these data are to be available to the public 25 years after the issuance of the exploration permit.	namss.B-61-82-LA.mcs.airgun.zip					dataset	Unspecified		Unspecified	58.2 MB	1982-01-01	creation	Data zip file	https://walrus.wr.usgs.gov/namss/data/1982/namss.B-61-82-LA.mcs.airgun.zip										Gulf of Mexico	Stack	Seismic:Reflection	These data were acquired commercially for geophysical and geological (G&G) exploration of oil and gas prospects on the U.S. Outer Continental Shelf (OCS).  The Dept. of Interior, which regulates G&G activities on the OCS, acquired these data in order to ensure that the Federal government received fair market value for leases issued for oil and gas production on the OCS, and to accomplish other regulatory functions.	hart@usgs.gov	Patrick Hart	U.S. Geological Survey	pointOfContact	DigitalSeg:DigitallyAcquired	MCS Data transferred from BOEM to USGS for posting on NAMSS. Limited information available.	1982-01-31	1982-01-01	2016-05-23	ptriezenberg@usgs.gov	Peter Triezenberg	U.S. Geological Survey	pointOfContact	2018-03-16	Seismic Metadata v.1
	digital											Hydrophone_Streamer											SeismicSource_Gun_Air						SEGP1	undocumented	NAD27	-87.64729	30.06196	28.38100	-93.31085	processed	matthew.wilson@boem.gov	Matthew Wilson	Bureau of Ocean Energy Management	pointOfContact	Online	Seismic:Active:MCS	matthew.wilson@boem.gov	Matthew Wilson	Bureau of Ocean Energy Management	pointOfContact	2006-01-25	open	https://walrus.wr.usgs.gov/namss/survey/b-62-81-la/dataset/	These data were acquired by BOEM (formerly MMS and USGS).  Under the terms of procurement, these data are to be available to the public 25 years after the issuance of the exploration permit.	namss.B-62-81-LA.mcs.airgun.zip					dataset	Unspecified		Unspecified	1.2 GB	1981-01-01	creation	Data zip file	https://walrus.wr.usgs.gov/namss/data/1981/namss.B-62-81-LA.mcs.airgun.zip										Gulf of Mexico	Stack	Seismic:Reflection	These data were acquired commercially for geophysical and geological (G&G) exploration of oil and gas prospects on the U.S. Outer Continental Shelf (OCS).  The Dept. of Interior, which regulates G&G activities on the OCS, acquired these data in order to ensure that the Federal government received fair market value for leases issued for oil and gas production on the OCS, and to accomplish other regulatory functions.	hart@usgs.gov	Patrick Hart	U.S. Geological Survey	pointOfContact	DigitalSeg:DigitallyAcquired	MCS Data transferred from BOEM to USGS for posting on NAMSS. Limited information available.	1981-01-31	1981-01-01	2016-05-23	ptriezenberg@usgs.gov	Peter Triezenberg	U.S. Geological Survey	pointOfContact	2018-03-16	Seismic Metadata v.1
DFS-V	digital	61.26480	2974.84800		9.14400	25.00000					120	Hydrophone_Streamer	7.00000	2000		Distance	25.00000		6.09600	14		334.97520	SeismicSource_Gun_Air	2440.00000	Cubic Inches				SEGP1	undocumented	NAD27	-95.29172	28.50874	27.96476	-95.99499	processed	matthew.wilson@boem.gov	Matthew Wilson	Bureau of Ocean Energy Management	pointOfContact	Online	Seismic:Active:MCS	matthew.wilson@boem.gov	Matthew Wilson	Bureau of Ocean Energy Management	pointOfContact	2007-09-24	open	https://walrus.wr.usgs.gov/namss/survey/b-62-82-tx/dataset/	These data were acquired by BOEM (formerly MMS and USGS).  Under the terms of procurement, these data are to be available to the public 25 years after the issuance of the exploration permit.	namss.B-62-82-TX.mcs.airgun.zip					dataset	Unspecified		Unspecified	41.5 MB	1982-09-01	creation	Data zip file	https://walrus.wr.usgs.gov/namss/data/1982/namss.B-62-82-TX.mcs.airgun.zip										Texas	Stack	Seismic:Reflection	These data were acquired commercially for geophysical and geological (G&G) exploration of oil and gas prospects on the U.S. Outer Continental Shelf (OCS).  The Dept. of Interior, which regulates G&G activities on the OCS, acquired these data in order to ensure that the Federal government received fair market value for leases issued for oil and gas production on the OCS, and to accomplish other regulatory functions.	hart@usgs.gov	Patrick Hart	U.S. Geological Survey	pointOfContact	DigitalSeg:DigitallyAcquired	MCS Data transferred from BOEM to USGS for posting on NAMSS. Limited information available.	1982-09-30	1982-09-01	2016-05-23	ptriezenberg@usgs.gov	Peter Triezenberg	U.S. Geological Survey	pointOfContact	2018-03-16	Seismic Metadata v.1
	digital											Hydrophone_Streamer											SeismicSource_Gun_Air						N83	no	NAD83	-161.93042	59.59950	55.22183	-171.35993	processed	hart@usgs.gov	Patrick Hart	U.S. Geological Survey	pointOfContact	Online	Seismic:Active:MCS	hart@usgs.gov	Patrick Hart	U.S. Geological Survey	pointOfContact	2016-09-01	open	https://walrus.wr.usgs.gov/namss/survey/b-63-82-ak/dataset/	These data were acquired by BOEM (formerly MMS and USGS). Under the terms of procurement, these data are to be available to the public 25 years after the issuance of the exploration permit.	namss.B-63-82-AK.mcs.airgun.zip					dataset	Unspecified		Unspecified	25.4 GB	1982-05-05	creation	Dataset zip file	https://walrus.wr.usgs.gov/namss/data/1982/namss.B-63-82-AK.mcs.airgun.zip										Gulf of Alaska	Stack	Seismic:Reflection	These data were acquired commercially for geophysical and geological (G&G) exploration of oil and gas prospects on the U.S. Outer Continental Shelf (OCS). The Dept. of Interior, which regulates G&G activities on the OCS, acquired these data in order to ensure that the Federal government received fair market value for leases issued for oil and gas production on the OCS, and to accomplish other regulatory functions.	matthew.wilson@boem.gov	Matthew Wilson	Bureau of Ocean Energy Management	pointOfContact	DigitalSeg:DigitallyAcquired	MCS Data transferred from BOEM to USGS for posting on NAMSS. Limited information available.	1982-11-07	1982-05-05	2017-04-18	ptriezenberg@usgs.gov	Peter Triezenberg	U.S. Geological Survey	pointOfContact	2018-03-16	Seismic Metadata v.1
	digital											Hydrophone_Streamer											SeismicSource_Gun_Air						SEGP1	no	NAD27	-96.17186	26.60728	25.98276	-97.09901	processed	hart@usgs.gov	Patrick Hart	U.S. Geological Survey	pointOfContact	Online	Seismic:Active:MCS	hart@usgs.gov	Patrick Hart	U.S. Geological Survey	pointOfContact		open	https://walrus.wr.usgs.gov/namss/survey/b-63-90-tx/dataset/	These data were acquired by BOEM (formerly MMS and USGS). Under the terms of procurement, these data are to be available to the public 25 years after the issuance of the exploration permit.	namss.B-63-90-TX.mcs.airgun.zip					dataset	Unspecified		Unspecified	709.2 MB	1990-01-01	creation	Dataset zip file	https://walrus.wr.usgs.gov/namss/data/1990/namss.B-63-90-TX.mcs.airgun.zip										Gulf of Mexico	Stack	Seismic:Reflection	These data were acquired commercially for geophysical and geological (G&G) exploration of oil and gas prospects on the U.S. Outer Continental Shelf (OCS). The Dept. of Interior, which regulates G&G activities on the OCS, acquired these data in order to ensure that the Federal government received fair market value for leases issued for oil and gas production on the OCS, and to accomplish other regulatory functions.	matthew.wilson@boem.gov	Matthew Wilson	Bureau of Ocean Energy Management	pointOfContact	DigitalSeg:DigitallyAcquired	MCS Data transferred from BOEM to USGS for posting on NAMSS. Limited information available.	1990-01-01	1990-01-01	2017-02-08	ptriezenberg@usgs.gov	Peter Triezenberg	U.S. Geological Survey	pointOfContact	2018-03-16	Seismic Metadata v.1
	digital											Hydrophone_Streamer											SeismicSource_Gun_Air						SEGP1	undocumented	NAD27	-87.54060	28.80270	25.59923	-92.48431	processed	matthew.wilson@boem.gov	Matthew Wilson	Bureau of Ocean Energy Management	pointOfContact	Online	Seismic:Active:MCS	matthew.wilson@boem.gov	Matthew Wilson	Bureau of Ocean Energy Management	pointOfContact	2012-01-25	open	https://walrus.wr.usgs.gov/namss/survey/b-64-87-la/dataset/	These data were acquired by BOEM (formerly MMS and USGS).  Under the terms of procurement, these data are to be available to the public 25 years after the issuance of the exploration permit.	namss.B-64-87-LA.mcs.airgun.zip					dataset	Unspecified		Unspecified	11.9 GB	1987-01-01	creation	Data zip file	https://walrus.wr.usgs.gov/namss/data/1987/namss.B-64-87-LA.mcs.airgun.zip										Gulf of Mexico	Stack	Seismic:Reflection	These data were acquired commercially for geophysical and geological (G&G) exploration of oil and gas prospects on the U.S. Outer Continental Shelf (OCS).  The Dept. of Interior, which regulates G&G activities on the OCS, acquired these data in order to ensure that the Federal government received fair market value for leases issued for oil and gas production on the OCS, and to accomplish other regulatory functions.	hart@usgs.gov	Patrick Hart	U.S. Geological Survey	pointOfContact	DigitalSeg:DigitallyAcquired	MCS Data transferred from BOEM to USGS for posting on NAMSS. Limited information available.	1987-01-31	1987-01-01	2016-05-23	ptriezenberg@usgs.gov	Peter Triezenberg	U.S. Geological Survey	pointOfContact	2018-03-16	Seismic Metadata v.1
DFS-IV	digital					49.98720					48	Hydrophone_Streamer				Distance	24.99360			4		304.80000	SeismicSource_Gun_Air						SEGP1	undocumented	NAD27	-93.62093	28.62922	27.87133	-96.65793	processed	matthew.wilson@boem.gov	Matthew Wilson	Bureau of Ocean Energy Management	pointOfContact	Online	Seismic:Active:MCS	matthew.wilson@boem.gov	Matthew Wilson	Bureau of Ocean Energy Management	pointOfContact	2002-01-25	open	https://walrus.wr.usgs.gov/namss/survey/b-65-77-tx/dataset/	These data were acquired by BOEM (formerly MMS and USGS).  Under the terms of procurement, these data are to be available to the public 25 years after the issuance of the exploration permit.	namss.B-65-77-TX.mcs.airgun.zip					dataset	Unspecified		Unspecified	43.0 MB	1977-01-01	creation	Data zip file	https://walrus.wr.usgs.gov/namss/data/1977/namss.B-65-77-TX.mcs.airgun.zip										Gulf of Mexico	Stack	Seismic:Reflection	These data were acquired commercially for geophysical and geological (G&G) exploration of oil and gas prospects on the U.S. Outer Continental Shelf (OCS).  The Dept. of Interior, which regulates G&G activities on the OCS, acquired these data in order to ensure that the Federal government received fair market value for leases issued for oil and gas production on the OCS, and to accomplish other regulatory functions.	hart@usgs.gov	Patrick Hart	U.S. Geological Survey	pointOfContact	DigitalSeg:DigitallyAcquired	MCS Data transferred from BOEM to USGS for posting on NAMSS. Limited information available.	1977-01-31	1977-01-01	2016-05-23	ptriezenberg@usgs.gov	Peter Triezenberg	U.S. Geological Survey	pointOfContact	2018-03-16	Seismic Metadata v.1
DFS-V	digital				10.66800	15.00000					120	Hydrophone_Streamer	8.00000	4000						14		213.36000	SeismicSource_Gun_Air	2444.00000	Cubic Inches		American III	Teledyne	SEGP1	undocumented	NAD27	-93.10217	28.56487	28.39865	-93.36143	processed	matthew.wilson@boem.gov	Matthew Wilson	Bureau of Ocean Energy Management	pointOfContact	Online	Seismic:Active:MCS	matthew.wilson@boem.gov	Matthew Wilson	Bureau of Ocean Energy Management	pointOfContact	2004-08-24	open	https://walrus.wr.usgs.gov/namss/survey/b-66-79-la/dataset/	These data were acquired by BOEM (formerly MMS and USGS).  Under the terms of procurement, these data are to be available to the public 25 years after the issuance of the exploration permit.	namss.B-66-79-LA.mcs.airgun.zip					dataset	Unspecified		Unspecified	1.4 MB	1979-08-01	creation	Data zip file	https://walrus.wr.usgs.gov/namss/data/1979/namss.B-66-79-LA.mcs.airgun.zip										West Cameron	Stack	Seismic:Reflection	These data were acquired commercially for geophysical and geological (G&G) exploration of oil and gas prospects on the U.S. Outer Continental Shelf (OCS).  The Dept. of Interior, which regulates G&G activities on the OCS, acquired these data in order to ensure that the Federal government received fair market value for leases issued for oil and gas production on the OCS, and to accomplish other regulatory functions.	hart@usgs.gov	Patrick Hart	U.S. Geological Survey	pointOfContact	DigitalSeg:DigitallyAcquired	MCS Data transferred from BOEM to USGS for posting on NAMSS. Limited information available.	1979-08-31	1979-08-01	2016-05-23	ptriezenberg@usgs.gov	Peter Triezenberg	U.S. Geological Survey	pointOfContact	2018-03-16	Seismic Metadata v.1
	digital											Hydrophone_Streamer											SeismicSource_Gun_Air						SEGP1	undocumented	NAD27	-93.33813	28.88874	28.31872	-93.56814	processed	matthew.wilson@boem.gov	Matthew Wilson	Bureau of Ocean Energy Management	pointOfContact	Online	Seismic:Active:MCS	matthew.wilson@boem.gov	Matthew Wilson	Bureau of Ocean Energy Management	pointOfContact	2001-01-24	open	https://walrus.wr.usgs.gov/namss/survey/b-67-76-la/dataset/	These data were acquired by BOEM (formerly MMS and USGS).  Under the terms of procurement, these data are to be available to the public 25 years after the issuance of the exploration permit.	namss.B-67-76-LA.mcs.airgun.zip					dataset	Unspecified		Unspecified	15.9 MB	1976-01-01	creation	Data zip file	https://walrus.wr.usgs.gov/namss/data/1976/namss.B-67-76-LA.mcs.airgun.zip										Gulf of Mexico	Stack	Seismic:Reflection	These data were acquired commercially for geophysical and geological (G&G) exploration of oil and gas prospects on the U.S. Outer Continental Shelf (OCS).  The Dept. of Interior, which regulates G&G activities on the OCS, acquired these data in order to ensure that the Federal government received fair market value for leases issued for oil and gas production on the OCS, and to accomplish other regulatory functions.	hart@usgs.gov	Patrick Hart	U.S. Geological Survey	pointOfContact	DigitalSeg:DigitallyAcquired	MCS Data transferred from BOEM to USGS for posting on NAMSS. Limited information available.	1976-01-31	1976-01-01	2016-05-23	ptriezenberg@usgs.gov	Peter Triezenberg	U.S. Geological Survey	pointOfContact	2018-03-16	Seismic Metadata v.1
DFS-IV	digital					49.98720					48	Hydrophone_Streamer	6.00000	2000		Distance	24.99360			7		304.80000	SeismicSource_Gun_Air						SEGP1	undocumented	NAD27	-89.80462	29.17192	27.89540	-93.43384	processed	matthew.wilson@boem.gov	Matthew Wilson	Bureau of Ocean Energy Management	pointOfContact	Online	Seismic:Active:MCS	matthew.wilson@boem.gov	Matthew Wilson	Bureau of Ocean Energy Management	pointOfContact	2005-01-24	open	https://walrus.wr.usgs.gov/namss/survey/b-67-80-la/dataset/	These data were acquired by BOEM (formerly MMS and USGS).  Under the terms of procurement, these data are to be available to the public 25 years after the issuance of the exploration permit.	namss.B-67-80-LA.mcs.airgun.zip					dataset	Unspecified		Unspecified	137.5 MB	1980-01-01	creation	Data zip file	https://walrus.wr.usgs.gov/namss/data/1980/namss.B-67-80-LA.mcs.airgun.zip										West Cameron	Stack	Seismic:Reflection	These data were acquired commercially for geophysical and geological (G&G) exploration of oil and gas prospects on the U.S. Outer Continental Shelf (OCS).  The Dept. of Interior, which regulates G&G activities on the OCS, acquired these data in order to ensure that the Federal government received fair market value for leases issued for oil and gas production on the OCS, and to accomplish other regulatory functions.	hart@usgs.gov	Patrick Hart	U.S. Geological Survey	pointOfContact	DigitalSeg:DigitallyAcquired	MCS Data transferred from BOEM to USGS for posting on NAMSS. Limited information available.	1980-01-31	1980-01-01	2016-05-23	ptriezenberg@usgs.gov	Peter Triezenberg	U.S. Geological Survey	pointOfContact	2018-03-16	Seismic Metadata v.1
	digital											Hydrophone_Streamer											SeismicSource_Gun_Air						SEGP1	undocumented	NAD27	-90.67955	28.88107	27.92377	-93.43286	processed	matthew.wilson@boem.gov	Matthew Wilson	Bureau of Ocean Energy Management	pointOfContact	Online	Seismic:Active:MCS	matthew.wilson@boem.gov	Matthew Wilson	Bureau of Ocean Energy Management	pointOfContact	2003-01-25	open	https://walrus.wr.usgs.gov/namss/survey/b-68-78-la/dataset/	These data were acquired by BOEM (formerly MMS and USGS).  Under the terms of procurement, these data are to be available to the public 25 years after the issuance of the exploration permit.	namss.B-68-78-LA.mcs.airgun.zip					dataset	Unspecified		Unspecified	55.4 MB	1978-01-01	creation	Data zip file	https://walrus.wr.usgs.gov/namss/data/1978/namss.B-68-78-LA.mcs.airgun.zip										Gulf of Mexico	Stack	Seismic:Reflection	These data were acquired commercially for geophysical and geological (G&G) exploration of oil and gas prospects on the U.S. Outer Continental Shelf (OCS).  The Dept. of Interior, which regulates G&G activities on the OCS, acquired these data in order to ensure that the Federal government received fair market value for leases issued for oil and gas production on the OCS, and to accomplish other regulatory functions.	hart@usgs.gov	Patrick Hart	U.S. Geological Survey	pointOfContact	DigitalSeg:DigitallyAcquired	MCS Data transferred from BOEM to USGS for posting on NAMSS. Limited information available.	1978-01-31	1978-01-01	2016-05-23	ptriezenberg@usgs.gov	Peter Triezenberg	U.S. Geological Survey	pointOfContact	2018-03-16	Seismic Metadata v.1
LRS-16	digital		3188.26010		9.50000	13.34000					240	Hydrophone_Streamer	7.00000	1000		Distance	13.34000		9.49970	12			Other						SEGP1	undocumented	NAD27	-95.71347	26.74051	26.02132	-97.24662	processed	matthew.wilson@boem.gov	Matthew Wilson	Bureau of Ocean Energy Management	pointOfContact	Online	Seismic:Active:MCS	matthew.wilson@boem.gov	Matthew Wilson	Bureau of Ocean Energy Management	pointOfContact	2007-05-25	open	https://walrus.wr.usgs.gov/namss/survey/b-68-82-tx/dataset/	These data were acquired by BOEM (formerly MMS and USGS).  Under the terms of procurement, these data are to be available to the public 25 years after the issuance of the exploration permit.	namss.B-68-82-TX.mcs.aquapulse.zip					dataset	Unspecified		Unspecified	7.3 MB	1982-05-01	creation	Data zip file	https://walrus.wr.usgs.gov/namss/data/1982/namss.B-68-82-TX.mcs.aquapulse.zip										Texas	Stack	Seismic:Reflection	These data were acquired commercially for geophysical and geological (G&G) exploration of oil and gas prospects on the U.S. Outer Continental Shelf (OCS).  The Dept. of Interior, which regulates G&G activities on the OCS, acquired these data in order to ensure that the Federal government received fair market value for leases issued for oil and gas production on the OCS, and to accomplish other regulatory functions.	hart@usgs.gov	Patrick Hart	U.S. Geological Survey	pointOfContact	DigitalSeg:DigitallyAcquired	MCS Data transferred from BOEM to USGS for posting on NAMSS. Limited information available.	1982-05-31	1982-05-01	2016-05-23	ptriezenberg@usgs.gov	Peter Triezenberg	U.S. Geological Survey	pointOfContact	2018-03-16	Seismic Metadata v.1
	digital											Hydrophone_Streamer											SeismicSource_Gun_Air						SEGP1	undocumented	NAD27	-93.60016	29.22959	28.27175	-94.83570	processed	matthew.wilson@boem.gov	Matthew Wilson	Bureau of Ocean Energy Management	pointOfContact	Online	Seismic:Active:MCS	matthew.wilson@boem.gov	Matthew Wilson	Bureau of Ocean Energy Management	pointOfContact	2001-01-24	open	https://walrus.wr.usgs.gov/namss/survey/b-69-76-tx/dataset/	These data were acquired by BOEM (formerly MMS and USGS).  Under the terms of procurement, these data are to be available to the public 25 years after the issuance of the exploration permit.	namss.B-69-76-TX.mcs.airgun.zip					dataset	Unspecified		Unspecified	68.7 MB	1976-01-01	creation	Data zip file	https://walrus.wr.usgs.gov/namss/data/1976/namss.B-69-76-TX.mcs.airgun.zip										Gulf of Mexico	Stack	Seismic:Reflection	These data were acquired commercially for geophysical and geological (G&G) exploration of oil and gas prospects on the U.S. Outer Continental Shelf (OCS).  The Dept. of Interior, which regulates G&G activities on the OCS, acquired these data in order to ensure that the Federal government received fair market value for leases issued for oil and gas production on the OCS, and to accomplish other regulatory functions.	hart@usgs.gov	Patrick Hart	U.S. Geological Survey	pointOfContact	DigitalSeg:DigitallyAcquired	MCS Data transferred from BOEM to USGS for posting on NAMSS. Limited information available.	1976-01-31	1976-01-01	2016-05-23	ptriezenberg@usgs.gov	Peter Triezenberg	U.S. Geological Survey	pointOfContact	2018-03-16	Seismic Metadata v.1
DFS-IV	digital					49.98720					60	Hydrophone_Streamer	6.00000	2000		Distance	24.99360			7		152.40000	SeismicSource_Gun_Air						SEGP1	undocumented	NAD27	-87.93435	29.22689	28.06180	-93.03817	processed	matthew.wilson@boem.gov	Matthew Wilson	Bureau of Ocean Energy Management	pointOfContact	Online	Seismic:Active:MCS	matthew.wilson@boem.gov	Matthew Wilson	Bureau of Ocean Energy Management	pointOfContact	2006-01-25	open	https://walrus.wr.usgs.gov/namss/survey/b-69-81-la/dataset/	These data were acquired by BOEM (formerly MMS and USGS).  Under the terms of procurement, these data are to be available to the public 25 years after the issuance of the exploration permit.	namss.B-69-81-LA.mcs.airgun.zip					dataset	Unspecified		Unspecified	161.0 MB	1981-01-01	creation	Data zip file	https://walrus.wr.usgs.gov/namss/data/1981/namss.B-69-81-LA.mcs.airgun.zip										South Pass	Stack	Seismic:Reflection	These data were acquired commercially for geophysical and geological (G&G) exploration of oil and gas prospects on the U.S. Outer Continental Shelf (OCS).  The Dept. of Interior, which regulates G&G activities on the OCS, acquired these data in order to ensure that the Federal government received fair market value for leases issued for oil and gas production on the OCS, and to accomplish other regulatory functions.	hart@usgs.gov	Patrick Hart	U.S. Geological Survey	pointOfContact	DigitalSeg:DigitallyAcquired	MCS Data transferred from BOEM to USGS for posting on NAMSS. Limited information available.	1981-01-31	1981-01-01	2016-05-23	ptriezenberg@usgs.gov	Peter Triezenberg	U.S. Geological Survey	pointOfContact	2018-03-16	Seismic Metadata v.1
	digital											Hydrophone_Streamer											SeismicSource_Gun_Air						SEGP1	undocumented	NAD27	-94.00995	28.65044	27.96297	-95.03683	processed	matthew.wilson@boem.gov	Matthew Wilson	Bureau of Ocean Energy Management	pointOfContact	Online	Seismic:Active:MCS	matthew.wilson@boem.gov	Matthew Wilson	Bureau of Ocean Energy Management	pointOfContact	2003-01-25	open	https://walrus.wr.usgs.gov/namss/survey/b-70-78-tx/dataset/	These data were acquired by BOEM (formerly MMS and USGS).  Under the terms of procurement, these data are to be available to the public 25 years after the issuance of the exploration permit.	namss.B-70-78-TX.mcs.airgun.zip					dataset	Unspecified		Unspecified	9.5 MB	1978-01-01	creation	Data zip file	https://walrus.wr.usgs.gov/namss/data/1978/namss.B-70-78-TX.mcs.airgun.zip										Gulf of Mexico	Stack	Seismic:Reflection	These data were acquired commercially for geophysical and geological (G&G) exploration of oil and gas prospects on the U.S. Outer Continental Shelf (OCS).  The Dept. of Interior, which regulates G&G activities on the OCS, acquired these data in order to ensure that the Federal government received fair market value for leases issued for oil and gas production on the OCS, and to accomplish other regulatory functions.	hart@usgs.gov	Patrick Hart	U.S. Geological Survey	pointOfContact	DigitalSeg:DigitallyAcquired	MCS Data transferred from BOEM to USGS for posting on NAMSS. Limited information available.	1978-01-31	1978-01-01	2016-05-23	ptriezenberg@usgs.gov	Peter Triezenberg	U.S. Geological Survey	pointOfContact	2018-03-16	Seismic Metadata v.1
DFS-V	digital		2974.23840		10.97280	24.99360					120	Hydrophone_Streamer	6.00000	2000		Distance	24.99360		10.36320	6		284.98800	Other						SEGP1	undocumented	NAD27	-96.43818	27.25257	26.60406	-97.19334	processed	matthew.wilson@boem.gov	Matthew Wilson	Bureau of Ocean Energy Management	pointOfContact	Online	Seismic:Active:MCS	matthew.wilson@boem.gov	Matthew Wilson	Bureau of Ocean Energy Management	pointOfContact	2007-12-25	open	https://walrus.wr.usgs.gov/namss/survey/b-70-82-tx/dataset/	These data were acquired by BOEM (formerly MMS and USGS).  Under the terms of procurement, these data are to be available to the public 25 years after the issuance of the exploration permit.	namss.B-70-82-TX.mcs.aquapulse.zip					dataset	Unspecified		Unspecified	24.8 MB	1982-12-01	creation	Data zip file	https://walrus.wr.usgs.gov/namss/data/1982/namss.B-70-82-TX.mcs.aquapulse.zip										Texas	Stack	Seismic:Reflection	These data were acquired commercially for geophysical and geological (G&G) exploration of oil and gas prospects on the U.S. Outer Continental Shelf (OCS).  The Dept. of Interior, which regulates G&G activities on the OCS, acquired these data in order to ensure that the Federal government received fair market value for leases issued for oil and gas production on the OCS, and to accomplish other regulatory functions.	hart@usgs.gov	Patrick Hart	U.S. Geological Survey	pointOfContact	DigitalSeg:DigitallyAcquired	MCS Data transferred from BOEM to USGS for posting on NAMSS. Limited information available.	1982-12-31	1982-12-01	2016-05-23	ptriezenberg@usgs.gov	Peter Triezenberg	U.S. Geological Survey	pointOfContact	2018-03-16	Seismic Metadata v.1
	digital											Hydrophone_Streamer											SeismicSource_Gun_Air						SEGP1	undocumented	NAD27	-95.34741	28.40638	27.30057	-96.68382	processed	matthew.wilson@boem.gov	Matthew Wilson	Bureau of Ocean Energy Management	pointOfContact	Online	Seismic:Active:MCS	matthew.wilson@boem.gov	Matthew Wilson	Bureau of Ocean Energy Management	pointOfContact	2010-01-25	open	https://walrus.wr.usgs.gov/namss/survey/b-70-85-tx/dataset/	These data were acquired by BOEM (formerly MMS and USGS).  Under the terms of procurement, these data are to be available to the public 25 years after the issuance of the exploration permit.	namss.B-70-85-TX.mcs.airgun.zip					dataset	Unspecified		Unspecified	2.6 GB	1985-01-01	creation	Data zip file	https://walrus.wr.usgs.gov/namss/data/1985/namss.B-70-85-TX.mcs.airgun.zip										Gulf of Mexico	Stack	Seismic:Reflection	These data were acquired commercially for geophysical and geological (G&G) exploration of oil and gas prospects on the U.S. Outer Continental Shelf (OCS).  The Dept. of Interior, which regulates G&G activities on the OCS, acquired these data in order to ensure that the Federal government received fair market value for leases issued for oil and gas production on the OCS, and to accomplish other regulatory functions.	hart@usgs.gov	Patrick Hart	U.S. Geological Survey	pointOfContact	DigitalSeg:DigitallyAcquired	MCS Data transferred from BOEM to USGS for posting on NAMSS. Limited information available.	1985-01-31	1985-01-01	2016-05-23	ptriezenberg@usgs.gov	Peter Triezenberg	U.S. Geological Survey	pointOfContact	2018-03-16	Seismic Metadata v.1
	digital											Hydrophone_Streamer											SeismicSource_Gun_Air						SEGP1	undocumented	NAD27	-81.92991	27.77600	24.37710	-85.05563	processed	matthew.wilson@boem.gov	Matthew Wilson	Bureau of Ocean Energy Management	pointOfContact	Online	Seismic:Active:MCS	matthew.wilson@boem.gov	Matthew Wilson	Bureau of Ocean Energy Management	pointOfContact	1999-12-25	open	https://walrus.wr.usgs.gov/namss/survey/b-71-74-fl/dataset/	These data were acquired by BOEM (formerly MMS and USGS).  Under the terms of procurement, these data are to be available to the public 25 years after the issuance of the exploration permit.	namss.B-71-74-FL.mcs.airgun.zip					dataset	Unspecified		Unspecified	693.2 MB	1974-01-01	creation	Data zip file	https://walrus.wr.usgs.gov/namss/data/1974/namss.B-71-74-FL.mcs.airgun.zip										Gulf of Mexico	Stack	Seismic:Reflection	These data were acquired commercially for geophysical and geological (G&G) exploration of oil and gas prospects on the U.S. Outer Continental Shelf (OCS).  The Dept. of Interior, which regulates G&G activities on the OCS, acquired these data in order to ensure that the Federal government received fair market value for leases issued for oil and gas production on the OCS, and to accomplish other regulatory functions.	hart@usgs.gov	Patrick Hart	U.S. Geological Survey	pointOfContact	DigitalSeg:DigitallyAcquired	MCS Data transferred from BOEM to USGS for posting on NAMSS. Limited information available.	1974-12-31	1974-01-01	2016-05-23	ptriezenberg@usgs.gov	Peter Triezenberg	U.S. Geological Survey	pointOfContact	2018-03-16	Seismic Metadata v.1
	digital											Hydrophone_Streamer											SeismicSource_Gun_Air						N83	no	NAD83	-164.32172	55.49242	54.07675	-168.56977	processed	hart@usgs.gov	Patrick Hart	U.S. Geological Survey	pointOfContact	Online	Seismic:Active:MCS	hart@usgs.gov	Patrick Hart	U.S. Geological Survey	pointOfContact	2016-09-01	open	https://walrus.wr.usgs.gov/namss/survey/b-72-82-ak/dataset/	These data were acquired by BOEM (formerly MMS and USGS). Under the terms of procurement, these data are to be available to the public 25 years after the issuance of the exploration permit.	namss.B-72-82-AK.mcs.airgun.zip					dataset	Unspecified		Unspecified	952.9 MB	1982-05-17	creation	Dataset zip file	https://walrus.wr.usgs.gov/namss/data/1982/namss.B-72-82-AK.mcs.airgun.zip										Gulf of Alaska	Stack	Seismic:Reflection	These data were acquired commercially for geophysical and geological (G&G) exploration of oil and gas prospects on the U.S. Outer Continental Shelf (OCS). The Dept. of Interior, which regulates G&G activities on the OCS, acquired these data in order to ensure that the Federal government received fair market value for leases issued for oil and gas production on the OCS, and to accomplish other regulatory functions.	matthew.wilson@boem.gov	Matthew Wilson	Bureau of Ocean Energy Management	pointOfContact	DigitalSeg:DigitallyAcquired	MCS Data transferred from BOEM to USGS for posting on NAMSS. Limited information available.	1982-11-15	1982-05-17	2017-04-18	ptriezenberg@usgs.gov	Peter Triezenberg	U.S. Geological Survey	pointOfContact	2018-03-16	Seismic Metadata v.1
DFS-V	digital		2974.84800		9.90600	24.99360					120	Hydrophone_Streamer	8.00000	2000		Distance	24.99360		7.62000				SeismicSource_Gun_Air	4075.00000	Cubic Inches		Arctic Seal	GSI	SEGP1	undocumented	NAD27	-87.73411	29.86549	28.70796	-89.66554	processed	matthew.wilson@boem.gov	Matthew Wilson	Bureau of Ocean Energy Management	pointOfContact	Online	Seismic:Active:MCS	matthew.wilson@boem.gov	Matthew Wilson	Bureau of Ocean Energy Management	pointOfContact	2009-08-25	open	https://walrus.wr.usgs.gov/namss/survey/b-72-84-la/dataset/	These data were acquired by BOEM (formerly MMS and USGS).  Under the terms of procurement, these data are to be available to the public 25 years after the issuance of the exploration permit.	namss.B-72-84-LA.mcs.airgun.zip					dataset	Unspecified		Unspecified	233.2 MB	1984-08-01	creation	Data zip file	https://walrus.wr.usgs.gov/namss/data/1984/namss.B-72-84-LA.mcs.airgun.zip										Main Pass	Stack	Seismic:Reflection	These data were acquired commercially for geophysical and geological (G&G) exploration of oil and gas prospects on the U.S. Outer Continental Shelf (OCS).  The Dept. of Interior, which regulates G&G activities on the OCS, acquired these data in order to ensure that the Federal government received fair market value for leases issued for oil and gas production on the OCS, and to accomplish other regulatory functions.	hart@usgs.gov	Patrick Hart	U.S. Geological Survey	pointOfContact	DigitalSeg:DigitallyAcquired	MCS Data transferred from BOEM to USGS for posting on NAMSS. Limited information available.	1984-08-31	1984-08-01	2016-05-23	ptriezenberg@usgs.gov	Peter Triezenberg	U.S. Geological Survey	pointOfContact	2018-03-16	Seismic Metadata v.1
DFS-IV	digital		2299.41120			99.97440					24	Hydrophone_Streamer		4000		Distance	99.97440		3.04800			178.91760	SeismicSource_Gun_Air	1200.00000	Cubic Inches				SEGP1	undocumented	NAD27	-91.83824	29.12405	29.04429	-91.94451	processed	matthew.wilson@boem.gov	Matthew Wilson	Bureau of Ocean Energy Management	pointOfContact	Online	Seismic:Active:MCS	matthew.wilson@boem.gov	Matthew Wilson	Bureau of Ocean Energy Management	pointOfContact	2000-12-24	open	https://walrus.wr.usgs.gov/namss/survey/b-73-75-la/dataset/	These data were acquired by BOEM (formerly MMS and USGS).  Under the terms of procurement, these data are to be available to the public 25 years after the issuance of the exploration permit.	namss.B-73-75-LA.mcs.airgun.zip					dataset	Unspecified		Unspecified	16.0 MB	1975-01-01	creation	Data zip file	https://walrus.wr.usgs.gov/namss/data/1975/namss.B-73-75-LA.mcs.airgun.zip										SMI Block 280	Stack	Seismic:Reflection	These data were acquired commercially for geophysical and geological (G&G) exploration of oil and gas prospects on the U.S. Outer Continental Shelf (OCS).  The Dept. of Interior, which regulates G&G activities on the OCS, acquired these data in order to ensure that the Federal government received fair market value for leases issued for oil and gas production on the OCS, and to accomplish other regulatory functions.	hart@usgs.gov	Patrick Hart	U.S. Geological Survey	pointOfContact	DigitalSeg:DigitallyAcquired	MCS Data transferred from BOEM to USGS for posting on NAMSS. Limited information available.	1975-12-31	1975-01-01	2016-05-23	ptriezenberg@usgs.gov	Peter Triezenberg	U.S. Geological Survey	pointOfContact	2018-03-16	Seismic Metadata v.1
	digital											Hydrophone_Streamer											SeismicSource_Gun_Air						SEGP1	undocumented	NAD27	-87.62364	29.54149	26.44719	-93.41548	processed	matthew.wilson@boem.gov	Matthew Wilson	Bureau of Ocean Energy Management	pointOfContact	Online	Seismic:Active:MCS	matthew.wilson@boem.gov	Matthew Wilson	Bureau of Ocean Energy Management	pointOfContact	2010-01-25	open	https://walrus.wr.usgs.gov/namss/survey/b-74-85-la/dataset/	These data were acquired by BOEM (formerly MMS and USGS).  Under the terms of procurement, these data are to be available to the public 25 years after the issuance of the exploration permit.	namss.B-74-85-LA.mcs.airgun.zip					dataset	Unspecified		Unspecified	2.4 GB	1985-01-01	creation	Data zip file	https://walrus.wr.usgs.gov/namss/data/1985/namss.B-74-85-LA.mcs.airgun.zip										Gulf of Mexico	Stack	Seismic:Reflection	These data were acquired commercially for geophysical and geological (G&G) exploration of oil and gas prospects on the U.S. Outer Continental Shelf (OCS).  The Dept. of Interior, which regulates G&G activities on the OCS, acquired these data in order to ensure that the Federal government received fair market value for leases issued for oil and gas production on the OCS, and to accomplish other regulatory functions.	hart@usgs.gov	Patrick Hart	U.S. Geological Survey	pointOfContact	DigitalSeg:DigitallyAcquired	MCS Data transferred from BOEM to USGS for posting on NAMSS. Limited information available.	1985-01-31	1985-01-01	2016-05-23	ptriezenberg@usgs.gov	Peter Triezenberg	U.S. Geological Survey	pointOfContact	2018-03-16	Seismic Metadata v.1
DDS-888	digital											Hydrophone_Streamer			Raydist								SeismicSource_Gun_Air						SEGP1	undocumented	NAD27	-85.08871	30.17194	27.43768	-88.58156	processed	matthew.wilson@boem.gov	Matthew Wilson	Bureau of Ocean Energy Management	pointOfContact	Online	Seismic:Active:MCS	matthew.wilson@boem.gov	Matthew Wilson	Bureau of Ocean Energy Management	pointOfContact	2000-03-24	open	https://walrus.wr.usgs.gov/namss/survey/b-75-75-mi/dataset/	These data were acquired by BOEM (formerly MMS and USGS).  Under the terms of procurement, these data are to be available to the public 25 years after the issuance of the exploration permit.	namss.B-75-75-MI.mcs.airgun.zip					dataset	Unspecified		Unspecified	17.7 MB	1975-03-01	creation	Data zip file	https://walrus.wr.usgs.gov/namss/data/1975/namss.B-75-75-MI.mcs.airgun.zip										Mississipi	Stack	Seismic:Reflection	These data were acquired commercially for geophysical and geological (G&G) exploration of oil and gas prospects on the U.S. Outer Continental Shelf (OCS).  The Dept. of Interior, which regulates G&G activities on the OCS, acquired these data in order to ensure that the Federal government received fair market value for leases issued for oil and gas production on the OCS, and to accomplish other regulatory functions.	hart@usgs.gov	Patrick Hart	U.S. Geological Survey	pointOfContact	DigitalSeg:DigitallyAcquired	MCS Data transferred from BOEM to USGS for posting on NAMSS. Limited information available.	1975-03-31	1975-03-01	2016-05-23	ptriezenberg@usgs.gov	Peter Triezenberg	U.S. Geological Survey	pointOfContact	2018-03-16	Seismic Metadata v.1
DFS-IV	digital		2349.39840		12.19200	49.98720					48	Hydrophone_Streamer	6.00000	2000		Distance	24.99360		9.14400	7		249.93600	Other				Rob Ray	Petty-Ray	SEGP1	undocumented	NAD27	-89.50733	29.19830	28.52355	-93.55638	processed	matthew.wilson@boem.gov	Matthew Wilson	Bureau of Ocean Energy Management	pointOfContact	Online	Seismic:Active:MCS	matthew.wilson@boem.gov	Matthew Wilson	Bureau of Ocean Energy Management	pointOfContact	2001-12-25	open	https://walrus.wr.usgs.gov/namss/survey/b-75-76-la/dataset/	These data were acquired by BOEM (formerly MMS and USGS).  Under the terms of procurement, these data are to be available to the public 25 years after the issuance of the exploration permit.	namss.B-75-76-LA.mcs.stagaray.zip					dataset	Unspecified		Unspecified	194.1 MB	1976-12-01	creation	Data zip file	https://walrus.wr.usgs.gov/namss/data/1976/namss.B-75-76-LA.mcs.stagaray.zip										West Cameron	Stack	Seismic:Reflection	These data were acquired commercially for geophysical and geological (G&G) exploration of oil and gas prospects on the U.S. Outer Continental Shelf (OCS).  The Dept. of Interior, which regulates G&G activities on the OCS, acquired these data in order to ensure that the Federal government received fair market value for leases issued for oil and gas production on the OCS, and to accomplish other regulatory functions.	hart@usgs.gov	Patrick Hart	U.S. Geological Survey	pointOfContact	DigitalSeg:DigitallyAcquired	MCS Data transferred from BOEM to USGS for posting on NAMSS. Limited information available.	1976-12-31	1976-12-01	2016-05-23	ptriezenberg@usgs.gov	Peter Triezenberg	U.S. Geological Survey	pointOfContact	2018-03-16	Seismic Metadata v.1
	digital											Hydrophone_Streamer											SeismicSource_Gun_Air						SEGP1	undocumented	NAD27	-91.15957	29.53699	28.42468	-94.92973	processed	matthew.wilson@boem.gov	Matthew Wilson	Bureau of Ocean Energy Management	pointOfContact	Online	Seismic:Active:MCS	matthew.wilson@boem.gov	Matthew Wilson	Bureau of Ocean Energy Management	pointOfContact	2006-01-25	open	https://walrus.wr.usgs.gov/namss/survey/b-75-81-la/dataset/	These data were acquired by BOEM (formerly MMS and USGS).  Under the terms of procurement, these data are to be available to the public 25 years after the issuance of the exploration permit.	namss.B-75-81-LA.mcs.airgun.zip					dataset	Unspecified		Unspecified	420.6 MB	1981-01-01	creation	Data zip file	https://walrus.wr.usgs.gov/namss/data/1981/namss.B-75-81-LA.mcs.airgun.zip										Gulf of Mexico	Stack	Seismic:Reflection	These data were acquired commercially for geophysical and geological (G&G) exploration of oil and gas prospects on the U.S. Outer Continental Shelf (OCS).  The Dept. of Interior, which regulates G&G activities on the OCS, acquired these data in order to ensure that the Federal government received fair market value for leases issued for oil and gas production on the OCS, and to accomplish other regulatory functions.	hart@usgs.gov	Patrick Hart	U.S. Geological Survey	pointOfContact	DigitalSeg:DigitallyAcquired	MCS Data transferred from BOEM to USGS for posting on NAMSS. Limited information available.	1981-01-31	1981-01-01	2016-05-23	ptriezenberg@usgs.gov	Peter Triezenberg	U.S. Geological Survey	pointOfContact	2018-03-16	Seismic Metadata v.1
DFS-V	digital		2374.39200		9.14400	24.99360						Hydrophone_Streamer	6.00000	2000		Distance	24.99360		9.14400	20		202.99680	Other				Glorita Tide	Geodigit	SEGP1	undocumented	NAD27	-93.16398	27.99146	27.92845	-93.23375	processed	matthew.wilson@boem.gov	Matthew Wilson	Bureau of Ocean Energy Management	pointOfContact	Online	Seismic:Active:MCS	matthew.wilson@boem.gov	Matthew Wilson	Bureau of Ocean Energy Management	pointOfContact	2004-08-24	open	https://walrus.wr.usgs.gov/namss/survey/b-76-79-la/dataset/	These data were acquired by BOEM (formerly MMS and USGS).  Under the terms of procurement, these data are to be available to the public 25 years after the issuance of the exploration permit.	namss.B-76-79-LA.mcs.vaporchoc.zip					dataset	Unspecified		Unspecified	14.7 MB	1979-08-01	creation	Data zip file	https://walrus.wr.usgs.gov/namss/data/1979/namss.B-76-79-LA.mcs.vaporchoc.zip										West Cameron	Stack	Seismic:Reflection	These data were acquired commercially for geophysical and geological (G&G) exploration of oil and gas prospects on the U.S. Outer Continental Shelf (OCS).  The Dept. of Interior, which regulates G&G activities on the OCS, acquired these data in order to ensure that the Federal government received fair market value for leases issued for oil and gas production on the OCS, and to accomplish other regulatory functions.	hart@usgs.gov	Patrick Hart	U.S. Geological Survey	pointOfContact	DigitalSeg:DigitallyAcquired	MCS Data transferred from BOEM to USGS for posting on NAMSS. Limited information available.	1979-08-31	1979-08-01	2016-05-23	ptriezenberg@usgs.gov	Peter Triezenberg	U.S. Geological Survey	pointOfContact	2018-03-16	Seismic Metadata v.1
	digital											Hydrophone_Streamer											SeismicSource_Gun_Air						SEGP1	undocumented	NAD27	-90.27861	29.74108	28.58357	-93.81475	processed	matthew.wilson@boem.gov	Matthew Wilson	Bureau of Ocean Energy Management	pointOfContact	Online	Seismic:Active:MCS	matthew.wilson@boem.gov	Matthew Wilson	Bureau of Ocean Energy Management	pointOfContact	2010-01-25	open	https://walrus.wr.usgs.gov/namss/survey/b-76-85-la/dataset/	These data were acquired by BOEM (formerly MMS and USGS).  Under the terms of procurement, these data are to be available to the public 25 years after the issuance of the exploration permit.	namss.B-76-85-LA.mcs.airgun.zip					dataset	Unspecified		Unspecified	2.5 GB	1985-01-01	creation	Data zip file	https://walrus.wr.usgs.gov/namss/data/1985/namss.B-76-85-LA.mcs.airgun.zip										Gulf of Mexico	Stack	Seismic:Reflection	These data were acquired commercially for geophysical and geological (G&G) exploration of oil and gas prospects on the U.S. Outer Continental Shelf (OCS).  The Dept. of Interior, which regulates G&G activities on the OCS, acquired these data in order to ensure that the Federal government received fair market value for leases issued for oil and gas production on the OCS, and to accomplish other regulatory functions.	hart@usgs.gov	Patrick Hart	U.S. Geological Survey	pointOfContact	DigitalSeg:DigitallyAcquired	MCS Data transferred from BOEM to USGS for posting on NAMSS. Limited information available.	1985-01-31	1985-01-01	2016-05-23	ptriezenberg@usgs.gov	Peter Triezenberg	U.S. Geological Survey	pointOfContact	2018-03-16	Seismic Metadata v.1
	digital		3137.30640			66.75120					48	Hydrophone_Streamer	14.00000	4000								312.11520	Other						SEGP1	undocumented	NAD27	-83.67774	27.96042	26.86880	-84.47987	processed	matthew.wilson@boem.gov	Matthew Wilson	Bureau of Ocean Energy Management	pointOfContact	Online	Seismic:Active:MCS	matthew.wilson@boem.gov	Matthew Wilson	Bureau of Ocean Energy Management	pointOfContact	2000-01-25	open	https://walrus.wr.usgs.gov/namss/survey/b-78-75-mi/dataset/	These data were acquired by BOEM (formerly MMS and USGS).  Under the terms of procurement, these data are to be available to the public 25 years after the issuance of the exploration permit.	namss.B-78-75-MI.mcs.aquapulse.zip					dataset	Unspecified		Unspecified	227.9 MB	1975-01-01	creation	Data zip file	https://walrus.wr.usgs.gov/namss/data/1975/namss.B-78-75-MI.mcs.aquapulse.zip										Gulf of Mexico	Stack	Seismic:Reflection	These data were acquired commercially for geophysical and geological (G&G) exploration of oil and gas prospects on the U.S. Outer Continental Shelf (OCS).  The Dept. of Interior, which regulates G&G activities on the OCS, acquired these data in order to ensure that the Federal government received fair market value for leases issued for oil and gas production on the OCS, and to accomplish other regulatory functions.	hart@usgs.gov	Patrick Hart	U.S. Geological Survey	pointOfContact	DigitalSeg:DigitallyAcquired	MCS Data transferred from BOEM to USGS for posting on NAMSS. Limited information available.	1975-01-31	1975-01-01	2016-05-23	ptriezenberg@usgs.gov	Peter Triezenberg	U.S. Geological Survey	pointOfContact	2018-03-16	Seismic Metadata v.1
DFS-IV	digital		3200.00376		9.14400	66.66000					48	Hydrophone_Streamer	6.00000	2000		Distance	33.33000		7.62000				SeismicSource_Gun_Air	1200.00000	Cubic Inches		State Falcon	GSI	SEGP1	undocumented	NAD27	-93.49815	29.62507	29.29593	-93.70974	processed	matthew.wilson@boem.gov	Matthew Wilson	Bureau of Ocean Energy Management	pointOfContact	Online	Seismic:Active:MCS	matthew.wilson@boem.gov	Matthew Wilson	Bureau of Ocean Energy Management	pointOfContact	2005-07-25	open	https://walrus.wr.usgs.gov/namss/survey/b-78-80-la/dataset/	These data were acquired by BOEM (formerly MMS and USGS).  Under the terms of procurement, these data are to be available to the public 25 years after the issuance of the exploration permit.	namss.B-78-80-LA.mcs.airgun.zip					dataset	Unspecified		Unspecified	13.5 MB	1980-07-01	creation	Data zip file	https://walrus.wr.usgs.gov/namss/data/1980/namss.B-78-80-LA.mcs.airgun.zip										West Cameron	Stack	Seismic:Reflection	These data were acquired commercially for geophysical and geological (G&G) exploration of oil and gas prospects on the U.S. Outer Continental Shelf (OCS).  The Dept. of Interior, which regulates G&G activities on the OCS, acquired these data in order to ensure that the Federal government received fair market value for leases issued for oil and gas production on the OCS, and to accomplish other regulatory functions.	hart@usgs.gov	Patrick Hart	U.S. Geological Survey	pointOfContact	DigitalSeg:DigitallyAcquired	MCS Data transferred from BOEM to USGS for posting on NAMSS. Limited information available.	1980-07-31	1980-07-01	2016-05-23	ptriezenberg@usgs.gov	Peter Triezenberg	U.S. Geological Survey	pointOfContact	2018-03-16	Seismic Metadata v.1
DFS-V	digital		3956.30400			67.05600					60	Hydrophone_Streamer	8.00000	2000		Distance	67.05600		1.82880				SeismicSource_Gun_Air	1200.00000	Cubic Inches				SEGP1	undocumented	NAD27	-89.33101	29.68031	27.81902	-93.73783	processed	matthew.wilson@boem.gov	Matthew Wilson	Bureau of Ocean Energy Management	pointOfContact	Online	Seismic:Active:MCS	matthew.wilson@boem.gov	Matthew Wilson	Bureau of Ocean Energy Management	pointOfContact	2008-06-23	open	https://walrus.wr.usgs.gov/namss/survey/b-78-83-la/dataset/	These data were acquired by BOEM (formerly MMS and USGS).  Under the terms of procurement, these data are to be available to the public 25 years after the issuance of the exploration permit.	namss.B-78-83-LA.mcs.airgun.zip					dataset	Unspecified		Unspecified	711.9 MB	1983-06-01	creation	Data zip file	https://walrus.wr.usgs.gov/namss/data/1983/namss.B-78-83-LA.mcs.airgun.zip										West Cameron	Stack	Seismic:Reflection	These data were acquired commercially for geophysical and geological (G&G) exploration of oil and gas prospects on the U.S. Outer Continental Shelf (OCS).  The Dept. of Interior, which regulates G&G activities on the OCS, acquired these data in order to ensure that the Federal government received fair market value for leases issued for oil and gas production on the OCS, and to accomplish other regulatory functions.	hart@usgs.gov	Patrick Hart	U.S. Geological Survey	pointOfContact	DigitalSeg:DigitallyAcquired	MCS Data transferred from BOEM to USGS for posting on NAMSS. Limited information available.	1983-06-30	1983-06-01	2016-05-23	ptriezenberg@usgs.gov	Peter Triezenberg	U.S. Geological Survey	pointOfContact	2018-03-16	Seismic Metadata v.1
	digital											Hydrophone_Streamer											SeismicSource_Gun_Air						SEGP1	no	NAD27	-88.48070	29.31418	27.40715	-93.22215	processed	hart@usgs.gov	Patrick Hart	U.S. Geological Survey	pointOfContact	Online	Seismic:Active:MCS	hart@usgs.gov	Patrick Hart	U.S. Geological Survey	pointOfContact		open	https://walrus.wr.usgs.gov/namss/survey/b-78b-89-la/dataset/	These data were acquired by BOEM (formerly MMS and USGS). Under the terms of procurement, these data are to be available to the public 25 years after the issuance of the exploration permit.	namss.B-78b-89-LA.mcs.airgun.zip					dataset	Unspecified		Unspecified	3.5 MB	1989-01-01	creation	Dataset zip file	https://walrus.wr.usgs.gov/namss/data/1989/namss.B-78b-89-LA.mcs.airgun.zip										Gulf of Mexico	Stack	Seismic:Reflection	These data were acquired commercially for geophysical and geological (G&G) exploration of oil and gas prospects on the U.S. Outer Continental Shelf (OCS). The Dept. of Interior, which regulates G&G activities on the OCS, acquired these data in order to ensure that the Federal government received fair market value for leases issued for oil and gas production on the OCS, and to accomplish other regulatory functions.	matthew.wilson@boem.gov	Matthew Wilson	Bureau of Ocean Energy Management	pointOfContact	DigitalSeg:DigitallyAcquired	MCS Data transferred from BOEM to USGS for posting on NAMSS. Limited information available.	1989-01-01	1989-01-01	2017-02-07	ptriezenberg@usgs.gov	Peter Triezenberg	U.S. Geological Survey	pointOfContact	2018-03-16	Seismic Metadata v.1
	digital											Hydrophone_Streamer											SeismicSource_Gun_Air						SEGP1	no	NAD27	-88.48070	29.31418	27.40715	-93.22215	processed	hart@usgs.gov	Patrick Hart	U.S. Geological Survey	pointOfContact	Online	Seismic:Active:MCS	hart@usgs.gov	Patrick Hart	U.S. Geological Survey	pointOfContact		open	https://walrus.wr.usgs.gov/namss/survey/b-78c-89-la/dataset/	These data were acquired by BOEM (formerly MMS and USGS). Under the terms of procurement, these data are to be available to the public 25 years after the issuance of the exploration permit.	namss.B-78c-89-LA.mcs.airgun.zip					dataset	Unspecified		Unspecified	2.2 MB	1989-01-01	creation	Dataset zip file	https://walrus.wr.usgs.gov/namss/data/1989/namss.B-78c-89-LA.mcs.airgun.zip										Gulf of Mexico	Stack	Seismic:Reflection	These data were acquired commercially for geophysical and geological (G&G) exploration of oil and gas prospects on the U.S. Outer Continental Shelf (OCS). The Dept. of Interior, which regulates G&G activities on the OCS, acquired these data in order to ensure that the Federal government received fair market value for leases issued for oil and gas production on the OCS, and to accomplish other regulatory functions.	matthew.wilson@boem.gov	Matthew Wilson	Bureau of Ocean Energy Management	pointOfContact	DigitalSeg:DigitallyAcquired	MCS Data transferred from BOEM to USGS for posting on NAMSS. Limited information available.	1989-01-01	1989-01-01	2017-02-08	ptriezenberg@usgs.gov	Peter Triezenberg	U.S. Geological Survey	pointOfContact	2018-03-16	Seismic Metadata v.1
	digital											Hydrophone_Streamer											SeismicSource_Gun_Air						SEGP1	no	NAD27	-87.94216	29.07387	27.40715	-93.22215	processed	hart@usgs.gov	Patrick Hart	U.S. Geological Survey	pointOfContact	Online	Seismic:Active:MCS	hart@usgs.gov	Patrick Hart	U.S. Geological Survey	pointOfContact		open	https://walrus.wr.usgs.gov/namss/survey/b-78d-89-la/dataset/	These data were acquired by BOEM (formerly MMS and USGS). Under the terms of procurement, these data are to be available to the public 25 years after the issuance of the exploration permit.	namss.B-78d-89-LA.mcs.airgun.zip					dataset	Unspecified		Unspecified	12.0 MB	1989-01-01	creation	Dataset zip file	https://walrus.wr.usgs.gov/namss/data/1989/namss.B-78d-89-LA.mcs.airgun.zip										Gulf of Mexico	Stack	Seismic:Reflection	These data were acquired commercially for geophysical and geological (G&G) exploration of oil and gas prospects on the U.S. Outer Continental Shelf (OCS). The Dept. of Interior, which regulates G&G activities on the OCS, acquired these data in order to ensure that the Federal government received fair market value for leases issued for oil and gas production on the OCS, and to accomplish other regulatory functions.	matthew.wilson@boem.gov	Matthew Wilson	Bureau of Ocean Energy Management	pointOfContact	DigitalSeg:DigitallyAcquired	MCS Data transferred from BOEM to USGS for posting on NAMSS. Limited information available.	1989-01-01	1989-01-01	2017-02-08	ptriezenberg@usgs.gov	Peter Triezenberg	U.S. Geological Survey	pointOfContact	2018-03-16	Seismic Metadata v.1
	digital											Hydrophone_Streamer											SeismicSource_Gun_Air						SEGP1	no	NAD27	-87.94216	29.07387	27.40715	-93.22215	processed	hart@usgs.gov	Patrick Hart	U.S. Geological Survey	pointOfContact	Online	Seismic:Active:MCS	hart@usgs.gov	Patrick Hart	U.S. Geological Survey	pointOfContact		open	https://walrus.wr.usgs.gov/namss/survey/b-78e-89-la/dataset/	These data were acquired by BOEM (formerly MMS and USGS). Under the terms of procurement, these data are to be available to the public 25 years after the issuance of the exploration permit.	namss.B-78e-89-LA.mcs.airgun.zip					dataset	Unspecified		Unspecified	6.5 MB	1989-01-01	creation	Dataset zip file	https://walrus.wr.usgs.gov/namss/data/1989/namss.B-78e-89-LA.mcs.airgun.zip										Gulf of Mexico	Stack	Seismic:Reflection	These data were acquired commercially for geophysical and geological (G&G) exploration of oil and gas prospects on the U.S. Outer Continental Shelf (OCS). The Dept. of Interior, which regulates G&G activities on the OCS, acquired these data in order to ensure that the Federal government received fair market value for leases issued for oil and gas production on the OCS, and to accomplish other regulatory functions.	matthew.wilson@boem.gov	Matthew Wilson	Bureau of Ocean Energy Management	pointOfContact	DigitalSeg:DigitallyAcquired	MCS Data transferred from BOEM to USGS for posting on NAMSS. Limited information available.	1989-01-01	1989-01-01	2017-02-08	ptriezenberg@usgs.gov	Peter Triezenberg	U.S. Geological Survey	pointOfContact	2018-03-16	Seismic Metadata v.1
DFS-IV	digital		2313.43200			100.58400					24	Hydrophone_Streamer	6.00000	2000		Distance	100.58400		3.65760				SeismicSource_Gun_Air	900.00000	Cubic Inches				SEGP1	undocumented	NAD27	-91.40325	29.31069	29.22208	-91.49717	processed	matthew.wilson@boem.gov	Matthew Wilson	Bureau of Ocean Energy Management	pointOfContact	Online	Seismic:Active:MCS	matthew.wilson@boem.gov	Matthew Wilson	Bureau of Ocean Energy Management	pointOfContact	2002-09-24	open	https://walrus.wr.usgs.gov/namss/survey/b-79-77-la/dataset/	These data were acquired by BOEM (formerly MMS and USGS).  Under the terms of procurement, these data are to be available to the public 25 years after the issuance of the exploration permit.	namss.B-79-77-LA.mcs.airgun.zip					dataset	Unspecified		Unspecified	11.0 MB	1977-09-01	creation	Data zip file	https://walrus.wr.usgs.gov/namss/data/1977/namss.B-79-77-LA.mcs.airgun.zip										Louisiana	Stack	Seismic:Reflection	These data were acquired commercially for geophysical and geological (G&G) exploration of oil and gas prospects on the U.S. Outer Continental Shelf (OCS).  The Dept. of Interior, which regulates G&G activities on the OCS, acquired these data in order to ensure that the Federal government received fair market value for leases issued for oil and gas production on the OCS, and to accomplish other regulatory functions.	hart@usgs.gov	Patrick Hart	U.S. Geological Survey	pointOfContact	DigitalSeg:DigitallyAcquired	MCS Data transferred from BOEM to USGS for posting on NAMSS. Limited information available.	1977-09-30	1977-09-01	2016-05-23	ptriezenberg@usgs.gov	Peter Triezenberg	U.S. Geological Survey	pointOfContact	2018-03-16	Seismic Metadata v.1
DFS-IV	digital					49.98720					60	Hydrophone_Streamer	6.00000	2000		Distance	24.99360					152.40000	SeismicSource_Gun_Air						SEGP1	undocumented	NAD27	-91.39491	28.71964	27.86890	-92.90486	processed	matthew.wilson@boem.gov	Matthew Wilson	Bureau of Ocean Energy Management	pointOfContact	Online	Seismic:Active:MCS	matthew.wilson@boem.gov	Matthew Wilson	Bureau of Ocean Energy Management	pointOfContact	2007-01-25	open	https://walrus.wr.usgs.gov/namss/survey/b-79-82-la/dataset/	These data were acquired by BOEM (formerly MMS and USGS).  Under the terms of procurement, these data are to be available to the public 25 years after the issuance of the exploration permit.	namss.B-79-82-LA.mcs.airgun.zip					dataset	Unspecified		Unspecified	14.2 MB	1982-01-01	creation	Data zip file	https://walrus.wr.usgs.gov/namss/data/1982/namss.B-79-82-LA.mcs.airgun.zip										Louisiana	Stack	Seismic:Reflection	These data were acquired commercially for geophysical and geological (G&G) exploration of oil and gas prospects on the U.S. Outer Continental Shelf (OCS).  The Dept. of Interior, which regulates G&G activities on the OCS, acquired these data in order to ensure that the Federal government received fair market value for leases issued for oil and gas production on the OCS, and to accomplish other regulatory functions.	hart@usgs.gov	Patrick Hart	U.S. Geological Survey	pointOfContact	DigitalSeg:DigitallyAcquired	MCS Data transferred from BOEM to USGS for posting on NAMSS. Limited information available.	1982-01-31	1982-01-01	2016-05-23	ptriezenberg@usgs.gov	Peter Triezenberg	U.S. Geological Survey	pointOfContact	2018-03-16	Seismic Metadata v.1
DFS-V	digital		3956.30400			67.05600					120	Hydrophone_Streamer	8.00000	2000		Distance	67.05600		1.21920				SeismicSource_Gun_Air	1200.00000	Cubic Inches				SEGP1	undocumented	NAD27	-90.99921	29.13781	29.09087	-91.13085	processed	matthew.wilson@boem.gov	Matthew Wilson	Bureau of Ocean Energy Management	pointOfContact	Online	Seismic:Active:MCS	matthew.wilson@boem.gov	Matthew Wilson	Bureau of Ocean Energy Management	pointOfContact	2009-10-25	open	https://walrus.wr.usgs.gov/namss/survey/b-80-84-la/dataset/	These data were acquired by BOEM (formerly MMS and USGS).  Under the terms of procurement, these data are to be available to the public 25 years after the issuance of the exploration permit.	namss.B-80-84-LA.mcs.airgun.zip					dataset	Unspecified		Unspecified	20.6 MB	1984-10-01	creation	Data zip file	https://walrus.wr.usgs.gov/namss/data/1984/namss.B-80-84-LA.mcs.airgun.zip										Ship Shoal	Stack	Seismic:Reflection	These data were acquired commercially for geophysical and geological (G&G) exploration of oil and gas prospects on the U.S. Outer Continental Shelf (OCS).  The Dept. of Interior, which regulates G&G activities on the OCS, acquired these data in order to ensure that the Federal government received fair market value for leases issued for oil and gas production on the OCS, and to accomplish other regulatory functions.	hart@usgs.gov	Patrick Hart	U.S. Geological Survey	pointOfContact	DigitalSeg:DigitallyAcquired	MCS Data transferred from BOEM to USGS for posting on NAMSS. Limited information available.	1984-10-31	1984-10-01	2016-05-23	ptriezenberg@usgs.gov	Peter Triezenberg	U.S. Geological Survey	pointOfContact	2018-03-16	Seismic Metadata v.1
	digital											Hydrophone_Streamer											SeismicSource_Gun_Air						SEGP1	undocumented	NAD27	-95.41947	28.55497	28.18359	-95.95769	processed	matthew.wilson@boem.gov	Matthew Wilson	Bureau of Ocean Energy Management	pointOfContact	Online	Seismic:Active:MCS	matthew.wilson@boem.gov	Matthew Wilson	Bureau of Ocean Energy Management	pointOfContact	2007-01-25	open	https://walrus.wr.usgs.gov/namss/survey/b-81-82-tx/dataset/	These data were acquired by BOEM (formerly MMS and USGS).  Under the terms of procurement, these data are to be available to the public 25 years after the issuance of the exploration permit.	namss.B-81-82-TX.mcs.airgun.zip					dataset	Unspecified		Unspecified	36.1 MB	1982-01-01	creation	Data zip file	https://walrus.wr.usgs.gov/namss/data/1982/namss.B-81-82-TX.mcs.airgun.zip										Gulf of Mexico	Stack	Seismic:Reflection	These data were acquired commercially for geophysical and geological (G&G) exploration of oil and gas prospects on the U.S. Outer Continental Shelf (OCS).  The Dept. of Interior, which regulates G&G activities on the OCS, acquired these data in order to ensure that the Federal government received fair market value for leases issued for oil and gas production on the OCS, and to accomplish other regulatory functions.	hart@usgs.gov	Patrick Hart	U.S. Geological Survey	pointOfContact	DigitalSeg:DigitallyAcquired	MCS Data transferred from BOEM to USGS for posting on NAMSS. Limited information available.	1982-01-31	1982-01-01	2016-05-23	ptriezenberg@usgs.gov	Peter Triezenberg	U.S. Geological Survey	pointOfContact	2018-03-16	Seismic Metadata v.1
	digital											Hydrophone_Streamer											SeismicSource_Gun_Air						SEGP1	undocumented	NAD27	-93.30963	27.90147	25.94026	-96.40357	processed	matthew.wilson@boem.gov	Matthew Wilson	Bureau of Ocean Energy Management	pointOfContact	Online	Seismic:Active:MCS	matthew.wilson@boem.gov	Matthew Wilson	Bureau of Ocean Energy Management	pointOfContact	2008-01-25	open	https://walrus.wr.usgs.gov/namss/survey/b-83-83-tx/dataset/	These data were acquired by BOEM (formerly MMS and USGS).  Under the terms of procurement, these data are to be available to the public 25 years after the issuance of the exploration permit.	namss.B-83-83-TX.mcs.airgun.zip					dataset	Unspecified		Unspecified	1.8 GB	1983-01-01	creation	Data zip file	https://walrus.wr.usgs.gov/namss/data/1983/namss.B-83-83-TX.mcs.airgun.zip										Gulf of Mexico	Stack	Seismic:Reflection	These data were acquired commercially for geophysical and geological (G&G) exploration of oil and gas prospects on the U.S. Outer Continental Shelf (OCS).  The Dept. of Interior, which regulates G&G activities on the OCS, acquired these data in order to ensure that the Federal government received fair market value for leases issued for oil and gas production on the OCS, and to accomplish other regulatory functions.	hart@usgs.gov	Patrick Hart	U.S. Geological Survey	pointOfContact	DigitalSeg:DigitallyAcquired	MCS Data transferred from BOEM to USGS for posting on NAMSS. Limited information available.	1983-01-31	1983-01-01	2016-05-23	ptriezenberg@usgs.gov	Peter Triezenberg	U.S. Geological Survey	pointOfContact	2018-03-16	Seismic Metadata v.1
DDS-777	digital		3151.63200		15.24000	67.05600					48	Hydrophone_Streamer	6.00000	2000		Distance	33.52800		7.62000			121.92000	Other						SEGP1	undocumented	NAD27	-89.26235	28.89212	28.76938	-89.44727	processed	matthew.wilson@boem.gov	Matthew Wilson	Bureau of Ocean Energy Management	pointOfContact	Online	Seismic:Active:MCS	matthew.wilson@boem.gov	Matthew Wilson	Bureau of Ocean Energy Management	pointOfContact	2000-12-24	open	https://walrus.wr.usgs.gov/namss/survey/b-84-75-la/dataset/	These data were acquired by BOEM (formerly MMS and USGS).  Under the terms of procurement, these data are to be available to the public 25 years after the issuance of the exploration permit.	namss.B-84-75-LA.mcs.aquapulse.zip					dataset	Unspecified		Unspecified	496.8 MB	1975-01-01	creation	Data zip file	https://walrus.wr.usgs.gov/namss/data/1975/namss.B-84-75-LA.mcs.aquapulse.zip										South Pass	Stack	Seismic:Reflection	These data were acquired commercially for geophysical and geological (G&G) exploration of oil and gas prospects on the U.S. Outer Continental Shelf (OCS).  The Dept. of Interior, which regulates G&G activities on the OCS, acquired these data in order to ensure that the Federal government received fair market value for leases issued for oil and gas production on the OCS, and to accomplish other regulatory functions.	hart@usgs.gov	Patrick Hart	U.S. Geological Survey	pointOfContact	DigitalSeg:DigitallyAcquired	MCS Data transferred from BOEM to USGS for posting on NAMSS. Limited information available.	1975-12-31	1975-01-01	2016-05-23	ptriezenberg@usgs.gov	Peter Triezenberg	U.S. Geological Survey	pointOfContact	2018-03-16	Seismic Metadata v.1
DFS-V	digital		2975.00010			25.00000					120	Hydrophone_Streamer	6.00000	2000		Distance	50.00000		6.09600	6		178.00001	Other						SEGP1	undocumented	NAD27	-91.00912	28.94587	28.84262	-91.18302	processed	matthew.wilson@boem.gov	Matthew Wilson	Bureau of Ocean Energy Management	pointOfContact	Online	Seismic:Active:MCS	matthew.wilson@boem.gov	Matthew Wilson	Bureau of Ocean Energy Management	pointOfContact	2007-12-25	open	https://walrus.wr.usgs.gov/namss/survey/b-86-82-la/dataset/	These data were acquired by BOEM (formerly MMS and USGS).  Under the terms of procurement, these data are to be available to the public 25 years after the issuance of the exploration permit.	namss.B-86-82-LA.mcs.aquapulse.zip					dataset	Unspecified		Unspecified	10.0 MB	1982-12-01	creation	Data zip file	https://walrus.wr.usgs.gov/namss/data/1982/namss.B-86-82-LA.mcs.aquapulse.zip										Ship Shoal	Stack	Seismic:Reflection	These data were acquired commercially for geophysical and geological (G&G) exploration of oil and gas prospects on the U.S. Outer Continental Shelf (OCS).  The Dept. of Interior, which regulates G&G activities on the OCS, acquired these data in order to ensure that the Federal government received fair market value for leases issued for oil and gas production on the OCS, and to accomplish other regulatory functions.	hart@usgs.gov	Patrick Hart	U.S. Geological Survey	pointOfContact	DigitalSeg:DigitallyAcquired	MCS Data transferred from BOEM to USGS for posting on NAMSS. Limited information available.	1982-12-31	1982-12-01	2016-05-23	ptriezenberg@usgs.gov	Peter Triezenberg	U.S. Geological Survey	pointOfContact	2018-03-16	Seismic Metadata v.1
	digital											Hydrophone_Streamer											SeismicSource_Gun_Air						SEGP1	undocumented	NAD27	-94.53102	28.98736	27.61211	-95.99804	processed	matthew.wilson@boem.gov	Matthew Wilson	Bureau of Ocean Energy Management	pointOfContact	Online	Seismic:Active:MCS	matthew.wilson@boem.gov	Matthew Wilson	Bureau of Ocean Energy Management	pointOfContact	2009-01-24	open	https://walrus.wr.usgs.gov/namss/survey/b-87-84-tx/dataset/	These data were acquired by BOEM (formerly MMS and USGS).  Under the terms of procurement, these data are to be available to the public 25 years after the issuance of the exploration permit.	namss.B-87-84-TX.mcs.airgun.zip					dataset	Unspecified		Unspecified	797.4 MB	1984-01-01	creation	Data zip file	https://walrus.wr.usgs.gov/namss/data/1984/namss.B-87-84-TX.mcs.airgun.zip										Gulf of Mexico	Stack	Seismic:Reflection	These data were acquired commercially for geophysical and geological (G&G) exploration of oil and gas prospects on the U.S. Outer Continental Shelf (OCS).  The Dept. of Interior, which regulates G&G activities on the OCS, acquired these data in order to ensure that the Federal government received fair market value for leases issued for oil and gas production on the OCS, and to accomplish other regulatory functions.	hart@usgs.gov	Patrick Hart	U.S. Geological Survey	pointOfContact	DigitalSeg:DigitallyAcquired	MCS Data transferred from BOEM to USGS for posting on NAMSS. Limited information available.	1984-01-31	1984-01-01	2016-05-23	ptriezenberg@usgs.gov	Peter Triezenberg	U.S. Geological Survey	pointOfContact	2018-03-16	Seismic Metadata v.1
DDS-777	digital		3151.63200		13.71600	67.05600					48	Hydrophone_Streamer	6.00000	2000		Distance	67.05600		7.62000	6		269.74800	Other						SEGP1	undocumented	NAD27	-93.34701	28.31441	28.30975	-93.46587	processed	matthew.wilson@boem.gov	Matthew Wilson	Bureau of Ocean Energy Management	pointOfContact	Online	Seismic:Active:MCS	matthew.wilson@boem.gov	Matthew Wilson	Bureau of Ocean Energy Management	pointOfContact	2002-01-25	open	https://walrus.wr.usgs.gov/namss/survey/b-89-77-la/dataset/	These data were acquired by BOEM (formerly MMS and USGS).  Under the terms of procurement, these data are to be available to the public 25 years after the issuance of the exploration permit.	namss.B-89-77-LA.mcs.aquapulse.zip					dataset	Unspecified		Unspecified	2.4 MB	1977-01-01	creation	Data zip file	https://walrus.wr.usgs.gov/namss/data/1977/namss.B-89-77-LA.mcs.aquapulse.zip										West Cameron	Stack	Seismic:Reflection	These data were acquired commercially for geophysical and geological (G&G) exploration of oil and gas prospects on the U.S. Outer Continental Shelf (OCS).  The Dept. of Interior, which regulates G&G activities on the OCS, acquired these data in order to ensure that the Federal government received fair market value for leases issued for oil and gas production on the OCS, and to accomplish other regulatory functions.	hart@usgs.gov	Patrick Hart	U.S. Geological Survey	pointOfContact	DigitalSeg:DigitallyAcquired	MCS Data transferred from BOEM to USGS for posting on NAMSS. Limited information available.	1977-01-31	1977-01-01	2016-05-23	ptriezenberg@usgs.gov	Peter Triezenberg	U.S. Geological Survey	pointOfContact	2018-03-16	Seismic Metadata v.1
	digital					33.52800					96	Hydrophone_Streamer				Distance	33.52800			16		174.04080	SeismicSource_Gun_Air	1400.00000	Cubic Inches		Hollis Hedberg	Unspecified	SEGP1	undocumented	NAD27	-89.47645	28.73861	27.23693	-96.66739	processed	matthew.wilson@boem.gov	Matthew Wilson	Bureau of Ocean Energy Management	pointOfContact	Online	Seismic:Active:MCS	matthew.wilson@boem.gov	Matthew Wilson	Bureau of Ocean Energy Management	pointOfContact	2008-06-23	open	https://walrus.wr.usgs.gov/namss/survey/b-89-83-tx/dataset/	These data were acquired by BOEM (formerly MMS and USGS).  Under the terms of procurement, these data are to be available to the public 25 years after the issuance of the exploration permit.	namss.B-89-83-TX.mcs.airgun.zip					dataset	Unspecified		Unspecified	61.6 MB	1983-06-01	creation	Data zip file	https://walrus.wr.usgs.gov/namss/data/1983/namss.B-89-83-TX.mcs.airgun.zip										Texas	Stack	Seismic:Reflection	These data were acquired commercially for geophysical and geological (G&G) exploration of oil and gas prospects on the U.S. Outer Continental Shelf (OCS).  The Dept. of Interior, which regulates G&G activities on the OCS, acquired these data in order to ensure that the Federal government received fair market value for leases issued for oil and gas production on the OCS, and to accomplish other regulatory functions.	hart@usgs.gov	Patrick Hart	U.S. Geological Survey	pointOfContact	DigitalSeg:DigitallyAcquired	MCS Data transferred from BOEM to USGS for posting on NAMSS. Limited information available.	1983-06-30	1983-06-01	2016-05-23	ptriezenberg@usgs.gov	Peter Triezenberg	U.S. Geological Survey	pointOfContact	2018-03-16	Seismic Metadata v.1
	digital											Hydrophone_Streamer											SeismicSource_Gun_Air						SEGP1	undocumented	NAD27	-93.38166	27.35439	25.92078	-96.46882	processed	matthew.wilson@boem.gov	Matthew Wilson	Bureau of Ocean Energy Management	pointOfContact	Online	Seismic:Active:MCS	matthew.wilson@boem.gov	Matthew Wilson	Bureau of Ocean Energy Management	pointOfContact	2009-01-24	open	https://walrus.wr.usgs.gov/namss/survey/b-89-84-tx/dataset/	These data were acquired by BOEM (formerly MMS and USGS).  Under the terms of procurement, these data are to be available to the public 25 years after the issuance of the exploration permit.	namss.B-89-84-TX.mcs.airgun.zip					dataset	Unspecified		Unspecified	1.7 GB	1984-01-01	creation	Data zip file	https://walrus.wr.usgs.gov/namss/data/1984/namss.B-89-84-TX.mcs.airgun.zip										Gulf of Mexico	Stack	Seismic:Reflection	These data were acquired commercially for geophysical and geological (G&G) exploration of oil and gas prospects on the U.S. Outer Continental Shelf (OCS).  The Dept. of Interior, which regulates G&G activities on the OCS, acquired these data in order to ensure that the Federal government received fair market value for leases issued for oil and gas production on the OCS, and to accomplish other regulatory functions.	hart@usgs.gov	Patrick Hart	U.S. Geological Survey	pointOfContact	DigitalSeg:DigitallyAcquired	MCS Data transferred from BOEM to USGS for posting on NAMSS. Limited information available.	1984-01-31	1984-01-01	2016-05-23	ptriezenberg@usgs.gov	Peter Triezenberg	U.S. Geological Survey	pointOfContact	2018-03-16	Seismic Metadata v.1
LRS-888	digital		3185.16000		12.19200	33.52800					96	Hydrophone_Streamer	7.00000	2000		Distance	33.52800		6.09600	10			SeismicSource_Gun_Air						SEGP1	undocumented	NAD27	-90.30362	29.44871	26.73809	-93.49875	processed	matthew.wilson@boem.gov	Matthew Wilson	Bureau of Ocean Energy Management	pointOfContact	Online	Seismic:Active:MCS	matthew.wilson@boem.gov	Matthew Wilson	Bureau of Ocean Energy Management	pointOfContact	2006-08-25	open	https://walrus.wr.usgs.gov/namss/survey/b-92-81-la/dataset/	These data were acquired by BOEM (formerly MMS and USGS).  Under the terms of procurement, these data are to be available to the public 25 years after the issuance of the exploration permit.	namss.B-92-81-LA.mcs.airgun.zip					dataset	Unspecified		Unspecified	66.5 MB	1981-08-01	creation	Data zip file	https://walrus.wr.usgs.gov/namss/data/1981/namss.B-92-81-LA.mcs.airgun.zip										Louisiana	Stack	Seismic:Reflection	These data were acquired commercially for geophysical and geological (G&G) exploration of oil and gas prospects on the U.S. Outer Continental Shelf (OCS).  The Dept. of Interior, which regulates G&G activities on the OCS, acquired these data in order to ensure that the Federal government received fair market value for leases issued for oil and gas production on the OCS, and to accomplish other regulatory functions.	hart@usgs.gov	Patrick Hart	U.S. Geological Survey	pointOfContact	DigitalSeg:DigitallyAcquired	MCS Data transferred from BOEM to USGS for posting on NAMSS. Limited information available.	1981-08-31	1981-08-01	2016-05-23	ptriezenberg@usgs.gov	Peter Triezenberg	U.S. Geological Survey	pointOfContact	2018-03-16	Seismic Metadata v.1
	digital											Hydrophone_Streamer											SeismicSource_Gun_Air						SEGP1	undocumented	NAD27	-89.47084	29.14276	28.99202	-89.71354	processed	matthew.wilson@boem.gov	Matthew Wilson	Bureau of Ocean Energy Management	pointOfContact	Online	Seismic:Active:MCS	matthew.wilson@boem.gov	Matthew Wilson	Bureau of Ocean Energy Management	pointOfContact	2000-12-24	open	https://walrus.wr.usgs.gov/namss/survey/b-93-75-la/dataset/	These data were acquired by BOEM (formerly MMS and USGS).  Under the terms of procurement, these data are to be available to the public 25 years after the issuance of the exploration permit.	namss.B-93-75-LA.mcs.airgun.zip					dataset	Unspecified		Unspecified	22.2 MB	1975-01-01	creation	Data zip file	https://walrus.wr.usgs.gov/namss/data/1975/namss.B-93-75-LA.mcs.airgun.zip										Louisiana	Stack	Seismic:Reflection	These data were acquired commercially for geophysical and geological (G&G) exploration of oil and gas prospects on the U.S. Outer Continental Shelf (OCS).  The Dept. of Interior, which regulates G&G activities on the OCS, acquired these data in order to ensure that the Federal government received fair market value for leases issued for oil and gas production on the OCS, and to accomplish other regulatory functions.	hart@usgs.gov	Patrick Hart	U.S. Geological Survey	pointOfContact	DigitalSeg:DigitallyAcquired	MCS Data transferred from BOEM to USGS for posting on NAMSS. Limited information available.	1975-12-31	1975-01-01	2016-05-23	ptriezenberg@usgs.gov	Peter Triezenberg	U.S. Geological Survey	pointOfContact	2018-03-16	Seismic Metadata v.1
DFS-V	digital		3840.00012		9.14400	20.00000					192	Hydrophone_Streamer	11.00000	2000	ARGO	Distance	40.00000		7.62000				SeismicSource_Gun_Air	4752.00000	Cubic Inches				SEGP1	undocumented	NAD27	-87.55596	29.65658	26.86460	-90.81767	processed	matthew.wilson@boem.gov	Matthew Wilson	Bureau of Ocean Energy Management	pointOfContact	Online	Seismic:Active:MCS	matthew.wilson@boem.gov	Matthew Wilson	Bureau of Ocean Energy Management	pointOfContact	2009-01-24	open	https://walrus.wr.usgs.gov/namss/survey/b-93-84-la/dataset/	These data were acquired by BOEM (formerly MMS and USGS).  Under the terms of procurement, these data are to be available to the public 25 years after the issuance of the exploration permit.	namss.B-93-84-LA.mcs.airgun.zip					dataset	Unspecified		Unspecified	2.7 GB	1984-01-01	creation	Data zip file	https://walrus.wr.usgs.gov/namss/data/1984/namss.B-93-84-LA.mcs.airgun.zip										Louisiana	Stack	Seismic:Reflection	These data were acquired commercially for geophysical and geological (G&G) exploration of oil and gas prospects on the U.S. Outer Continental Shelf (OCS).  The Dept. of Interior, which regulates G&G activities on the OCS, acquired these data in order to ensure that the Federal government received fair market value for leases issued for oil and gas production on the OCS, and to accomplish other regulatory functions.	hart@usgs.gov	Patrick Hart	U.S. Geological Survey	pointOfContact	DigitalSeg:DigitallyAcquired	MCS Data transferred from BOEM to USGS for posting on NAMSS. Limited information available.	1984-01-31	1984-01-01	2016-05-23	ptriezenberg@usgs.gov	Peter Triezenberg	U.S. Geological Survey	pointOfContact	2016-05-31	Seismic Metadata v.1
	digital											Hydrophone_Streamer											SeismicSource_Gun_Air						SEGP1	undocumented	NAD27	-88.71968	29.64367	29.51966	-88.87785	processed	matthew.wilson@boem.gov	Matthew Wilson	Bureau of Ocean Energy Management	pointOfContact	Online	Seismic:Active:MCS	matthew.wilson@boem.gov	Matthew Wilson	Bureau of Ocean Energy Management	pointOfContact	2002-01-25	open	https://walrus.wr.usgs.gov/namss/survey/b-94-77-la/dataset/	These data were acquired by BOEM (formerly MMS and USGS).  Under the terms of procurement, these data are to be available to the public 25 years after the issuance of the exploration permit.	namss.B-94-77-LA.mcs.airgun.zip					dataset	Unspecified		Unspecified	8.0 MB	1977-01-01	creation	Data zip file	https://walrus.wr.usgs.gov/namss/data/1977/namss.B-94-77-LA.mcs.airgun.zip										Gulf of Mexico	Stack	Seismic:Reflection	These data were acquired commercially for geophysical and geological (G&G) exploration of oil and gas prospects on the U.S. Outer Continental Shelf (OCS).  The Dept. of Interior, which regulates G&G activities on the OCS, acquired these data in order to ensure that the Federal government received fair market value for leases issued for oil and gas production on the OCS, and to accomplish other regulatory functions.	hart@usgs.gov	Patrick Hart	U.S. Geological Survey	pointOfContact	DigitalSeg:DigitallyAcquired	MCS Data transferred from BOEM to USGS for posting on NAMSS. Limited information available.	1977-01-31	1977-01-01	2016-05-23	ptriezenberg@usgs.gov	Peter Triezenberg	U.S. Geological Survey	pointOfContact	2018-03-16	Seismic Metadata v.1
DFS-V	digital	68.88480	3549.09120		15.24000	49.98720					72	Hydrophone_Streamer	8.00000	2000		Distance	24.99360		6.09600	20		254.81280	SeismicSource_Gun_Air	4147.00000	Cubic Inches		Pheonix	Fairfield Ind	SEGP1	undocumented	NAD27	-91.89574	28.37295	27.23603	-96.74537	processed	matthew.wilson@boem.gov	Matthew Wilson	Bureau of Ocean Energy Management	pointOfContact	Online	Seismic:Active:MCS	matthew.wilson@boem.gov	Matthew Wilson	Bureau of Ocean Energy Management	pointOfContact	2009-01-24	open	https://walrus.wr.usgs.gov/namss/survey/b-94-84-la/dataset/	These data were acquired by BOEM (formerly MMS and USGS).  Under the terms of procurement, these data are to be available to the public 25 years after the issuance of the exploration permit.	namss.B-94-84-LA.mcs.airgun.zip					dataset	Unspecified		Unspecified	298.0 MB	1984-01-01	creation	Data zip file	https://walrus.wr.usgs.gov/namss/data/1984/namss.B-94-84-LA.mcs.airgun.zip										Lousisana	Stack	Seismic:Reflection	These data were acquired commercially for geophysical and geological (G&G) exploration of oil and gas prospects on the U.S. Outer Continental Shelf (OCS).  The Dept. of Interior, which regulates G&G activities on the OCS, acquired these data in order to ensure that the Federal government received fair market value for leases issued for oil and gas production on the OCS, and to accomplish other regulatory functions.	hart@usgs.gov	Patrick Hart	U.S. Geological Survey	pointOfContact	DigitalSeg:DigitallyAcquired	MCS Data transferred from BOEM to USGS for posting on NAMSS. Limited information available.	1984-01-31	1984-01-01	2016-05-23	ptriezenberg@usgs.gov	Peter Triezenberg	U.S. Geological Survey	pointOfContact	2018-03-16	Seismic Metadata v.1
SERCEL	digital					49.98720						Hydrophone_Streamer		2000		Distance	49.98720						SeismicSource_Gun_Water	1360.00000	Cubic Inches		Gulf Seal	Unspecified	SEGP1	undocumented	NAD27	-88.58493	29.45730	29.35206	-88.68769	processed	matthew.wilson@boem.gov	Matthew Wilson	Bureau of Ocean Energy Management	pointOfContact	Online	Seismic:Active:MCS	matthew.wilson@boem.gov	Matthew Wilson	Bureau of Ocean Energy Management	pointOfContact	2002-10-25	open	https://walrus.wr.usgs.gov/namss/survey/b-95-77-la/dataset/	These data were acquired by BOEM (formerly MMS and USGS).  Under the terms of procurement, these data are to be available to the public 25 years after the issuance of the exploration permit.	namss.B-95-77-LA.mcs.watergun.zip					dataset	Unspecified		Unspecified	4.6 MB	1977-10-01	creation	Data zip file	https://walrus.wr.usgs.gov/namss/data/1977/namss.B-95-77-LA.mcs.watergun.zip										Louisiana	Stack	Seismic:Reflection	These data were acquired commercially for geophysical and geological (G&G) exploration of oil and gas prospects on the U.S. Outer Continental Shelf (OCS).  The Dept. of Interior, which regulates G&G activities on the OCS, acquired these data in order to ensure that the Federal government received fair market value for leases issued for oil and gas production on the OCS, and to accomplish other regulatory functions.	hart@usgs.gov	Patrick Hart	U.S. Geological Survey	pointOfContact	DigitalSeg:DigitallyAcquired	MCS Data transferred from BOEM to USGS for posting on NAMSS. Limited information available.	1977-10-31	1977-10-01	2016-05-23	ptriezenberg@usgs.gov	Peter Triezenberg	U.S. Geological Survey	pointOfContact	2018-03-16	Seismic Metadata v.1
MDS-10	digital		3165.95760		15.24000	67.36080					48	Hydrophone_Streamer	6.00000	2000	LORAC	Distance	33.68040		9.14400	7		230.12400	SeismicSource_Gun_Air	1680.00000	Cubic Inches				SEGP1	undocumented	NAD27	-95.75925	28.04079	27.63149	-96.48229	processed	matthew.wilson@boem.gov	Matthew Wilson	Bureau of Ocean Energy Management	pointOfContact	Online	Seismic:Active:MCS	matthew.wilson@boem.gov	Matthew Wilson	Bureau of Ocean Energy Management	pointOfContact	2004-02-22	open	https://walrus.wr.usgs.gov/namss/survey/b-95-79-tx/dataset/	These data were acquired by BOEM (formerly MMS and USGS).  Under the terms of procurement, these data are to be available to the public 25 years after the issuance of the exploration permit.	namss.B-95-79-TX.mcs.airgun.zip					dataset	Unspecified		Unspecified	5.4 MB	1979-02-01	creation	Data zip file	https://walrus.wr.usgs.gov/namss/data/1979/namss.B-95-79-TX.mcs.airgun.zip										Texas	Stack	Seismic:Reflection	These data were acquired commercially for geophysical and geological (G&G) exploration of oil and gas prospects on the U.S. Outer Continental Shelf (OCS).  The Dept. of Interior, which regulates G&G activities on the OCS, acquired these data in order to ensure that the Federal government received fair market value for leases issued for oil and gas production on the OCS, and to accomplish other regulatory functions.	hart@usgs.gov	Patrick Hart	U.S. Geological Survey	pointOfContact	DigitalSeg:DigitallyAcquired	MCS Data transferred from BOEM to USGS for posting on NAMSS. Limited information available.	1979-02-28	1979-02-01	2016-05-23	ptriezenberg@usgs.gov	Peter Triezenberg	U.S. Geological Survey	pointOfContact	2018-03-16	Seismic Metadata v.1
	digital											Hydrophone_Streamer											SeismicSource_Gun_Air						SEGP1	no	NAD27	-90.26354	28.84868	27.87093	-91.56598	processed	hart@usgs.gov	Patrick Hart	U.S. Geological Survey	pointOfContact	Online	Seismic:Active:MCS	hart@usgs.gov	Patrick Hart	U.S. Geological Survey	pointOfContact		open	https://walrus.wr.usgs.gov/namss/survey/b-95-89-la/dataset/	These data were acquired by BOEM (formerly MMS and USGS). Under the terms of procurement, these data are to be available to the public 25 years after the issuance of the exploration permit.	namss.B-95-89-LA.mcs.airgun.zip					dataset	Unspecified		Unspecified	2.3 GB	1989-01-01	creation	Dataset zip file	https://walrus.wr.usgs.gov/namss/data/1989/namss.B-95-89-LA.mcs.airgun.zip										Gulf of Mexico	Stack	Seismic:Reflection	These data were acquired commercially for geophysical and geological (G&G) exploration of oil and gas prospects on the U.S. Outer Continental Shelf (OCS). The Dept. of Interior, which regulates G&G activities on the OCS, acquired these data in order to ensure that the Federal government received fair market value for leases issued for oil and gas production on the OCS, and to accomplish other regulatory functions.	matthew.wilson@boem.gov	Matthew Wilson	Bureau of Ocean Energy Management	pointOfContact	DigitalSeg:DigitallyAcquired	MCS Data transferred from BOEM to USGS for posting on NAMSS. Limited information available.	1989-01-01	1989-01-01	2017-02-08	ptriezenberg@usgs.gov	Peter Triezenberg	U.S. Geological Survey	pointOfContact	2018-03-16	Seismic Metadata v.1
	digital											Hydrophone_Streamer											SeismicSource_Gun_Air						SEGP1	no	NAD27	-90.26354	28.84868	27.87093	-91.56598	processed	hart@usgs.gov	Patrick Hart	U.S. Geological Survey	pointOfContact	Online	Seismic:Active:MCS	hart@usgs.gov	Patrick Hart	U.S. Geological Survey	pointOfContact		open	https://walrus.wr.usgs.gov/namss/survey/b-95a-89-la/dataset/	These data were acquired by BOEM (formerly MMS and USGS). Under the terms of procurement, these data are to be available to the public 25 years after the issuance of the exploration permit.	namss.B-95a-89-LA.mcs.airgun.zip					dataset	Unspecified		Unspecified	1.9 GB	1989-01-01	creation	Dataset zip file	https://walrus.wr.usgs.gov/namss/data/1989/namss.B-95a-89-LA.mcs.airgun.zip										Gulf of Mexico	Stack	Seismic:Reflection	These data were acquired commercially for geophysical and geological (G&G) exploration of oil and gas prospects on the U.S. Outer Continental Shelf (OCS). The Dept. of Interior, which regulates G&G activities on the OCS, acquired these data in order to ensure that the Federal government received fair market value for leases issued for oil and gas production on the OCS, and to accomplish other regulatory functions.	matthew.wilson@boem.gov	Matthew Wilson	Bureau of Ocean Energy Management	pointOfContact	DigitalSeg:DigitallyAcquired	MCS Data transferred from BOEM to USGS for posting on NAMSS. Limited information available.	1989-01-01	1989-01-01	2017-02-08	ptriezenberg@usgs.gov	Peter Triezenberg	U.S. Geological Survey	pointOfContact	2018-03-16	Seismic Metadata v.1
	digital											Hydrophone_Streamer											SeismicSource_Gun_Air						SEGP1	no	NAD27	-88.48070	29.31418	27.40715	-93.22215	processed	hart@usgs.gov	Patrick Hart	U.S. Geological Survey	pointOfContact	Online	Seismic:Active:MCS	hart@usgs.gov	Patrick Hart	U.S. Geological Survey	pointOfContact		open	https://walrus.wr.usgs.gov/namss/survey/b-95b-89-la/dataset/	These data were acquired by BOEM (formerly MMS and USGS). Under the terms of procurement, these data are to be available to the public 25 years after the issuance of the exploration permit.	namss.B-95b-89-LA.mcs.airgun.zip					dataset	Unspecified		Unspecified	3.5 MB	1989-01-01	creation	Dataset zip file	https://walrus.wr.usgs.gov/namss/data/1989/namss.B-95b-89-LA.mcs.airgun.zip										Gulf of Mexico	Stack	Seismic:Reflection	These data were acquired commercially for geophysical and geological (G&G) exploration of oil and gas prospects on the U.S. Outer Continental Shelf (OCS). The Dept. of Interior, which regulates G&G activities on the OCS, acquired these data in order to ensure that the Federal government received fair market value for leases issued for oil and gas production on the OCS, and to accomplish other regulatory functions.	matthew.wilson@boem.gov	Matthew Wilson	Bureau of Ocean Energy Management	pointOfContact	DigitalSeg:DigitallyAcquired	MCS Data transferred from BOEM to USGS for posting on NAMSS. Limited information available.	1989-01-01	1989-01-01	2017-02-08	ptriezenberg@usgs.gov	Peter Triezenberg	U.S. Geological Survey	pointOfContact	2018-03-16	Seismic Metadata v.1
LAS-888	digital	44.80560				67.05600					48	Hydrophone_Streamer	6.00000	2000		Distance	33.52800					243.84000	SeismicSource_Gun_Air						SEGP1	undocumented	NAD27	-90.07925	28.99810	27.55886	-92.05123	processed	matthew.wilson@boem.gov	Matthew Wilson	Bureau of Ocean Energy Management	pointOfContact	Online	Seismic:Active:MCS	matthew.wilson@boem.gov	Matthew Wilson	Bureau of Ocean Energy Management	pointOfContact	2005-12-25	open	https://walrus.wr.usgs.gov/namss/survey/b-96-80-la/dataset/	These data were acquired by BOEM (formerly MMS and USGS).  Under the terms of procurement, these data are to be available to the public 25 years after the issuance of the exploration permit.	namss.B-96-80-LA.mcs.airgun.zip					dataset	Unspecified		Unspecified	73.3 MB	1980-12-01	creation	Data zip file	https://walrus.wr.usgs.gov/namss/data/1980/namss.B-96-80-LA.mcs.airgun.zip										South Marsh	Stack	Seismic:Reflection	These data were acquired commercially for geophysical and geological (G&G) exploration of oil and gas prospects on the U.S. Outer Continental Shelf (OCS).  The Dept. of Interior, which regulates G&G activities on the OCS, acquired these data in order to ensure that the Federal government received fair market value for leases issued for oil and gas production on the OCS, and to accomplish other regulatory functions.	hart@usgs.gov	Patrick Hart	U.S. Geological Survey	pointOfContact	DigitalSeg:DigitallyAcquired	MCS Data transferred from BOEM to USGS for posting on NAMSS. Limited information available.	1980-12-31	1980-12-01	2016-05-23	ptriezenberg@usgs.gov	Peter Triezenberg	U.S. Geological Survey	pointOfContact	2018-03-16	Seismic Metadata v.1
DFS-IV	digital					49.98720					48	Hydrophone_Streamer	6.00000			Distance	24.99360			4		304.80000	SeismicSource_Gun_Air						SEGP1	undocumented	NAD27	-92.73071	28.58875	28.40639	-92.89171	processed	matthew.wilson@boem.gov	Matthew Wilson	Bureau of Ocean Energy Management	pointOfContact	Online	Seismic:Active:MCS	matthew.wilson@boem.gov	Matthew Wilson	Bureau of Ocean Energy Management	pointOfContact	2002-01-25	open	https://walrus.wr.usgs.gov/namss/survey/b-97-77-la/dataset/	These data were acquired by BOEM (formerly MMS and USGS).  Under the terms of procurement, these data are to be available to the public 25 years after the issuance of the exploration permit.	namss.B-97-77-LA.mcs.airgun.zip					dataset	Unspecified		Unspecified	33.9 MB	1977-01-01	creation	Data zip file	https://walrus.wr.usgs.gov/namss/data/1977/namss.B-97-77-LA.mcs.airgun.zip										Louisiana	Stack	Seismic:Reflection	These data were acquired commercially for geophysical and geological (G&G) exploration of oil and gas prospects on the U.S. Outer Continental Shelf (OCS).  The Dept. of Interior, which regulates G&G activities on the OCS, acquired these data in order to ensure that the Federal government received fair market value for leases issued for oil and gas production on the OCS, and to accomplish other regulatory functions.	hart@usgs.gov	Patrick Hart	U.S. Geological Survey	pointOfContact	DigitalSeg:DigitallyAcquired	MCS Data transferred from BOEM to USGS for posting on NAMSS. Limited information available.	1977-01-31	1977-01-01	2016-05-23	ptriezenberg@usgs.gov	Peter Triezenberg	U.S. Geological Survey	pointOfContact	2018-03-16	Seismic Metadata v.1
DFS-IV	digital		3200.00010			66.65976					48	Hydrophone_Streamer	6.00000	2000		Distance	66.65976						SeismicSource_Gun_Air	1200.00000	Cubic Inches		State Falcon	GSI	SEGP1	undocumented	NAD27	-93.59369	29.67945	29.58009	-93.69341	processed	matthew.wilson@boem.gov	Matthew Wilson	Bureau of Ocean Energy Management	pointOfContact	Online	Seismic:Active:MCS	matthew.wilson@boem.gov	Matthew Wilson	Bureau of Ocean Energy Management	pointOfContact	2003-11-24	open	https://walrus.wr.usgs.gov/namss/survey/b-98-78-la/dataset/	These data were acquired by BOEM (formerly MMS and USGS).  Under the terms of procurement, these data are to be available to the public 25 years after the issuance of the exploration permit.	namss.B-98-78-LA.mcs.airgun.zip					dataset	Unspecified		Unspecified	2.5 MB	1978-11-01	creation	Data zip file	https://walrus.wr.usgs.gov/namss/data/1978/namss.B-98-78-LA.mcs.airgun.zip										West Cameron	Stack	Seismic:Reflection	These data were acquired commercially for geophysical and geological (G&G) exploration of oil and gas prospects on the U.S. Outer Continental Shelf (OCS).  The Dept. of Interior, which regulates G&G activities on the OCS, acquired these data in order to ensure that the Federal government received fair market value for leases issued for oil and gas production on the OCS, and to accomplish other regulatory functions.	hart@usgs.gov	Patrick Hart	U.S. Geological Survey	pointOfContact	DigitalSeg:DigitallyAcquired	MCS Data transferred from BOEM to USGS for posting on NAMSS. Limited information available.	1978-11-30	1978-11-01	2016-05-23	ptriezenberg@usgs.gov	Peter Triezenberg	U.S. Geological Survey	pointOfContact	2018-03-16	Seismic Metadata v.1
	digital											Hydrophone_Streamer											SeismicSource_Gun_Air						SEGP1	undocumented	NAD27	-87.50781	29.25114	25.91234	-93.43196	processed	matthew.wilson@boem.gov	Matthew Wilson	Bureau of Ocean Energy Management	pointOfContact	Online	Seismic:Active:MCS	matthew.wilson@boem.gov	Matthew Wilson	Bureau of Ocean Energy Management	pointOfContact	2009-01-24	open	https://walrus.wr.usgs.gov/namss/survey/b-c2-84-la/dataset/	These data were acquired by BOEM (formerly MMS and USGS).  Under the terms of procurement, these data are to be available to the public 25 years after the issuance of the exploration permit.	namss.B-C2-84-LA.mcs.airgun.zip					dataset	Unspecified		Unspecified	4.6 GB	1984-01-01	creation	Data zip file	https://walrus.wr.usgs.gov/namss/data/1984/namss.B-C2-84-LA.mcs.airgun.zip										Gulf of Mexico	Stack	Seismic:Reflection	These data were acquired commercially for geophysical and geological (G&G) exploration of oil and gas prospects on the U.S. Outer Continental Shelf (OCS).  The Dept. of Interior, which regulates G&G activities on the OCS, acquired these data in order to ensure that the Federal government received fair market value for leases issued for oil and gas production on the OCS, and to accomplish other regulatory functions.	hart@usgs.gov	Patrick Hart	U.S. Geological Survey	pointOfContact	DigitalSeg:DigitallyAcquired	MCS Data transferred from BOEM to USGS for posting on NAMSS. Limited information available.	1984-01-31	1984-01-01	2016-05-23	ptriezenberg@usgs.gov	Peter Triezenberg	U.S. Geological Survey	pointOfContact	2016-05-31	Seismic Metadata v.1
DFS-V	digital	83.82000	2974.84800		9.75360	24.99360					120	Hydrophone_Streamer	7.00000	4000	ARGO	Distance	24.99360		8.99160			265.78560	SeismicSource_Gun_Air	4075.00000	Cubic Inches		Java Seal	Digicon	SEGP1	undocumented	NAD27	-88.00270	27.99801	26.19627	-91.84109	processed	matthew.wilson@boem.gov	Matthew Wilson	Bureau of Ocean Energy Management	pointOfContact	Online	Seismic:Active:MCS	matthew.wilson@boem.gov	Matthew Wilson	Bureau of Ocean Energy Management	pointOfContact	2008-04-23	open	https://walrus.wr.usgs.gov/namss/survey/b-c5-83-la/dataset/	These data were acquired by BOEM (formerly MMS and USGS).  Under the terms of procurement, these data are to be available to the public 25 years after the issuance of the exploration permit.	namss.B-C5-83-LA.mcs.airgun.zip					dataset	Unspecified		Unspecified	100.5 MB	1983-04-01	creation	Data zip file	https://walrus.wr.usgs.gov/namss/data/1983/namss.B-C5-83-LA.mcs.airgun.zip										Gulf of Mexico	Stack	Seismic:Reflection	These data were acquired commercially for geophysical and geological (G&G) exploration of oil and gas prospects on the U.S. Outer Continental Shelf (OCS).  The Dept. of Interior, which regulates G&G activities on the OCS, acquired these data in order to ensure that the Federal government received fair market value for leases issued for oil and gas production on the OCS, and to accomplish other regulatory functions.	hart@usgs.gov	Patrick Hart	U.S. Geological Survey	pointOfContact	DigitalSeg:DigitallyAcquired	MCS Data transferred from BOEM to USGS for posting on NAMSS. Limited information available.	1983-04-30	1983-04-01	2016-05-23	ptriezenberg@usgs.gov	Peter Triezenberg	U.S. Geological Survey	pointOfContact	2018-03-16	Seismic Metadata v.1
	digital											Hydrophone_Streamer											SeismicSource_Gun_Air						SEGP1	undocumented	NAD27	-90.94597	29.31276	28.71838	-91.83748	processed	matthew.wilson@boem.gov	Matthew Wilson	Bureau of Ocean Energy Management	pointOfContact	Online	Seismic:Active:MCS	matthew.wilson@boem.gov	Matthew Wilson	Bureau of Ocean Energy Management	pointOfContact	2001-01-24	open	https://walrus.wr.usgs.gov/namss/survey/b-c9-76-la/dataset/	These data were acquired by BOEM (formerly MMS and USGS).  Under the terms of procurement, these data are to be available to the public 25 years after the issuance of the exploration permit.	namss.B-C9-76-LA.mcs.airgun.zip					dataset	Unspecified		Unspecified	16.3 MB	1976-01-01	creation	Data zip file	https://walrus.wr.usgs.gov/namss/data/1976/namss.B-C9-76-LA.mcs.airgun.zip										Gulf of Mexico	Stack	Seismic:Reflection	These data were acquired commercially for geophysical and geological (G&G) exploration of oil and gas prospects on the U.S. Outer Continental Shelf (OCS).  The Dept. of Interior, which regulates G&G activities on the OCS, acquired these data in order to ensure that the Federal government received fair market value for leases issued for oil and gas production on the OCS, and to accomplish other regulatory functions.	hart@usgs.gov	Patrick Hart	U.S. Geological Survey	pointOfContact	DigitalSeg:DigitallyAcquired	MCS Data transferred from BOEM to USGS for posting on NAMSS. Limited information available.	1976-01-31	1976-01-01	2016-05-23	ptriezenberg@usgs.gov	Peter Triezenberg	U.S. Geological Survey	pointOfContact	2018-03-16	Seismic Metadata v.1
DFS-V	digital		2974.23840		13.41120	24.99360					120	Hydrophone_Streamer	6.00000	2000		Distance	24.99360		6.09600	11			SeismicSource_Gun_Air	1050.00000	Cubic Inches				SEGP1	undocumented	NAD27	-91.79170	28.38851	28.29134	-91.87120	processed	matthew.wilson@boem.gov	Matthew Wilson	Bureau of Ocean Energy Management	pointOfContact	Online	Seismic:Active:MCS	matthew.wilson@boem.gov	Matthew Wilson	Bureau of Ocean Energy Management	pointOfContact	2007-10-25	open	https://walrus.wr.usgs.gov/namss/survey/b-c9-82-la/dataset/	These data were acquired by BOEM (formerly MMS and USGS).  Under the terms of procurement, these data are to be available to the public 25 years after the issuance of the exploration permit.	namss.B-C9-82-LA.mcs.airgun.zip					dataset	Unspecified		Unspecified	7.3 MB	1982-10-01	creation	Data zip file	https://walrus.wr.usgs.gov/namss/data/1982/namss.B-C9-82-LA.mcs.airgun.zip										Louisiana	Stack	Seismic:Reflection	These data were acquired commercially for geophysical and geological (G&G) exploration of oil and gas prospects on the U.S. Outer Continental Shelf (OCS).  The Dept. of Interior, which regulates G&G activities on the OCS, acquired these data in order to ensure that the Federal government received fair market value for leases issued for oil and gas production on the OCS, and to accomplish other regulatory functions.	hart@usgs.gov	Patrick Hart	U.S. Geological Survey	pointOfContact	DigitalSeg:DigitallyAcquired	MCS Data transferred from BOEM to USGS for posting on NAMSS. Limited information available.	1982-10-31	1982-10-01	2016-05-23	ptriezenberg@usgs.gov	Peter Triezenberg	U.S. Geological Survey	pointOfContact	2018-03-16	Seismic Metadata v.1
DDS-888	digital		3151.63200			67.05600					48	Hydrophone_Streamer	6.00000	2000									SeismicSource_Gun_Air						SEGP1	undocumented	NAD27	-87.98869	29.81150	29.10891	-88.66293	processed	matthew.wilson@boem.gov	Matthew Wilson	Bureau of Ocean Energy Management	pointOfContact	Online	Seismic:Active:MCS	matthew.wilson@boem.gov	Matthew Wilson	Bureau of Ocean Energy Management	pointOfContact	2000-06-23	open	https://walrus.wr.usgs.gov/namss/survey/b-l8-75-la/dataset/	These data were acquired by BOEM (formerly MMS and USGS).  Under the terms of procurement, these data are to be available to the public 25 years after the issuance of the exploration permit.	namss.B-L8-75-LA.mcs.airgun.zip					dataset	Unspecified		Unspecified	12.5 MB	1975-06-01	creation	Data zip file	https://walrus.wr.usgs.gov/namss/data/1975/namss.B-L8-75-LA.mcs.airgun.zip										Main Pass	Stack	Seismic:Reflection	These data were acquired commercially for geophysical and geological (G&G) exploration of oil and gas prospects on the U.S. Outer Continental Shelf (OCS).  The Dept. of Interior, which regulates G&G activities on the OCS, acquired these data in order to ensure that the Federal government received fair market value for leases issued for oil and gas production on the OCS, and to accomplish other regulatory functions.	hart@usgs.gov	Patrick Hart	U.S. Geological Survey	pointOfContact	DigitalSeg:DigitallyAcquired	MCS Data transferred from BOEM to USGS for posting on NAMSS. Limited information available.	1975-06-30	1975-06-01	2016-05-23	ptriezenberg@usgs.gov	Peter Triezenberg	U.S. Geological Survey	pointOfContact	2018-03-16	Seismic Metadata v.1
	digital											Hydrophone_Streamer											SeismicSource_Gun_Air						SEGP1	undocumented	NAD27	-90.79028	29.31133	28.74113	-91.82694	processed	matthew.wilson@boem.gov	Matthew Wilson	Bureau of Ocean Energy Management	pointOfContact	Online	Seismic:Active:MCS	matthew.wilson@boem.gov	Matthew Wilson	Bureau of Ocean Energy Management	pointOfContact	2001-01-24	open	https://walrus.wr.usgs.gov/namss/survey/b-l9-76-la/dataset/	These data were acquired by BOEM (formerly MMS and USGS).  Under the terms of procurement, these data are to be available to the public 25 years after the issuance of the exploration permit.	namss.B-L9-76-LA.mcs.airgun.zip					dataset	Unspecified		Unspecified	44.5 MB	1976-01-01	creation	Data zip file	https://walrus.wr.usgs.gov/namss/data/1976/namss.B-L9-76-LA.mcs.airgun.zip										Gulf of Mexico	Stack	Seismic:Reflection	These data were acquired commercially for geophysical and geological (G&G) exploration of oil and gas prospects on the U.S. Outer Continental Shelf (OCS).  The Dept. of Interior, which regulates G&G activities on the OCS, acquired these data in order to ensure that the Federal government received fair market value for leases issued for oil and gas production on the OCS, and to accomplish other regulatory functions.	hart@usgs.gov	Patrick Hart	U.S. Geological Survey	pointOfContact	DigitalSeg:DigitallyAcquired	MCS Data transferred from BOEM to USGS for posting on NAMSS. Limited information available.	1976-01-31	1976-01-01	2016-05-23	ptriezenberg@usgs.gov	Peter Triezenberg	U.S. Geological Survey	pointOfContact	2018-03-16	Seismic Metadata v.1
	digital											Hydrophone_Streamer											SeismicSource_Gun_Air						420	undocumented	NAD27	-150.04932	70.42186	70.18978	-150.67283	processed	hart@usgs.gov	Patrick Hart	U.S. Geological Survey	pointOfContact	Online	Seismic:Active:MCS	hart@usgs.gov	Patrick Hart	U.S. Geological Survey	pointOfContact	1966-01-05	open	https://walrus.wr.usgs.gov/namss/survey/b-p-66-ak/dataset/	Unspecified	namss.B-P-66-AK.mcs.airgun.zip					dataset	Unspecified		Unspecified	3.7 MB	1966-01-01	creation	Data zip file	https://walrus.wr.usgs.gov/namss/data/1966/namss.B-P-66-AK.mcs.airgun.zip										Alaska	Stack	Seismic:Reflection		hart@usgs.gov	Patrick Hart	U.S. Geological Survey	pointOfContact	DigitalSeg:DigitallyAcquired		1966-01-05	1966-01-01	2016-05-23	ptriezenberg@usgs.gov	Peter Triezenberg	U.S. Geological Survey	pointOfContact	2018-03-16	Seismic Metadata v.1
	digital											Hydrophone_Streamer											SeismicSource_Gun_Air						420	undocumented	NAD27	-151.05016	70.70900	70.49702	-151.78179	processed	hart@usgs.gov	Patrick Hart	U.S. Geological Survey	pointOfContact	Online	Seismic:Active:MCS	hart@usgs.gov	Patrick Hart	U.S. Geological Survey	pointOfContact	1970-01-02	open	https://walrus.wr.usgs.gov/namss/survey/b-p-70-ar/dataset/	Unspecified	namss.B-P-70-AR.mcs.airgun.zip					dataset	Unspecified		Unspecified	11.5 MB	1970-01-01	creation	Data zip file	https://walrus.wr.usgs.gov/namss/data/1970/namss.B-P-70-AR.mcs.airgun.zip										Harrison Bay	Stack	Seismic:Reflection		hart@usgs.gov	Patrick Hart	U.S. Geological Survey	pointOfContact	DigitalSeg:DigitallyAcquired		1970-01-02	1970-01-01	2016-05-23	ptriezenberg@usgs.gov	Peter Triezenberg	U.S. Geological Survey	pointOfContact	2018-03-16	Seismic Metadata v.1
	digital											Hydrophone_Streamer											SeismicSource_Gun_Air						420	undocumented	NAD27	-147.86246	71.00247	70.38974	-152.34786	processed	hart@usgs.gov	Patrick Hart	U.S. Geological Survey	pointOfContact	Online	Seismic:Active:MCS	hart@usgs.gov	Patrick Hart	U.S. Geological Survey	pointOfContact	1971-02-14	open	https://walrus.wr.usgs.gov/namss/survey/b-p-71-ar/dataset/	Unspecified	namss.B-P-71-AR.mcs.airgun.zip					dataset	Unspecified		Unspecified	63.7 MB	1971-01-01	creation	Data zip file	https://walrus.wr.usgs.gov/namss/data/1971/namss.B-P-71-AR.mcs.airgun.zip										Prudhoe Bay	Stack	Seismic:Reflection		hart@usgs.gov	Patrick Hart	U.S. Geological Survey	pointOfContact	DigitalSeg:DigitallyAcquired		1971-02-14	1971-01-01	2016-05-23	ptriezenberg@usgs.gov	Peter Triezenberg	U.S. Geological Survey	pointOfContact	2018-03-16	Seismic Metadata v.1
	digital											Hydrophone_Streamer											SeismicSource_Gun_Air						420	undocumented	NAD27	-148.05840	70.88052	70.25623	-152.67607	processed	hart@usgs.gov	Patrick Hart	U.S. Geological Survey	pointOfContact	Online	Seismic:Active:MCS	hart@usgs.gov	Patrick Hart	U.S. Geological Survey	pointOfContact	1971-01-10	open	https://walrus.wr.usgs.gov/namss/survey/b-pc-71-ak/dataset/	Unspecified	namss.B-PC-71-AK.mcs.airgun.zip					dataset	Unspecified		Unspecified	15.8 MB	1971-01-01	creation	Data zip file	https://walrus.wr.usgs.gov/namss/data/1971/namss.B-PC-71-AK.mcs.airgun.zip										Prudhoe Bay	Stack	Seismic:Reflection		hart@usgs.gov	Patrick Hart	U.S. Geological Survey	pointOfContact	DigitalSeg:DigitallyAcquired		1971-01-10	1971-01-01	2016-05-23	ptriezenberg@usgs.gov	Peter Triezenberg	U.S. Geological Survey	pointOfContact	2018-03-16	Seismic Metadata v.1
	digital											Hydrophone_Streamer											SeismicSource_Gun_Air						420	undocumented	NAD27	-148.87847	70.31033	70.24077	-148.97075	processed	hart@usgs.gov	Patrick Hart	U.S. Geological Survey	pointOfContact	Online	Seismic:Active:MCS	hart@usgs.gov	Patrick Hart	U.S. Geological Survey	pointOfContact	1971-01-02	open	https://walrus.wr.usgs.gov/namss/survey/b-pw-71-ak/dataset/	Unspecified	namss.B-PW-71-AK.mcs.airgun.zip					dataset	Unspecified		Unspecified	3.4 MB	1971-01-01	creation	Data zip file	https://walrus.wr.usgs.gov/namss/data/1971/namss.B-PW-71-AK.mcs.airgun.zip										Alaska	Stack	Seismic:Reflection		hart@usgs.gov	Patrick Hart	U.S. Geological Survey	pointOfContact	DigitalSeg:DigitallyAcquired		1971-01-02	1971-01-01	2016-05-23	ptriezenberg@usgs.gov	Peter Triezenberg	U.S. Geological Survey	pointOfContact	2018-03-16	Seismic Metadata v.1
	digital											Hydrophone_Streamer											SeismicSource_Gun_Air						410	undocumented	NAD27	-173.67766	57.11111	54.16127	-180.77397	processed	rsliter@usgs.gov	Ray Sliter	U.S. Geological Survey	custodian	Online	Seismic:Active:MCS	Unspecified	Unspecified	Unspecified	resourceProvider		open	https://walrus.wr.usgs.gov/namss/survey/e-1-76-bs/dataset/	Industry MCS vectorized from paper	namss.E-1-76-BS.mcs.airgun.zip					dataset	Unspecified		Unspecified	57.6 MB	1976-01-01	creation	Dataset zip file	https://walrus.wr.usgs.gov/namss/data/1976/namss.E-1-76-BS.mcs.airgun.zip										Bering Sea	Stack	Seismic:Reflection		hart@usgs.gov	Patrick Hart	U.S. Geological Survey	pointOfContact	DigitalSeg:DigitallyAcquired, DigitalSeg		1976-01-02	1976-01-01	2021-02-12	ptriezenberg@usgs.gov	Peter Triezenberg	U.S. Geological Survey	pointOfContact	2021-02-12	Seismic Metadata v.1
	digital											Hydrophone_Streamer											SeismicSource_Gun_Air						410	no	NAD27	-165.99570	20.12070	14.85003	-173.02190	processed	ptriezenberg@usgs.gov	Peter Triezenberg	U.S. Geological Survey	pointOfContact	Online	Seismic:Active:MCS	Unspecified	Unspecified	Unspecified	resourceProvider		open	https://walrus.wr.usgs.gov/namss/survey/f-01-91-cp/dataset/	Unspecified	namss.F-01-91-CP.mcs.airgun.zip					dataset	Unspecified		Unspecified	606.8 MB	1991-01-01	creation	Dataset zip file	https://walrus.wr.usgs.gov/namss/data/1991/namss.F-01-91-CP.mcs.airgun.zip										Hawaii	Stack	Seismic:Reflection		hart@usgs.gov	Patrick Hart	U.S. Geological Survey	pointOfContact	DigitalSeg:DigitallyAcquired		1991-01-01	1991-01-01	2017-05-30	rsliter@usgs.gov	Ray Sliter	U.S. Geological Survey	custodian	2018-03-16	Seismic Metadata v.1
	digital											Hydrophone_Streamer											SeismicSource_Gun_Air						410	no	NAD27	-166.59467	16.50052	13.23973	-173.02499	processed	hart@usgs.gov	Patrick Hart	U.S. Geological Survey	pointOfContact	Online	Seismic:Active:MCS	Unspecified	Unspecified	Unspecified	resourceProvider		open	https://walrus.wr.usgs.gov/namss/survey/f-02-91-cp/dataset/	Unspecified	namss.F-02-91-CP.mcs.airgun.zip					dataset	Unspecified		Unspecified	240.8 MB	1991-01-01	creation	Dataset zip file	https://walrus.wr.usgs.gov/namss/data/1991/namss.F-02-91-CP.mcs.airgun.zip										Hawaii	Stack	Seismic:Reflection		hart@usgs.gov	Patrick Hart	U.S. Geological Survey	pointOfContact	DigitalSeg:DigitallyAcquired		1991-01-01	1991-01-01	2017-05-30	rsliter@usgs.gov	Ray Sliter	U.S. Geological Survey	custodian	2018-03-16	Seismic Metadata v.1
	digital											Hydrophone_Streamer											SeismicSource_Gun_Air						410	no	NAD27	-159.20028	9.91039	4.43398	-164.87110	processed	ptriezenberg@usgs.gov	Peter Triezenberg	U.S. Geological Survey	pointOfContact	Online	Seismic:Active:MCS	Unspecified	Unspecified	Unspecified	resourceProvider		open	https://walrus.wr.usgs.gov/namss/survey/f-03-91-cp/dataset/	Unspecified	namss.F-03-91-CP.mcs.airgun.zip					dataset	Unspecified		Unspecified	821.6 MB	1991-01-01	creation	Dataset zip file	https://walrus.wr.usgs.gov/namss/data/1991/namss.F-03-91-CP.mcs.airgun.zip										Hawaii	Stack	Seismic:Reflection		hart@usgs.gov	Patrick Hart	U.S. Geological Survey	pointOfContact	DigitalSeg:DigitallyAcquired		1991-01-01	1991-01-01	2017-05-30	rsliter@usgs.gov	Ray Sliter	U.S. Geological Survey	custodian	2018-03-16	Seismic Metadata v.1
	digital											Hydrophone_Streamer											SeismicSource_Gun_Air						400	no	NAD83	-160.27097	23.35335	19.32795	-167.03267	processed	rsliter@usgs.gov	Ray Sliter	U.S. Geological Survey	custodian	Online	Seismic:Active:MCS	Unspecified	Unspecified	Unspecified	resourceProvider		open	https://walrus.wr.usgs.gov/namss/survey/f-10-88-hw/dataset/	Unspecified	namss.F-10-88-HW.mcs.airgun.zip					dataset	Unspecified		Unspecified	875.6 MB	1988-09-28	creation	Dataset zip file	https://walrus.wr.usgs.gov/namss/data/1988/namss.F-10-88-HW.mcs.airgun.zip										Hawaii	Stack	Seismic:Reflection		hart@usgs.gov	Patrick Hart	U.S. Geological Survey	pointOfContact	DigitalSeg:DigitallyAcquired		1988-10-22	1988-09-28	2016-12-27	ptriezenberg@usgs.gov	Peter Triezenberg	U.S. Geological Survey	pointOfContact	2018-03-16	Seismic Metadata v.1
	digital											Hydrophone_Streamer											SeismicSource_Gun_Air						400	no	NAD83	-158.85181	27.66647	22.26985	-167.29206	processed	rsliter@usgs.gov	Ray Sliter	U.S. Geological Survey	custodian	Online	Seismic:Active:MCS	Unspecified	Unspecified	Unspecified	resourceProvider		open	https://walrus.wr.usgs.gov/namss/survey/f-12-89-hw/dataset/	Unspecified	namss.F-12-89-HW.mcs.airgun.zip					dataset	Unspecified		Unspecified	626.6 MB	1989-11-03	creation	Dataset zip file	https://walrus.wr.usgs.gov/namss/data/1989/namss.F-12-89-HW.mcs.airgun.zip										Hawaii	Stack	Seismic:Reflection		hart@usgs.gov	Patrick Hart	U.S. Geological Survey	pointOfContact	DigitalSeg:DigitallyAcquired		1989-11-26	1989-11-03	2016-12-27	ptriezenberg@usgs.gov	Peter Triezenberg	U.S. Geological Survey	pointOfContact	2018-03-16	Seismic Metadata v.1
	digital											Hydrophone_Streamer											SeismicSource_Gun_Air						410	no	NAD27	-166.00432	20.17862	17.29477	-172.46532	processed	ptriezenberg@usgs.gov	Peter Triezenberg	U.S. Geological Survey	pointOfContact	Online	Seismic:Active:MCS	Unspecified	Unspecified	Unspecified	resourceProvider		open	https://walrus.wr.usgs.gov/namss/survey/f-13-90-cp/dataset/	Unspecified	namss.F-13-90-CP.mcs.airgun.zip					dataset	Unspecified		Unspecified	335.4 MB	1990-12-06	creation	Dataset zip file	https://walrus.wr.usgs.gov/namss/data/1990/namss.F-13-90-CP.mcs.airgun.zip										Hawaii	Stack	Seismic:Reflection		hart@usgs.gov	Patrick Hart	U.S. Geological Survey	pointOfContact	DigitalSeg:DigitallyAcquired		1990-12-22	1990-12-06	2017-01-27	rsliter@usgs.gov	Ray Sliter	U.S. Geological Survey	custodian	2018-03-16	Seismic Metadata v.1
	digital											Hydrophone_Streamer											SeismicSource_Gun_Air						400	no	NAD83	-151.23240	22.29620	20.34891	-158.04606	processed	rsliter@usgs.gov	Ray Sliter	U.S. Geological Survey	custodian	Online	Seismic:Active:MCS	Unspecified	Unspecified	Unspecified	resourceProvider		open	https://walrus.wr.usgs.gov/namss/survey/f-3-88-hw/dataset/	Unspecified	namss.F-3-88-HW.mcs.airgun.zip					dataset	Unspecified		Unspecified	156.4 MB	1988-03-11	creation	Dataset zip file	https://walrus.wr.usgs.gov/namss/data/1988/namss.F-3-88-HW.mcs.airgun.zip											Stack	Seismic:Reflection		hart@usgs.gov	Patrick Hart	U.S. Geological Survey	pointOfContact	DigitalSeg:DigitallyAcquired		1988-03-16	1988-03-11	2016-12-20	ptriezenberg@usgs.gov	Peter Triezenberg	U.S. Geological Survey	pointOfContact	2018-03-16	Seismic Metadata v.1
	digital											Hydrophone_Streamer											SeismicSource_Gun_Air						400	no	NAD83	-151.60532	25.07267	20.83100	-159.79192	processed	rsliter@usgs.gov	Ray Sliter	U.S. Geological Survey	custodian	Online	Seismic:Active:MCS	Unspecified	Unspecified	Unspecified	resourceProvider		open	https://walrus.wr.usgs.gov/namss/survey/f-4-88-hw/dataset/	Unspecified	namss.F-4-88-HW.mcs.airgun.zip					dataset	Unspecified		Unspecified	646.8 MB	1988-03-17	creation	Dataset zip file	https://walrus.wr.usgs.gov/namss/data/1988/namss.F-4-88-HW.mcs.airgun.zip										Hawaii	Stack	Seismic:Reflection		hart@usgs.gov	Patrick Hart	U.S. Geological Survey	pointOfContact	DigitalSeg:DigitallyAcquired		1988-04-05	1988-03-17	2016-12-21	ptriezenberg@usgs.gov	Peter Triezenberg	U.S. Geological Survey	pointOfContact	2018-03-16	Seismic Metadata v.1
	digital											Hydrophone_Streamer											SeismicSource_Gun_Air						400	no	NAD83	-154.47421	21.93949	15.50090	-163.16666	processed	rsliter@usgs.gov	Ray Sliter	U.S. Geological Survey	custodian	Online	Seismic:Active:MCS	Unspecified	Unspecified	Unspecified	resourceProvider		open	https://walrus.wr.usgs.gov/namss/survey/f-5-88-hw/dataset/	Unspecified	namss.F-5-88-HW.mcs.airgun.zip					dataset	Unspecified		Unspecified	804.1 MB	1988-04-07	creation	Dataset zip file	https://walrus.wr.usgs.gov/namss/data/1988/namss.F-5-88-HW.mcs.airgun.zip										Hawaii	Stack	Seismic:Reflection		hart@usgs.gov	Patrick Hart	U.S. Geological Survey	pointOfContact	DigitalSeg:DigitallyAcquired		1988-05-02	1988-04-07	2016-12-21	ptriezenberg@usgs.gov	Peter Triezenberg	U.S. Geological Survey	pointOfContact	2018-03-16	Seismic Metadata v.1
	digital											Hydrophone_Streamer											SeismicSource_Gun_Air						400	no	NAD83	-157.10114	26.21035	21.09552	-162.64499	processed	rsliter@usgs.gov	Ray Sliter	U.S. Geological Survey	custodian	Online	Seismic:Active:MCS	Unspecified	Unspecified	Unspecified	resourceProvider		open	https://walrus.wr.usgs.gov/namss/survey/f-6-88-hw/dataset/	Unspecified	namss.F-6-88-HW.mcs.airgun.zip					dataset	Unspecified		Unspecified	1.8 MB	1988-05-04	creation	Dataset zip file	https://walrus.wr.usgs.gov/namss/data/1988/namss.F-6-88-HW.mcs.airgun.zip										Hawaii	Stack	Seismic:Reflection		hart@usgs.gov	Patrick Hart	U.S. Geological Survey	pointOfContact	DigitalSeg:DigitallyAcquired		1988-05-26	1988-05-04	2016-12-27	ptriezenberg@usgs.gov	Peter Triezenberg	U.S. Geological Survey	pointOfContact	2018-03-16	Seismic Metadata v.1
	digital											Hydrophone_Streamer											SeismicSource_Gun_Air						CSV	no	NAD27	-137.06223	60.18842	54.05974	-162.70199	processed	hart@usgs.gov	Patrick Hart	U.S. Geological Survey	pointOfContact	Online	Seismic:Active:MCS	hart@usgs.gov	Patrick Hart	U.S. Geological Survey	pointOfContact	2016-05-09	open	https://walrus.wr.usgs.gov/namss/survey/g-01-75-eg/dataset/	Unspecified	namss.G-01-75-EG.mcs.airgun.zip					dataset	Unspecified		Unspecified	13.9 GB	1975-01-01	creation	Dataset zip file	https://walrus.wr.usgs.gov/namss/data/1975/namss.G-01-75-EG.mcs.airgun.zip										Gulf of Alaska	Stack	Seismic:Reflection		hart@usgs.gov	Patrick Hart	U.S. Geological Survey	pointOfContact	DigitalSeg:DigitallyAcquired		1975-01-02	1975-01-01	2016-05-23	ptriezenberg@usgs.gov	Peter Triezenberg	U.S. Geological Survey	pointOfContact	2020-01-07	Seismic Metadata v.1
	digital											Hydrophone_Streamer											SeismicSource_Gun_Air						410	no	NAD27	-144.01459	60.81745	58.41960	-149.54583	processed	hart@usgs.gov	Patrick Hart	U.S. Geological Survey	pointOfContact	Online	Seismic:Active:MCS	rsliter@usgs.gov	Ray Sliter	U.S. Geological Survey	custodian	2020-02-20	open	https://walrus.wr.usgs.gov/namss/survey/g-01-88-eg/dataset/	Unspecified	namss.G-01-88-EG.mcs.airgun.zip					dataset	Unspecified		Unspecified	1.2 GB	1988-08-12	creation	Dataset zip file	https://walrus.wr.usgs.gov/namss/data/1988/namss.G-01-88-EG.mcs.airgun.zip										Gulf of Alaska	Stack	Seismic:Reflection		rsliter@usgs.gov	Ray Sliter	U.S. Geological Survey	custodian	DigitalSeg:DigitallyAcquired		1988-10-31	1988-08-12	2020-02-20	ptriezenberg@usgs.gov	Peter Triezenberg	U.S. Geological Survey	pointOfContact	2020-02-20	Seismic Metadata v.1
	digital											Hydrophone_Streamer											SeismicSource_Gun_Air						N83	no	NAD27	-91.42886	27.94427	27.36811	-92.99115	processed	hart@usgs.gov	Patrick Hart	U.S. Geological Survey	pointOfContact	Online	Seismic:Active:MCS	hart@usgs.gov	Patrick Hart	U.S. Geological Survey	pointOfContact	2000-02-02	open	https://walrus.wr.usgs.gov/namss/survey/g-1-99-gm/dataset/	Unspecified	namss.G-1-99-GM.mcs.airgun.zip					dataset	Unspecified		Unspecified	2.6 GB	1999-01-01	creation	Dataset zip file	https://walrus.wr.usgs.gov/namss/data/1999/namss.G-1-99-GM.mcs.airgun.zip										Gulf of Mexico	Stack	Seismic:Reflection		matthew.wilson@boem.gov	Matthew Wilson	Bureau of Ocean Energy Management	pointOfContact	DigitalSeg:DigitallyAcquired		1999-01-01	1999-01-01	2018-06-19	ptriezenberg@usgs.gov	Peter Triezenberg	U.S. Geological Survey	pointOfContact	2018-06-19	Seismic Metadata v.1
	digital											Hydrophone_Streamer											SeismicSource_Gun_Air				Robert Gray	Unspecified	410	undocumented	WGS84	-122.30557	47.98274	47.08711	-122.97960	processed	hart@usgs.gov	Patrick Hart	U.S. Geological Survey	pointOfContact	Online	Seismic:Active:MCS	hart@usgs.gov	Patrick Hart	U.S. Geological Survey	pointOfContact	1997-07-03	open	https://walrus.wr.usgs.gov/namss/survey/g-2-97-ps/dataset/	Unspecified	namss.G-2-97-PS.mcs.airgun.zip					dataset	Unspecified		Unspecified	598.2 MB	1997-06-25	creation	Data zip file	https://walrus.wr.usgs.gov/namss/data/1997/namss.G-2-97-PS.mcs.airgun.zip										Washington	Stack	Seismic:Reflection		hart@usgs.gov	Patrick Hart	U.S. Geological Survey	pointOfContact	DigitalSeg:DigitallyAcquired		1997-07-03	1997-06-25	2016-05-23	ptriezenberg@usgs.gov	Peter Triezenberg	U.S. Geological Survey	pointOfContact	2018-03-16	Seismic Metadata v.1
	digital											Hydrophone_Streamer											SeismicSource_Gun_Air				Robert Gray	Unspecified	410	undocumented	WGS84	-122.19928	48.89705	47.50983	-123.80158	processed	hart@usgs.gov	Patrick Hart	U.S. Geological Survey	pointOfContact	Online	Seismic:Active:MCS	hart@usgs.gov	Patrick Hart	U.S. Geological Survey	pointOfContact	1995-06-30	open	https://walrus.wr.usgs.gov/namss/survey/g-3-95-ps/dataset/	Unspecified	namss.G-3-95-PS.mcs.airgun.zip					dataset	Unspecified		Unspecified	1.3 GB	1995-06-16	creation	Data zip file	https://walrus.wr.usgs.gov/namss/data/1995/namss.G-3-95-PS.mcs.airgun.zip										Washington	Stack	Seismic:Reflection		hart@usgs.gov	Patrick Hart	U.S. Geological Survey	pointOfContact	DigitalSeg:DigitallyAcquired		1995-06-30	1995-06-16	2016-05-23	ptriezenberg@usgs.gov	Peter Triezenberg	U.S. Geological Survey	pointOfContact	2018-03-16	Seismic Metadata v.1
GUS	digital	347.00000	3465.00000			67.00000		48	1	48	48	Hydrophone_Streamer	9.00000	4000	Raydist								SeismicSource_Gun_Air				Hollis Hedberg	Unspecified	N83	no	NAD27	-121.38662	38.14152	35.33376	-123.86213	processed	jchilds@usgs.gov	Jonathan Childs	U.S. Geological Survey	resourceProvider	Online	Seismic:Active:MCS	Unspecified	Unspecified	Unspecified	resourceProvider		open	https://walrus.wr.usgs.gov/namss/survey/h-1-75-cc/dataset/	Analog stack images.  Note that the profiles are scanned from stable-base mylar	namss.H-1-75-CC.mcs.airgun.zip					dataset	Unspecified		Unspecified	39.9 KB	1975-01-19	creation	Dataset zip file	https://walrus.wr.usgs.gov/namss/data/1975/namss.H-1-75-CC.mcs.airgun.zip										Monterey Bay	Stack	Seismic:Reflection		jchilds@usgs.gov	Jonathan Childs	U.S. Geological Survey	resourceProvider	Analog	"""Shotpoints"" in the navigation file are a concatenation of JD and GMT.  For example, Line CC-2 starts at SP 512138 (JD 51/2138Z) and ends 521701 (JD52/1701Z).  Fixes in the navigation file are at 5-minute intervals.  Day/time are annotated on the section top label every 30 minutes.  There are approximately 240 stack traces per hour."	1975-03-10	1975-01-19	2018-03-15	jchilds@usgs.gov	Jonathan Childs	U.S. Geological Survey	resourceProvider	2018-04-30	Seismic Metadata v.1
	digital											Hydrophone_Streamer											SeismicSource_Gun_Air				Hollis Hedberg	Unspecified	420	undocumented	NAD27	-120.65580	35.38182	34.44256	-121.42547	processed	hart@usgs.gov	Patrick Hart	U.S. Geological Survey	pointOfContact	Online	Seismic:Active:MCS	hart@usgs.gov	Patrick Hart	U.S. Geological Survey	pointOfContact	1979-03-24	open	https://walrus.wr.usgs.gov/namss/survey/h-14-79-sc/dataset/	Unspecified	namss.H-14-79-SC.mcs.airgun.zip					dataset	Unspecified		Unspecified	372.4 MB	1979-01-01	creation	Data zip file	https://walrus.wr.usgs.gov/namss/data/1979/namss.H-14-79-SC.mcs.airgun.zip										Southern California	Migration	Seismic:Reflection		hart@usgs.gov	Patrick Hart	U.S. Geological Survey	pointOfContact	DigitalSeg:DigitallyAcquired		1979-03-24	1979-01-01	2016-05-23	ptriezenberg@usgs.gov	Peter Triezenberg	U.S. Geological Survey	pointOfContact	2018-03-16	Seismic Metadata v.1
	digital											Hydrophone_Streamer											SeismicSource_Gun_Air						420	undocumented	NAD27	-117.28070	33.65432	32.00014	-120.08772	processed	hart@usgs.gov	Patrick Hart	U.S. Geological Survey	pointOfContact	Online	Seismic:Active:MCS	hart@usgs.gov	Patrick Hart	U.S. Geological Survey	pointOfContact	1979-02-19	open	https://walrus.wr.usgs.gov/namss/survey/h-17-79-sc/dataset/	Unspecified	namss.H-17-79-SC.mcs.airgun.zip					dataset	Unspecified		Unspecified	1.5 GB	1979-01-01	creation	Data zip file	https://walrus.wr.usgs.gov/namss/data/1979/namss.H-17-79-SC.mcs.airgun.zip										Southern California	Migration, Stack	Seismic:Reflection		hart@usgs.gov	Patrick Hart	U.S. Geological Survey	pointOfContact	DigitalSeg:DigitallyAcquired		1979-02-19	1979-01-01	2016-05-23	ptriezenberg@usgs.gov	Peter Triezenberg	U.S. Geological Survey	pointOfContact	2018-03-16	Seismic Metadata v.1
	digital											Hydrophone_Streamer											SeismicSource_Gun_Air						420	undocumented	NAD27	-117.18575	33.46542	31.52931	-119.30644	processed	hart@usgs.gov	Patrick Hart	U.S. Geological Survey	pointOfContact	Online	Seismic:Active:MCS	hart@usgs.gov	Patrick Hart	U.S. Geological Survey	pointOfContact	1979-03-03	open	https://walrus.wr.usgs.gov/namss/survey/h-18-79-sc/dataset/	Unspecified	namss.H-18-79-SC.mcs.airgun.zip					dataset	Unspecified		Unspecified	882.3 MB	1979-01-01	creation	Data zip file	https://walrus.wr.usgs.gov/namss/data/1979/namss.H-18-79-SC.mcs.airgun.zip										Southern California	Migration	Seismic:Reflection		hart@usgs.gov	Patrick Hart	U.S. Geological Survey	pointOfContact	DigitalSeg:DigitallyAcquired		1979-03-03	1979-01-01	2016-05-23	ptriezenberg@usgs.gov	Peter Triezenberg	U.S. Geological Survey	pointOfContact	2018-03-16	Seismic Metadata v.1
	digital											Hydrophone_Streamer											SeismicSource_Gun_Air						410	undocumented	NAD27	-117.31727	33.39313	32.77974	-117.74669	processed	matthew.wilson@boem.gov	Matthew Wilson	Bureau of Ocean Energy Management	pointOfContact	Online	Seismic:Active:MCS	matthew.wilson@boem.gov	Matthew Wilson	Bureau of Ocean Energy Management	pointOfContact	1988-09-25	open	https://walrus.wr.usgs.gov/namss/survey/j-1-88-sc/dataset/	Unspecified	namss.J-1-88-SC.mcs.airgun.zip					dataset	Unspecified		Unspecified	157.3 MB	1988-09-01	creation	Data zip file	https://walrus.wr.usgs.gov/namss/data/1988/namss.J-1-88-SC.mcs.airgun.zip										Southern California	Migration	Seismic:Reflection		hart@usgs.gov	Patrick Hart	U.S. Geological Survey	pointOfContact	DigitalSeg:DigitallyAcquired		1988-09-25	1988-09-01	2016-05-23	ptriezenberg@usgs.gov	Peter Triezenberg	U.S. Geological Survey	pointOfContact	2018-03-16	Seismic Metadata v.1
Geometrics CNT-2	digital	137.60000	100.00000		11.20000	6.25000			1	16	16	Hydrophone_Streamer	12.00000	2000	Global Positioning System				11.20000	1		78.00000	SeismicSource_Gun_Air	1150.00000	Cubic Inches		CCGS Louis S. St-Laurent	Canadian Coast Guard	CSV	no	WGS84	-130.13749	77.20003	73.27578	-151.60469	processed	hart@usgs.gov	Patrick Hart	U.S. Geological Survey	pointOfContact	Online	Seismic:Active:MCS	hart@usgs.gov	Patrick Hart	U.S. Geological Survey	pointOfContact	2016-05-12	openpartial	https://walrus.wr.usgs.gov/namss/survey/l-01-07-ar/dataset/	These data were acquired by the Geological Survey of Canada (GSC) in collaboration with the U.S. Geological Survey (USGS).  Data were acquired over a five-year period (2007 to 2011) in the high Arctic Ocean with the Canadian Coast Guard Icebreaker Louis S. St-Laurent.  In the four-year period 2008 to 2011, the St-Laurent was accompanied by the US Coast Guard Icebreaker Healy.	namss.L-1-07-AR.mcs.airgun.zip	hart@usgs.gov}	Patrick Hart	U.S. Geological Survey	pointOfContact	dataset	PROCESSING (John Shimeld, February 2013)                                     1:  read SEG-D; navigation; delays; rcvr statics; design CMP bins @ 12.5m.   2:  FK filt; bandpass w/source ghost notch & extreme noise lowcut; debias.   3:  common rcvr sort; trc edit; noise model & subtract; depspike; FX decon.  4:  surface related multiple model on shot gathers (Verschuur et al. 1992).  5:  minimum phase conversion using measured wavelets from each source array. 6:  adaptive subtraction of multiple model (Wang 2003).                      7:  surface consistent gapped decon (48/250ms gap/filtlen; 2 design gates);       CMP sort; NMO correction (30% stretch mute); residual statics.           8:  diversity stack w/sqrt normalisation.                                    9:  zero phase conversion; despike; FX decon (120 ms/trc; 19 trc mix);            runmix (3 trc; weights: 0.2/0.6/0.2); time-varying bandpass filter            (0-1s 2/5/80/120Hz; 1.5-2.5s 4/6/40/65Hz; 3-12s 5.5/7/35/50Hz).          10: finite difference migration w/sedimentary velocity func. from sonobuoys;      FK filt wrap-around multiples (0701e,0701f,0702b,0702c,0702f,0930,1010). 11: time-varying bandpass (as above); balance (1s gates with 50% overlap).        add CMP navigation; resample (4 ms); SEG-Y (byte17:SP; byte21:CMP;            byte81: latitude in arcsec*100; byte85:longitude in arcsec*100).	2013-02-01	Unspecified	210.5 MB	2016-01-01	published	Dataset zip file	https://walrus.wr.usgs.gov/namss/data/2007/namss.L-1-07-AR.mcs.airgun.zip										Northwind Ridge	Migration	Seismic:Reflection	These data were acquired principally for the purposes of establishing the outer limits of the extended continental shelf for the United States and Canada in the Arctic Ocean under the provisions of the Convention on the Law of the Sea.	hart@usgs.gov	Patrick Hart	U.S. Geological Survey	pointOfContact	DigitalImage, DigitalSeg:DigitallyAcquired	References:   Mosher, D.C., Shimeld, J.W., Hutchinson, D.R., and Jackson, H.R., 2016. Canadian UNCLOS Extended Continental Shelf Program seismic data holdings (2006–2011); Geological Survey of Canada, Open File 7938, 1 .zip file. doi:10.4095/297590 Chian, D. and Lebedeva-Ivanova, N., 2015. Atlas of Sonobuoy velocity analyses in Canada Basin; Geological Survey of Canada, Open File 7661, 55 pages, doi:10.4095/295857	2007-10-11	2007-08-30	2016-05-23	jchilds@usgs.gov	Jonathan Childs	U.S. Geological Survey	resourceProvider	2018-03-16	Seismic Metadata v.1
Sercel Syntrak 960	digital	223.10000	8000.00000	True	9.00000	12.50000	True	636	1	636	636	Hydrophone_Streamer	15.00000	2000	C-Nav 3050	Distance	50.00000	8.00000	9.00000	36	137.89510	176.00000	SeismicSource_Gun_Air	6600.00000	Cubic Inches	True	R/V Marcus G. Langseth	Lamont-Doherty Earth Observatory	410	yes	WGS84	-138.26213	57.19882	53.28682	-152.12715	processed	gbarth@usgs.gov	Ginger Barth	Pacific Coastal and Marine Science Center	principalInvestigator	Online	Seismic:Active:MCS	hart@usgs.gov	Patrick Hart	U.S. Geological Survey	pointOfContact	2016-03-01	open	https://walrus.wr.usgs.gov/namss/survey/l-09-11-ga-mcs/dataset/	In 2011, the U.S. Geological Survey (USGS) conducted a 2D MCS survey in support of U.S. extended continental shelf (ECS) assessments in the Gulf of Alaska.  The survey was conducted with the R/V Marcus G. Langseth, a geophysical research vessel owned by the National Science Foundation and operated by Lamont-Doherty Earth Observatory of Columbia University.	namss.L-09-11-GA.mcs.airgun.zip					dataset	Field data were recorded in demultiplexed SEG-D format. Upon completion of an MCS profile line, SEG-D data files (one per shot) were posted to the ship’s server.  These were concatenated into a single SEG-D file and imported to Paradigm’s Focus software for processing.  Products of shipboard processing included raw shot gathers, CDP gathers processed through gapped predictive deconvolution, preliminary unmigrated stacked sections, post-stack FK-migrated sections, and stacking velocity fields.  All MCS processing was reviewed and finalized post-cruise.	2011-06-25	The quality of the MCS data was excellent on the cruise.  The only significant problem was encountered on L-09-11-GA (Gulf of Alaska) during data acquisition when a telemetry failure of the far 2 km of streamer occurred near the end of the survey (June 21). The airguns were powered down 18 times during L-09-11-GA, but these power-downs introduced significant data gaps only in line L0911-02.   Most power-downs lasted 30 minutes or less.  In these cases, with an 8 km streamer, the fold was reduced but no gap in the profile section resulted. During the survey, some variability in gun array volume and streamer depth occurred due to weather and maintenance requirements.  This is documented in the observer logs for each acquisition line.	9.2 GB	2011-06-05	creation	Dataset zip file	https://walrus.wr.usgs.gov/namss/data/2011/namss.L-09-11-GA.mcs.airgun.zip										Gulf of Alaska	Migration, Stack	Seismic:Reflection	This field survey were designed to determine sediment thickness and acoustic velocity in support of extended continental shelf maritime zone definition, conducted on behalf of the interagency U.S. Extended Continental Shelf Project, and are being released without restriction or warranty.	hart@usgs.gov	Patrick Hart	U.S. Geological Survey	pointOfContact	DigitalSeg:DigitallyAcquired	The final 4 MCS lines on L-09-11-GA, collected after June 21 (day 172/04:46 UTM), were collected using the offsets to the near 6 km of the streamer with 468 channels total due to a streamer malfunction.	2011-06-25	2011-06-05	2016-05-23	ptriezenberg@usgs.gov	Peter Triezenberg	U.S. Geological Survey	pointOfContact	2020-09-17	Seismic Metadata v.1
	digital											Hydrophone_Streamer											SeismicSource_Gun_Air						CSV	no	NAD27	-117.85949	34.30599	32.00996	-121.13131	processed	hart@usgs.gov	Patrick Hart	U.S. Geological Survey	pointOfContact	Online	Seismic:Active:MCS	hart@usgs.gov	Patrick Hart	U.S. Geological Survey	pointOfContact	2016-05-16	open	https://walrus.wr.usgs.gov/namss/survey/l-1-78-sc/dataset/	Unspecified	namss.L-01-78-SC.mcs.airgun.zip					dataset	Unspecified		Unspecified	50.5 MB	1978-01-01	creation	Dataset zip file	https://walrus.wr.usgs.gov/namss/data/1978/namss.L-01-78-SC.mcs.airgun.zip										Southern California	Stack	Seismic:Reflection		hart@usgs.gov	Patrick Hart	U.S. Geological Survey	pointOfContact	DigitalSeg:DigitallyAcquired, DigitalSeg		1978-01-01	1978-01-01	2016-05-23	hart@usgs.gov	Patrick Hart	U.S. Geological Survey	pointOfContact	2018-03-16	Seismic Metadata v.1
	digital											Hydrophone_Streamer											SeismicSource_Gun_Air				Samuel Phillips Lee	Pacific Coastal and Marine Science Center	420	undocumented	NAD27	-119.35930	35.04809	33.39188	-125.14685	processed	hart@usgs.gov	Patrick Hart	U.S. Geological Survey	pointOfContact	Online	Seismic:Active:MCS	hart@usgs.gov	Patrick Hart	U.S. Geological Survey	pointOfContact	1978-11-16	open	https://walrus.wr.usgs.gov/namss/survey/l-10-78-nc/dataset/	Unspecified	namss.L-10-78-NC.mcs.airgun.zip					dataset	Unspecified		Unspecified	55.6 MB	1978-11-11	creation	Data zip file	https://walrus.wr.usgs.gov/namss/data/1978/namss.L-10-78-NC.mcs.airgun.zip										Northern California	Stack	Seismic:Reflection		hart@usgs.gov	Patrick Hart	U.S. Geological Survey	pointOfContact	DigitalSeg:DigitallyAcquired		1978-11-16	1978-11-11	2016-05-23	ptriezenberg@usgs.gov	Peter Triezenberg	U.S. Geological Survey	pointOfContact	2018-03-16	Seismic Metadata v.1
Sercel Syntrak 960	digital	223.10000	8000.00000	True	9.00000	12.50000	True	636	1	636	636	Hydrophone_Streamer	16.00000	2000	C-Nav 3050	Distance	50.00000	8.00000	9.00000	36	137.89510	176.00000	SeismicSource_Gun_Air	6600.00000	Cubic Inches	True	R/V Marcus G. Langseth	Lamont-Doherty Earth Observatory	410	yes	WGS84	-176.85226	58.82116	55.16293	-185.52164	processed	gbarth@usgs.gov	Ginger Barth	Pacific Coastal and Marine Science Center	principalInvestigator	Online	Seismic:Active:MCS	hart@usgs.gov	Patrick Hart	U.S. Geological Survey	pointOfContact	2016-03-01	open	https://walrus.wr.usgs.gov/namss/survey/l-11-11-bs-mcs/dataset/	In 2011, the U.S. Geological Survey (USGS) conducted a 2D MCS survey in support of U.S. extended continental shelf (ECS) assessments in the Bering Sea. The survey was conducted with the R/V Marcus G. Langseth, a geophysical research vessel owned by the National Science Foundation and operated by Lamont-Doherty Earth Observatory of Columbia University.	namss.L-11-11-BS.mcs.airgun.zip					dataset	Field data were recorded in demultiplexed SEG-D format. Upon completion of an MCS profile line, SEG-D data files (one per shot) were posted to the ship’s server.  These were concatenated into a single SEG-D file and imported to Paradigm’s Focus software for processing.  Products of shipboard processing included raw shot gathers, CDP gathers processed through gapped predictive deconvolution, preliminary unmigrated stacked sections, post-stack FK-migrated sections, and stacking velocity fields.  All MCS processing was reviewed and finalized post-cruise.	2011-09-01	The quality of the MCS data was excellent on the cruise. No major problems occurred with the seismic system.  The airguns were powered down 6 times during L-11-11-BS but these power-downs introduced no significant data gaps. Most power-downs lasted 30 minutes or less.  In these cases, with an 8 km streamer, the fold was reduced but no gap in the profile section resulted. During the survey, some variability in gun array volume and streamer depth occurred due to weather and maintenance requirements.  This is documented in the observer logs for each acquisition line.	6.4 GB	2011-08-06	creation	Dataset zip file	https://walrus.wr.usgs.gov/namss/data/2011/namss.L-11-11-BS.mcs.airgun.zip										Bering Sea	Migration, Stack	Seismic:Reflection	This field survey were designed to determine sediment thickness and acoustic velocity in support of extended continental shelf maritime zone definition, conducted on behalf of the interagency U.S. Extended Continental Shelf Project, and are being released without restriction or warranty.	hart@usgs.gov	Patrick Hart	U.S. Geological Survey	pointOfContact	DigitalSeg:DigitallyAcquired		2011-09-01	2011-08-06	2016-05-23	ptriezenberg@usgs.gov	Peter Triezenberg	U.S. Geological Survey	pointOfContact	2020-09-17	Seismic Metadata v.1
	digital											Hydrophone_Streamer											SeismicSource_Boomer				Samuel Phillips Lee	Pacific Coastal and Marine Science Center	420	undocumented	NAD27	-123.62668	48.58306	45.71684	-126.71470	processed	hart@usgs.gov	Patrick Hart	U.S. Geological Survey	pointOfContact	Online	Seismic:Active:MCS	hart@usgs.gov	Patrick Hart	U.S. Geological Survey	pointOfContact	1980-10-26	open	https://walrus.wr.usgs.gov/namss/survey/l-11-80-wo/dataset/	Unspecified	namss.L-11-80-WO.mcs.uniboom.zip					dataset	Unspecified		Unspecified	50.5 MB	1980-10-19	creation	Data zip file	https://walrus.wr.usgs.gov/namss/data/1980/namss.L-11-80-WO.mcs.uniboom.zip										Washington	Stack	Seismic:Reflection		hart@usgs.gov	Patrick Hart	U.S. Geological Survey	pointOfContact	DigitalSeg:DigitallyAcquired		1980-10-26	1980-10-19	2016-05-23	ptriezenberg@usgs.gov	Peter Triezenberg	U.S. Geological Survey	pointOfContact	2018-03-16	Seismic Metadata v.1
	digital											Hydrophone_Streamer											SeismicSource_Gun_Air				Samuel Phillips Lee	Pacific Coastal and Marine Science Center	420	undocumented	NAD27	-157.46259	71.66863	70.07921	-169.79379	processed	hart@usgs.gov	Patrick Hart	U.S. Geological Survey	pointOfContact	Online	Seismic:Active:MCS	hart@usgs.gov	Patrick Hart	U.S. Geological Survey	pointOfContact	1982-09-16	open	https://walrus.wr.usgs.gov/namss/survey/l-11-82-cs/dataset/	Unspecified	namss.L-11-82-CS.mcs.airgun.zip					dataset	Unspecified		Unspecified	59.9 MB	1982-08-27	creation	Data zip file	https://walrus.wr.usgs.gov/namss/data/1982/namss.L-11-82-CS.mcs.airgun.zip										Chukchi Sea	Stack	Seismic:Reflection		hart@usgs.gov	Patrick Hart	U.S. Geological Survey	pointOfContact	DigitalSeg:DigitallyAcquired		1982-09-16	1982-08-27	2016-05-23	ptriezenberg@usgs.gov	Peter Triezenberg	U.S. Geological Survey	pointOfContact	2018-03-16	Seismic Metadata v.1
	digital											Hydrophone_Streamer											SeismicSource_Boomer				Samuel Phillips Lee	Pacific Coastal and Marine Science Center	420	undocumented	NAD27	-126.33323	45.32818	38.29951	-130.79582	processed	hart@usgs.gov	Patrick Hart	U.S. Geological Survey	pointOfContact	Online	Seismic:Active:MCS	hart@usgs.gov	Patrick Hart	U.S. Geological Survey	pointOfContact	1981-10-05	open	https://walrus.wr.usgs.gov/namss/survey/l-12-81-np/dataset/	Unspecified	namss.L-12-81-NP.mcs.uniboom.zip					dataset	Unspecified		Unspecified	155.4 MB	1981-09-19	creation	Data zip file	https://walrus.wr.usgs.gov/namss/data/1981/namss.L-12-81-NP.mcs.uniboom.zip										North Pacific Ocean	Stack	Seismic:Reflection		hart@usgs.gov	Patrick Hart	U.S. Geological Survey	pointOfContact	DigitalSeg:DigitallyAcquired		1981-10-05	1981-09-19	2016-05-23	ptriezenberg@usgs.gov	Peter Triezenberg	U.S. Geological Survey	pointOfContact	2018-03-16	Seismic Metadata v.1
	digital											Hydrophone_Streamer											SeismicSource_Gun_Air						410	no	NAD27	-158.32474	54.77040	52.55327	-164.73616	processed	hart@usgs.gov	Patrick Hart	U.S. Geological Survey	pointOfContact	Online	Seismic:Active:MCS	hart@usgs.gov	Patrick Hart	U.S. Geological Survey	pointOfContact	2020-04-29	open	https://walrus.wr.usgs.gov/namss/survey/l-12-82-wg/dataset/	Unspecified	namss.L-12-82-WG.mcs.airgun.zip					dataset	Unspecified		Unspecified	285.5 MB	1982-09-22	creation	Dataset zip file	https://walrus.wr.usgs.gov/namss/data/1982/namss.L-12-82-WG.mcs.airgun.zip										Western Gulf of Alaska	Migration:Depth, Migration, Stack	Seismic:Reflection		hart@usgs.gov	Patrick Hart	U.S. Geological Survey	pointOfContact	DigitalSeg:DigitallyAcquired		1982-10-05	1982-09-22	2020-04-29	ptriezenberg@usgs.gov	Peter Triezenberg	U.S. Geological Survey	pointOfContact	2020-04-29	Seismic Metadata v.1
	digital											Hydrophone_Streamer											SeismicSource_Gun_Air				Samuel Phillips Lee	Pacific Coastal and Marine Science Center	410	undocumented	NAD27	-122.67547	35.64252	34.03760	-123.49108	processed	hart@usgs.gov	Patrick Hart	U.S. Geological Survey	pointOfContact	Online	Seismic:Active:MCS	hart@usgs.gov	Patrick Hart	U.S. Geological Survey	pointOfContact	1982-02-12	open	https://walrus.wr.usgs.gov/namss/survey/l-2-82-nc/dataset/	Unspecified	namss.L-2-82-NC.mcs.airgun.zip					dataset	Unspecified		Unspecified	18.1 MB	1982-02-07	creation	Data zip file	https://walrus.wr.usgs.gov/namss/data/1982/namss.L-2-82-NC.mcs.airgun.zip										Northern California	Stack	Seismic:Reflection		hart@usgs.gov	Patrick Hart	U.S. Geological Survey	pointOfContact	DigitalSeg:DigitallyAcquired		1982-02-12	1982-02-07	2016-05-23	ptriezenberg@usgs.gov	Peter Triezenberg	U.S. Geological Survey	pointOfContact	2018-03-16	Seismic Metadata v.1
	digital											Hydrophone_Streamer											SeismicSource_Gun_Air				Samuel Phillips Lee	Pacific Coastal and Marine Science Center	410	undocumented	NAD27	-119.56006	34.94887	34.22019	-121.96324	processed	hart@usgs.gov	Patrick Hart	U.S. Geological Survey	pointOfContact	Online	Seismic:Active:MCS	hart@usgs.gov	Patrick Hart	U.S. Geological Survey	pointOfContact	1978-05-29	open	https://walrus.wr.usgs.gov/namss/survey/l-2b-78-sc/dataset/	Unspecified	namss.L-2B-78-SC.mcs.airgun.zip					dataset	Unspecified		Unspecified	30.0 MB	1978-05-25	creation	Data zip file	https://walrus.wr.usgs.gov/namss/data/1978/namss.L-2B-78-SC.mcs.airgun.zip										Southern California	Stack	Seismic:Reflection		hart@usgs.gov	Patrick Hart	U.S. Geological Survey	pointOfContact	DigitalSeg:DigitallyAcquired		1978-05-29	1978-05-25	2016-05-23	ptriezenberg@usgs.gov	Peter Triezenberg	U.S. Geological Survey	pointOfContact	2018-03-16	Seismic Metadata v.1
	digital											Hydrophone_Streamer											SeismicSource_Gun_Air				Samuel Phillips Lee	Pacific Coastal and Marine Science Center	410	undocumented	NAD27	-133.90134	59.18283	54.65560	-147.14253	processed	hart@usgs.gov	Patrick Hart	U.S. Geological Survey	pointOfContact	Online	Seismic:Active:MCS	hart@usgs.gov	Patrick Hart	U.S. Geological Survey	pointOfContact	1978-07-04	open	https://walrus.wr.usgs.gov/namss/survey/l-3-78-eg/dataset/	Unspecified	namss.L-3-78-EG.mcs.airgun.zip					dataset	Unspecified		Unspecified	96.2 MB	1978-06-22	creation	Data zip file	https://walrus.wr.usgs.gov/namss/data/1978/namss.L-3-78-EG.mcs.airgun.zip										Gulf of Alaska	Stack	Seismic:Reflection		hart@usgs.gov	Patrick Hart	U.S. Geological Survey	pointOfContact	DigitalSeg:DigitallyAcquired		1978-07-04	1978-06-22	2016-05-23	ptriezenberg@usgs.gov	Peter Triezenberg	U.S. Geological Survey	pointOfContact	2019-12-05	Seismic Metadata v.1
	digital											Hydrophone_Streamer											SeismicSource_Gun_Air				Samuel Phillips Lee	Pacific Coastal and Marine Science Center	420	undocumented	WGS84	-121.88894	38.27978	36.07743	-123.89391	processed	hart@usgs.gov	Patrick Hart	U.S. Geological Survey	pointOfContact	Online	Seismic:Active:MCS	hart@usgs.gov	Patrick Hart	U.S. Geological Survey	pointOfContact	1990-05-09	open	https://walrus.wr.usgs.gov/namss/survey/l-3-90-nc/dataset/	Unspecified	namss.L-3-90-NC.mcs.airgun.zip					dataset	Unspecified		Unspecified	834.8 MB	1990-04-23	creation	Data zip file	https://walrus.wr.usgs.gov/namss/data/1990/namss.L-3-90-NC.mcs.airgun.zip										Northern California	Stack	Seismic:Reflection		hart@usgs.gov	Patrick Hart	U.S. Geological Survey	pointOfContact	DigitalSeg:DigitallyAcquired		1990-05-09	1990-04-23	2016-05-23	ptriezenberg@usgs.gov	Peter Triezenberg	U.S. Geological Survey	pointOfContact	2018-03-16	Seismic Metadata v.1
	digital											Hydrophone_Streamer											SeismicSource_Gun_Air				Samuel Phillips Lee	Pacific Coastal and Marine Science Center	420	undocumented	NAD27	-122.97629	42.73424	37.71113	-125.91141	processed	hart@usgs.gov	Patrick Hart	U.S. Geological Survey	pointOfContact	Online	Seismic:Active:MCS	hart@usgs.gov	Patrick Hart	U.S. Geological Survey	pointOfContact	1977-05-21	open	https://walrus.wr.usgs.gov/namss/survey/l-4-77-nc/dataset/	Unspecified	namss.L-4-77-NC.mcs.airgun.zip					dataset	Unspecified		Unspecified	110.4 MB	1977-05-10	creation	Data zip file	https://walrus.wr.usgs.gov/namss/data/1977/namss.L-4-77-NC.mcs.airgun.zip										Northern California	Stack	Seismic:Reflection		hart@usgs.gov	Patrick Hart	U.S. Geological Survey	pointOfContact	DigitalSeg:DigitallyAcquired		1977-05-21	1977-05-10	2016-05-23	ptriezenberg@usgs.gov	Peter Triezenberg	U.S. Geological Survey	pointOfContact	2018-03-16	Seismic Metadata v.1
	digital											Hydrophone_Streamer											SeismicSource_Gun_Air				Samuel Phillips Lee	Pacific Coastal and Marine Science Center	420	undocumented	NAD27	-117.89297	33.59683	31.22325	-120.05606	processed	hart@usgs.gov	Patrick Hart	U.S. Geological Survey	pointOfContact	Online	Seismic:Active:MCS	hart@usgs.gov	Patrick Hart	U.S. Geological Survey	pointOfContact	1979-11-21	open	https://walrus.wr.usgs.gov/namss/survey/l-4-79-sc/dataset/	Unspecified	namss.L-4-79-SC.mcs.airgun.zip					dataset	Unspecified		Unspecified	65.2 MB	1979-11-15	creation	Data zip file	https://walrus.wr.usgs.gov/namss/data/1979/namss.L-4-79-SC.mcs.airgun.zip										Southern California	Stack	Seismic:Reflection		hart@usgs.gov	Patrick Hart	U.S. Geological Survey	pointOfContact	DigitalSeg:DigitallyAcquired		1979-11-21	1979-11-15	2016-05-23	ptriezenberg@usgs.gov	Peter Triezenberg	U.S. Geological Survey	pointOfContact	2018-03-16	Seismic Metadata v.1
	digital											Hydrophone_Streamer											SeismicSource_Gun_Air				Samuel Phillips Lee	Pacific Coastal and Marine Science Center	420	undocumented	NAD27	-162.68930	64.24385	63.45478	-167.70105	processed	hart@usgs.gov	Patrick Hart	U.S. Geological Survey	pointOfContact	Online	Seismic:Active:MCS	hart@usgs.gov	Patrick Hart	U.S. Geological Survey	pointOfContact	1983-10-02	open	https://walrus.wr.usgs.gov/namss/survey/l-4-83-bs/dataset/	Unspecified	namss.L-4-83-BS.mcs.airgun.zip					dataset	Unspecified		Unspecified	29.1 MB	1983-09-16	creation	Data zip file	https://walrus.wr.usgs.gov/namss/data/1983/namss.L-4-83-BS.mcs.airgun.zip										Bering Sea	Stack	Seismic:Reflection		hart@usgs.gov	Patrick Hart	U.S. Geological Survey	pointOfContact	DigitalSeg:DigitallyAcquired		1983-10-02	1983-09-16	2016-05-23	ptriezenberg@usgs.gov	Peter Triezenberg	U.S. Geological Survey	pointOfContact	2018-03-16	Seismic Metadata v.1
	digital											Hydrophone_Streamer											SeismicSource_Gun_Air				Samuel Phillips Lee	Pacific Coastal and Marine Science Center	410	undocumented	WGS84	-117.38765	35.31150	31.19093	-121.09056	processed	hart@usgs.gov	Patrick Hart	U.S. Geological Survey	pointOfContact	Online	Seismic:Active:MCS	hart@usgs.gov	Patrick Hart	U.S. Geological Survey	pointOfContact	1990-05-25	open	https://walrus.wr.usgs.gov/namss/survey/l-4-90-sc/dataset/	Unspecified	namss.L-4-90-SC.mcs.airgun.zip					dataset	Unspecified		Unspecified	1.1 GB	1990-05-09	creation	Data zip file	https://walrus.wr.usgs.gov/namss/data/1990/namss.L-4-90-SC.mcs.airgun.zip										Southern California	Migration, Stack	Seismic:Reflection		hart@usgs.gov	Patrick Hart	U.S. Geological Survey	pointOfContact	DigitalSeg:DigitallyAcquired		1990-05-25	1990-05-09	2016-05-23	ptriezenberg@usgs.gov	Peter Triezenberg	U.S. Geological Survey	pointOfContact	2018-03-16	Seismic Metadata v.1
	digital								1	24	24	Hydrophone_Streamer								5			SeismicSource_Gun_Air				Samuel Phillips Lee	Pacific Coastal and Marine Science Center	420	undocumented	NAD27	-159.02287	61.73613	53.53114	-183.18664	processed	hart@usgs.gov	Patrick Hart	U.S. Geological Survey	pointOfContact	Online	Seismic:Active:MCS	hart@usgs.gov	Patrick Hart	U.S. Geological Survey	pointOfContact	1976-08-25	open	https://walrus.wr.usgs.gov/namss/survey/l-5-76-bs/dataset/	Unspecified	namss.L-5-76-BS.mcs.airgun.zip					dataset	Unspecified		Unspecified	62.4 MB	1976-07-28	creation	Data Zip File	https://walrus.wr.usgs.gov/namss/data/1976/namss.L-5-76-BS.mcs.airgun.zip											Stack	Seismic:Reflection		hart@usgs.gov	Patrick Hart	U.S. Geological Survey	pointOfContact	DigitalSeg		1976-08-25	1976-07-28	2016-05-23	ptriezenberg@usgs.gov	Peter Triezenberg	U.S. Geological Survey	pointOfContact	2019-12-05	Seismic Metadata v.1
	digital											Hydrophone_Streamer											SeismicSource_Gun_Air				Samuel Phillips Lee	Pacific Coastal and Marine Science Center	420	undocumented	NAD27	-131.22014	54.64375	53.40835	-135.76339	processed	hart@usgs.gov	Patrick Hart	U.S. Geological Survey	pointOfContact	Online	Seismic:Active:MCS	hart@usgs.gov	Patrick Hart	U.S. Geological Survey	pointOfContact	1977-06-09	open	https://walrus.wr.usgs.gov/namss/survey/l-5-77-eg/dataset/	Unspecified	namss.L-5-77-EG.mcs.airgun.zip					dataset	Unspecified		Unspecified	30.9 MB	1977-06-04	creation	Data zip file	https://walrus.wr.usgs.gov/namss/data/1977/namss.L-5-77-EG.mcs.airgun.zip										Gulf of Alaska	Stack	Seismic:Reflection		hart@usgs.gov	Patrick Hart	U.S. Geological Survey	pointOfContact	DigitalSeg:DigitallyAcquired		1977-06-09	1977-06-04	2016-05-23	ptriezenberg@usgs.gov	Peter Triezenberg	U.S. Geological Survey	pointOfContact	2018-03-16	Seismic Metadata v.1
	digital											Hydrophone_Streamer											SeismicSource_Gun_Air				Samuel Phillips Lee	Pacific Coastal and Marine Science Center	420	undocumented	NAD27	-124.06810	48.71363	43.64120	-125.88936	processed	hart@usgs.gov	Patrick Hart	U.S. Geological Survey	pointOfContact	Online	Seismic:Active:MCS	hart@usgs.gov	Patrick Hart	U.S. Geological Survey	pointOfContact	1977-06-03	open	https://walrus.wr.usgs.gov/namss/survey/l-5-77-wo/dataset/	Unspecified	namss.L-5-77-WO.mcs.airgun.zip					dataset	Unspecified		Unspecified	48.0 MB	1977-05-21	creation	Data zip file	https://walrus.wr.usgs.gov/namss/data/1977/namss.L-5-77-WO.mcs.airgun.zip										Washington	Stack	Seismic:Reflection		hart@usgs.gov	Patrick Hart	U.S. Geological Survey	pointOfContact	DigitalSeg:DigitallyAcquired		1977-06-03	1977-05-21	2016-05-23	ptriezenberg@usgs.gov	Peter Triezenberg	U.S. Geological Survey	pointOfContact	2018-03-16	Seismic Metadata v.1
	digital											Hydrophone_Streamer											SeismicSource_Gun_Air				Samuel Phillips Lee	Pacific Coastal and Marine Science Center	410	undocumented	NAD27	-162.71468	64.90691	62.90080	-170.88680	processed	hart@usgs.gov	Patrick Hart	U.S. Geological Survey	pointOfContact	Online	Seismic:Active:MCS	hart@usgs.gov	Patrick Hart	U.S. Geological Survey	pointOfContact	1978-08-09	open	https://walrus.wr.usgs.gov/namss/survey/l-5-78-bs/dataset/	Unspecified	namss.L-5-78-BS.mcs.airgun.zip					dataset	Unspecified		Unspecified	175.5 MB	1978-08-05	creation	Data zip file	https://walrus.wr.usgs.gov/namss/data/1978/namss.L-5-78-BS.mcs.airgun.zip										Bering Sea	Stack	Seismic:Reflection		hart@usgs.gov	Patrick Hart	U.S. Geological Survey	pointOfContact	DigitalSeg:DigitallyAcquired		1978-08-09	1978-08-05	2016-05-23	ptriezenberg@usgs.gov	Peter Triezenberg	U.S. Geological Survey	pointOfContact	2018-03-16	Seismic Metadata v.1
	digital											Hydrophone_Streamer											SeismicSource_Gun_Air				Samuel Phillips Lee	Pacific Coastal and Marine Science Center	420	undocumented	NAD27	-172.23913	53.99614	50.49682	-175.01191	processed	hart@usgs.gov	Patrick Hart	U.S. Geological Survey	pointOfContact	Online	Seismic:Active:MCS	hart@usgs.gov	Patrick Hart	U.S. Geological Survey	pointOfContact	1980-07-05	open	https://walrus.wr.usgs.gov/namss/survey/l-5-80-aa/dataset/	Unspecified	namss.L-5-80-AA.mcs.airgun.zip					dataset	Unspecified		Unspecified	42.6 MB	1980-06-23	creation	Data zip file	https://walrus.wr.usgs.gov/namss/data/1980/namss.L-5-80-AA.mcs.airgun.zip										Aleutian Arc	Stack	Seismic:Reflection		hart@usgs.gov	Patrick Hart	U.S. Geological Survey	pointOfContact	DigitalSeg:DigitallyAcquired		1980-07-05	1980-06-23	2016-05-23	ptriezenberg@usgs.gov	Peter Triezenberg	U.S. Geological Survey	pointOfContact	2018-03-16	Seismic Metadata v.1
	digital											Hydrophone_Streamer											SeismicSource_Gun_Air				Samuel Phillips Lee	Pacific Coastal and Marine Science Center	420	undocumented	NAD27	-124.15146	44.88496	40.82683	-125.33400	processed	hart@usgs.gov	Patrick Hart	U.S. Geological Survey	pointOfContact	Online	Seismic:Active:MCS	hart@usgs.gov	Patrick Hart	U.S. Geological Survey	pointOfContact	1981-05-29	open	https://walrus.wr.usgs.gov/namss/survey/l-5-81-nc/dataset/	Unspecified	namss.L-5-81-NC.mcs.airgun.zip					dataset	Unspecified		Unspecified	13.4 MB	1981-05-20	creation	Data zip file	https://walrus.wr.usgs.gov/namss/data/1981/namss.L-5-81-NC.mcs.airgun.zip										Oregon	Stack	Seismic:Reflection		hart@usgs.gov	Patrick Hart	U.S. Geological Survey	pointOfContact	DigitalSeg:DigitallyAcquired		1981-05-29	1981-05-20	2016-05-23	ptriezenberg@usgs.gov	Peter Triezenberg	U.S. Geological Survey	pointOfContact	2018-03-16	Seismic Metadata v.1
	digital											Hydrophone_Streamer											SeismicSource_Gun_Air				Samuel Phillips Lee	Pacific Coastal and Marine Science Center	420	undocumented	NAD27	-120.12334	36.25157	34.29704	-122.84427	processed	hart@usgs.gov	Patrick Hart	U.S. Geological Survey	pointOfContact	Online	Seismic:Active:MCS	hart@usgs.gov	Patrick Hart	U.S. Geological Survey	pointOfContact	1979-11-30	open	https://walrus.wr.usgs.gov/namss/survey/l-5a-79-nc/dataset/	Unspecified	namss.L-5A-79-NC.mcs.airgun.zip					dataset	Unspecified		Unspecified	31.8 MB	1979-11-25	creation	Data zip file	https://walrus.wr.usgs.gov/namss/data/1979/namss.L-5A-79-NC.mcs.airgun.zip										Central California	Stack	Seismic:Reflection		hart@usgs.gov	Patrick Hart	U.S. Geological Survey	pointOfContact	DigitalSeg:DigitallyAcquired		1979-11-30	1979-11-25	2016-05-23	ptriezenberg@usgs.gov	Peter Triezenberg	U.S. Geological Survey	pointOfContact	2018-03-16	Seismic Metadata v.1
	digital											Hydrophone_Streamer											SeismicSource_Gun_Air				Samuel Phillips Lee	Pacific Coastal and Marine Science Center	420	undocumented	NAD27	-133.62010	59.55582	55.16284	-144.64797	processed	hart@usgs.gov	Patrick Hart	U.S. Geological Survey	pointOfContact	Online	Seismic:Active:MCS	hart@usgs.gov	Patrick Hart	U.S. Geological Survey	pointOfContact	1977-06-30	open	https://walrus.wr.usgs.gov/namss/survey/l-6-77-eg/dataset/	Unspecified	namss.L-6-77-EG.mcs.airgun.zip					dataset	Unspecified		Unspecified	122.9 MB	1977-06-13	creation	Data zip file	https://walrus.wr.usgs.gov/namss/data/1977/namss.L-6-77-EG.mcs.airgun.zip										Gulf of Alaska	Stack	Seismic:Reflection		hart@usgs.gov	Patrick Hart	U.S. Geological Survey	pointOfContact	DigitalSeg:DigitallyAcquired		1977-06-30	1977-06-13	2016-05-23	ptriezenberg@usgs.gov	Peter Triezenberg	U.S. Geological Survey	pointOfContact	2019-12-05	Seismic Metadata v.1
	digital											Hydrophone_Streamer											SeismicSource_Gun_Air				Samuel Phillips Lee	Pacific Coastal and Marine Science Center	420	undocumented	NAD27	-157.17863	73.11922	67.11832	-176.26280	processed	hart@usgs.gov	Patrick Hart	U.S. Geological Survey	pointOfContact	Online	Seismic:Active:MCS	hart@usgs.gov	Patrick Hart	U.S. Geological Survey	pointOfContact	1978-09-20	open	https://walrus.wr.usgs.gov/namss/survey/l-6-78-ar/dataset/	Unspecified	namss.L-6-78-AR.mcs.airgun.zip					dataset	Unspecified		Unspecified	323.6 MB	1978-08-26	creation	Data zip file	https://walrus.wr.usgs.gov/namss/data/1978/namss.L-6-78-AR.mcs.airgun.zip										Chukchi Sea	Stack	Seismic:Reflection		hart@usgs.gov	Patrick Hart	U.S. Geological Survey	pointOfContact	DigitalSeg:DigitallyAcquired		1978-09-20	1978-08-26	2016-05-23	ptriezenberg@usgs.gov	Peter Triezenberg	U.S. Geological Survey	pointOfContact	2018-11-30	Seismic Metadata v.1
	digital											Hydrophone_Streamer											SeismicSource_Gun_Air				Samuel Phillips Lee	Pacific Coastal and Marine Science Center	420	undocumented	NAD27	-166.82905	65.08275	53.06477	-180.08774	processed	hart@usgs.gov	Patrick Hart	U.S. Geological Survey	pointOfContact	Online	Seismic:Active:MCS	hart@usgs.gov	Patrick Hart	U.S. Geological Survey	pointOfContact	1980-07-28	open	https://walrus.wr.usgs.gov/namss/survey/l-6-80-bs/dataset/	Unspecified	namss.L-6-80-BS.mcs.airgun.zip					dataset	Unspecified		Unspecified	248.0 MB	1980-07-08	creation	Data zip file	https://walrus.wr.usgs.gov/namss/data/1980/namss.L-6-80-BS.mcs.airgun.zip										Bering Sea	Stack	Seismic:Reflection		hart@usgs.gov	Patrick Hart	U.S. Geological Survey	pointOfContact	DigitalSeg:DigitallyAcquired		1980-07-28	1980-07-08	2016-05-23	ptriezenberg@usgs.gov	Peter Triezenberg	U.S. Geological Survey	pointOfContact	2019-12-05	Seismic Metadata v.1
	digital											Hydrophone_Streamer											SeismicSource_Gun_Air				Samuel Phillips Lee	Pacific Coastal and Marine Science Center	420	undocumented	NAD27	-147.78015	58.03952	54.98013	-156.65551	processed	hart@usgs.gov	Patrick Hart	U.S. Geological Survey	pointOfContact	Online	Seismic:Active:MCS	hart@usgs.gov	Patrick Hart	U.S. Geological Survey	pointOfContact	1977-07-22	open	https://walrus.wr.usgs.gov/namss/survey/l-7-77-wg/dataset/	Unspecified	namss.L-7-77-WG.mcs.airgun.zip					dataset	Unspecified		Unspecified	117.2 MB	1977-07-03	creation	Data zip file	https://walrus.wr.usgs.gov/namss/data/1977/namss.L-7-77-WG.mcs.airgun.zip										Gulf of Alaska	Stack	Seismic:Reflection		hart@usgs.gov	Patrick Hart	U.S. Geological Survey	pointOfContact	DigitalSeg:DigitallyAcquired		1977-07-22	1977-07-03	2016-05-23	ptriezenberg@usgs.gov	Peter Triezenberg	U.S. Geological Survey	pointOfContact	2018-11-30	Seismic Metadata v.1
	digital											Hydrophone_Streamer											SeismicSource_Gun_Air				Samuel Phillips Lee	Pacific Coastal and Marine Science Center	420	undocumented	NAD27	-146.14147	59.70208	55.83010	-155.46758	processed	hart@usgs.gov	Patrick Hart	U.S. Geological Survey	pointOfContact	Online	Seismic:Active:MCS	hart@usgs.gov	Patrick Hart	U.S. Geological Survey	pointOfContact	1981-06-30	open	https://walrus.wr.usgs.gov/namss/survey/l-7-81-wg/dataset/	Unspecified	namss.L-7-81-WG.mcs.airgun.zip					dataset	Unspecified		Unspecified	137.2 MB	1981-06-11	creation	Data zip file	https://walrus.wr.usgs.gov/namss/data/1981/namss.L-7-81-WG.mcs.airgun.zip										Gulf of Alaska	Stack	Seismic:Reflection		hart@usgs.gov	Patrick Hart	U.S. Geological Survey	pointOfContact	DigitalSeg:DigitallyAcquired		1981-06-30	1981-06-11	2016-05-23	ptriezenberg@usgs.gov	Peter Triezenberg	U.S. Geological Survey	pointOfContact	2019-12-05	Seismic Metadata v.1
	digital											Hydrophone_Streamer											SeismicSource_Gun_Air				Samuel Phillips Lee	Pacific Coastal and Marine Science Center	420	undocumented	NAD27	-173.88827	63.00036	57.34823	-183.20788	processed	hart@usgs.gov	Patrick Hart	U.S. Geological Survey	pointOfContact	Online	Seismic:Active:MCS	hart@usgs.gov	Patrick Hart	U.S. Geological Survey	pointOfContact	1977-08-21	open	https://walrus.wr.usgs.gov/namss/survey/l-8-77-bs/dataset/	Unspecified	namss.L-8-77-BS.mcs.airgun.zip					dataset	Unspecified		Unspecified	239.6 MB	1977-07-29	creation	Data zip file	https://walrus.wr.usgs.gov/namss/data/1977/namss.L-8-77-BS.mcs.airgun.zip										Bering Sea	Stack	Seismic:Reflection		hart@usgs.gov	Patrick Hart	U.S. Geological Survey	pointOfContact	DigitalSeg:DigitallyAcquired		1977-08-21	1977-07-29	2016-05-23	ptriezenberg@usgs.gov	Peter Triezenberg	U.S. Geological Survey	pointOfContact	2019-12-05	Seismic Metadata v.1
	digital											Hydrophone_Streamer											SeismicSource_Gun_Air				Samuel Phillips Lee	Pacific Coastal and Marine Science Center	420	undocumented	NAD27	-163.24474	71.46992	66.51279	-170.91496	processed	hart@usgs.gov	Patrick Hart	U.S. Geological Survey	pointOfContact	Online	Seismic:Active:MCS	hart@usgs.gov	Patrick Hart	U.S. Geological Survey	pointOfContact	1980-09-20	open	https://walrus.wr.usgs.gov/namss/survey/l-8-80-ar/dataset/	Unspecified	namss.L-8-80-AR.mcs.airgun.zip					dataset	Unspecified		Unspecified	206.7 MB	1980-08-31	creation	Data zip file	https://walrus.wr.usgs.gov/namss/data/1980/namss.L-8-80-AR.mcs.airgun.zip										Chukchi Sea	Stack	Seismic:Reflection		hart@usgs.gov	Patrick Hart	U.S. Geological Survey	pointOfContact	DigitalSeg:DigitallyAcquired		1980-09-20	1980-08-31	2016-05-23	ptriezenberg@usgs.gov	Peter Triezenberg	U.S. Geological Survey	pointOfContact	2019-12-05	Seismic Metadata v.1
	digital											Hydrophone_Streamer											SeismicSource_Gun_Air				Samuel Phillips Lee	Pacific Coastal and Marine Science Center	420	undocumented	NAD27	-156.28539	55.72748	53.38487	-162.08870	processed	hart@usgs.gov	Patrick Hart	U.S. Geological Survey	pointOfContact	Online	Seismic:Active:MCS	hart@usgs.gov	Patrick Hart	U.S. Geological Survey	pointOfContact	1981-07-16	open	https://walrus.wr.usgs.gov/namss/survey/l-8-81-wg/dataset/	Unspecified	namss.L-8-81-WG.mcs.airgun.zip					dataset	Unspecified		Unspecified	136.5 MB	1981-07-04	creation	Data zip file	https://walrus.wr.usgs.gov/namss/data/1981/namss.L-8-81-WG.mcs.airgun.zip										Gulf of Alaska	Stack	Seismic:Reflection		hart@usgs.gov	Patrick Hart	U.S. Geological Survey	pointOfContact	DigitalSeg:DigitallyAcquired		1981-07-16	1981-07-04	2016-05-23	ptriezenberg@usgs.gov	Peter Triezenberg	U.S. Geological Survey	pointOfContact	2020-04-27	Seismic Metadata v.1
	digital											Hydrophone_Streamer											SeismicSource_Gun_Air				Samuel Phillips Lee	Pacific Coastal and Marine Science Center	420	undocumented	NAD27	-140.96285	72.74089	66.62422	-168.05749	processed	hart@usgs.gov	Patrick Hart	U.S. Geological Survey	pointOfContact	Online	Seismic:Active:MCS	hart@usgs.gov	Patrick Hart	U.S. Geological Survey	pointOfContact	1977-10-08	open	https://walrus.wr.usgs.gov/namss/survey/l-9-77-ar/dataset/	Unspecified	namss.L-9-77-AR.mcs.airgun.zip					dataset	Unspecified		Unspecified	284.7 MB	1977-08-25	creation	Data zip file	https://walrus.wr.usgs.gov/namss/data/1977/namss.L-9-77-AR.mcs.airgun.zip										Beaufort Sea	Stack	Seismic:Reflection		hart@usgs.gov	Patrick Hart	U.S. Geological Survey	pointOfContact	DigitalSeg:DigitallyAcquired		1977-10-08	1977-08-25	2016-05-23	ptriezenberg@usgs.gov	Peter Triezenberg	U.S. Geological Survey	pointOfContact	2019-12-05	Seismic Metadata v.1
	digital											Hydrophone_Streamer											SeismicSource_Gun_Air				Samuel Phillips Lee	Pacific Coastal and Marine Science Center	420	undocumented	NAD27	-163.17076	64.42145	63.57340	-167.40565	processed	hart@usgs.gov	Patrick Hart	U.S. Geological Survey	pointOfContact	Online	Seismic:Active:MCS	hart@usgs.gov	Patrick Hart	U.S. Geological Survey	pointOfContact	1980-10-06	open	https://walrus.wr.usgs.gov/namss/survey/l-9-80-bs/dataset/	Unspecified	namss.L-9-80-BS.mcs.airgun.zip					dataset	Unspecified		Unspecified	32.6 MB	1980-09-24	creation	Data zip file	https://walrus.wr.usgs.gov/namss/data/1980/namss.L-9-80-BS.mcs.airgun.zip										Bering Sea	Stack	Seismic:Reflection		hart@usgs.gov	Patrick Hart	U.S. Geological Survey	pointOfContact	DigitalSeg:DigitallyAcquired		1980-10-06	1980-09-24	2016-05-23	ptriezenberg@usgs.gov	Peter Triezenberg	U.S. Geological Survey	pointOfContact	2019-12-05	Seismic Metadata v.1
	digital											Hydrophone_Streamer											SeismicSource_Gun_Air				Samuel Phillips Lee	Pacific Coastal and Marine Science Center	420	undocumented	NAD27	-171.36532	53.67069	50.12038	-186.12205	processed	hart@usgs.gov	Patrick Hart	U.S. Geological Survey	pointOfContact	Online	Seismic:Active:MCS	hart@usgs.gov	Patrick Hart	U.S. Geological Survey	pointOfContact	1981-08-13	open	https://walrus.wr.usgs.gov/namss/survey/l-9-81-aa/dataset/	Unspecified	namss.L-9-81-AA.mcs.airgun.zip					dataset	Unspecified		Unspecified	151.4 MB	1981-07-19	creation	Data zip file	https://walrus.wr.usgs.gov/namss/data/1981/namss.L-9-81-AA.mcs.airgun.zip										Aleutian Arc	Stack	Seismic:Reflection		hart@usgs.gov	Patrick Hart	U.S. Geological Survey	pointOfContact	DigitalSeg:DigitallyAcquired		1981-08-13	1981-07-19	2016-05-23	ptriezenberg@usgs.gov	Peter Triezenberg	U.S. Geological Survey	pointOfContact	2018-03-16	Seismic Metadata v.1
	digital											Hydrophone_Streamer											SeismicSource_Gun_Air				Samuel Phillips Lee	Pacific Coastal and Marine Science Center	420	undocumented	NAD27	-160.50853	61.69978	54.26851	-181.46798	processed	hart@usgs.gov	Patrick Hart	U.S. Geological Survey	pointOfContact	Online	Seismic:Active:MCS	hart@usgs.gov	Patrick Hart	U.S. Geological Survey	pointOfContact	1982-08-03	open	https://walrus.wr.usgs.gov/namss/survey/l-9-82-bs/dataset/	Unspecified	namss.L-9-82-BS.mcs.airgun.zip					dataset	Unspecified		Unspecified	186.1 MB	1982-07-11	creation	Data zip file	https://walrus.wr.usgs.gov/namss/data/1982/namss.L-9-82-BS.mcs.airgun.zip										Bering Sea	Stack	Seismic:Reflection		hart@usgs.gov	Patrick Hart	U.S. Geological Survey	pointOfContact	DigitalSeg:DigitallyAcquired		1982-08-03	1982-07-11	2016-05-23	ptriezenberg@usgs.gov	Peter Triezenberg	U.S. Geological Survey	pointOfContact	2018-03-16	Seismic Metadata v.1
	digital											Hydrophone_Streamer											SeismicSource_Gun_Air						N83	no	NAD27	-88.99773	28.65760	28.02715	-89.94115	processed	hart@usgs.gov	Patrick Hart	U.S. Geological Survey	pointOfContact	Online	Seismic:Active:MCS	hart@usgs.gov	Patrick Hart	U.S. Geological Survey	pointOfContact	2018-06-19	open	https://walrus.wr.usgs.gov/namss/survey/m-1-98-gm/dataset/	Unspecified	namss.M-1-98-GM.mcs.airgun.zip					dataset	Unspecified		Unspecified	1.2 GB	1998-06-01	creation	Dataset zip file	https://walrus.wr.usgs.gov/namss/data/1998/namss.M-1-98-GM.mcs.airgun.zip										Gulf of Mexico	Stack	Seismic:Reflection		matthew.wilson@boem.gov	Matthew Wilson	Bureau of Ocean Energy Management	pointOfContact	DigitalSeg:DigitallyAcquired		1998-06-01	1998-06-01	2018-06-19	ptriezenberg@usgs.gov	Peter Triezenberg	U.S. Geological Survey	pointOfContact	2018-06-20	Seismic Metadata v.1
	digital											Other											SeismicSource_Explosive						420	undocumented	NAD27	-156.13892	71.29999	71.12763	-157.06330	processed	klewis@usgs.gov	Krissy Lewis	U.S. Geological Survey	pointOfContact	Online	Seismic:Active:MCS	hart@usgs.gov	Patrick Hart	U.S. Geological Survey	pointOfContact	1972-01-01	open	https://walrus.wr.usgs.gov/namss/survey/n-pr-72-ak/dataset/	Unspecified	None					dataset	Unspecified		Unspecified	33.1 KB	1972-04-27	creation	Seismic Data (offsite)	/namss/media/navigation/2015/09/01/n-pr-72-ak.420										North Slope		Seismic:Reflection		klewis@usgs.gov	Krissy Lewis	U.S. Geological Survey	pointOfContact	DigitalSeg:DigitallyAcquired	Data available from the U.S. Geological Survey, Central Region Energy Resources Team, National Petroleum Reserve, Alaska, (NPRA) Legacy Data Archive;  Contact info: Krissy Lewis, Geophysicist, U.S. Geological Survey, CERSC, Denver, Colorado, Phone: 303-236-5572, klewis@usgs.gov.	1972-11-30	1972-04-27	2016-05-23	klewis@usgs.gov	Krissy Lewis	U.S. Geological Survey	pointOfContact	2018-03-16	Seismic Metadata v.1
	digital											Other											SeismicSource_Explosive						420	undocumented	NAD27	-150.92507	71.25259	69.97797	-156.71358	processed	klewis@usgs.gov	Krissy Lewis	U.S. Geological Survey	pointOfContact	Online	Seismic:Active:MCS	hart@usgs.gov	Patrick Hart	U.S. Geological Survey	pointOfContact	1974-01-01	open	https://walrus.wr.usgs.gov/namss/survey/n-pr-74-ak/dataset/	Unspecified	None					dataset	Unspecified		Unspecified	271.0 KB	1974-03-27	creation	Seismic Data (offsite)	/namss/media/navigation/2015/09/01/n-pr-74-ak.420										North Slope		Seismic:Reflection		klewis@usgs.gov	Krissy Lewis	U.S. Geological Survey	pointOfContact	DigitalSeg:DigitallyAcquired	Data available from the U.S. Geological Survey, Central Region Energy Resources Team, National Petroleum Reserve, Alaska, (NPRA) Legacy Data Archive.Contact info: Krissy Lewis, Geophysicist, U.S. Geological Survey, CERSC, Denver, Colorado, Phone: 303-236-5572, klewis@usgs.gov.	1974-11-23	1974-03-27	2016-05-23	klewis@usgs.gov	Krissy Lewis	U.S. Geological Survey	pointOfContact	2018-03-16	Seismic Metadata v.1
	digital											Other											SeismicSource_Explosive						420	undocumented	NAD27	-151.55063	71.11839	69.40813	-158.38001	processed	klewis@usgs.gov	Krissy Lewis	U.S. Geological Survey	pointOfContact	Online	Seismic:Active:MCS	hart@usgs.gov	Patrick Hart	U.S. Geological Survey	pointOfContact	1975-01-01	open	https://walrus.wr.usgs.gov/namss/survey/n-pr-75-ak/dataset/	Unspecified	None					dataset	Unspecified		Unspecified	527.3 KB	1975-04-12	creation	Seismic Data (offsite)	/namss/media/navigation/2015/09/01/n-pr-75-ak.420										North Slope		Seismic:Reflection		klewis@usgs.gov	Krissy Lewis	U.S. Geological Survey	pointOfContact	DigitalSeg:DigitallyAcquired	Data available from the U.S. Geological Survey, Central Region Energy Resources Team, National Petroleum Reserve, Alaska, (NPRA) Legacy Data Archive. Contact info: Krissy Lewis, Geophysicist, U.S. Geological Survey, CERSC, Denver, Colorado, Phone: 303-236-5572, klewis@usgs.gov.	1975-05-17	1975-04-12	2016-05-23	klewis@usgs.gov	Krissy Lewis	U.S. Geological Survey	pointOfContact	2018-03-16	Seismic Metadata v.1
	digital											Other											SeismicSource_Explosive						420	undocumented	NAD27	-154.71217	70.90789	69.36496	-162.03673	processed	klewis@usgs.gov	Krissy Lewis	U.S. Geological Survey	pointOfContact	Online	Seismic:Active:MCS	hart@usgs.gov	Patrick Hart	U.S. Geological Survey	pointOfContact	1976-01-01	open	https://walrus.wr.usgs.gov/namss/survey/n-pr-76-ak/dataset/	Unspecified	None					dataset	Unspecified		Unspecified	333.1 KB	1976-02-18	creation	Seismic Data (offsite)	/namss/media/navigation/2015/09/01/n-pr-76-ak.420										North Slope		Seismic:Reflection		klewis@usgs.gov	Krissy Lewis	U.S. Geological Survey	pointOfContact	DigitalSeg:DigitallyAcquired	Data available from the U.S. Geological Survey, Central Region Energy Resources Team, National Petroleum Reserve, Alaska, (NPRA) Legacy Data Archive. Contact info: Krissy Lewis, Geophysicist, U.S. Geological Survey, CERSC, Denver, Colorado, Phone: 303-236-5572, klewis@usgs.gov.	1976-05-02	1976-02-18	2016-05-23	klewis@usgs.gov	Krissy Lewis	U.S. Geological Survey	pointOfContact	2018-03-16	Seismic Metadata v.1
	digital											Other											SeismicSource_Explosive						420	undocumented	NAD27	-151.56256	71.47878	68.42610	-161.85555	processed	klewis@usgs.gov	Krissy Lewis	U.S. Geological Survey	pointOfContact	Online	Seismic:Active:MCS	hart@usgs.gov	Patrick Hart	U.S. Geological Survey	pointOfContact	1977-01-01	open	https://walrus.wr.usgs.gov/namss/survey/n-pr-77-ak/dataset/	Unspecified	None					dataset	Unspecified		Unspecified	1.2 MB	1977-02-17	creation	Seismic Data (offsite)	/namss/media/navigation/2015/09/01/n-pr-77-ak.420										North Slope		Seismic:Reflection		klewis@usgs.gov	Krissy Lewis	U.S. Geological Survey	pointOfContact	DigitalSeg:DigitallyAcquired	Data available from the U.S. Geological Survey, Central Region Energy Resources Team, National Petroleum Reserve, Alaska, (NPRA) Legacy Data Archive. Contact info: Krissy Lewis, Geophysicist, U.S. Geological Survey, CERSC, Denver, Colorado, Phone: 303-236-5572, klewis@usgs.gov.	1977-03-26	1977-02-17	2016-05-23	klewis@usgs.gov	Krissy Lewis	U.S. Geological Survey	pointOfContact	2018-03-16	Seismic Metadata v.1
	digital											Other											SeismicSource_Explosive						420	undocumented	NAD27	-151.94533	71.38866	68.21345	-161.86622	processed	klewis@usgs.gov	Krissy Lewis	U.S. Geological Survey	pointOfContact	Online	Seismic:Active:MCS	hart@usgs.gov	Patrick Hart	U.S. Geological Survey	pointOfContact	1978-01-01	open	https://walrus.wr.usgs.gov/namss/survey/n-pr-78-ak/dataset/	Unspecified	None					dataset	Unspecified		Unspecified	1.0 MB	1978-01-01	creation	Seismic Data (offsite)	/namss/media/navigation/2015/09/01/n-pr-78-ak.420										North Slope		Seismic:Reflection		klewis@usgs.gov	Krissy Lewis	U.S. Geological Survey	pointOfContact	DigitalSeg:DigitallyAcquired	Data available from the U.S. Geological Survey, Central Region Energy Resources Team, National Petroleum Reserve, Alaska, (NPRA) Legacy Data Archive. Contact info: Krissy Lewis, Geophysicist, U.S. Geological Survey, CERSC, Denver, Colorado, Phone: 303-236-5572, klewis@usgs.gov.	1978-03-25	1978-01-01	2016-05-23	klewis@usgs.gov	Krissy Lewis	U.S. Geological Survey	pointOfContact	2018-03-16	Seismic Metadata v.1
	digital											Other											SeismicSource_Explosive						420	undocumented	NAD27	-153.09967	71.25809	68.16758	-161.87620	processed	klewis@usgs.gov	Krissy Lewis	U.S. Geological Survey	pointOfContact	Online	Seismic:Active:MCS	hart@usgs.gov	Patrick Hart	U.S. Geological Survey	pointOfContact	1979-01-01	open	https://walrus.wr.usgs.gov/namss/survey/n-pr-79-ak/dataset/	Unspecified	None					dataset	Unspecified		Unspecified	1.4 MB	1979-01-01	creation	Seismic Data (offsite)	/namss/media/navigation/2015/09/01/n-pr-79-ak.420										North Slope		Seismic:Reflection		klewis@usgs.gov	Krissy Lewis	U.S. Geological Survey	pointOfContact	DigitalSeg:DigitallyAcquired	Data available from the U.S. Geological Survey, Central Region Energy Resources Team, National Petroleum Reserve, Alaska, (NPRA) Legacy Data Archive. Contact info: Krissy Lewis, Geophysicist, U.S. Geological Survey, CERSC, Denver, Colorado, Phone: 303-236-5572, klewis@usgs.gov.	1979-03-14	1979-01-01	2016-05-23	klewis@usgs.gov	Krissy Lewis	U.S. Geological Survey	pointOfContact	2018-03-16	Seismic Metadata v.1
	digital											Other											SeismicSource_Explosive						420	undocumented	NAD27	-150.99329	70.56412	68.29965	-161.84132	processed	klewis@usgs.gov	Krissy Lewis	U.S. Geological Survey	pointOfContact	Online	Seismic:Active:MCS	hart@usgs.gov	Patrick Hart	U.S. Geological Survey	pointOfContact	1980-01-01	open	https://walrus.wr.usgs.gov/namss/survey/n-pr-80-ak/dataset/	Unspecified	None					dataset	Unspecified		Unspecified	413.8 KB	1980-01-01	creation	Seismic Data (offsite)	/namss/media/navigation/2015/09/01/n-pr-80-ak.420										North Slope		Seismic:Reflection		klewis@usgs.gov	Krissy Lewis	U.S. Geological Survey	pointOfContact	DigitalSeg:DigitallyAcquired	Data available from the U.S. Geological Survey, Central Region Energy Resources Team, National Petroleum Reserve, Alaska, (NPRA) Legacy Data Archive. Contact info: Krissy Lewis, Geophysicist, U.S. Geological Survey, CERSC, Denver, Colorado, Phone: 303-236-5572, klewis@usgs.gov.	1980-02-20	1980-01-01	2016-05-23	klewis@usgs.gov	Krissy Lewis	U.S. Geological Survey	pointOfContact	2018-03-16	Seismic Metadata v.1
	digital											Other											SeismicSource_Explosive						420	undocumented	NAD27	-150.91845	70.57782	69.60523	-154.35244	processed	klewis@usgs.gov	Krissy Lewis	U.S. Geological Survey	pointOfContact	Online	Seismic:Active:MCS	Unspecified	Unspecified	Unspecified	resourceProvider		open	https://walrus.wr.usgs.gov/namss/survey/n-pr-81-ak/dataset/	Unspecified	None					dataset	Unspecified		Unspecified	408.9 KB	1981-01-01	creation	Seismic Data (offsite)	/namss/media/navigation/2015/09/01/n-pr-81-ak.420										North Slope		Seismic:Reflection		klewis@usgs.gov	Krissy Lewis	U.S. Geological Survey	pointOfContact	DigitalSeg:DigitallyAcquired	Data available from the U.S. Geological Survey, Central Region Energy Resources Team, National Petroleum Reserve, Alaska, (NPRA) Legacy Data Archive. Contact info: Krissy Lewis, Geophysicist, U.S. Geological Survey, CERSC, Denver, Colorado, Phone: 303-236-5572, klewis@usgs.gov.	1981-01-17	1981-01-01	2016-05-23	klewis@usgs.gov	Krissy Lewis	U.S. Geological Survey	pointOfContact	2018-03-16	Seismic Metadata v.1
	digital											Hydrophone_Streamer											SeismicSource_Boomer				M/V Michael Uhl	Fugro Consultants, Inc.	410	undocumented	WGS84	-120.85431	35.29124	35.18247	-120.97110	processed	hart@usgs.gov	Patrick Hart	U.S. Geological Survey	pointOfContact	Online	Seismic:Active:MCS	hart@usgs.gov	Patrick Hart	U.S. Geological Survey	pointOfContact	2011-02-15	open	https://walrus.wr.usgs.gov/namss/survey/p-02-10-cc/dataset/	Unspecified	namss.P-02-10-CC.mcs.boomer.zip					dataset	Unspecified		Unspecified	1.0 GB	2010-11-24	creation	Data zip file	https://walrus.wr.usgs.gov/namss/data/2010/namss.P-02-10-CC.mcs.boomer.zip										Point Buchon	Migration	Seismic:Reflection	The purpose of this technical report is to present initial geologic and geophysical interpretations of the offshore low-energy, high-resolution 3D and 2D seismic-reflection data (referred to here as the 3D/2D dataset) collected in late 2010 and early 2011. The results of this study will be integrated with more extensive and deeper penetration 3D and 2D seismic-reflection investigations, both on land and at sea, which are underway or planned for the future. Therefore, the interpretations presented in this report may be revised when the additional data are acquired and interpreted.	hart@usgs.gov	Patrick Hart	U.S. Geological Survey	pointOfContact	DigitalSeg:DigitallyAcquired		2011-02-15	2010-11-24	2016-05-23	ptriezenberg@usgs.gov	Peter Triezenberg	U.S. Geological Survey	pointOfContact	2018-03-16	Seismic Metadata v.1
	digital											Hydrophone_Streamer											SeismicSource_Gun_Air				Polar Star	U.S. Coast Guard	420	undocumented	NAD27	-156.19433	74.89904	74.70385	-159.24865	processed	hart@usgs.gov	Patrick Hart	U.S. Geological Survey	pointOfContact	Online	Seismic:Active:MCS	hart@usgs.gov	Patrick Hart	U.S. Geological Survey	pointOfContact	1988-09-28	open	https://walrus.wr.usgs.gov/namss/survey/p-1-88-ar/dataset/	Unspecified	namss.P-1-88-AR.mcs.airgun.zip					dataset	Unspecified		Unspecified	11.3 MB	1988-09-02	creation	Data zip file	https://walrus.wr.usgs.gov/namss/data/1988/namss.P-1-88-AR.mcs.airgun.zip										Arctic Ocean	Stack	Seismic:Reflection		hart@usgs.gov	Patrick Hart	U.S. Geological Survey	pointOfContact	DigitalSeg:DigitallyAcquired		1988-09-28	1988-09-02	2016-05-23	ptriezenberg@usgs.gov	Peter Triezenberg	U.S. Geological Survey	pointOfContact	2018-03-16	Seismic Metadata v.1
	digital											Hydrophone_Streamer											SeismicSource_Gun_Air				Polar Star	U.S. Coast Guard	420	undocumented	WGS84	-154.32421	76.37972	73.80612	-164.36453	processed	hart@usgs.gov	Patrick Hart	U.S. Geological Survey	pointOfContact	Online	Seismic:Active:MCS	hart@usgs.gov	Patrick Hart	U.S. Geological Survey	pointOfContact	1992-09-24	open	https://walrus.wr.usgs.gov/namss/survey/p-1-92-ar/dataset/	Unspecified	namss.P-1-92-AR.mcs.airgun.zip					dataset	Unspecified		Unspecified	65.0 MB	1992-08-21	creation	Data zip file	https://walrus.wr.usgs.gov/namss/data/1992/namss.P-1-92-AR.mcs.airgun.zip										Arctic Ocean	Stack	Seismic:Reflection		hart@usgs.gov	Patrick Hart	U.S. Geological Survey	pointOfContact	DigitalSeg:DigitallyAcquired		1992-09-24	1992-08-21	2016-05-23	ptriezenberg@usgs.gov	Peter Triezenberg	U.S. Geological Survey	pointOfContact	2018-03-16	Seismic Metadata v.1
	digital		450.00000						1	72	72	Hydrophone_Streamer								2			SeismicSource_Gun_Air	105.00000	Cubic Inches		R/V Pelican	Unspecified	420	undocumented	WGS84	-90.33550	27.09709	26.89797	-90.55272	processed	hart@usgs.gov	Patrick Hart	U.S. Geological Survey	pointOfContact	Online	Seismic:Active:MCS	hart@usgs.gov	Patrick Hart	U.S. Geological Survey	pointOfContact	2015-06-04	open	https://walrus.wr.usgs.gov/namss/survey/p1-13-la-green-canyon/dataset/	The U.S. Geological Survey led a seismic acquisition cruise in the Gulf of Mexico from April 18 to May 3, 2013, with the objectives of (1) achieving improved imaging and characterization at two established gas hydrate study sites, and (2) refining geophysical methods for gas hydrate characterization in other locations. We conducted this acquisition aboard the R/V Pelican, and used a pair of 105/105-cubic-inch generator/injector air guns to provide seismic energy that we recorded using a 450-meter 72-channel digital hydrophone streamer and 25 multicomponent ocean-bottom seismometers.	namss.P1-13-LA-GC.mcs.airgun.zip					dataset	Unspecified		Unspecified	2.3 GB	2014-05-16	published	Data zip file	https://walrus.wr.usgs.gov/namss/data/2013/namss.P1-13-LA-GC.mcs.airgun.zip	Miller, J.J., Agena, W.F., Haines, S.S., and Hart, P.E.	2016-01-01	published	10.3133/ofr20161037	U.S. Geological Survey Open-File Report 2016-1037	http://dx.doi.org/10.3133/ofr20161037	32 p.	Processing of multichannel seismic reflection data acquired in 2013 for seismic investigations of gas hydrates in the Gulf of Mexico			Migration, Stack	Seismic:Reflection		hart@usgs.gov	Patrick Hart	U.S. Geological Survey	pointOfContact	DigitalSeg:DigitallyAcquired		2013-05-03	2013-04-18	2016-05-23	ptriezenberg@usgs.gov	Peter Triezenberg	U.S. Geological Survey	pointOfContact	2018-03-16	Seismic Metadata v.1
	digital		450.00000						1	72	72	Hydrophone_Streamer								2			SeismicSource_Gun_Air	105.00000	Cubic Inches		R/V Pelican	Unspecified	420	undocumented	WGS84	-91.58173	26.76639	26.56390	-91.77654	processed	hart@usgs.gov	Patrick Hart	U.S. Geological Survey	pointOfContact	Online	Seismic:Active:MCS	hart@usgs.gov	Patrick Hart	U.S. Geological Survey	pointOfContact	2015-06-04	open	https://walrus.wr.usgs.gov/namss/survey/p1-13-la-walker-ridge/dataset/	The U.S. Geological Survey led a seismic acquisition cruise in the Gulf of Mexico from April 18 to May 3, 2013, with the objectives of (1) achieving improved imaging and characterization at two established gas hydrate study sites, and (2) refining geophysical methods for gas hydrate characterization in other locations. We conducted this acquisition aboard the R/V Pelican, and used a pair of 105/105-cubic-inch generator/injector air guns to provide seismic energy that we recorded using a 450-meter 72-channel digital hydrophone streamer and 25 multicomponent ocean-bottom seismometers.	namss.P1-13-LA-WR.mcs.airgun.zip					dataset	Unspecified		Unspecified	2.4 GB	2014-05-16	published	Data zip file	https://walrus.wr.usgs.gov/namss/data/2013/namss.P1-13-LA-WR.mcs.airgun.zip	Miller, J.J., Agena, W.F., Haines, S.S., and Hart, P.E.	2016-01-01	published	10.3133/ofr20161037	U.S. Geological Survey Open-File Report 2016-1037	http://dx.doi.org/10.3133/ofr20161037	32 p.	Processing of multichannel seismic reflection data acquired in 2013 for seismic investigations of gas hydrates in the Gulf of Mexico			Migration, Stack	Seismic:Reflection		hart@usgs.gov	Patrick Hart	U.S. Geological Survey	pointOfContact	DigitalSeg:DigitallyAcquired		2013-05-03	2013-04-18	2016-05-23	ptriezenberg@usgs.gov	Peter Triezenberg	U.S. Geological Survey	pointOfContact	2018-03-16	Seismic Metadata v.1
	digital											Sonar_CHIRP											Sonar_CHIRP						CSV	no	WGS84	-117.17398	32.72448	32.67920	-117.23682	processed	rsliter@usgs.gov	Ray Sliter	U.S. Geological Survey	custodian	Online	Seismic:Active:MCS	rsliter@usgs.gov	Ray Sliter	U.S. Geological Survey	custodian	2021-03-23	open	https://walrus.wr.usgs.gov/namss/survey/s-03-11-sc/dataset/	Unspecified	namss.S-03-11-SC.scs.chirp.zip					dataset	Unspecified		Unspecified	38.5 MB	2011-11-16	creation	Dataset zip file	https://walrus.wr.usgs.gov/namss/data/2011/namss.S-03-11-SC.scs.chirp.zip										Port of San Diego	Migration:3D	Seismic:Reflection		matthew.wilson@boem.gov	Matthew Wilson	Bureau of Ocean Energy Management	pointOfContact	DigitalSeg:DigitallyAcquired		2011-12-21	2011-11-16	2021-03-23	ptriezenberg@usgs.gov	Peter Triezenberg	U.S. Geological Survey	pointOfContact	2021-03-26	Seismic Metadata v.1
	digital											Sonar_CHIRP											Sonar_CHIRP						CSV	no	WGS84	-117.13444	32.70089	32.67637	-117.17441	processed	rsliter@usgs.gov	Ray Sliter	U.S. Geological Survey	custodian	Online	Seismic:Active:MCS	rsliter@usgs.gov	Ray Sliter	U.S. Geological Survey	custodian	2021-03-25	open	https://walrus.wr.usgs.gov/namss/survey/s-03-13-sc/dataset/	Chirp data was collected in San Diego Bay to characterize very shallow sub-surface stratigraphy and investigate faulting beneath San Diego Bay.	namss.S-03-13-SC.scs.chirp.zip					dataset	Unspecified		Unspecified	570.9 MB	2013-02-04	creation	Dataset zip file	https://walrus.wr.usgs.gov/namss/data/2013/namss.S-03-13-SC.scs.chirp.zip										Port of San Diego		Seismic:Reflection		matthew.wilson@boem.gov	Matthew Wilson	Bureau of Ocean Energy Management	pointOfContact	DigitalSeg:DigitallyAcquired		2013-02-14	2013-02-04	2021-03-25	ptriezenberg@usgs.gov	Peter Triezenberg	U.S. Geological Survey	pointOfContact	2021-03-26	Seismic Metadata v.1
	digital											Sonar_CHIRP											Sonar_CHIRP						CSV	no	WGS84	-117.11517	32.66478	32.63650	-117.15100	processed	rsliter@usgs.gov	Ray Sliter	U.S. Geological Survey	custodian	Online	Seismic:Active:MCS	rsliter@usgs.gov	Ray Sliter	U.S. Geological Survey	custodian	2021-03-25	open	https://walrus.wr.usgs.gov/namss/survey/s-03-19-sc/dataset/	Chirp data was collected in San Diego Bay to characterize very shallow sub-surface stratigraphy and investigate faulting beneath San Diego Bay.	namss.S-03-19-SC.scs.chirp.zip					dataset	Unspecified		Unspecified	340.0 MB	2019-01-21	creation	Dataset zip file	https://walrus.wr.usgs.gov/namss/data/2019/namss.S-03-19-SC.scs.chirp.zip										Port of San Diego		Seismic:Reflection		matthew.wilson@boem.gov	Matthew Wilson	Bureau of Ocean Energy Management	pointOfContact	DigitalSeg:DigitallyAcquired		2019-01-21	2019-01-21	2021-03-25	ptriezenberg@usgs.gov	Peter Triezenberg	U.S. Geological Survey	pointOfContact	2021-03-26	Seismic Metadata v.1
	digital											Hydrophone_Streamer											SeismicSource_Sparker						CSV	no	WGS84	-70.75371	40.02869	39.13565	-72.13593	processed	hart@usgs.gov	Patrick Hart	U.S. Geological Survey	pointOfContact	Online	Seismic:Active:MCS	hart@usgs.gov	Patrick Hart	U.S. Geological Survey	pointOfContact	2020-10-21	open	https://walrus.wr.usgs.gov/namss/survey/t-03-11-at/dataset/	Unspecified	namss.T-03-11-AT.mcs.airgun.zip					dataset	Unspecified		Unspecified	4.7 GB	2011-01-01	creation	Dataset zip file	https://walrus.wr.usgs.gov/namss/data/2011/namss.T-03-11-AT.mcs.airgun.zip										Atlantic Ocean	Migration, Stack	Seismic:Reflection		matthew.wilson@boem.gov	Matthew Wilson	Bureau of Ocean Energy Management	pointOfContact	DigitalSeg:DigitallyAcquired	Data acquisition and processing of this survey were funded by the U.S. Nuclear Regulatory Commission under Job V6166: Tsunami Landslide Source Probability and Potential Impact on New and Existing Power Plants.	2011-01-01	2011-01-01	2020-10-21	ptriezenberg@usgs.gov	Peter Triezenberg	U.S. Geological Survey	pointOfContact	2020-10-27	Seismic Metadata v.1
	digital											Hydrophone_Streamer											SeismicSource_Sparker						CSV	no	WGS84	-74.33366	36.92747	36.12804	-74.90127	processed	hart@usgs.gov	Patrick Hart	U.S. Geological Survey	pointOfContact	Online	Seismic:Active:MCS	hart@usgs.gov	Patrick Hart	U.S. Geological Survey	pointOfContact	2020-10-21	open	https://walrus.wr.usgs.gov/namss/survey/t-06-12-at/dataset/	Unspecified	namss.T-06-12-AT.mcs.airgun.zip					dataset	Unspecified		Unspecified	1.2 GB	2012-01-01	creation	Dataset zip file	https://walrus.wr.usgs.gov/namss/data/2012/namss.T-06-12-AT.mcs.airgun.zip										Atlantic Ocean	Migration, Stack	Seismic:Reflection		matthew.wilson@boem.gov	Matthew Wilson	Bureau of Ocean Energy Management	pointOfContact	DigitalSeg:DigitallyAcquired	Data acquisition and processing of this survey were funded by the U.S. Nuclear Regulatory Commission under Job V6166: Tsunami Landslide Source Probability and Potential Impact on New and Existing Power Plants.	2012-01-01	2012-01-01	2020-10-21	ptriezenberg@usgs.gov	Peter Triezenberg	U.S. Geological Survey	pointOfContact	2020-10-27	Seismic Metadata v.1
	digital											Hydrophone_Streamer											SeismicSource_Sparker						CSV	no	WGS84	-70.63765	40.00885	39.05348	-72.28244	processed	hart@usgs.gov	Patrick Hart	U.S. Geological Survey	pointOfContact	Online	Seismic:Active:MCS	hart@usgs.gov	Patrick Hart	U.S. Geological Survey	pointOfContact	2020-01-01	open	https://walrus.wr.usgs.gov/namss/survey/t-21-10-at/dataset/	Unspecified	namss.T-21-10-AT.mcs.airgun.zip					dataset	Unspecified		Unspecified	2.5 GB	2010-01-01	creation	Dataset zip file	https://walrus.wr.usgs.gov/namss/data/2010/namss.T-21-10-AT.mcs.airgun.zip										Atlantic Ocean	Migration, Stack	Seismic:Reflection		matthew.wilson@boem.gov	Matthew Wilson	Bureau of Ocean Energy Management	pointOfContact	DigitalSeg:DigitallyAcquired	Data acquisition and processing of this survey were funded by the U.S. Nuclear Regulatory Commission under Job V6166: Tsunami Landslide Source Probability and Potential Impact on New and Existing Power Plants.	2010-01-01	2010-01-01	2020-10-20	ptriezenberg@usgs.gov	Peter Triezenberg	U.S. Geological Survey	pointOfContact	2020-10-27	Seismic Metadata v.1
	digital											Hydrophone_Streamer											SeismicSource_Sparker						CSV	no	WGS84	-74.38782	36.53723	36.10000	-75.05248	processed	hart@usgs.gov	Patrick Hart	U.S. Geological Survey	pointOfContact	Online	Seismic:Active:MCS	hart@usgs.gov	Patrick Hart	U.S. Geological Survey	pointOfContact	2020-10-21	open	https://walrus.wr.usgs.gov/namss/survey/t-39-12-at/dataset/	Unspecified	namss.T-39-12-AT.mcs.airgun.zip					dataset	Unspecified		Unspecified	2.3 GB	2012-01-01	creation	Dataset zip file	https://walrus.wr.usgs.gov/namss/data/2012/namss.T-39-12-AT.mcs.airgun.zip										Atlantic Ocean	Migration, Stack	Seismic:Reflection		matthew.wilson@boem.gov	Matthew Wilson	Bureau of Ocean Energy Management	pointOfContact	DigitalSeg:DigitallyAcquired	Data acquisition and processing of this survey were funded by the U.S. Nuclear Regulatory Commission under Job V6166: Tsunami Landslide Source Probability and Potential Impact on New and Existing Power Plants.	2012-01-01	2012-01-01	2020-10-21	ptriezenberg@usgs.gov	Peter Triezenberg	U.S. Geological Survey	pointOfContact	2020-10-27	Seismic Metadata v.1
	digital											Hydrophone_Streamer											SeismicSource_Sparker						410	no	NAD83	-118.93218	38.06181	37.94785	-119.14405	processed	hart@usgs.gov	Patrick Hart	U.S. Geological Survey	pointOfContact	Online	Seismic:Active:MCS	hart@usgs.gov	Patrick Hart	U.S. Geological Survey	pointOfContact	2021-01-13	open	https://walrus.wr.usgs.gov/namss/survey/v-1-09-ca/dataset/	Unspecified	namss.V-1-09-CA.mcs3d.airgun.zip					dataset	Unspecified		Unspecified	2.5 GB	2009-08-28	creation	Dataset zip file	https://walrus.wr.usgs.gov/namss/data/2009/namss.V-1-09-CA.mcs3d.airgun.zip	A.S. Jayko, P.E. Hart, J.R. Childs, M.H. Cormier, D.A.Ponce, N.D. Athens, and J.S. McClain	2013-05-09	published		U.S. Geological Survey	https://pubs.usgs.gov/of/2013/1113/of2013-1113.pdf		Methods and Spatial Extent of Geophysical Investigations, Mono Lake, California, 2009 to 2011		Mono Lake	Migration:3D	Seismic:Reflection		matthew.wilson@boem.gov	Matthew Wilson	Bureau of Ocean Energy Management	pointOfContact	DigitalSeg:DigitallyAcquired		2009-09-05	2009-08-28	2021-01-13	ptriezenberg@usgs.gov	Peter Triezenberg	U.S. Geological Survey	pointOfContact	2021-01-13	Seismic Metadata v.1
	digital											Hydrophone_Streamer											SeismicSource_Sparker						410	no	NAD83	-118.93405	38.07081	37.94934	-119.14455	processed	hart@usgs.gov	Patrick Hart	U.S. Geological Survey	pointOfContact	Online	Seismic:Active:MCS	hart@usgs.gov	Patrick Hart	U.S. Geological Survey	pointOfContact	2021-01-01	open	https://walrus.wr.usgs.gov/namss/survey/v-1-11-ca/dataset/	Unspecified	namss.V-1-11-CA.mcs3d.airgun.zip					dataset	Unspecified		Unspecified	2.2 GB	2011-09-07	creation	Dataset zip file	https://walrus.wr.usgs.gov/namss/data/2011/namss.V-1-11-CA.mcs3d.airgun.zip	A.S. Jayko, P.E. Hart, J.R. Childs, M.H. Cormier, D.A.Ponce, N.D. Athens, and J.S. McClain	2013-05-09	published		U.S. Geological Survey	https://pubs.usgs.gov/of/2013/1113/of2013-1113.pdf		Methods and Spatial Extent of Geophysical Investigations, Mono Lake, California, 2009 to 2011		Mono Lake	Migration:3D	Seismic:Reflection		matthew.wilson@boem.gov	Matthew Wilson	Bureau of Ocean Energy Management	pointOfContact	DigitalSeg:DigitallyAcquired		2011-09-15	2011-09-07	2021-01-13	ptriezenberg@usgs.gov	Peter Triezenberg	U.S. Geological Survey	pointOfContact	2021-01-13	Seismic Metadata v.1
	digital											Hydrophone_Streamer											SeismicSource_Gun_Air						CSV	no	WGS84	-79.93175	25.86431	25.42524	-80.40341	processed	jdixon@usgs.gov	Joann Dixon	U.S. Geological Survey	originator	Online	Seismic:Active:MCS	hart@usgs.gov	Patrick Hart	U.S. Geological Survey	pointOfContact	2020-11-06	open	https://walrus.wr.usgs.gov/namss/survey/w-1-11-fl/dataset/	Unspecified	namss.W-1-11-FL.mcs.airgun.zip					dataset	Unspecified		Unspecified	87.3 MB	2011-01-01	creation	Dataset zip file	https://walrus.wr.usgs.gov/namss/data/2011/namss.W-1-11-FL.mcs.airgun.zip										Florida	Stack	Seismic:Reflection		kcunning@usgs.gov	Kevin J. Cunningham	U.S. Geological Survey	principalInvestigator	DigitalSeg:DigitallyAcquired		2011-01-01	2011-01-01	2020-11-06	ptriezenberg@usgs.gov	Peter Triezenberg	U.S. Geological Survey	pointOfContact	2020-11-30	Seismic Metadata v.1
	digital											Other											Other						CSV	no	WGS84	-80.38083	25.70138	25.56379	-80.40341	processed	jdixon@usgs.gov	Joann Dixon	U.S. Geological Survey	originator	Online	Seismic:Active:MCS	hart@usgs.gov	Patrick Hart	U.S. Geological Survey	pointOfContact	2020-11-06	open	https://walrus.wr.usgs.gov/namss/survey/w-1-15-fl/dataset/	Unspecified	namss.W-1-15-FL.mcs.airgun.zip					dataset	Unspecified		Unspecified	1.9 MB	2015-01-01	creation	Dataset zip file	https://walrus.wr.usgs.gov/namss/data/2015/namss.W-1-15-FL.mcs.airgun.zip										Florida	Stack	Seismic:Reflection		kcunning@usgs.gov	Kevin J. Cunningham	U.S. Geological Survey	principalInvestigator	DigitalSeg:DigitallyAcquired		2015-01-01	2015-01-01	2020-11-06	ptriezenberg@usgs.gov	Peter Triezenberg	U.S. Geological Survey	pointOfContact	2020-11-30	Seismic Metadata v.1
	digital											Hydrophone_Streamer											SeismicSource_Gun_Air						420	undocumented	NAD27	-138.96664	60.09297	59.22741	-143.14019	processed	hart@usgs.gov	Patrick Hart	U.S. Geological Survey	pointOfContact	Online	Seismic:Active:MCS	hart@usgs.gov	Patrick Hart	U.S. Geological Survey	pointOfContact	1968-09-30	open	https://walrus.wr.usgs.gov/namss/survey/w-1-68-eg/dataset/	Unspecified	namss.W-1-68-EG.mcs.airgun.zip					dataset	Unspecified		Unspecified	16.3 MB	1968-07-01	creation	Data zip file	https://walrus.wr.usgs.gov/namss/data/1968/namss.W-1-68-EG.mcs.airgun.zip										Eastern Gulf of Alaska	Stack	Seismic:Reflection		hart@usgs.gov	Patrick Hart	U.S. Geological Survey	pointOfContact	DigitalSeg:DigitallyAcquired		1968-09-30	1968-07-01	2016-05-23	ptriezenberg@usgs.gov	Peter Triezenberg	U.S. Geological Survey	pointOfContact	2019-08-16	Seismic Metadata v.1
	digital											Hydrophone_Streamer											SeismicSource_Gun_Air						420	undocumented	NAD27	-117.87323	33.99980	32.49463	-120.40069	processed	hart@usgs.gov	Patrick Hart	U.S. Geological Survey	pointOfContact	Online	Seismic:Active:MCS	hart@usgs.gov	Patrick Hart	U.S. Geological Survey	pointOfContact	1970-12-31	open	https://walrus.wr.usgs.gov/namss/survey/w-1-70-sc/dataset/	Unspecified	namss.W-1-70-SC.mcs.airgun.zip					dataset	Unspecified		Unspecified	44.3 MB	1969-01-01	creation	Data zip file	https://walrus.wr.usgs.gov/namss/data/1970/namss.W-1-70-SC.mcs.airgun.zip										Southern California	Migration, Stack	Seismic:Reflection		hart@usgs.gov	Patrick Hart	U.S. Geological Survey	pointOfContact	DigitalSeg:DigitallyAcquired		1970-12-31	1969-01-01	2016-05-23	ptriezenberg@usgs.gov	Peter Triezenberg	U.S. Geological Survey	pointOfContact	2019-08-16	Seismic Metadata v.1
	digital											Hydrophone_Streamer											SeismicSource_Gun_Air						410	undocumented	NAD27	-68.67447	12.17086	11.71975	-69.38500	processed	hart@usgs.gov	Patrick Hart	U.S. Geological Survey	pointOfContact	Online	Seismic:Active:MCS	hart@usgs.gov	Patrick Hart	U.S. Geological Survey	pointOfContact	1979-12-31	open	https://walrus.wr.usgs.gov/namss/survey/w-1-79-cb/dataset/	Unspecified	namss.W-1-79-CB.mcs.airgun.zip					dataset	Unspecified		Unspecified	106.3 MB	1979-01-01	creation	Data zip file	https://walrus.wr.usgs.gov/namss/data/1979/namss.W-1-79-CB.mcs.airgun.zip										Caribbean Sea	Migration, Stack	Seismic:Reflection		hart@usgs.gov	Patrick Hart	U.S. Geological Survey	pointOfContact	DigitalSeg:DigitallyAcquired		1979-12-31	1979-01-01	2016-05-23	ptriezenberg@usgs.gov	Peter Triezenberg	U.S. Geological Survey	pointOfContact	2018-03-16	Seismic Metadata v.1
	digital											Hydrophone_Streamer											SeismicSource_Gun_Air						420	undocumented	NAD27	-89.09389	17.68325	15.74014	-90.68228	processed	hart@usgs.gov	Patrick Hart	U.S. Geological Survey	pointOfContact	Online	Seismic:Active:MCS	hart@usgs.gov	Patrick Hart	U.S. Geological Survey	pointOfContact	1981-12-31	open	https://walrus.wr.usgs.gov/namss/survey/w-1-81-gt/dataset/	Unspecified	namss.W-1-81-GT.mcs.airgun.zip					dataset	Unspecified		Unspecified	49.3 MB	1981-01-01	creation	Data zip file	https://walrus.wr.usgs.gov/namss/data/1981/namss.W-1-81-GT.mcs.airgun.zip										Guatemala	Stack	Seismic:Reflection		hart@usgs.gov	Patrick Hart	U.S. Geological Survey	pointOfContact	DigitalSeg:DigitallyAcquired		1981-12-31	1981-01-01	2016-05-23	ptriezenberg@usgs.gov	Peter Triezenberg	U.S. Geological Survey	pointOfContact	2018-03-16	Seismic Metadata v.1
	digital											Hydrophone_Streamer											SeismicSource_Gun_Air						420	undocumented	NAD27	-161.92818	70.26670	68.53297	-163.75607	processed	hart@usgs.gov	Patrick Hart	U.S. Geological Survey	pointOfContact	Online	Seismic:Active:MCS	hart@usgs.gov	Patrick Hart	U.S. Geological Survey	pointOfContact	1971-05-31	open	https://walrus.wr.usgs.gov/namss/survey/w-10-70-ak/dataset/	Unspecified	namss.W-10-70-AK.mcs.airgun.zip					dataset	Unspecified		Unspecified	123.7 MB	1970-11-01	creation	Data zip file	https://walrus.wr.usgs.gov/namss/data/1970/namss.W-10-70-AK.mcs.airgun.zip										North Slope	Stack	Seismic:Reflection		hart@usgs.gov	Patrick Hart	U.S. Geological Survey	pointOfContact	DigitalSeg:DigitallyAcquired		1971-05-31	1970-11-01	2016-05-23	ptriezenberg@usgs.gov	Peter Triezenberg	U.S. Geological Survey	pointOfContact	2018-03-16	Seismic Metadata v.1
	digital											Hydrophone_Streamer											SeismicSource_Gun_Air						420	undocumented	NAD27	-120.69612	36.27470	34.47746	-122.16760	processed	hart@usgs.gov	Patrick Hart	U.S. Geological Survey	pointOfContact	Online	Seismic:Active:MCS	hart@usgs.gov	Patrick Hart	U.S. Geological Survey	pointOfContact	1978-10-31	open	https://walrus.wr.usgs.gov/namss/survey/w-10-78-sc/dataset/	Unspecified	namss.W-10-78-SC.mcs.airgun.zip					dataset	Unspecified		Unspecified	224.2 MB	1978-10-01	creation	Data zip file	https://walrus.wr.usgs.gov/namss/data/1978/namss.W-10-78-SC.mcs.airgun.zip										Southern California	Migration, Stack	Seismic:Reflection		hart@usgs.gov	Patrick Hart	U.S. Geological Survey	pointOfContact	DigitalSeg:DigitallyAcquired		1978-10-31	1978-10-01	2016-05-23	ptriezenberg@usgs.gov	Peter Triezenberg	U.S. Geological Survey	pointOfContact	2018-03-16	Seismic Metadata v.1
	digital											Hydrophone_Streamer											SeismicSource_Gun_Air						420	undocumented	NAD27	-159.41373	63.29498	58.11040	-167.95017	processed	hart@usgs.gov	Patrick Hart	U.S. Geological Survey	pointOfContact	Online	Seismic:Active:MCS	hart@usgs.gov	Patrick Hart	U.S. Geological Survey	pointOfContact	1979-09-30	open	https://walrus.wr.usgs.gov/namss/survey/w-10-79-bs/dataset/	Unspecified	namss.W-10-79-BS.mcs.airgun.zip					dataset	Unspecified		Unspecified	681.3 MB	1979-09-01	creation	Data zip file	https://walrus.wr.usgs.gov/namss/data/1979/namss.W-10-79-BS.mcs.airgun.zip										Bering Sea	Migration, Stack	Seismic:Reflection		hart@usgs.gov	Patrick Hart	U.S. Geological Survey	pointOfContact	DigitalSeg:DigitallyAcquired		1979-09-30	1979-09-01	2016-05-23	ptriezenberg@usgs.gov	Peter Triezenberg	U.S. Geological Survey	pointOfContact	2018-03-16	Seismic Metadata v.1
	digital											Hydrophone_Streamer											SeismicSource_Gun_Air						410	undocumented	NAD27	-165.27712	63.65835	55.32143	-181.45198	processed	hart@usgs.gov	Patrick Hart	U.S. Geological Survey	pointOfContact	Online	Seismic:Active:MCS	hart@usgs.gov	Patrick Hart	U.S. Geological Survey	pointOfContact	1977-01-31	open	https://walrus.wr.usgs.gov/namss/survey/w-11-74-bs/dataset/	Unspecified	namss.W-11-74-BS.mcs.airgun.zip					dataset	Unspecified		Unspecified	5.6 GB	1974-01-01	creation	Data zip file	https://walrus.wr.usgs.gov/namss/data/1974/namss.W-11-74-BS.mcs.airgun.zip										Bering Sea	Migration, Stack	Seismic:Reflection		hart@usgs.gov	Patrick Hart	U.S. Geological Survey	pointOfContact	DigitalSeg:DigitallyAcquired		1977-01-31	1974-01-01	2016-05-23	ptriezenberg@usgs.gov	Peter Triezenberg	U.S. Geological Survey	pointOfContact	2018-03-16	Seismic Metadata v.1
	digital											Hydrophone_Streamer											SeismicSource_Gun_Air						420	undocumented	NAD27	-120.45413	34.66521	34.12973	-121.04610	processed	hart@usgs.gov	Patrick Hart	U.S. Geological Survey	pointOfContact	Online	Seismic:Active:MCS	hart@usgs.gov	Patrick Hart	U.S. Geological Survey	pointOfContact	1976-08-31	open	https://walrus.wr.usgs.gov/namss/survey/w-12-76-sc/dataset/	Unspecified	namss.W-12-76-SC.mcs.airgun.zip					dataset	Unspecified		Unspecified	268.7 MB	1976-07-01	creation	Data zip file	https://walrus.wr.usgs.gov/namss/data/1976/namss.W-12-76-SC.mcs.airgun.zip										Southern California	Other, Stack	Seismic:Reflection, Seismic:Velocity		hart@usgs.gov	Patrick Hart	U.S. Geological Survey	pointOfContact	DigitalSeg:DigitallyAcquired		1976-08-31	1976-07-01	2016-05-23	ptriezenberg@usgs.gov	Peter Triezenberg	U.S. Geological Survey	pointOfContact	2018-03-16	Seismic Metadata v.1
	digital											Hydrophone_Streamer											SeismicSource_Gun_Air						410	undocumented	NAD27	-138.45803	59.95779	58.02329	-142.44327	processed	hart@usgs.gov	Patrick Hart	U.S. Geological Survey	pointOfContact	Online	Seismic:Active:MCS	hart@usgs.gov	Patrick Hart	U.S. Geological Survey	pointOfContact	1979-07-31	open	https://walrus.wr.usgs.gov/namss/survey/w-12-79-eg/dataset/	Unspecified	namss.W-12-79-EG.mcs.airgun.zip					dataset	Unspecified		Unspecified	2.6 GB	1979-06-01	creation	Data zip file	https://walrus.wr.usgs.gov/namss/data/1979/namss.W-12-79-EG.mcs.airgun.zip										Gulf of Alaska	Migration, Stack	Seismic:Reflection		hart@usgs.gov	Patrick Hart	U.S. Geological Survey	pointOfContact	DigitalSeg:DigitallyAcquired		1979-07-31	1979-06-01	2016-05-23	ptriezenberg@usgs.gov	Peter Triezenberg	U.S. Geological Survey	pointOfContact	2018-03-16	Seismic Metadata v.1
	digital											Hydrophone_Streamer											SeismicSource_Gun_Air						420	undocumented	NAD27	-119.70635	34.56503	34.07036	-120.95725	processed	hart@usgs.gov	Patrick Hart	U.S. Geological Survey	pointOfContact	Online	Seismic:Active:MCS	hart@usgs.gov	Patrick Hart	U.S. Geological Survey	pointOfContact	1977-03-31	open	https://walrus.wr.usgs.gov/namss/survey/w-13-77-sc/dataset/	Unspecified	namss.W-13-77-SC.mcs.airgun.zip					dataset	Unspecified		Unspecified	268.5 MB	1977-02-01	creation	Data zip file	https://walrus.wr.usgs.gov/namss/data/1977/namss.W-13-77-SC.mcs.airgun.zip										Southern California	Migration, Stack	Seismic:Reflection		hart@usgs.gov	Patrick Hart	U.S. Geological Survey	pointOfContact	DigitalSeg:DigitallyAcquired		1977-03-31	1977-02-01	2016-05-23	ptriezenberg@usgs.gov	Peter Triezenberg	U.S. Geological Survey	pointOfContact	2018-03-16	Seismic Metadata v.1
	digital											Hydrophone_Streamer											SeismicSource_Gun_Air						420	yes	NAD27	-150.54373	70.91117	70.48840	-152.36619	processed	hart@usgs.gov	Patrick Hart	U.S. Geological Survey	pointOfContact	Online	Seismic:Active:MCS	hart@usgs.gov	Patrick Hart	U.S. Geological Survey	pointOfContact	1979-08-31	open	https://walrus.wr.usgs.gov/namss/survey/w-13-79-ar/dataset/	Unspecified	namss.W-13-79-AR.mcs.airgun.zip					dataset	Unspecified		Unspecified	129.1 MB	1979-08-01	creation	Data zip file	https://walrus.wr.usgs.gov/namss/data/1979/namss.W-13-79-AR.mcs.airgun.zip										Beaufort Sea	Migration, Stack	Seismic:Reflection		hart@usgs.gov	Patrick Hart	U.S. Geological Survey	pointOfContact	DigitalSeg:DigitallyAcquired		1979-08-31	1979-08-01	2016-05-23	ptriezenberg@usgs.gov	Peter Triezenberg	U.S. Geological Survey	pointOfContact	2018-03-16	Seismic Metadata v.1
	digital											Hydrophone_Streamer											SeismicSource_Gun_Air						420	undocumented	NAD27	-121.81847	38.29796	36.68266	-123.53456	processed	hart@usgs.gov	Patrick Hart	U.S. Geological Survey	pointOfContact	Online	Seismic:Active:MCS	hart@usgs.gov	Patrick Hart	U.S. Geological Survey	pointOfContact	1976-11-30	open	https://walrus.wr.usgs.gov/namss/survey/w-14-76-sf/dataset/	Unspecified	namss.W-14-76-SF.mcs.airgun.zip					dataset	Unspecified		Unspecified	1.5 GB	1976-10-01	creation	Data zip file	https://walrus.wr.usgs.gov/namss/data/1976/namss.W-14-76-SF.mcs.airgun.zip										San Francisco Bay	Migration, Other, Stack	Seismic:Reflection, Seismic:Velocity		hart@usgs.gov	Patrick Hart	U.S. Geological Survey	pointOfContact	DigitalSeg:DigitallyAcquired		1976-11-30	1976-10-01	2016-05-23	ptriezenberg@usgs.gov	Peter Triezenberg	U.S. Geological Survey	pointOfContact	2018-03-16	Seismic Metadata v.1
	digital											Hydrophone_Streamer											SeismicSource_Gun_Air						410	undocumented	NAD27	-152.67305	59.01351	57.73887	-155.17500	processed	hart@usgs.gov	Patrick Hart	U.S. Geological Survey	pointOfContact	Online	Seismic:Active:MCS	hart@usgs.gov	Patrick Hart	U.S. Geological Survey	pointOfContact	1979-11-30	open	https://walrus.wr.usgs.gov/namss/survey/w-14-79-wg/dataset/	Unspecified	namss.W-14-79-WG.mcs.airgun.zip					dataset	Unspecified		Unspecified	547.6 MB	1979-10-01	creation	Data zip file	https://walrus.wr.usgs.gov/namss/data/1979/namss.W-14-79-WG.mcs.airgun.zip										Gulf of Alaska	Migration, Stack	Seismic:Reflection		hart@usgs.gov	Patrick Hart	U.S. Geological Survey	pointOfContact	DigitalSeg:DigitallyAcquired		1979-11-30	1979-10-01	2016-05-23	ptriezenberg@usgs.gov	Peter Triezenberg	U.S. Geological Survey	pointOfContact	2018-03-16	Seismic Metadata v.1
	digital											Hydrophone_Streamer											SeismicSource_Gun_Air						420	undocumented	NAD27	-117.76758	32.66106	31.99932	-120.04810	processed	hart@usgs.gov	Patrick Hart	U.S. Geological Survey	pointOfContact	Online	Seismic:Active:MCS	hart@usgs.gov	Patrick Hart	U.S. Geological Survey	pointOfContact	1976-09-30	open	https://walrus.wr.usgs.gov/namss/survey/w-15-76-sc/dataset/	Unspecified	namss.W-15-76-SC.mcs.airgun.zip					dataset	Unspecified		Unspecified	196.1 MB	1976-08-01	creation	Data zip file	https://walrus.wr.usgs.gov/namss/data/1976/namss.W-15-76-SC.mcs.airgun.zip										Southern California	Stack	Seismic:Reflection		hart@usgs.gov	Patrick Hart	U.S. Geological Survey	pointOfContact	DigitalSeg:DigitallyAcquired		1976-09-30	1976-08-01	2016-05-23	ptriezenberg@usgs.gov	Peter Triezenberg	U.S. Geological Survey	pointOfContact	2018-03-16	Seismic Metadata v.1
	digital											Hydrophone_Streamer											SeismicSource_Gun_Air						420	undocumented	NAD27	-162.43943	63.80469	63.08657	-165.31657	processed	hart@usgs.gov	Patrick Hart	U.S. Geological Survey	pointOfContact	Online	Seismic:Active:MCS	hart@usgs.gov	Patrick Hart	U.S. Geological Survey	pointOfContact	1979-09-30	open	https://walrus.wr.usgs.gov/namss/survey/w-15-79-bs/dataset/	Unspecified	namss.W-15-79-BS.mcs.airgun.zip					dataset	Unspecified		Unspecified	614.0 MB	1979-07-01	creation	Data zip file	https://walrus.wr.usgs.gov/namss/data/1979/namss.W-15-79-BS.mcs.airgun.zip										Bering Sea	Migration, Other, Stack	Seismic:Reflection, Seismic:Velocity		hart@usgs.gov	Patrick Hart	U.S. Geological Survey	pointOfContact	DigitalSeg:DigitallyAcquired		1979-09-30	1979-07-01	2016-05-23	ptriezenberg@usgs.gov	Peter Triezenberg	U.S. Geological Survey	pointOfContact	2018-03-16	Seismic Metadata v.1
	digital											Hydrophone_Streamer											SeismicSource_Gun_Air						420	undocumented	NAD27	-122.46210	38.40019	37.12831	-123.58486	processed	hart@usgs.gov	Patrick Hart	U.S. Geological Survey	pointOfContact	Online	Seismic:Active:MCS	hart@usgs.gov	Patrick Hart	U.S. Geological Survey	pointOfContact	1976-10-31	open	https://walrus.wr.usgs.gov/namss/survey/w-16-76-sf/dataset/	Unspecified	namss.W-16-76-SF.mcs.airgun.zip					dataset	Unspecified		Unspecified	145.2 MB	1976-09-01	creation	Data zip file	https://walrus.wr.usgs.gov/namss/data/1976/namss.W-16-76-SF.mcs.airgun.zip										San Francisco Bay	Migration, Other, Stack	Seismic:Reflection, Seismic:Velocity		hart@usgs.gov	Patrick Hart	U.S. Geological Survey	pointOfContact	DigitalSeg:DigitallyAcquired		1976-10-31	1976-09-01	2016-05-23	ptriezenberg@usgs.gov	Peter Triezenberg	U.S. Geological Survey	pointOfContact	2018-03-16	Seismic Metadata v.1
	digital											Hydrophone_Streamer											SeismicSource_Gun_Air						420	undocumented	NAD27	-163.06371	63.72553	62.97181	-165.38866	processed	hart@usgs.gov	Patrick Hart	U.S. Geological Survey	pointOfContact	Online	Seismic:Active:MCS	hart@usgs.gov	Patrick Hart	U.S. Geological Survey	pointOfContact	1977-06-30	open	https://walrus.wr.usgs.gov/namss/survey/w-16-77-bs/dataset/	Unspecified	namss.W-16-77-BS.mcs.airgun.zip					dataset	Unspecified		Unspecified	751.3 MB	1977-06-01	creation	Data zip file	https://walrus.wr.usgs.gov/namss/data/1977/namss.W-16-77-BS.mcs.airgun.zip										Bering Sea	Migration, Other, Stack	Seismic:Reflection, Seismic:Velocity		hart@usgs.gov	Patrick Hart	U.S. Geological Survey	pointOfContact	DigitalSeg:DigitallyAcquired		1977-06-30	1977-06-01	2016-05-23	ptriezenberg@usgs.gov	Peter Triezenberg	U.S. Geological Survey	pointOfContact	2018-03-16	Seismic Metadata v.1
	digital											Hydrophone_Streamer											SeismicSource_Gun_Air						410	undocumented	NAD27	-142.95622	71.08669	70.06959	-151.27560	processed	hart@usgs.gov	Patrick Hart	U.S. Geological Survey	pointOfContact	Online	Seismic:Active:MCS	hart@usgs.gov	Patrick Hart	U.S. Geological Survey	pointOfContact	1977-12-31	open	https://walrus.wr.usgs.gov/namss/survey/w-17-77-ar/dataset/	Unspecified	namss.W-17-77-AR.mcs.airgun.zip					dataset	Unspecified		Unspecified	1.0 GB	1977-01-01	creation	Data zip file	https://walrus.wr.usgs.gov/namss/data/1977/namss.W-17-77-AR.mcs.airgun.zip										Beaufort Sea	Migration, Other, Stack	Seismic:Reflection, Seismic:Velocity		hart@usgs.gov	Patrick Hart	U.S. Geological Survey	pointOfContact	DigitalSeg:DigitallyAcquired		1977-12-31	1977-01-01	2016-05-23	ptriezenberg@usgs.gov	Peter Triezenberg	U.S. Geological Survey	pointOfContact	2018-03-16	Seismic Metadata v.1
	digital											Hydrophone_Streamer											SeismicSource_Gun_Air						420	undocumented	NAD27	-123.11206	40.41198	38.00909	-124.99668	processed	hart@usgs.gov	Patrick Hart	U.S. Geological Survey	pointOfContact	Online	Seismic:Active:MCS	hart@usgs.gov	Patrick Hart	U.S. Geological Survey	pointOfContact	1979-09-30	open	https://walrus.wr.usgs.gov/namss/survey/w-17-79-nc/dataset/	Unspecified	namss.W-17-79-NC.mcs.airgun.zip					dataset	Unspecified		Unspecified	504.9 MB	1979-09-01	creation	Data zip file	https://walrus.wr.usgs.gov/namss/data/1979/namss.W-17-79-NC.mcs.airgun.zip										Northern California	Migration, Stack	Seismic:Reflection		hart@usgs.gov	Patrick Hart	U.S. Geological Survey	pointOfContact	DigitalSeg:DigitallyAcquired		1979-09-30	1979-09-01	2016-05-23	ptriezenberg@usgs.gov	Peter Triezenberg	U.S. Geological Survey	pointOfContact	2018-03-16	Seismic Metadata v.1
	digital											Hydrophone_Streamer											SeismicSource_Gun_Air						420	undocumented	NAD27	-121.92689	47.69346	36.21947	-125.47179	processed	hart@usgs.gov	Patrick Hart	U.S. Geological Survey	pointOfContact	Online	Seismic:Active:MCS	hart@usgs.gov	Patrick Hart	U.S. Geological Survey	pointOfContact	1975-12-31	open	https://walrus.wr.usgs.gov/namss/survey/w-18-75-np/dataset/	Unspecified	namss.W-18-75-NP.mcs.airgun.zip					dataset	Unspecified		Unspecified	371.6 MB	1974-01-01	creation	Data zip file	https://walrus.wr.usgs.gov/namss/data/1975/namss.W-18-75-NP.mcs.airgun.zip										Washington	Migration, Stack	Seismic:Reflection		hart@usgs.gov	Patrick Hart	U.S. Geological Survey	pointOfContact	DigitalSeg:DigitallyAcquired		1975-12-31	1974-01-01	2016-05-23	ptriezenberg@usgs.gov	Peter Triezenberg	U.S. Geological Survey	pointOfContact	2018-03-16	Seismic Metadata v.1
	digital											Hydrophone_Streamer											SeismicSource_Gun_Air						410	undocumented	NAD27	-147.53359	71.68176	70.51044	-153.35563	processed	hart@usgs.gov	Patrick Hart	U.S. Geological Survey	pointOfContact	Online	Seismic:Active:MCS	hart@usgs.gov	Patrick Hart	U.S. Geological Survey	pointOfContact	1977-12-31	open	https://walrus.wr.usgs.gov/namss/survey/w-18-77-ar/dataset/	Unspecified	namss.W-18-77-AR.mcs.airgun.zip					dataset	Unspecified		Unspecified	780.6 MB	1977-01-01	creation	Data zip file	https://walrus.wr.usgs.gov/namss/data/1977/namss.W-18-77-AR.mcs.airgun.zip										Beaufort Sea	Migration, Stack	Seismic:Reflection		hart@usgs.gov	Patrick Hart	U.S. Geological Survey	pointOfContact	DigitalSeg:DigitallyAcquired		1977-12-31	1977-01-01	2016-05-23	ptriezenberg@usgs.gov	Peter Triezenberg	U.S. Geological Survey	pointOfContact	2018-03-16	Seismic Metadata v.1
	digital											Hydrophone_Streamer											SeismicSource_Gun_Air						420	undocumented	NAD27	-145.54103	70.65157	70.17866	-149.69287	processed	hart@usgs.gov	Patrick Hart	U.S. Geological Survey	pointOfContact	Online	Seismic:Active:MCS	hart@usgs.gov	Patrick Hart	U.S. Geological Survey	pointOfContact	1978-09-30	open	https://walrus.wr.usgs.gov/namss/survey/w-19-78-ar/dataset/	Unspecified	namss.W-19-78-AR.mcs.airgun.zip					dataset	Unspecified		Unspecified	275.9 MB	1978-09-01	creation	Data zip file	https://walrus.wr.usgs.gov/namss/data/1978/namss.W-19-78-AR.mcs.airgun.zip										Beaufort Sea	Migration, Other, Stack	Seismic:Reflection, Seismic:Velocity		hart@usgs.gov	Patrick Hart	U.S. Geological Survey	pointOfContact	DigitalSeg:DigitallyAcquired		1978-09-30	1978-09-01	2016-05-23	ptriezenberg@usgs.gov	Peter Triezenberg	U.S. Geological Survey	pointOfContact	2018-03-16	Seismic Metadata v.1
	digital											Hydrophone_Streamer											SeismicSource_Gun_Air						CSV	no	WGS84	-79.97505	25.86359	25.45895	-80.21400	processed	jdixon@usgs.gov	Joann Dixon	U.S. Geological Survey	originator	Online	Seismic:Active:MCS	hart@usgs.gov	Patrick Hart	U.S. Geological Survey	pointOfContact	2020-11-06	open	https://walrus.wr.usgs.gov/namss/survey/w-2-11-fl/dataset/	Unspecified	namss.W-2-11-FL.mcs.airgun.zip					dataset	Unspecified		Unspecified	7.4 MB	2011-01-01	creation	Dataset zip file	https://walrus.wr.usgs.gov/namss/data/2011/namss.W-2-11-FL.mcs.airgun.zip										Florida	Stack	Seismic:Reflection		kcunning@usgs.gov	Kevin J. Cunningham	U.S. Geological Survey	principalInvestigator	DigitalSeg:DigitallyAcquired		2011-01-01	2011-01-01	2020-11-06	ptriezenberg@usgs.gov	Peter Triezenberg	U.S. Geological Survey	pointOfContact	2020-11-30	Seismic Metadata v.1
	digital											Hydrophone_Streamer											SeismicSource_Gun_Air						420	undocumented	NAD27	-122.31601	48.96930	47.11307	-123.22994	processed	hart@usgs.gov	Patrick Hart	U.S. Geological Survey	pointOfContact	Online	Seismic:Active:MCS	hart@usgs.gov	Patrick Hart	U.S. Geological Survey	pointOfContact	1971-06-04	open	https://walrus.wr.usgs.gov/namss/survey/w-2-70-ps/dataset/	Unspecified	namss.W-2-70-PS.mcs.airgun.zip					dataset	Unspecified		Unspecified	139.8 MB	1971-02-11	creation	Data zip file	https://walrus.wr.usgs.gov/namss/data/1970/namss.W-2-70-PS.mcs.airgun.zip										Washington	Stack	Seismic:Reflection		hart@usgs.gov	Patrick Hart	U.S. Geological Survey	pointOfContact	DigitalSeg:DigitallyAcquired		1971-06-04	1971-02-11	2016-05-23	ptriezenberg@usgs.gov	Peter Triezenberg	U.S. Geological Survey	pointOfContact	2018-03-16	Seismic Metadata v.1
	digital											Hydrophone_Streamer											SeismicSource_Gun_Air						420	undocumented	NAD27	-117.18103	34.07733	32.50793	-119.40452	processed	hart@usgs.gov	Patrick Hart	U.S. Geological Survey	pointOfContact	Online	Seismic:Active:MCS	hart@usgs.gov	Patrick Hart	U.S. Geological Survey	pointOfContact	1970-12-31	open	https://walrus.wr.usgs.gov/namss/survey/w-2-70-sc/dataset/	Unspecified	namss.W-2-70-SC.mcs.airgun.zip					dataset	Unspecified		Unspecified	146.9 MB	1969-01-01	creation	Data zip file	https://walrus.wr.usgs.gov/namss/data/1970/namss.W-2-70-SC.mcs.airgun.zip										Southern California	Migration, Stack	Seismic:Reflection		hart@usgs.gov	Patrick Hart	U.S. Geological Survey	pointOfContact	DigitalSeg:DigitallyAcquired		1970-12-31	1969-01-01	2016-05-23	ptriezenberg@usgs.gov	Peter Triezenberg	U.S. Geological Survey	pointOfContact	2018-03-16	Seismic Metadata v.1
	digital											Hydrophone_Streamer											SeismicSource_Gun_Air						420	undocumented	NAD27	-151.83409	59.95388	58.85765	-153.77489	processed	hart@usgs.gov	Patrick Hart	U.S. Geological Survey	pointOfContact	Online	Seismic:Active:MCS	hart@usgs.gov	Patrick Hart	U.S. Geological Survey	pointOfContact	1975-07-31	open	https://walrus.wr.usgs.gov/namss/survey/w-2-75-wg/dataset/	Unspecified	namss.W-2-75-WG.mcs.airgun.zip					dataset	Unspecified		Unspecified	1.4 GB	1975-06-01	creation	Data zip file	https://walrus.wr.usgs.gov/namss/data/1975/namss.W-2-75-WG.mcs.airgun.zip										Western Gulf of Alaska	Migration, Other, Stack	Seismic:Reflection, Seismic:Velocity		hart@usgs.gov	Patrick Hart	U.S. Geological Survey	pointOfContact	DigitalSeg:DigitallyAcquired		1975-07-31	1975-06-01	2016-05-23	ptriezenberg@usgs.gov	Peter Triezenberg	U.S. Geological Survey	pointOfContact	2018-03-16	Seismic Metadata v.1
	digital											Hydrophone_Streamer											SeismicSource_Gun_Air						420	undocumented	NAD27	-66.00376	41.66749	40.15259	-70.19787	processed	hart@usgs.gov	Patrick Hart	U.S. Geological Survey	pointOfContact	Online	Seismic:Active:MCS	hart@usgs.gov	Patrick Hart	U.S. Geological Survey	pointOfContact	1977-12-31	open	https://walrus.wr.usgs.gov/namss/survey/w-2-77-gk/dataset/	Unspecified	namss.W-2-77-GK.mcs.airgun.zip					dataset	Unspecified		Unspecified	253.3 MB	1977-01-01	creation	Data zip file	https://walrus.wr.usgs.gov/namss/data/1977/namss.W-2-77-GK.mcs.airgun.zip										Atlantic Ocean	Stack	Seismic:Reflection		hart@usgs.gov	Patrick Hart	U.S. Geological Survey	pointOfContact	DigitalSeg:DigitallyAcquired		1977-12-31	1977-01-01	2016-05-23	ptriezenberg@usgs.gov	Peter Triezenberg	U.S. Geological Survey	pointOfContact	2018-03-16	Seismic Metadata v.1
	digital											Hydrophone_Streamer											SeismicSource_Gun_Air						410	undocumented	NAD27	-78.89267	42.82184	41.44682	-82.41347	processed	hart@usgs.gov	Patrick Hart	U.S. Geological Survey	pointOfContact	Online	Seismic:Active:MCS	hart@usgs.gov	Patrick Hart	U.S. Geological Survey	pointOfContact	1977-12-31	open	https://walrus.wr.usgs.gov/namss/survey/w-2-77-le/dataset/	Unspecified	namss.W-2-77-LE.mcs.airgun.zip					dataset	Unspecified		Unspecified	2.4 GB	1977-01-01	creation	Data zip file	https://walrus.wr.usgs.gov/namss/data/1977/namss.W-2-77-LE.mcs.airgun.zip										Lake Erie	Stack	Seismic:Reflection		hart@usgs.gov	Patrick Hart	U.S. Geological Survey	pointOfContact	DigitalSeg:DigitallyAcquired		1977-12-31	1977-01-01	2016-05-23	ptriezenberg@usgs.gov	Peter Triezenberg	U.S. Geological Survey	pointOfContact	2018-03-16	Seismic Metadata v.1
	digital											Other											Other						420	undocumented	WGS84	-109.07117	42.07958	41.66406	-109.72692	processed	hart@usgs.gov	Patrick Hart	U.S. Geological Survey	pointOfContact	Online	Seismic:Active:MCS	hart@usgs.gov	Patrick Hart	U.S. Geological Survey	pointOfContact	1991-08-31	open	https://walrus.wr.usgs.gov/namss/survey/w-2-91-wy/dataset/	Unspecified	namss.W-2-91-WY.mcs.airgun.zip					dataset	Unspecified		Unspecified	281.3 MB	1991-08-01	creation	Data zip file	https://walrus.wr.usgs.gov/namss/data/1991/namss.W-2-91-WY.mcs.airgun.zip										Wyoming	Migration, Stack	Seismic:Reflection		hart@usgs.gov	Patrick Hart	U.S. Geological Survey	pointOfContact	DigitalSeg:DigitallyAcquired		1991-08-31	1991-08-01	2016-05-23	ptriezenberg@usgs.gov	Peter Triezenberg	U.S. Geological Survey	pointOfContact	2018-09-17	Seismic Metadata v.1
	digital											Hydrophone_Streamer											SeismicSource_Gun_Air						420	undocumented	NAD27	-145.58970	70.70978	70.20916	-149.28421	processed	hart@usgs.gov	Patrick Hart	U.S. Geological Survey	pointOfContact	Online	Seismic:Active:MCS	hart@usgs.gov	Patrick Hart	U.S. Geological Survey	pointOfContact	1979-12-31	open	https://walrus.wr.usgs.gov/namss/survey/w-20-79-ar/dataset/	Unspecified	namss.W-20-79-AR.mcs.airgun.zip					dataset	Unspecified		Unspecified	98.0 MB	1979-01-01	creation	Data zip file	https://walrus.wr.usgs.gov/namss/data/1979/namss.W-20-79-AR.mcs.airgun.zip										Beaufort Sea	Migration, Other, Stack	Seismic:Reflection, Seismic:Velocity		hart@usgs.gov	Patrick Hart	U.S. Geological Survey	pointOfContact	DigitalSeg:DigitallyAcquired		1979-12-31	1979-01-01	2016-05-23	ptriezenberg@usgs.gov	Peter Triezenberg	U.S. Geological Survey	pointOfContact	2018-03-16	Seismic Metadata v.1
	digital											Hydrophone_Streamer											SeismicSource_Gun_Air						420	undocumented	NAD27	-163.05613	64.31463	62.96968	-167.13031	processed	hart@usgs.gov	Patrick Hart	U.S. Geological Survey	pointOfContact	Online	Seismic:Active:MCS	hart@usgs.gov	Patrick Hart	U.S. Geological Survey	pointOfContact	1980-06-30	open	https://walrus.wr.usgs.gov/namss/survey/w-21-80-bs/dataset/	Unspecified	namss.W-21-80-BS.mcs.airgun.zip					dataset	Unspecified		Unspecified	834.1 MB	1980-06-01	creation	Data zip file	https://walrus.wr.usgs.gov/namss/data/1980/namss.W-21-80-BS.mcs.airgun.zip										Bering Sea	Migration, Other, Stack	Seismic:Reflection, Seismic:Velocity		hart@usgs.gov	Patrick Hart	U.S. Geological Survey	pointOfContact	DigitalSeg:DigitallyAcquired		1980-06-30	1980-06-01	2016-05-23	ptriezenberg@usgs.gov	Peter Triezenberg	U.S. Geological Survey	pointOfContact	2018-03-16	Seismic Metadata v.1
	digital											Hydrophone_Streamer											SeismicSource_Gun_Air						410	undocumented	NAD27	-120.66818	41.13007	34.47043	-124.96610	processed	hart@usgs.gov	Patrick Hart	U.S. Geological Survey	pointOfContact	Online	Seismic:Active:MCS	hart@usgs.gov	Patrick Hart	U.S. Geological Survey	pointOfContact	1979-12-31	open	https://walrus.wr.usgs.gov/namss/survey/w-22-79-np/dataset/	Unspecified	namss.W-22-79-NP.mcs.airgun.zip					dataset	Unspecified		Unspecified	1.7 GB	1979-01-01	creation	Data zip file	https://walrus.wr.usgs.gov/namss/data/1979/namss.W-22-79-NP.mcs.airgun.zip										Northern California	Migration, Stack	Seismic:Reflection		hart@usgs.gov	Patrick Hart	U.S. Geological Survey	pointOfContact	DigitalSeg:DigitallyAcquired		1979-12-31	1979-01-01	2016-05-23	ptriezenberg@usgs.gov	Peter Triezenberg	U.S. Geological Survey	pointOfContact	2018-03-16	Seismic Metadata v.1
	digital											Hydrophone_Streamer											SeismicSource_Gun_Air						420	undocumented	NAD27	-119.12334	34.56151	33.77450	-120.97310	processed	hart@usgs.gov	Patrick Hart	U.S. Geological Survey	pointOfContact	Online	Seismic:Active:MCS	hart@usgs.gov	Patrick Hart	U.S. Geological Survey	pointOfContact	1981-11-30	open	https://walrus.wr.usgs.gov/namss/survey/w-23-81-sc/dataset/	Unspecified	namss.W-23-81-SC.mcs.airgun.zip					dataset	Unspecified		Unspecified	739.3 MB	1981-11-01	creation	Data zip file	https://walrus.wr.usgs.gov/namss/data/1981/namss.W-23-81-SC.mcs.airgun.zip										Southern California	Migration, Other, Stack	Seismic:Reflection, Seismic:Velocity		hart@usgs.gov	Patrick Hart	U.S. Geological Survey	pointOfContact	DigitalSeg:DigitallyAcquired		1981-11-30	1981-11-01	2016-05-23	ptriezenberg@usgs.gov	Peter Triezenberg	U.S. Geological Survey	pointOfContact	2018-03-16	Seismic Metadata v.1
	digital											Hydrophone_Streamer											SeismicSource_Gun_Air						420	undocumented	NAD27	-148.97288	71.08428	70.49585	-153.23311	processed	hart@usgs.gov	Patrick Hart	U.S. Geological Survey	pointOfContact	Online	Seismic:Active:MCS	hart@usgs.gov	Patrick Hart	U.S. Geological Survey	pointOfContact	1980-09-30	open	https://walrus.wr.usgs.gov/namss/survey/w-25-80-ar/dataset/	Unspecified	namss.W-25-80-AR.mcs.airgun.zip					dataset	Unspecified		Unspecified	382.1 MB	1980-08-01	creation	Data zip file	https://walrus.wr.usgs.gov/namss/data/1980/namss.W-25-80-AR.mcs.airgun.zip										Beaufort Sea	Migration, Other, Stack	Seismic:Reflection, Seismic:Velocity		hart@usgs.gov	Patrick Hart	U.S. Geological Survey	pointOfContact	DigitalSeg:DigitallyAcquired		1980-09-30	1980-08-01	2016-05-23	ptriezenberg@usgs.gov	Peter Triezenberg	U.S. Geological Survey	pointOfContact	2018-03-16	Seismic Metadata v.1
	digital											Hydrophone_Streamer											SeismicSource_Gun_Air						410	undocumented	NAD27	-152.38086	59.64762	57.94947	-154.10612	processed	hart@usgs.gov	Patrick Hart	U.S. Geological Survey	pointOfContact	Online	Seismic:Active:MCS	hart@usgs.gov	Patrick Hart	U.S. Geological Survey	pointOfContact	1980-10-31	open	https://walrus.wr.usgs.gov/namss/survey/w-26-80-wg/dataset/	Unspecified	namss.W-26-80-WG.mcs.airgun.zip					dataset	Unspecified		Unspecified	1.1 GB	1980-10-01	creation	Data zip file	https://walrus.wr.usgs.gov/namss/data/1980/namss.W-26-80-WG.mcs.airgun.zip										Gulf of Alaska	Migration, Other, Stack	Seismic:Reflection, Seismic:Velocity		hart@usgs.gov	Patrick Hart	U.S. Geological Survey	pointOfContact	DigitalSeg:DigitallyAcquired		1980-10-31	1980-10-01	2016-05-23	ptriezenberg@usgs.gov	Peter Triezenberg	U.S. Geological Survey	pointOfContact	2018-03-16	Seismic Metadata v.1
	digital											Hydrophone_Streamer											SeismicSource_Gun_Air						420	undocumented	NAD27	-118.94250	46.27271	45.54354	-124.33474	processed	hart@usgs.gov	Patrick Hart	U.S. Geological Survey	pointOfContact	Online	Seismic:Active:MCS	hart@usgs.gov	Patrick Hart	U.S. Geological Survey	pointOfContact	1980-02-29	open	https://walrus.wr.usgs.gov/namss/survey/w-26-80-wo/dataset/	Unspecified	namss.W-26-80-WO.mcs.airgun.zip					dataset	Unspecified		Unspecified	113.4 MB	1980-02-01	creation	Data zip file	https://walrus.wr.usgs.gov/namss/data/1980/namss.W-26-80-WO.mcs.airgun.zip										Washington	Migration, Other, Stack	Seismic:Reflection, Seismic:Velocity		hart@usgs.gov	Patrick Hart	U.S. Geological Survey	pointOfContact	DigitalSeg:DigitallyAcquired		1980-02-29	1980-02-01	2016-05-23	ptriezenberg@usgs.gov	Peter Triezenberg	U.S. Geological Survey	pointOfContact	2018-03-16	Seismic Metadata v.1
	digital											Hydrophone_Streamer											SeismicSource_Gun_Air						420	undocumented	NAD27	-155.43798	72.30942	67.35073	-169.26208	processed	hart@usgs.gov	Patrick Hart	U.S. Geological Survey	pointOfContact	Online	Seismic:Active:MCS	hart@usgs.gov	Patrick Hart	U.S. Geological Survey	pointOfContact	1981-09-30	open	https://walrus.wr.usgs.gov/namss/survey/w-27-81-cs/dataset/	Unspecified	namss.W-27-81-CS.mcs.airgun.zip					dataset	Unspecified		Unspecified	2.1 GB	1981-08-01	creation	Data zip file	https://walrus.wr.usgs.gov/namss/data/1981/namss.W-27-81-CS.mcs.airgun.zip										Chukchi Sea	Migration, Other, Stack	Seismic:Reflection, Seismic:Velocity		hart@usgs.gov	Patrick Hart	U.S. Geological Survey	pointOfContact	DigitalSeg:DigitallyAcquired		1981-09-30	1981-08-01	2016-05-23	ptriezenberg@usgs.gov	Peter Triezenberg	U.S. Geological Survey	pointOfContact	2018-03-16	Seismic Metadata v.1
	digital											Hydrophone_Streamer											SeismicSource_Gun_Air						420	undocumented	NAD27	-124.03863	48.54437	42.28041	-125.40756	processed	hart@usgs.gov	Patrick Hart	U.S. Geological Survey	pointOfContact	Online	Seismic:Active:MCS	hart@usgs.gov	Patrick Hart	U.S. Geological Survey	pointOfContact	1980-02-29	open	https://walrus.wr.usgs.gov/namss/survey/w-29-80-wo/dataset/	Unspecified	namss.W-29-80-WO.mcs.airgun.zip					dataset	Unspecified		Unspecified	1.4 GB	1980-08-01	creation	Data zip file	https://walrus.wr.usgs.gov/namss/data/1980/namss.W-29-80-WO.mcs.airgun.zip										Washington	Migration, Other, Stack	Seismic:Reflection, Seismic:Velocity		hart@usgs.gov	Patrick Hart	U.S. Geological Survey	pointOfContact	DigitalSeg:DigitallyAcquired		1980-02-29	1980-08-01	2016-05-23	ptriezenberg@usgs.gov	Peter Triezenberg	U.S. Geological Survey	pointOfContact	2018-03-16	Seismic Metadata v.1
	digital											Hydrophone_Streamer											SeismicSource_Gun_Air						420	undocumented	NAD27	-160.38319	70.74950	54.20051	-171.68041	processed	hart@usgs.gov	Patrick Hart	U.S. Geological Survey	pointOfContact	Online	Seismic:Active:MCS	hart@usgs.gov	Patrick Hart	U.S. Geological Survey	pointOfContact	1969-10-31	open	https://walrus.wr.usgs.gov/namss/survey/w-3-69-bs/dataset/	Unspecified	namss.W-3-69-BS.mcs.airgun.zip					dataset	Unspecified		Unspecified	159.1 MB	1969-08-01	creation	Data zip file	https://walrus.wr.usgs.gov/namss/data/1969/namss.W-3-69-BS.mcs.airgun.zip										Chukchi Sea	Stack	Seismic:Reflection		hart@usgs.gov	Patrick Hart	U.S. Geological Survey	pointOfContact	DigitalSeg:DigitallyAcquired		1969-10-31	1969-08-01	2016-05-23	ptriezenberg@usgs.gov	Peter Triezenberg	U.S. Geological Survey	pointOfContact	2018-03-16	Seismic Metadata v.1
	digital											Hydrophone_Streamer											SeismicSource_Gun_Air						420	undocumented	NAD27	-117.18895	33.42019	32.44359	-118.73125	processed	hart@usgs.gov	Patrick Hart	U.S. Geological Survey	pointOfContact	Online	Seismic:Active:MCS	hart@usgs.gov	Patrick Hart	U.S. Geological Survey	pointOfContact	1975-12-31	open	https://walrus.wr.usgs.gov/namss/survey/w-3-75-sc/dataset/	Unspecified	namss.W-3-75-SC.mcs.airgun.zip					dataset	Unspecified		Unspecified	479.8 MB	1974-01-01	creation	Data zip file	https://walrus.wr.usgs.gov/namss/data/1975/namss.W-3-75-SC.mcs.airgun.zip										Southern California	Migration, Other, Stack	Seismic:Reflection, Seismic:Velocity		hart@usgs.gov	Patrick Hart	U.S. Geological Survey	pointOfContact	DigitalSeg:DigitallyAcquired		1975-12-31	1974-01-01	2016-05-23	ptriezenberg@usgs.gov	Peter Triezenberg	U.S. Geological Survey	pointOfContact	2018-03-16	Seismic Metadata v.1
	digital											Hydrophone_Streamer											SeismicSource_Gun_Air						410	undocumented	NAD27	-69.84445	12.85333	12.28256	-70.42700	processed	hart@usgs.gov	Patrick Hart	U.S. Geological Survey	pointOfContact	Online	Seismic:Active:MCS	hart@usgs.gov	Patrick Hart	U.S. Geological Survey	pointOfContact	1979-12-31	open	https://walrus.wr.usgs.gov/namss/survey/w-3-79-cb/dataset/	Unspecified	namss.W-3-79-CB.mcs.airgun.zip					dataset	Unspecified		Unspecified	222.4 MB	1979-01-01	creation	Data zip file	https://walrus.wr.usgs.gov/namss/data/1979/namss.W-3-79-CB.mcs.airgun.zip										Caribbean Sea	Migration, Stack	Seismic:Reflection		hart@usgs.gov	Patrick Hart	U.S. Geological Survey	pointOfContact	DigitalSeg:DigitallyAcquired		1979-12-31	1979-01-01	2016-05-23	ptriezenberg@usgs.gov	Peter Triezenberg	U.S. Geological Survey	pointOfContact	2018-03-16	Seismic Metadata v.1
	digital											Hydrophone_Streamer											SeismicSource_Gun_Air						420	undocumented	NAD27	-66.86174	40.87930	39.58548	-70.94286	processed	hart@usgs.gov	Patrick Hart	U.S. Geological Survey	pointOfContact	Online	Seismic:Active:MCS	hart@usgs.gov	Patrick Hart	U.S. Geological Survey	pointOfContact	1981-12-31	open	https://walrus.wr.usgs.gov/namss/survey/w-3-81-na/dataset/	Unspecified	namss.W-3-81-NA.mcs.airgun.zip					dataset	Unspecified		Unspecified	958.1 MB	1981-01-01	creation	Data zip file	https://walrus.wr.usgs.gov/namss/data/1981/namss.W-3-81-NA.mcs.airgun.zip										Atlantic Ocean	Stack	Seismic:Reflection		hart@usgs.gov	Patrick Hart	U.S. Geological Survey	pointOfContact	DigitalSeg:DigitallyAcquired		1981-12-31	1981-01-01	2016-05-23	ptriezenberg@usgs.gov	Peter Triezenberg	U.S. Geological Survey	pointOfContact	2018-03-16	Seismic Metadata v.1
	digital											Other											Other						420	undocumented	WGS84	-109.45697	41.81592	41.54886	-109.74419	processed	hart@usgs.gov	Patrick Hart	U.S. Geological Survey	pointOfContact	Online	Seismic:Active:MCS	hart@usgs.gov	Patrick Hart	U.S. Geological Survey	pointOfContact	1991-08-31	open	https://walrus.wr.usgs.gov/namss/survey/w-3-91-wy/dataset/	Unspecified	namss.W-3-91-WY.mcs.airgun.zip					dataset	Unspecified		Unspecified	172.9 MB	1991-08-01	creation	Data zip file	https://walrus.wr.usgs.gov/namss/data/1991/namss.W-3-91-WY.mcs.airgun.zip										Wyoming	Migration, Stack	Seismic:Reflection		hart@usgs.gov	Patrick Hart	U.S. Geological Survey	pointOfContact	DigitalSeg:DigitallyAcquired		1991-08-31	1991-08-01	2016-05-23	ptriezenberg@usgs.gov	Peter Triezenberg	U.S. Geological Survey	pointOfContact	2018-09-17	Seismic Metadata v.1
	digital											Hydrophone_Streamer											SeismicSource_Gun_Air						420	undocumented	NAD27	-164.22401	68.55579	66.17434	-169.32354	processed	hart@usgs.gov	Patrick Hart	U.S. Geological Survey	pointOfContact	Online	Seismic:Active:MCS	hart@usgs.gov	Patrick Hart	U.S. Geological Survey	pointOfContact	1981-07-31	open	https://walrus.wr.usgs.gov/namss/survey/w-30-81-cs/dataset/	Unspecified	namss.W-30-81-CS.mcs.airgun.zip					dataset	Unspecified		Unspecified	565.8 MB	1981-07-01	creation	Data zip file	https://walrus.wr.usgs.gov/namss/data/1981/namss.W-30-81-CS.mcs.airgun.zip											Migration, Other, Stack	Seismic:Reflection, Seismic:Velocity		hart@usgs.gov	Patrick Hart	U.S. Geological Survey	pointOfContact	DigitalSeg:DigitallyAcquired		1981-07-31	1981-07-01	2016-05-23	ptriezenberg@usgs.gov	Peter Triezenberg	U.S. Geological Survey	pointOfContact	2018-03-16	Seismic Metadata v.1
	digital											Hydrophone_Streamer											SeismicSource_Gun_Air						420	undocumented	NAD27	-117.75797	34.11419	32.38580	-119.67927	processed	hart@usgs.gov	Patrick Hart	U.S. Geological Survey	pointOfContact	Online	Seismic:Active:MCS	hart@usgs.gov	Patrick Hart	U.S. Geological Survey	pointOfContact	1981-01-31	open	https://walrus.wr.usgs.gov/namss/survey/w-30-81-sc/dataset/	Unspecified	namss.W-30-81-SC.mcs.airgun.zip					dataset	Unspecified		Unspecified	1.5 GB	1981-01-01	creation	Data zip file	https://walrus.wr.usgs.gov/namss/data/1981/namss.W-30-81-SC.mcs.airgun.zip										Southern California	Migration, Other, Stack	Seismic:Reflection, Seismic:Velocity		hart@usgs.gov	Patrick Hart	U.S. Geological Survey	pointOfContact	DigitalSeg:DigitallyAcquired		1981-01-31	1981-01-01	2016-05-23	ptriezenberg@usgs.gov	Peter Triezenberg	U.S. Geological Survey	pointOfContact	2018-03-16	Seismic Metadata v.1
	digital											Hydrophone_Streamer											SeismicSource_Gun_Air						420	undocumented	NAD27	-164.87248	56.82072	55.23462	-168.69039	processed	hart@usgs.gov	Patrick Hart	U.S. Geological Survey	pointOfContact	Online	Seismic:Active:MCS	hart@usgs.gov	Patrick Hart	U.S. Geological Survey	pointOfContact	1981-10-31	open	https://walrus.wr.usgs.gov/namss/survey/w-31-81-bs/dataset/	Unspecified	namss.W-31-81-BS.mcs.airgun.zip					dataset	Unspecified		Unspecified	1.2 GB	1981-05-01	creation	Data zip file	https://walrus.wr.usgs.gov/namss/data/1981/namss.W-31-81-BS.mcs.airgun.zip										Bering Sea	Migration, Other, Stack	Seismic:Reflection, Seismic:Velocity		hart@usgs.gov	Patrick Hart	U.S. Geological Survey	pointOfContact	DigitalSeg:DigitallyAcquired		1981-10-31	1981-05-01	2016-05-23	ptriezenberg@usgs.gov	Peter Triezenberg	U.S. Geological Survey	pointOfContact	2018-03-16	Seismic Metadata v.1
	digital											Hydrophone_Streamer											SeismicSource_Gun_Air						420	undocumented	NAD27	-117.17467	33.52377	32.41970	-118.02951	processed	hart@usgs.gov	Patrick Hart	U.S. Geological Survey	pointOfContact	Online	Seismic:Active:MCS	hart@usgs.gov	Patrick Hart	U.S. Geological Survey	pointOfContact	1981-12-31	open	https://walrus.wr.usgs.gov/namss/survey/w-31-81-sc/dataset/	Unspecified	namss.W-31-81-SC.mcs.airgun.zip					dataset	Unspecified		Unspecified	1.1 GB	1981-12-01	creation	Data zip file	https://walrus.wr.usgs.gov/namss/data/1981/namss.W-31-81-SC.mcs.airgun.zip										Southern California	Migration, Other, Stack	Seismic:Reflection, Seismic:Velocity		hart@usgs.gov	Patrick Hart	U.S. Geological Survey	pointOfContact	DigitalSeg:DigitallyAcquired		1981-12-31	1981-12-01	2016-05-23	ptriezenberg@usgs.gov	Peter Triezenberg	U.S. Geological Survey	pointOfContact	2018-03-16	Seismic Metadata v.1
	digital											Hydrophone_Streamer											SeismicSource_Gun_Air						420	undocumented	NAD27	-120.92091	36.32857	35.04152	-122.31209	processed	hart@usgs.gov	Patrick Hart	U.S. Geological Survey	pointOfContact	Online	Seismic:Active:MCS	hart@usgs.gov	Patrick Hart	U.S. Geological Survey	pointOfContact	1982-03-31	open	https://walrus.wr.usgs.gov/namss/survey/w-32-82-cc/dataset/	Unspecified	namss.W-32-82-CC.mcs.airgun.zip					dataset	Unspecified		Unspecified	2.1 GB	1982-03-01	creation	Data zip file	https://walrus.wr.usgs.gov/namss/data/1982/namss.W-32-82-CC.mcs.airgun.zip										Central California	Migration, Other, Stack	Seismic:Reflection, Seismic:Velocity		hart@usgs.gov	Patrick Hart	U.S. Geological Survey	pointOfContact	DigitalSeg:DigitallyAcquired		1982-03-31	1982-03-01	2016-05-23	ptriezenberg@usgs.gov	Peter Triezenberg	U.S. Geological Survey	pointOfContact	2018-03-16	Seismic Metadata v.1
	digital											Hydrophone_Streamer											SeismicSource_Gun_Air						420	undocumented	NAD27	-144.00913	70.25298	69.98958	-145.97733	processed	hart@usgs.gov	Patrick Hart	U.S. Geological Survey	pointOfContact	Online	Seismic:Active:MCS	hart@usgs.gov	Patrick Hart	U.S. Geological Survey	pointOfContact	1981-02-28	open	https://walrus.wr.usgs.gov/namss/survey/w-33-81-ar/dataset/	Unspecified	namss.W-33-81-AR.mcs.airgun.zip					dataset	Unspecified		Unspecified	69.8 MB	1981-01-01	creation	Data zip file	https://walrus.wr.usgs.gov/namss/data/1981/namss.W-33-81-AR.mcs.airgun.zip										Arctic Ocean	Migration, Other, Stack	Seismic:Reflection, Seismic:Velocity		hart@usgs.gov	Patrick Hart	U.S. Geological Survey	pointOfContact	DigitalSeg:DigitallyAcquired		1981-02-28	1981-01-01	2016-05-23	ptriezenberg@usgs.gov	Peter Triezenberg	U.S. Geological Survey	pointOfContact	2018-03-16	Seismic Metadata v.1
	digital											Hydrophone_Streamer											SeismicSource_Gun_Air						420	undocumented	NAD27	-119.30509	34.26347	33.44707	-120.77143	processed	hart@usgs.gov	Patrick Hart	U.S. Geological Survey	pointOfContact	Online	Seismic:Active:MCS	hart@usgs.gov	Patrick Hart	U.S. Geological Survey	pointOfContact	1982-01-31	open	https://walrus.wr.usgs.gov/namss/survey/w-33-82-sc/dataset/	Unspecified	namss.W-33-82-SC.mcs.airgun.zip					dataset	Unspecified		Unspecified	1.2 GB	1982-01-01	creation	Data zip file	https://walrus.wr.usgs.gov/namss/data/1982/namss.W-33-82-SC.mcs.airgun.zip										Southern California	Migration, Other, Stack	Seismic:Reflection, Seismic:Velocity		hart@usgs.gov	Patrick Hart	U.S. Geological Survey	pointOfContact	DigitalSeg:DigitallyAcquired		1982-01-31	1982-01-01	2016-05-23	ptriezenberg@usgs.gov	Peter Triezenberg	U.S. Geological Survey	pointOfContact	2018-03-16	Seismic Metadata v.1
	digital											Hydrophone_Streamer											SeismicSource_Gun_Air						410	undocumented	NAD27	-154.13863	57.99089	56.13956	-157.03770	processed	hart@usgs.gov	Patrick Hart	U.S. Geological Survey	pointOfContact	Online	Seismic:Active:MCS	hart@usgs.gov	Patrick Hart	U.S. Geological Survey	pointOfContact	1982-11-30	open	https://walrus.wr.usgs.gov/namss/survey/w-34-82-aa/dataset/	Unspecified	namss.W-34-82-AA.mcs.airgun.zip					dataset	Unspecified		Unspecified	973.7 MB	1982-05-01	creation	Data zip file	https://walrus.wr.usgs.gov/namss/data/1982/namss.W-34-82-AA.mcs.airgun.zip										Aleutian Arc	Migration, Other, Stack	Seismic:Reflection, Seismic:Velocity		hart@usgs.gov	Patrick Hart	U.S. Geological Survey	pointOfContact	DigitalSeg:DigitallyAcquired		1982-11-30	1982-05-01	2016-05-23	ptriezenberg@usgs.gov	Peter Triezenberg	U.S. Geological Survey	pointOfContact	2018-03-16	Seismic Metadata v.1
	digital											Hydrophone_Streamer											SeismicSource_Gun_Air						420	undocumented	NAD27	-121.84455	37.05357	36.08831	-122.64597	processed	hart@usgs.gov	Patrick Hart	U.S. Geological Survey	pointOfContact	Online	Seismic:Active:MCS	hart@usgs.gov	Patrick Hart	U.S. Geological Survey	pointOfContact	1982-04-30	open	https://walrus.wr.usgs.gov/namss/survey/w-34-82-mb/dataset/	Unspecified	namss.W-34-82-MB.mcs.airgun.zip					dataset	Unspecified		Unspecified	1.2 GB	1982-04-01	creation	Data zip file	https://walrus.wr.usgs.gov/namss/data/1982/namss.W-34-82-MB.mcs.airgun.zip										Monterey Bay	Migration, Other, Stack	Seismic:Reflection, Seismic:Velocity		hart@usgs.gov	Patrick Hart	U.S. Geological Survey	pointOfContact	DigitalSeg:DigitallyAcquired		1982-04-30	1982-04-01	2016-05-23	ptriezenberg@usgs.gov	Peter Triezenberg	U.S. Geological Survey	pointOfContact	2018-03-16	Seismic Metadata v.1
	digital											Hydrophone_Streamer											SeismicSource_Gun_Air						420	undocumented	NAD27	-122.67168	41.99367	37.09370	-124.77507	processed	hart@usgs.gov	Patrick Hart	U.S. Geological Survey	pointOfContact	Online	Seismic:Active:MCS	hart@usgs.gov	Patrick Hart	U.S. Geological Survey	pointOfContact	1983-01-31	open	https://walrus.wr.usgs.gov/namss/survey/w-35-82-nc/dataset/	Unspecified	namss.W-35-82-NC.mcs.airgun.zip					dataset	Unspecified		Unspecified	2.4 GB	1982-12-01	creation	Data zip file	https://walrus.wr.usgs.gov/namss/data/1982/namss.W-35-82-NC.mcs.airgun.zip										Northern California	Migration, Other, Stack	Seismic:Reflection, Seismic:Velocity		hart@usgs.gov	Patrick Hart	U.S. Geological Survey	pointOfContact	DigitalSeg:DigitallyAcquired		1983-01-31	1982-12-01	2016-05-23	ptriezenberg@usgs.gov	Peter Triezenberg	U.S. Geological Survey	pointOfContact	2018-03-16	Seismic Metadata v.1
	digital											Hydrophone_Streamer											SeismicSource_Gun_Air						420	undocumented	NAD27	-118.06252	33.97869	31.09649	-119.87513	processed	hart@usgs.gov	Patrick Hart	U.S. Geological Survey	pointOfContact	Online	Seismic:Active:MCS	hart@usgs.gov	Patrick Hart	U.S. Geological Survey	pointOfContact	1983-02-28	open	https://walrus.wr.usgs.gov/namss/survey/w-36-83-sc/dataset/	Unspecified	namss.W-36-83-SC.mcs.airgun.zip					dataset	Unspecified		Unspecified	3.3 GB	1983-02-01	creation	Data zip file	https://walrus.wr.usgs.gov/namss/data/1983/namss.W-36-83-SC.mcs.airgun.zip										Southern California	Migration, Other, Stack	Seismic:Reflection, Seismic:Velocity		hart@usgs.gov	Patrick Hart	U.S. Geological Survey	pointOfContact	DigitalSeg:DigitallyAcquired		1983-02-28	1983-02-01	2016-05-23	ptriezenberg@usgs.gov	Peter Triezenberg	U.S. Geological Survey	pointOfContact	2018-03-16	Seismic Metadata v.1
	digital											Hydrophone_Streamer											SeismicSource_Gun_Air						420	undocumented	NAD27	-119.34571	34.59476	34.02299	-121.00930	processed	hart@usgs.gov	Patrick Hart	U.S. Geological Survey	pointOfContact	Online	Seismic:Active:MCS	hart@usgs.gov	Patrick Hart	U.S. Geological Survey	pointOfContact	1984-11-30	open	https://walrus.wr.usgs.gov/namss/survey/w-37-84-sc/dataset/	Unspecified	namss.W-37-84-SC.mcs.airgun.zip					dataset	Unspecified		Unspecified	2.0 GB	1984-11-01	creation	Data zip file	https://walrus.wr.usgs.gov/namss/data/1984/namss.W-37-84-SC.mcs.airgun.zip										Southern California	Migration, Stack	Seismic:Reflection		hart@usgs.gov	Patrick Hart	U.S. Geological Survey	pointOfContact	DigitalSeg:DigitallyAcquired		1984-11-30	1984-11-01	2016-05-23	ptriezenberg@usgs.gov	Peter Triezenberg	U.S. Geological Survey	pointOfContact	2018-03-16	Seismic Metadata v.1
	digital											Hydrophone_Streamer											SeismicSource_Gun_Air						420	undocumented	NAD27	-120.67090	35.11853	34.00822	-120.98766	processed	hart@usgs.gov	Patrick Hart	U.S. Geological Survey	pointOfContact	Online	Seismic:Active:MCS	hart@usgs.gov	Patrick Hart	U.S. Geological Survey	pointOfContact	1983-03-31	open	https://walrus.wr.usgs.gov/namss/survey/w-38-83-sc/dataset/	Unspecified	namss.W-38-83-SC.mcs.airgun.zip					dataset	Unspecified		Unspecified	64.2 MB	1983-03-01	creation	Data zip file	https://walrus.wr.usgs.gov/namss/data/1983/namss.W-38-83-SC.mcs.airgun.zip										Southern California	Migration, Stack	Seismic:Reflection		hart@usgs.gov	Patrick Hart	U.S. Geological Survey	pointOfContact	DigitalSeg:DigitallyAcquired		1983-03-31	1983-03-01	2016-05-23	ptriezenberg@usgs.gov	Peter Triezenberg	U.S. Geological Survey	pointOfContact	2018-03-16	Seismic Metadata v.1
	digital											Hydrophone_Streamer											SeismicSource_Gun_Air						420	undocumented	NAD27	-124.24520	48.55914	41.71614	-125.36143	processed	hart@usgs.gov	Patrick Hart	U.S. Geological Survey	pointOfContact	Online	Seismic:Active:MCS	hart@usgs.gov	Patrick Hart	U.S. Geological Survey	pointOfContact	1985-02-28	open	https://walrus.wr.usgs.gov/namss/survey/w-39-85-wo/dataset/	Unspecified	namss.W-39-85-WO.mcs.airgun.zip					dataset	Unspecified		Unspecified	2.1 GB	1985-02-01	creation	Data zip file	https://walrus.wr.usgs.gov/namss/data/1985/namss.W-39-85-WO.mcs.airgun.zip										Washington	Migration, Stack	Seismic:Reflection		hart@usgs.gov	Patrick Hart	U.S. Geological Survey	pointOfContact	DigitalSeg:DigitallyAcquired		1985-02-28	1985-02-01	2016-05-23	ptriezenberg@usgs.gov	Peter Triezenberg	U.S. Geological Survey	pointOfContact	2018-03-16	Seismic Metadata v.1
	digital											Hydrophone_Streamer											SeismicSource_Gun_Air						420	undocumented	NAD27	-120.39654	36.52440	34.07610	-122.22449	processed	hart@usgs.gov	Patrick Hart	U.S. Geological Survey	pointOfContact	Online	Seismic:Active:MCS	hart@usgs.gov	Patrick Hart	U.S. Geological Survey	pointOfContact	1974-07-31	open	https://walrus.wr.usgs.gov/namss/survey/w-4-74-sc/dataset/	Unspecified	namss.W-4-74-SC.mcs.airgun.zip					dataset	Unspecified		Unspecified	312.3 MB	1974-07-01	creation	Data zip file	https://walrus.wr.usgs.gov/namss/data/1974/namss.W-4-74-SC.mcs.airgun.zip										Southern California	Migration, Other, Stack	Seismic:Reflection, Seismic:Velocity		hart@usgs.gov	Patrick Hart	U.S. Geological Survey	pointOfContact	DigitalSeg:DigitallyAcquired		1974-07-31	1974-07-01	2016-05-23	ptriezenberg@usgs.gov	Peter Triezenberg	U.S. Geological Survey	pointOfContact	2018-03-16	Seismic Metadata v.1
	digital											Hydrophone_Streamer											SeismicSource_Gun_Air						420	undocumented	NAD27	-53.44242	-46.07939	-55.19956	-65.36083	processed	hart@usgs.gov	Patrick Hart	U.S. Geological Survey	pointOfContact	Online	Seismic:Active:MCS	hart@usgs.gov	Patrick Hart	U.S. Geological Survey	pointOfContact	1977-12-31	open	https://walrus.wr.usgs.gov/namss/survey/w-4-77-sa/dataset/	Unspecified	namss.W-4-77-SA.mcs.airgun.zip					dataset	Unspecified		Unspecified	2.4 GB	1977-01-01	creation	Data zip file	https://walrus.wr.usgs.gov/namss/data/1977/namss.W-4-77-SA.mcs.airgun.zip										South Atlantic Ocean	Migration, Stack	Seismic:Reflection		hart@usgs.gov	Patrick Hart	U.S. Geological Survey	pointOfContact	DigitalSeg:DigitallyAcquired		1977-12-31	1977-01-01	2016-05-23	ptriezenberg@usgs.gov	Peter Triezenberg	U.S. Geological Survey	pointOfContact	2018-03-16	Seismic Metadata v.1
	digital											Hydrophone_Streamer											SeismicSource_Gun_Air						420	undocumented	NAD27	-70.47126	40.13045	32.50949	-76.56224	processed	hart@usgs.gov	Patrick Hart	U.S. Geological Survey	pointOfContact	Online	Seismic:Active:MCS	hart@usgs.gov	Patrick Hart	U.S. Geological Survey	pointOfContact	1982-12-31	open	https://walrus.wr.usgs.gov/namss/survey/w-4-82-na/dataset/	Unspecified	namss.W-4-82-NA.mcs.airgun.zip					dataset	Unspecified		Unspecified	1.8 GB	1982-01-01	creation	Data zip file	https://walrus.wr.usgs.gov/namss/data/1982/namss.W-4-82-NA.mcs.airgun.zip										Atlantic Ocean	Stack	Seismic:Reflection		hart@usgs.gov	Patrick Hart	U.S. Geological Survey	pointOfContact	DigitalSeg:DigitallyAcquired		1982-12-31	1982-01-01	2016-05-23	ptriezenberg@usgs.gov	Peter Triezenberg	U.S. Geological Survey	pointOfContact	2018-03-16	Seismic Metadata v.1
	digital											Hydrophone_Streamer											SeismicSource_Gun_Air						420	undocumented	NAD27	-122.15628	41.95681	36.71371	-124.85210	processed	hart@usgs.gov	Patrick Hart	U.S. Geological Survey	pointOfContact	Online	Seismic:Active:MCS	hart@usgs.gov	Patrick Hart	U.S. Geological Survey	pointOfContact	1982-10-31	open	https://walrus.wr.usgs.gov/namss/survey/w-4-82-nc/dataset/	Unspecified	namss.W-4-82-NC.mcs.airgun.zip					dataset	Unspecified		Unspecified	4.0 GB	1982-10-01	creation	Data zip file	https://walrus.wr.usgs.gov/namss/data/1982/namss.W-4-82-NC.mcs.airgun.zip										Northern California	Migration, Stack	Seismic:Reflection		hart@usgs.gov	Patrick Hart	U.S. Geological Survey	pointOfContact	DigitalSeg:DigitallyAcquired		1982-10-31	1982-10-01	2016-05-23	ptriezenberg@usgs.gov	Peter Triezenberg	U.S. Geological Survey	pointOfContact	2018-03-16	Seismic Metadata v.1
	digital											Other											Other						SEGP1	undocumented	NAD27	-146.15683	70.47694	69.34004	-151.46253	processed	hart@usgs.gov	Patrick Hart	U.S. Geological Survey	pointOfContact	Online	Seismic:Active:MCS	hart@usgs.gov	Patrick Hart	U.S. Geological Survey	pointOfContact	1981-12-31	open	https://walrus.wr.usgs.gov/namss/survey/w-40-80-ak/dataset/	Unspecified	namss.W-40-80-AK.mcs.vibroseis.zip					dataset	Unspecified		Unspecified	251.2 MB	1980-01-01	creation	Data zip file	https://walrus.wr.usgs.gov/namss/data/1980/namss.W-40-80-AK.mcs.vibroseis.zip										North Slope	Migration	Seismic:Reflection		hart@usgs.gov	Patrick Hart	U.S. Geological Survey	pointOfContact	DigitalSeg:DigitallyAcquired		1981-12-31	1980-01-01	2016-05-23	ptriezenberg@usgs.gov	Peter Triezenberg	U.S. Geological Survey	pointOfContact	2018-03-16	Seismic Metadata v.1
	digital											Hydrophone_Streamer											SeismicSource_Gun_Air						420	undocumented	NAD27	-118.64693	34.57488	33.68430	-120.91096	processed	hart@usgs.gov	Patrick Hart	U.S. Geological Survey	pointOfContact	Online	Seismic:Active:MCS	hart@usgs.gov	Patrick Hart	U.S. Geological Survey	pointOfContact	1985-06-30	open	https://walrus.wr.usgs.gov/namss/survey/w-40-85-sc/dataset/	Unspecified	namss.W-40-85-SC.mcs.airgun.zip					dataset	Unspecified		Unspecified	1.5 GB	1985-06-01	creation	Data zip file	https://walrus.wr.usgs.gov/namss/data/1985/namss.W-40-85-SC.mcs.airgun.zip										Southern California	Migration, Stack	Seismic:Reflection		hart@usgs.gov	Patrick Hart	U.S. Geological Survey	pointOfContact	DigitalSeg:DigitallyAcquired		1985-06-30	1985-06-01	2016-05-23	ptriezenberg@usgs.gov	Peter Triezenberg	U.S. Geological Survey	pointOfContact	2018-03-16	Seismic Metadata v.1
	digital											Hydrophone_Streamer											SeismicSource_Gun_Air						410	undocumented	NAD27	-74.77978	35.42415	32.59875	-78.86168	processed	hart@usgs.gov	Patrick Hart	U.S. Geological Survey	pointOfContact	Online	Seismic:Active:MCS	hart@usgs.gov	Patrick Hart	U.S. Geological Survey	pointOfContact	1975-02-14	open	https://walrus.wr.usgs.gov/namss/survey/w-5-75-nr/dataset/	Unspecified	namss.W-5-75-NR.mcs.airgun.zip					dataset	Unspecified		Unspecified	392.7 MB	1975-01-01	creation	Data zip file	https://walrus.wr.usgs.gov/namss/data/1975/namss.W-5-75-NR.mcs.airgun.zip										North Carolina	Stack	Seismic:Reflection		hart@usgs.gov	Patrick Hart	U.S. Geological Survey	pointOfContact	DigitalSeg:DigitallyAcquired		1975-02-14	1975-01-01	2016-05-23	ptriezenberg@usgs.gov	Peter Triezenberg	U.S. Geological Survey	pointOfContact	2018-03-16	Seismic Metadata v.1
	digital											Hydrophone_Streamer											SeismicSource_Gun_Air						420	undocumented	NAD27	-120.43816	36.26287	34.14640	-122.44741	processed	hart@usgs.gov	Patrick Hart	U.S. Geological Survey	pointOfContact	Online	Seismic:Active:MCS	hart@usgs.gov	Patrick Hart	U.S. Geological Survey	pointOfContact	1975-11-30	open	https://walrus.wr.usgs.gov/namss/survey/w-5-75-sc/dataset/	Unspecified	namss.W-5-75-SC.mcs.airgun.zip					dataset	Unspecified		Unspecified	1.9 GB	1975-11-01	creation	Data zip file	https://walrus.wr.usgs.gov/namss/data/1975/namss.W-5-75-SC.mcs.airgun.zip										Southern California	Migration, Stack	Seismic:Reflection		hart@usgs.gov	Patrick Hart	U.S. Geological Survey	pointOfContact	DigitalSeg:DigitallyAcquired		1975-11-30	1975-11-01	2016-05-23	ptriezenberg@usgs.gov	Peter Triezenberg	U.S. Geological Survey	pointOfContact	2018-03-16	Seismic Metadata v.1
	digital											Hydrophone_Streamer											SeismicSource_Gun_Air						420	undocumented	NAD27	-146.05232	70.80487	70.16748	-151.71694	processed	hart@usgs.gov	Patrick Hart	U.S. Geological Survey	pointOfContact	Online	Seismic:Active:MCS	hart@usgs.gov	Patrick Hart	U.S. Geological Survey	pointOfContact	1977-08-31	open	https://walrus.wr.usgs.gov/namss/survey/w-5-77-ar/dataset/	Unspecified	namss.W-5-77-AR.mcs.airgun.zip					dataset	Unspecified		Unspecified	266.3 MB	1977-08-01	creation	Data zip file	https://walrus.wr.usgs.gov/namss/data/1977/namss.W-5-77-AR.mcs.airgun.zip										Beaufort Sea	Migration, Other, Stack	Seismic:Reflection, Seismic:Velocity		hart@usgs.gov	Patrick Hart	U.S. Geological Survey	pointOfContact	DigitalSeg:DigitallyAcquired		1977-08-31	1977-08-01	2016-05-23	ptriezenberg@usgs.gov	Peter Triezenberg	U.S. Geological Survey	pointOfContact	2018-03-16	Seismic Metadata v.1
	digital											Hydrophone_Streamer											SeismicSource_Gun_Air						410	undocumented	NAD27	-117.18401	34.11841	30.98558	-120.08491	processed	hart@usgs.gov	Patrick Hart	U.S. Geological Survey	pointOfContact	Online	Seismic:Active:MCS	hart@usgs.gov	Patrick Hart	U.S. Geological Survey	pointOfContact	1982-10-31	open	https://walrus.wr.usgs.gov/namss/survey/w-5-82-sc/dataset/	Unspecified	namss.W-5-82-SC.mcs.airgun.zip					dataset	Unspecified		Unspecified	6.3 GB	1982-10-01	creation	Data zip file	https://walrus.wr.usgs.gov/namss/data/1982/namss.W-5-82-SC.mcs.airgun.zip										Southern California	Migration, Stack	Seismic:Reflection		hart@usgs.gov	Patrick Hart	U.S. Geological Survey	pointOfContact	DigitalSeg:DigitallyAcquired		1982-10-31	1982-10-01	2016-05-23	ptriezenberg@usgs.gov	Peter Triezenberg	U.S. Geological Survey	pointOfContact	2018-03-16	Seismic Metadata v.1
	digital											Hydrophone_Streamer											SeismicSource_Gun_Air						420	undocumented	NAD27	-162.73539	70.35935	69.09003	-166.31638	processed	hart@usgs.gov	Patrick Hart	U.S. Geological Survey	pointOfContact	Online	Seismic:Active:MCS	hart@usgs.gov	Patrick Hart	U.S. Geological Survey	pointOfContact	1970-01-31	open	https://walrus.wr.usgs.gov/namss/survey/w-50-70-cs/dataset/	Unspecified	namss.W-50-70-CS.mcs.airgun.zip					dataset	Unspecified		Unspecified	285.8 MB	1970-01-01	creation	Data zip file	https://walrus.wr.usgs.gov/namss/data/1970/namss.W-50-70-CS.mcs.airgun.zip										Chukchi Sea	Migration, Stack	Seismic:Reflection		hart@usgs.gov	Patrick Hart	U.S. Geological Survey	pointOfContact	DigitalSeg:DigitallyAcquired		1970-01-31	1970-01-01	2016-05-23	ptriezenberg@usgs.gov	Peter Triezenberg	U.S. Geological Survey	pointOfContact	2018-03-16	Seismic Metadata v.1
	digital											Hydrophone_Streamer											SeismicSource_Gun_Air						420	undocumented	NAD27	-124.13149	42.43948	40.22665	-125.26283	processed	hart@usgs.gov	Patrick Hart	U.S. Geological Survey	pointOfContact	Online	Seismic:Active:MCS	hart@usgs.gov	Patrick Hart	U.S. Geological Survey	pointOfContact	1975-06-30	open	https://walrus.wr.usgs.gov/namss/survey/w-6-75-nc/dataset/	Unspecified	namss.W-6-75-NC.mcs.airgun.zip					dataset	Unspecified		Unspecified	2.4 GB	1975-06-01	creation	Data zip file	https://walrus.wr.usgs.gov/namss/data/1975/namss.W-6-75-NC.mcs.airgun.zip										Northern California	Migration, Other, Stack	Seismic:Reflection, Seismic:Velocity		hart@usgs.gov	Patrick Hart	U.S. Geological Survey	pointOfContact	DigitalSeg:DigitallyAcquired		1975-06-30	1975-06-01	2016-05-23	ptriezenberg@usgs.gov	Peter Triezenberg	U.S. Geological Survey	pointOfContact	2018-03-16	Seismic Metadata v.1
	digital											Hydrophone_Streamer											SeismicSource_Gun_Air						420	undocumented	NAD27	-173.67603	62.16190	58.28392	-179.41370	processed	hart@usgs.gov	Patrick Hart	U.S. Geological Survey	pointOfContact	Online	Seismic:Active:MCS	hart@usgs.gov	Patrick Hart	U.S. Geological Survey	pointOfContact	1978-06-30	open	https://walrus.wr.usgs.gov/namss/survey/w-6-78-bs/dataset/	Unspecified	namss.W-6-78-BS.mcs.airgun.zip					dataset	Unspecified		Unspecified	1.5 GB	1978-06-01	creation	Data zip file	https://walrus.wr.usgs.gov/namss/data/1978/namss.W-6-78-BS.mcs.airgun.zip										Bering Sea	Migration, Stack	Seismic:Reflection		hart@usgs.gov	Patrick Hart	U.S. Geological Survey	pointOfContact	DigitalSeg:DigitallyAcquired		1978-06-30	1978-06-01	2016-05-23	ptriezenberg@usgs.gov	Peter Triezenberg	U.S. Geological Survey	pointOfContact	2018-03-16	Seismic Metadata v.1
	digital											Hydrophone_Streamer											SeismicSource_Gun_Air						420	undocumented	NAD27	-74.22114	36.35036	30.44691	-80.29975	processed	hart@usgs.gov	Patrick Hart	U.S. Geological Survey	pointOfContact	Online	Seismic:Active:MCS	hart@usgs.gov	Patrick Hart	U.S. Geological Survey	pointOfContact	1980-12-31	open	https://walrus.wr.usgs.gov/namss/survey/w-6-80-na/dataset/	Unspecified	namss.W-6-80-NA.mcs.airgun.zip					dataset	Unspecified		Unspecified	1.7 GB	1980-01-01	creation	Data zip file	https://walrus.wr.usgs.gov/namss/data/1980/namss.W-6-80-NA.mcs.airgun.zip										Atlantic Ocean	Stack	Seismic:Reflection		hart@usgs.gov	Patrick Hart	U.S. Geological Survey	pointOfContact	DigitalSeg:DigitallyAcquired		1980-12-31	1980-01-01	2016-05-23	ptriezenberg@usgs.gov	Peter Triezenberg	U.S. Geological Survey	pointOfContact	2018-03-16	Seismic Metadata v.1
	digital											Hydrophone_Streamer											SeismicSource_Gun_Air						410	undocumented	NAD27	-119.24344	34.44500	34.05811	-120.57410	processed	hart@usgs.gov	Patrick Hart	U.S. Geological Survey	pointOfContact	Online	Seismic:Active:MCS	hart@usgs.gov	Patrick Hart	U.S. Geological Survey	pointOfContact	1985-12-31	open	https://walrus.wr.usgs.gov/namss/survey/w-6-85-sc/dataset/	Unspecified	namss.W-6-85-SC.mcs.airgun.zip					dataset	Unspecified		Unspecified	475.2 MB	1985-01-01	creation	Data zip file	https://walrus.wr.usgs.gov/namss/data/1985/namss.W-6-85-SC.mcs.airgun.zip										Southern California	Migration, Stack	Seismic:Reflection		hart@usgs.gov	Patrick Hart	U.S. Geological Survey	pointOfContact	DigitalSeg:DigitallyAcquired		1985-12-31	1985-01-01	2016-05-23	ptriezenberg@usgs.gov	Peter Triezenberg	U.S. Geological Survey	pointOfContact	2018-03-16	Seismic Metadata v.1
	digital											Hydrophone_Streamer											SeismicSource_Gun_Air						420	undocumented	NAD27	-140.90185	71.41280	69.71897	-156.04188	processed	hart@usgs.gov	Patrick Hart	U.S. Geological Survey	pointOfContact	Online	Seismic:Active:MCS	hart@usgs.gov	Patrick Hart	U.S. Geological Survey	pointOfContact	1977-01-31	open	https://walrus.wr.usgs.gov/namss/survey/w-62-77-ar/dataset/	Unspecified	namss.W-62-77-AR.mcs.airgun.zip					dataset	Unspecified		Unspecified	1.2 GB	1977-01-01	creation	Data zip file	https://walrus.wr.usgs.gov/namss/data/1977/namss.W-62-77-AR.mcs.airgun.zip										Beaufort Sea	Migration, Stack	Seismic:Reflection		hart@usgs.gov	Patrick Hart	U.S. Geological Survey	pointOfContact	DigitalSeg:DigitallyAcquired		1977-01-31	1977-01-01	2016-05-23	ptriezenberg@usgs.gov	Peter Triezenberg	U.S. Geological Survey	pointOfContact	2018-03-16	Seismic Metadata v.1
	digital											Hydrophone_Streamer											SeismicSource_Gun_Air						410	undocumented	NAD27	-152.80424	58.94059	56.86913	-156.25865	processed	hart@usgs.gov	Patrick Hart	U.S. Geological Survey	pointOfContact	Online	Seismic:Active:MCS	hart@usgs.gov	Patrick Hart	U.S. Geological Survey	pointOfContact	1982-08-31	open	https://walrus.wr.usgs.gov/namss/survey/w-67-82-wg/dataset/	Unspecified	namss.W-67-82-WG.mcs.airgun.zip					dataset	Unspecified		Unspecified	918.8 MB	1982-08-01	creation	Data zip file	https://walrus.wr.usgs.gov/namss/data/1982/namss.W-67-82-WG.mcs.airgun.zip										Gulf of Alaska	Migration, Stack	Seismic:Reflection		hart@usgs.gov	Patrick Hart	U.S. Geological Survey	pointOfContact	DigitalSeg:DigitallyAcquired		1982-08-31	1982-08-01	2016-05-23	ptriezenberg@usgs.gov	Peter Triezenberg	U.S. Geological Survey	pointOfContact	2018-03-16	Seismic Metadata v.1
	digital											Hydrophone_Streamer											SeismicSource_Gun_Air						420	undocumented	NAD27	-119.33852	34.42142	33.50432	-120.66000	processed	hart@usgs.gov	Patrick Hart	U.S. Geological Survey	pointOfContact	Online	Seismic:Active:MCS	hart@usgs.gov	Patrick Hart	U.S. Geological Survey	pointOfContact	1975-12-31	open	https://walrus.wr.usgs.gov/namss/survey/w-7-75-sc/dataset/	Unspecified	namss.W-7-75-SC.mcs.airgun.zip					dataset	Unspecified		Unspecified	1.1 GB	1975-12-01	creation	Data zip file	https://walrus.wr.usgs.gov/namss/data/1975/namss.W-7-75-SC.mcs.airgun.zip										Southern California	Stack	Seismic:Reflection		hart@usgs.gov	Patrick Hart	U.S. Geological Survey	pointOfContact	DigitalSeg:DigitallyAcquired		1975-12-31	1975-12-01	2016-05-23	ptriezenberg@usgs.gov	Peter Triezenberg	U.S. Geological Survey	pointOfContact	2018-03-16	Seismic Metadata v.1
	digital											Hydrophone_Streamer											SeismicSource_Gun_Air						410	undocumented	NAD27	-160.43870	56.78349	54.85558	-166.96192	processed	hart@usgs.gov	Patrick Hart	U.S. Geological Survey	pointOfContact	Online	Seismic:Active:MCS	hart@usgs.gov	Patrick Hart	U.S. Geological Survey	pointOfContact	1976-12-31	open	https://walrus.wr.usgs.gov/namss/survey/w-7-76-bs/dataset/	Unspecified	namss.W-7-76-BS.mcs.airgun.zip					dataset	Unspecified		Unspecified	538.1 MB	1976-01-01	creation	Data zip file	https://walrus.wr.usgs.gov/namss/data/1976/namss.W-7-76-BS.mcs.airgun.zip										Bering Sea	Stack	Seismic:Reflection		hart@usgs.gov	Patrick Hart	U.S. Geological Survey	pointOfContact	DigitalSeg:DigitallyAcquired		1976-12-31	1976-01-01	2016-05-23	ptriezenberg@usgs.gov	Peter Triezenberg	U.S. Geological Survey	pointOfContact	2018-03-16	Seismic Metadata v.1
	digital											Hydrophone_Streamer											SeismicSource_Gun_Air						420	undocumented	NAD27	-120.39654	48.53004	34.07610	-125.47179	processed	hart@usgs.gov	Patrick Hart	U.S. Geological Survey	pointOfContact	Online	Seismic:Active:MCS	hart@usgs.gov	Patrick Hart	U.S. Geological Survey	pointOfContact	1975-12-31	open	https://walrus.wr.usgs.gov/namss/survey/w-8-75-np/dataset/	Unspecified	namss.W-8-75-NP.mcs.airgun.zip					dataset	Unspecified		Unspecified	35.0 MB	1974-01-01	creation	Data zip file	https://walrus.wr.usgs.gov/namss/data/1975/namss.W-8-75-NP.mcs.airgun.zip										Washington	Other, Stack	Seismic:Reflection, Seismic:Velocity		hart@usgs.gov	Patrick Hart	U.S. Geological Survey	pointOfContact	DigitalSeg:DigitallyAcquired		1975-12-31	1974-01-01	2016-05-23	ptriezenberg@usgs.gov	Peter Triezenberg	U.S. Geological Survey	pointOfContact	2018-03-16	Seismic Metadata v.1
	digital											Hydrophone_Streamer											SeismicSource_Gun_Air						420	undocumented	NAD27	-146.00053	70.62820	70.14774	-150.16087	processed	hart@usgs.gov	Patrick Hart	U.S. Geological Survey	pointOfContact	Online	Seismic:Active:MCS	hart@usgs.gov	Patrick Hart	U.S. Geological Survey	pointOfContact	1978-08-31	open	https://walrus.wr.usgs.gov/namss/survey/w-8-78-ar/dataset/	Unspecified	namss.W-8-78-AR.mcs.airgun.zip					dataset	Unspecified		Unspecified	412.6 MB	1978-07-01	creation	Data zip file	https://walrus.wr.usgs.gov/namss/data/1978/namss.W-8-78-AR.mcs.airgun.zip										Beaufort Sea	Migration, Other, Stack	Seismic:Reflection, Seismic:Velocity		hart@usgs.gov	Patrick Hart	U.S. Geological Survey	pointOfContact	DigitalSeg:DigitallyAcquired		1978-08-31	1978-07-01	2016-05-23	ptriezenberg@usgs.gov	Peter Triezenberg	U.S. Geological Survey	pointOfContact	2018-03-16	Seismic Metadata v.1
	digital											Hydrophone_Streamer											SeismicSource_Gun_Air						420	undocumented	NAD27	-71.74943	20.58385	17.63483	-74.54411	processed	hart@usgs.gov	Patrick Hart	U.S. Geological Survey	pointOfContact	Online	Seismic:Active:MCS	hart@usgs.gov	Patrick Hart	U.S. Geological Survey	pointOfContact	1982-12-31	open	https://walrus.wr.usgs.gov/namss/survey/w-8-82-cb/dataset/	Unspecified	namss.W-8-82-CB.mcs.airgun.zip					dataset	Unspecified		Unspecified	805.3 MB	1982-01-01	creation	Data zip file	https://walrus.wr.usgs.gov/namss/data/1982/namss.W-8-82-CB.mcs.airgun.zip										Caribbean Sea	Stack	Seismic:Reflection		hart@usgs.gov	Patrick Hart	U.S. Geological Survey	pointOfContact	DigitalSeg:DigitallyAcquired		1982-12-31	1982-01-01	2016-05-23	ptriezenberg@usgs.gov	Peter Triezenberg	U.S. Geological Survey	pointOfContact	2018-03-16	Seismic Metadata v.1
	digital											Hydrophone_Streamer											SeismicSource_Gun_Air						420	undocumented	NAD27	-124.11497	42.32889	40.51875	-125.33291	processed	hart@usgs.gov	Patrick Hart	U.S. Geological Survey	pointOfContact	Online	Seismic:Active:MCS	hart@usgs.gov	Patrick Hart	U.S. Geological Survey	pointOfContact	1978-12-31	open	https://walrus.wr.usgs.gov/namss/survey/w-9-78-nc/dataset/	Unspecified	namss.W-9-78-NC.mcs.airgun.zip					dataset	Unspecified		Unspecified	478.3 MB	1977-01-01	creation	Data zip file	https://walrus.wr.usgs.gov/namss/data/1978/namss.W-9-78-NC.mcs.airgun.zip										Northern California	Migration, Other, Stack	Seismic:Reflection, Seismic:Velocity		hart@usgs.gov	Patrick Hart	U.S. Geological Survey	pointOfContact	DigitalSeg:DigitallyAcquired		1978-12-31	1977-01-01	2016-05-23	ptriezenberg@usgs.gov	Peter Triezenberg	U.S. Geological Survey	pointOfContact	2018-03-16	Seismic Metadata v.1
	digital											Hydrophone_Streamer											SeismicSource_Gun_Air						420	undocumented	NAD27	-146.62864	70.52855	70.16083	-148.79732	processed	hart@usgs.gov	Patrick Hart	U.S. Geological Survey	pointOfContact	Online	Seismic:Active:MCS	hart@usgs.gov	Patrick Hart	U.S. Geological Survey	pointOfContact	1979-09-30	open	https://walrus.wr.usgs.gov/namss/survey/w-9-79-ar/dataset/	Unspecified	namss.W-9-79-AR.mcs.airgun.zip					dataset	Unspecified		Unspecified	121.9 MB	1979-07-01	creation	Data zip file	https://walrus.wr.usgs.gov/namss/data/1979/namss.W-9-79-AR.mcs.airgun.zip										Beaufort Sea	Migration, Other, Stack	Seismic:Reflection, Seismic:Velocity		hart@usgs.gov	Patrick Hart	U.S. Geological Survey	pointOfContact	DigitalSeg:DigitallyAcquired		1979-09-30	1979-07-01	2016-05-23	ptriezenberg@usgs.gov	Peter Triezenberg	U.S. Geological Survey	pointOfContact	2018-03-16	Seismic Metadata v.1
	digital											Hydrophone_Streamer											SeismicSource_Gun_Air						420	undocumented	WGS84	-55.26869	-38.73731	-54.29358	-68.96894	processed	hart@usgs.gov	Patrick Hart	U.S. Geological Survey	pointOfContact	Online	Seismic:Active:MCS	hart@usgs.gov	Patrick Hart	U.S. Geological Survey	pointOfContact	1992-12-31	open	https://walrus.wr.usgs.gov/namss/survey/w-95-92-sa/dataset/	Unspecified	namss.W-95-92-SA.mcs.airgun.zip					dataset	Unspecified		Unspecified	6.1 GB	1992-01-01	creation	Data zip file	https://walrus.wr.usgs.gov/namss/data/1992/namss.W-95-92-SA.mcs.airgun.zip										Atlantic Ocean	Migration, Stack	Seismic:Reflection		hart@usgs.gov	Patrick Hart	U.S. Geological Survey	pointOfContact	DigitalSeg:DigitallyAcquired		1992-12-31	1992-01-01	2016-05-23	ptriezenberg@usgs.gov	Peter Triezenberg	U.S. Geological Survey	pointOfContact	2018-03-16	Seismic Metadata v.1
